PROPERTIES:;VideoFileName=../../Data/Antarctica2014/jetty3b.avi;CameraType=12;videoSize=[720 x 480];videoFPS=30;videoFrameCount=177;SURFminHessian=400;SIFTthreshold=0.001;SIFTedgeThresh=100;CLAHEclipLimit=4;CLAHEtileSize=[16 x 16];fx_new=869.117;fy_new=767.514;princPt=[359.5, 239.5];FRONT_CAMERA=1;DES_FOVX=45;BLUR_IMGS=0;ROBUST_EST=4;PROCESS_00FRAME=0;THRESHOLD_JUMPS=1;MAX_ROT=30;

frame1;frame2;vidOF_x_rot;vidOF_y_rot;vidOF_z_rot;vidOF_x_sum;vidOF_y_sum;vidOF_z_sum;vidSURF_x_rot;vidSURF_y_rot;vidSURF_z_rot;vidSURF_x_sum;vidSURF_y_sum;vidSURF_z_sum;vidSIFT_x_rot;vidSIFT_y_rot;vidSIFT_z_rot;vidSIFT_x_sum;vidSIFT_y_sum;vidSIFT_z_sum;vidHARRIS_x_rot;vidHARRIS_y_rot;vidHARRIS_z_rot;vidHARRIS_x_sum;vidHARRIS_y_sum;vidHARRIS_z_sum;vidOFtranslMat_x;vidOFtranslMat_y;vidOFtranslMat_z;vidSURFtranslMat_x;vidSURFtranslMat_y;vidSURFtranslMat_z;vidSIFTtranslMat_x;vidSIFTtranslMat_y;vidSIFTtranslMat_z;vidHARRIStranslMat_x;vidHARRIStranslMat_y;vidHARRIStranslMat_z;vidOFglobalSum_x;vidOFglobalSum_y;vidOFglobalSum_z;vidOFglobalSum_roll;vidOFglobalSum_pitch;vidOFglobalSum_yaw;vidSURFglobalSum_x;vidSURFglobalSum_y;vidSURFglobalSum_z;vidSURFglobalSum_roll;vidSURFglobalSum_pitch;vidSURFglobalSum_yaw;vidSIFTglobalSum_x;vidSIFTglobalSum_y;vidSIFTglobalSum_z;vidSIFTglobalSum_roll;vidSIFTglobalSum_pitch;vidSIFTglobalSum_yaw;vidHARRISglobalSum_x;vidHARRISglobalSum_y;vidHARRISglobalSum_z;vidHARRISglobalSum_roll;vidHARRISglobalSum_pitch;vidHARRISglobalSum_yaw;vidOFcorners2;vidOFmatches;vidOFinliers;vidSURFcorners2;vidSURFmatches;vidSURFinliers;vidSIFTcorners2;vidSIFTmatches;vidSIFTinliers;vidHARRIScorners2;vidHARRISmatches;vidHARRISinliers;OF_EstValid;SURF_EstValid;SIFT_EstValid;HARRIS_EstValid;
0;1;0;0;0.0566681;0;0;0.0566681;0;0;0.000360441;0;0;0.000360441;0;0;0.00568941;0;0;0.00568941;0;0;0.0254446;0;0;0.0254446;-0.883918;0.46741;-0.014714;0.927885;-0.329715;0.17412;0.981181;-0.192286;0.0175921;0.977628;-0.20666;0.0391907;-0.88438;0.466536;-0.014714;0;0;0.0566681;0.927887;-0.329709;0.17412;0;0;0.000360441;0.9812;-0.192189;0.0175921;0;0;0.00568941;0.977719;-0.206226;0.0391907;0;0;0.0254446;381;380;353;347;347;238;1000;1000;630;142;142;107;1;1;1;1;
1;2;0;0;-0.00352292;0;0;0.0531451;0;0;-0.0169429;0;0;-0.0165824;0;0;0.00895283;0;0;0.0146422;0;0;0;0;0;0.0254446;0.942697;-0.297661;0.150733;0.996505;-0.0673578;-0.0494035;-0.63234;-0.772086;0.0634764;0;1;0;0.0585925;0.169749;0.136019;0;0;0.0531451;1.92437;-0.397356;0.124716;0;0;-0.0165824;0.349058;-0.964437;0.0810684;0;0;0.0146422;0.977275;0.793774;0.0391907;0;0;0.0254446;323;323;311;363;363;245;1000;1000;705;96;96;82;1;1;1;1;
2;3;0;0;0.00565556;0;0;0.0588007;0;0;0.0121648;0;0;-0.00441763;0;0;0.375912;0;0;0.390554;0;0;0;0;0;0.0254446;0.950717;-0.280819;0.131442;0.946553;-0.316777;0.0607447;0.236734;-0.971505;0.0116387;0;1;0;1.0096;-0.110094;0.267462;0;0;0.0588007;2.8709;-0.714206;0.185461;0;0;-0.00441763;0.592408;-1.93431;0.0927072;0;0;0.390554;0.976831;1.79377;0.0391907;0;0;0.0254446;303;303;293;359;359;252;1000;1000;705;89;89;80;1;1;1;1;
3;4;0;0;0.00673259;0;0;0.0655333;0;0;0.0294201;0;0;0.0250024;0;0;-0.00215853;0;0;0.388396;0;0;0;0;0;0.0254446;0.668338;-0.464356;0.581119;-0.937797;0.341134;-0.0645312;-0.886707;-0.46202;0.0169657;0;0;-1;1.67847;-0.573685;0.84858;0;0;0.0655333;1.93296;-0.373481;0.12093;0;0;0.0250024;-0.291147;-2.40233;0.109673;0;0;0.388396;0.976831;1.79377;-0.960809;0;0;0.0254446;309;308;289;361;361;262;1000;1000;706;103;103;80;1;1;1;1;
4;5;0;0;0.0207103;0;0;0.0862436;0;0;-0.0328862;0;0;-0.00788378;0;0;0.123285;0;0;0.51168;0;0;0;0;0;0.0254446;-0.956127;0.279067;-0.0891208;0.955829;0.293819;-0.00778071;0.823499;-0.561847;-0.0785928;0;1;0;0.72192;-0.296058;0.759459;0;0;0.0862436;2.88882;-0.0797933;0.113149;0;0;-0.00788378;0.537337;-2.9568;0.0310801;0;0;0.51168;0.976387;2.79377;-0.960809;0;0;0.0254446;276;276;261;381;381;274;1000;1000;703;96;96;86;1;1;1;1;
5;6;0;0;0.0114285;0;0;0.0976721;0;0;0;0;0;-0.00786893;0;0;-0.0621921;0;0;0.449488;0;0;0;0;0;0.0254696;-0.923448;0.378675;-0.0620337;0.940689;-0.323175;0.103259;0.732624;-0.673686;-0.0969977;0.0131891;-0.00361872;-0.999906;-0.202173;0.0810426;0.697426;0;0;0.0976721;3.82947;-0.403098;0.216408;0;0;-0.00786893;1.27522;-3.62471;-0.0659176;0;0;0.449488;0.989578;2.79016;-1.96072;0;0;0.0254696;308;308;297;380;380;274;1000;1000;694;106;106;79;1;1;1;1;
6;7;0;0;0.127436;0;0;0.225108;0;0;-0.0234758;0;0;-0.0313447;0;0;0.415275;0;0;0.864764;0;0;0;0;0;0.0254696;0.654767;-0.754232;0.0491275;0.77291;0.632517;-0.0503224;0.120913;-0.992626;-0.00859926;0;1;0;0.455553;-0.670611;0.746553;0;0;0.225108;4.60273;0.228997;0.166085;0;0;-0.0313447;1.4111;-4.6154;-0.0745168;0;0;0.864764;0.989133;3.79016;-1.96072;0;0;0.0254696;303;302;288;387;387;287;1000;1000;692;103;103;83;1;1;1;1;
7;8;0;0;-0.00832572;0;0;0.216783;0;0;-0.0258666;0;0;-0.0572113;0;0;-0.0101506;0;0;0.854613;0;0;0;0;0;0.0254696;-0.192227;0.127404;0.973045;-0.956457;-0.291837;-0.00453945;0.795454;0.605932;-0.00999257;0;0;1;0.262845;-0.543936;1.7196;0;0;0.216783;3.64598;-0.0618856;0.161546;0;0;-0.0572113;2.19743;-3.99767;-0.0845094;0;0;0.854613;0.989133;3.79016;-0.960716;0;0;0.0254696;303;303;279;396;396;295;1000;1000;725;94;94;80;1;1;1;1;
8;9;0;0;-0.0511368;0;0;0.165646;0;0;-0.0445826;0;0;-0.101794;0;0;0.874655;0;0;1.72927;0;0;0;0;0;0.0254696;0.0907477;0.172938;0.980743;-0.947465;-0.31591;-0.0501058;0.0206583;-0.998828;0.0437713;0;0;-1;0.353092;-0.370736;2.70034;0;0;0.165646;2.69795;-0.376112;0.11144;0;0;-0.101794;2.24822;-4.99542;-0.0407381;0;0;1.72927;0.989133;3.79016;-1.96072;0;0;0.0254696;299;299;280;409;409;290;1000;1000;700;99;99;77;1;1;1;1;
9;10;0;0;0.0499472;0;0;0.215593;0;0;0.0180709;0;0;-0.083723;0;0;0.261509;0;0;1.99078;0;0;0;0;0;0.0254696;-0.0432947;-0.153262;0.987237;0.951519;-0.304504;0.043458;0.358909;-0.933285;0.0127644;0;1;0;0.310374;-0.524161;3.68758;0;0;0.215593;3.64903;-0.682006;0.154898;0;0;-0.083723;2.63933;-5.91568;-0.0279737;0;0;1.99078;0.988689;4.79016;-1.96072;0;0;0.0254696;258;258;239;402;402;299;1000;1000;716;101;101;85;1;1;1;1;
10;11;0;0;0.00554391;0;0;0.221137;0;0;-0.0757386;0;0;-0.159462;0;0;0.0629478;0;0;2.05373;0;0;0;0;0;0.0254696;0.958978;-0.271047;0.0830399;0.936888;0.349603;0.00442444;-0.879519;0.467623;0.0881772;0;1;0;1.27039;-0.791504;3.77062;0;0;0.221137;4.58688;-0.335012;0.159322;0;0;-0.159462;1.74362;-5.47987;0.0602035;0;0;2.05373;0.988244;5.79016;-1.96072;0;0;0.0254696;274;274;261;399;399;261;1001;1001;647;100;100;85;1;1;1;1;
11;12;0;0;-0.00101367;0;0;0.220123;0;0;0.139464;0;0;-0.0199974;0;0;-0.150696;0;0;1.90303;0;0;0;0;0;0.0254696;-0.959889;0.205834;0.190382;0.838173;-0.544755;0.0266013;-0.454599;-0.888867;0.0570568;-0.2066;0.976405;-0.0628538;0.309718;-0.589359;3.961;0;0;0.220123;5.42487;-0.88006;0.185924;0;0;-0.0199974;1.31879;-6.38335;0.11726;0;0;1.90303;0.78121;6.76647;-2.02357;0;0;0.0254696;404;404;378;422;422;249;1000;1000;657;120;120;100;1;1;1;1;
12;13;0;0;0.0102833;0;0;0.230407;0;0;0.428719;0;0;0.408722;0;0;0.00484419;0;0;1.90787;0;0;0;0;0;0.0254696;-0.956468;0.287465;-0.0503205;0.484015;-0.872021;-0.0728546;0.99967;0.0234626;0.0104259;0;0;-1;-0.647899;-0.305743;3.91068;0;0;0.230407;5.91509;-1.74861;0.113069;0;0;0.408722;2.31713;-6.32661;0.127686;0;0;1.90787;0.78121;6.76647;-3.02357;0;0;0.0254696;447;446;433;386;386;269;1000;1000;693;156;156;114;1;1;1;1;
13;14;0;0;-0.00830906;0;0;0.222097;0;0;-0.00754784;0;0;0.401174;0;0;-0.0474839;0;0;1.86039;0;0;0;0;0;0.0254696;0.961508;-0.274729;-0.00511456;0.981668;0.155754;0.109861;0.252921;-0.967099;-0.0273746;0;1;0;0.314667;-0.576743;3.90556;0;0;0.222097;6.89564;-1.58598;0.22293;0;0;0.401174;2.60131;-7.28499;0.100312;0;0;1.86039;0.780765;7.76647;-3.02357;0;0;0.0254696;451;450;432;416;416;295;1000;1000;739;149;149;133;1;1;1;1;
14;15;0;0;-0.0320445;0;0;0.190053;0;0;-0.0674144;0;0;0.333759;0;0;-0.892408;0;0;0.967982;0;0;0;0;0;0.0255575;-0.146715;-0.331178;0.932092;-0.709814;-0.703938;-0.0252175;0.195252;0.980505;0.0220815;-0.964946;0.232304;-0.122122;0.169052;-0.908406;4.83766;0;0;0.190053;6.18994;-2.29404;0.197713;0;0;0.333759;2.77997;-6.30133;0.122393;0;0;0.967982;-0.184284;7.99835;-3.14569;0;0;0.0255575;412;411;381;391;391;292;1000;1000;699;149;149;125;1;1;1;1;
15;16;0;0;0.00997641;0;0;0.200029;0;0;-0.697229;0;0;-0.36347;0;0;0.0155916;0;0;0.983573;0;0;0;0;0;0.0255575;0.96129;0.274892;-0.0188719;0.085292;0.892746;-0.442413;-0.493683;-0.869556;0.0122666;0;1;0;1.12938;-0.63016;4.81878;0;0;0.200029;6.28089;-1.40186;-0.2447;0;0;-0.36347;2.30129;-7.17923;0.13466;0;0;0.983573;-0.18473;8.99835;-3.14569;0;0;0.0255575;388;387;371;417;417;293;1000;1000;714;159;159;133;1;1;1;1;
16;17;0;0;0.0128684;0;0;0.212898;0;0;-0.119185;0;0;-0.482655;0;0;0.0455171;0;0;1.02909;0;0;0;0;0;0.0255575;-0.967468;0.25247;0.0162897;0.7717;0.635954;-0.00636562;0.715555;-0.692;0.0954857;0;1;0;0.160977;-0.381286;4.83507;0;0;0.212898;7.05792;-0.772425;-0.251066;0;0;-0.482655;3.02916;-7.85827;0.230146;0;0;1.02909;-0.185176;9.99835;-3.14569;0;0;0.0255575;401;400;390;437;437;313;1000;1000;698;147;147;125;1;1;1;1;
17;18;0;0;-0.00567215;0;0;0.207226;0;0;0.00265712;0;0;-0.479998;0;0;0.00715819;0;0;1.03625;0;0;0;0;0;0.0255575;-0.31095;-0.0286943;0.949993;0.975207;-0.20732;-0.0773891;0.999836;-0.0134316;-0.0121798;0.825643;0.0094507;0.564113;-0.149867;-0.411105;5.78507;0;0;0.207226;8.03136;-0.987907;-0.328455;0;0;-0.479998;4.02907;-7.85362;0.217966;0;0;1.03625;0.640463;10.0082;-2.58158;0;0;0.0255575;460;458;416;412;412;283;1000;1000;703;183;183;122;1;1;1;1;
18;19;0;0;0.0102219;0;0;0.217447;0;0;-0.230403;0;0;-0.710401;0;0;-0.0313557;0;0;1.00489;0;0;0;0;0;0.0255575;0.951265;-0.249366;0.181413;-0.519705;-0.85395;0.0259989;0.725046;0.686947;-0.0491162;0.60188;0.0481301;0.797134;0.802338;-0.656859;5.96648;0;0;0.217447;7.50111;-1.83535;-0.302456;0;0;-0.710401;4.74196;-7.15406;0.168849;0;0;1.00489;1.24232;10.0566;-1.78444;0;0;0.0255575;491;490;463;410;410;292;1000;1000;667;163;163;114;1;1;1;1;
19;20;0;0;0.012822;0;0;0.230269;0;0;-0.00501481;0;0;-0.715416;0;0;0.935527;0;0;1.94042;0;0;0;0;0;0.0255575;0.00297363;-0.0466872;0.998905;-0.986427;-0.156506;-0.0496739;0.0312519;-0.997844;0.05772;0;-1;0;0.805499;-0.703534;6.96539;0;0;0.230269;6.5128;-1.97953;-0.35213;0;0;-0.715416;4.80698;-8.15027;0.226569;0;0;1.94042;1.24277;9.05656;-1.78444;0;0;0.0255575;479;479;445;421;421;292;1000;1000;690;173;173;152;1;1;1;1;
20;21;0;0;0.000804926;0;0;0.231074;0;0;-0.00811633;0;0;-0.723532;0;0;-0.51088;0;0;1.42954;0;0;0;0;0;0.0255575;-0.992066;-0.0655327;0.107292;0.995166;-0.0979147;-0.00759188;0.0790917;0.996595;-0.023297;0;1;0;-0.186294;-0.773067;7.07268;0;0;0.231074;7.50665;-2.09;-0.359722;0;0;-0.723532;4.86118;-7.15201;0.203272;0;0;1.42954;1.24232;10.0566;-1.78444;0;0;0.0255575;496;496;475;403;403;276;1000;1000;681;219;219;183;1;1;1;1;
21;22;0;0;-0.0198666;0;0;0.211208;0;0;-0.00565577;0;0;-0.729188;0;0;-0.384897;0;0;1.04464;0;0;-0.119089;0;0;-0.0935313;-0.91259;0.347204;-0.215936;-0.997469;-0.0544998;0.0456722;0.294816;0.953233;0.0665613;-0.456301;-0.761835;0.459779;-1.10016;-0.429229;6.85674;0;0;0.211208;6.50857;-2.1318;-0.31405;0;0;-0.729188;5.13857;-6.19357;0.269834;0;0;1.04464;0.784777;9.29547;-1.32466;0;0;-0.0935313;555;554;541;420;420;288;1000;1000;674;212;212;172;1;1;1;1;
22;23;0;0;-0.00133955;0;0;0.209868;0;0;-0.001168;0;0;-0.730356;0;0;-0.128324;0;0;0.916319;0;0;0.00125444;0;0;-0.0922769;0.994161;-0.0178185;0.10643;0.968986;-0.239932;0.0591456;0.750878;0.660381;0.00890503;0.997726;0.0622862;0.0257351;-0.105939;-0.443406;6.96317;0;0;0.209868;7.47442;-2.38406;-0.254904;0;0;-0.730356;5.87879;-5.52126;0.278739;0;0;0.916319;1.7826;9.35615;-1.29893;0;0;-0.0922769;537;535;472;435;435;258;1000;1000;644;215;215;156;1;1;1;1;
23;24;0;0;0.172634;0;0;0.382503;0;0;0.130223;0;0;-0.600133;0;0;-3.39792;0;0;-2.4816;0;0;-0.0218184;0;0;-0.114095;-0.192683;-0.67346;0.71367;-0.925906;-0.376211;-0.0341003;0.00297837;0.999967;-0.00758311;0.994537;-0.0807171;0.0661944;-0.294122;-1.11814;7.67684;0;0;0.382503;6.54463;-2.75056;-0.289004;0;0;-0.600133;5.92506;-4.52236;0.271156;0;0;-2.4816;2.77698;9.27346;-1.23274;0;0;-0.114095;598;595;543;421;421;249;1000;1000;662;221;221;162;1;1;1;1;
24;25;0;0;-0.00799802;0;0;0.374504;0;0;0.0098622;0;0;-0.590271;0;0;0.626968;0;0;-1.85463;0;0;0;0;0;-0.114095;-0.938328;-0.288078;-0.191185;0.958595;0.277876;0.0622913;0.0076263;-0.999897;-0.0121414;0.707509;0.0639033;0.703809;-1.23055;-1.41234;7.48566;0;0;0.374504;7.50603;-2.48257;-0.226713;0;0;-0.590271;5.90033;-5.52198;0.259014;0;0;-1.85463;3.48461;9.33595;-0.528926;0;0;-0.114095;553;551;527;373;373;260;1000;1000;675;248;248;169;1;1;1;1;
25;26;0;0;0.0200126;0;0;0.394517;0;0;0.0246058;0;0;-0.565665;0;0;0.105786;0;0;-1.74884;0;0;-0.00465665;0;0;-0.118752;0.984445;0.170551;0.0421889;0.998795;-0.0184099;-0.0454923;-0.344925;0.93863;-0.000188016;0.0139947;0.868928;0.49474;-0.247299;-1.23502;7.52785;0;0;0.394517;8.5046;-2.51084;-0.272205;0;0;-0.565665;5.58421;-4.57326;0.258826;0;0;-1.74884;3.50041;10.2048;-0.0341861;0;0;-0.118752;532;531;510;394;394;293;1000;1000;707;224;224;165;1;1;1;1;
26;27;0;0;-0.00422604;0;0;0.390291;0;0;0.0355531;0;0;-0.530112;0;0;-0.12273;0;0;-1.87157;0;0;0;0;0;-0.118752;-0.970657;-0.228929;-0.0735921;0.945202;0.323039;0.0473182;0.592257;0.805266;-0.0279159;-0.986219;-0.156452;-0.0538074;-1.21637;-1.47055;7.45425;0;0;0.390291;9.45275;-2.19656;-0.224887;0;0;-0.530112;6.20245;-3.78777;0.23091;0;0;-1.87157;2.51387;10.0504;-0.0879935;0;0;-0.118752;515;512;481;396;396;275;1000;1000;711;216;216;169;1;1;1;1;
27;28;0;0;0.013025;0;0;0.403316;0;0;0.00757447;0;0;-0.522538;0;0;0.239569;0;0;-1.632;0;0;0;0;0;-0.118752;-0.92086;0.377158;0.0988386;0.985104;0.171172;0.0164409;0.409089;-0.911914;0.0325486;0;1;0;-2.13987;-1.09989;7.55309;0;0;0.403316;10.4394;-2.03438;-0.208446;0;0;-0.522538;6.5854;-4.71096;0.263459;0;0;-1.632;2.51594;11.0504;-0.0879935;0;0;-0.118752;512;510;479;391;391;269;1000;1000;700;200;200;149;1;1;1;1;
28;29;0;0;-0.0135913;0;0;0.389725;0;0;-1.2788;0;0;-1.80133;0;0;-0.55171;0;0;-2.18371;0;0;0;0;0;-0.118752;-0.993542;-0.0990421;-0.0553693;0.133315;0.989537;-0.0551716;0.396938;0.911253;0.109806;0;0;1;-3.13271;-1.20568;7.49772;0;0;0.389725;10.6037;-1.04952;-0.263618;0;0;-1.80133;7.01677;-3.8155;0.373265;0;0;-2.18371;2.51594;11.0504;0.912006;0;0;-0.118752;471;470;457;386;386;283;1000;1000;692;192;192;139;1;1;1;1;
29;30;0;0;-0.00488959;0;0;0.384835;0;0;0.00482397;0;0;-1.79651;0;0;0.0645399;0;0;-2.11917;0;0;0;0;0;-0.118752;-0.952733;0.211408;-0.218189;0.908344;-0.408906;-0.0877851;0.814987;-0.576816;0.0554939;0;-1;0;-4.08684;-1.00068;7.27953;0;0;0.384835;11.4988;-1.4867;-0.351403;0;0;-1.79651;7.80987;-4.42205;0.428759;0;0;-2.11917;2.51387;10.0504;0.912006;0;0;-0.118752;500;500;474;385;385;267;1000;1000;718;192;192;169;1;1;1;1;
30;31;0;0;-0.00623881;0;0;0.378596;0;0;-0.00534357;0;0;-1.80185;0;0;-0.167084;0;0;-2.28626;0;0;0;0;0;-0.118752;-0.974612;0.162855;-0.153656;0.991788;0.124182;0.030594;-0.401096;-0.915808;0.0204271;0;1;0;-5.06251;-0.844268;7.12588;0;0;0.378596;12.494;-1.39377;-0.320809;0;0;-1.80185;7.37256;-5.32113;0.449186;0;0;-2.28626;2.51594;11.0504;0.912006;0;0;-0.118752;489;489;480;385;385;263;1000;1000;712;222;222;178;1;1;1;1;
31;32;0;0;-0.00467891;0;0;0.373917;0;0;-0.0187042;0;0;-1.82056;0;0;0.0681563;0;0;-2.2181;0;0;0;0;0;-0.118752;-0.954845;-0.254272;0.153679;0.974273;0.224343;0.0214941;0.209352;-0.97784;0.000738129;0;-1;0;-6.01567;-1.10477;7.27956;0;0;0.373917;13.4749;-1.20049;-0.299315;0;0;-1.82056;7.54391;-6.30634;0.449924;0;0;-2.2181;2.51387;10.0504;0.912006;0;0;-0.118752;504;504;486;406;406;294;1000;1000;770;216;216;173;1;1;1;1;
32;33;0;0;-0.0154746;0;0;0.358443;0;0;0.0081089;0;0;-1.81245;0;0;0.00731323;0;0;-2.21079;0;0;0;0;0;-0.118752;-0.666275;-0.189981;0.7211;-0.966226;0.256537;-0.0244136;0.890636;-0.454716;-0.00126344;0;-1;0;-6.68075;-1.29891;8.00066;0;0;0.358443;12.5173;-0.913521;-0.323728;0;0;-1.81245;8.41634;-6.79508;0.448661;0;0;-2.21079;2.51179;9.05044;0.912006;0;0;-0.118752;503;503;480;391;391;287;1000;1000;680;220;220;185;1;1;1;1;
33;34;0;0;0.00174698;0;0;0.36019;0;0;-0.0122418;0;0;-1.82469;0;0;-0.0679208;0;0;-2.27871;0;0;0;0;0;-0.118752;-0.418857;-0.182376;-0.889549;-0.9534;0.282893;0.104885;-0.837404;-0.546522;0.00821832;0;1;0;-7.09845;-1.48392;7.11111;0;0;0.36019;11.5734;-0.600415;-0.218843;0;0;-1.82469;7.55787;-7.30787;0.456879;0;0;-2.27871;2.51387;10.0504;0.912006;0;0;-0.118752;518;518;478;388;388;270;1000;1000;707;239;239;185;1;1;1;1;
34;35;0;0;0.0106105;0;0;0.3708;0;0;-0.00846384;0;0;-1.83315;0;0;-1.3283;0;0;-3.607;0;0;-0.0031212;0;0;-0.121873;-0.514825;-0.134412;0.846693;0.999427;0.033853;-0.000743978;0.0815613;0.996411;-0.0226511;0.927625;-0.240912;0.285436;-7.61239;-1.62166;7.9578;0;0;0.3708;12.5734;-0.59855;-0.219587;0;0;-1.83315;7.70196;-6.31857;0.434228;0;0;-3.607;3.44098;9.80756;1.19744;0;0;-0.121873;452;450;414;406;406;283;1000;1000;682;225;225;161;1;1;1;1;
35;36;0;0;0.000861532;0;0;0.371662;0;0;0.0718988;0;0;-1.76126;0;0;-0.39075;0;0;-3.99775;0;0;-0.00283386;0;0;-0.124707;0.366918;-0.0557742;0.92858;0.780221;-0.625492;0.00398011;-0.17736;0.982451;0.0577428;0.987085;-0.136058;0.0845613;-7.24512;-1.67505;8.88638;0;0;0.371662;13.334;-1.24773;-0.215607;0;0;-1.76126;7.59352;-5.32614;0.491971;0;0;-3.99775;4.42776;9.66935;1.282;0;0;-0.124707;549;549;526;446;446;279;1000;1000;650;230;230;154;1;1;1;1;
36;37;0;0;0.00655867;0;0;0.37822;0;0;0;0;0;-1.76118;0;0;-0.0588187;0;0;-4.05657;0;0;0;0;0;-0.124707;-0.984688;0.153267;-0.0830595;0.994802;-0.0764152;0.0672996;0.913809;0.399849;0.0712286;-0.995442;-0.030158;-0.0904779;-8.2308;-1.52829;8.80332;0;0;0.37822;14.326;-1.35468;-0.148307;0;0;-1.76118;8.53333;-4.99194;0.563199;0;0;-4.05657;3.43226;9.64136;1.19153;0;0;-0.124707;526;522;501;407;407;301;1001;1001;712;269;269;198;1;1;1;1;
37;38;0;0;0.00100663;0;0;0.379227;0;0;-0.0218375;0;0;-1.78302;0;0;-0.199358;0;0;-4.25593;0;0;0;0;0;-0.124707;0.933472;0.209975;0.290757;0.978314;0.109276;0.175957;-0.436063;-0.899912;-0.0028683;0;0;-1;-7.29874;-1.31214;9.09408;0;0;0.379227;15.3072;-1.2759;0.0276498;0;0;-1.78302;8.03168;-5.85701;0.560331;0;0;-4.25593;3.43226;9.64136;0.191526;0;0;-0.124707;476;473;446;397;397;286;1000;1000;738;232;232;166;1;1;1;1;
38;39;0;0;-0.0053236;0;0;0.373904;0;0;-0.00242338;0;0;-1.78545;0;0;-0.0210488;0;0;-4.27698;0;0;0;0;0;-0.124707;0.578443;-0.00806249;0.815683;-0.982972;-0.159764;-0.0907823;0.965814;0.258056;-0.0247224;0;0;1;-6.72026;-1.31643;9.90976;0;0;0.373904;14.3198;-1.40496;-0.0631324;0;0;-1.78545;9.01405;-5.6717;0.535609;0;0;-4.27698;3.43226;9.64136;1.19153;0;0;-0.124707;446;445;423;408;408;296;1000;1000;724;221;221;162;1;1;1;1;
39;40;0;0;-0.0124549;0;0;0.361449;0;0;0.000228081;0;0;-1.78522;0;0;-0.0368612;0;0;-4.31384;0;0;0.0470666;0;0;-0.0776403;-0.960458;-0.272299;-0.058078;-0.962255;-0.257494;-0.0881049;-0.723891;-0.689794;0.0129277;-0.893092;0.437;0.106848;-7.67898;-1.59478;9.85168;0;0;0.361449;13.3499;-1.63235;-0.151237;0;0;-1.78522;8.24033;-6.30509;0.548536;0;0;-4.31384;2.53976;10.0796;1.29837;0;0;-0.0776403;444;443;430;400;400;295;1000;1000;729;217;217;155;1;1;1;1;
40;41;0;0;-0.00695186;0;0;0.354497;0;0;0.00297842;0;0;-1.78224;0;0;-0.376947;0;0;-4.69079;0;0;0;0;0;-0.0776403;0.656637;-0.163931;0.736175;-0.971389;0.222626;-0.0827148;-0.482424;-0.875807;0.0151283;0;0;1;-7.02134;-1.75464;10.5879;0;0;0.354497;12.3859;-1.37962;-0.233952;0;0;-1.78224;7.6879;-7.13851;0.563665;0;0;-4.69079;2.53976;10.0796;2.29837;0;0;-0.0776403;412;410;382;396;396;287;1000;1000;755;177;177;133;1;1;1;1;
41;42;0;0;0.00556066;0;0;0.360057;0;0;0.0157124;0;0;-1.76653;0;0;0.835672;0;0;-3.85512;0;0;0;0;0;-0.0776403;-0.425661;0.0696981;0.902194;-0.770334;0.585535;-0.252457;0.101616;-0.994768;0.0105559;0;-1;0;-7.44743;-1.68762;11.4901;0;0;0.360057;11.634;-0.770614;-0.486409;0;0;-1.76653;7.7224;-8.13786;0.574221;0;0;-3.85512;2.5384;9.07957;2.29837;0;0;-0.0776403;422;418;391;402;402;284;1000;1000;739;179;179;152;1;1;1;1;
42;43;0;0;-0.00403414;0;0;0.356023;0;0;0.0130373;0;0;-1.75349;0;0;-0.0283788;0;0;-3.88349;0;0;0;0;0;-0.0776403;-0.963156;-0.0886486;0.253912;0.991141;0.0062684;-0.132669;-0.943407;-0.331326;0.014337;0;0;1;-8.41002;-1.78225;11.744;0;0;0.356023;12.6249;-0.794677;-0.619078;0;0;-1.75349;6.75872;-8.40453;0.588558;0;0;-3.88349;2.5384;9.07957;3.29837;0;0;-0.0776403;426;426;411;384;384;273;1000;1000;711;196;196;141;1;1;1;1;
43;44;0;0;-0.0021502;0;0;0.353873;0;0;-0.457599;0;0;-2.21109;0;0;-0.0675786;0;0;-3.95107;0;0;0;0;0;-0.0776403;-0.559826;-0.0497144;0.827118;0.267357;0.963064;0.0320741;0.572619;0.819659;-0.0163558;0;0;-1;-8.96952;-1.83543;12.5711;0;0;0.353873;12.9292;0.157354;-0.587004;0;0;-2.21109;7.38645;-7.62627;0.572202;0;0;-3.95107;2.5384;9.07957;2.29837;0;0;-0.0776403;419;418;394;403;403;282;1000;1000;735;188;188;133;1;1;1;1;
44;45;0;0;-0.0337875;0;0;0.320086;0;0;0.00631796;0;0;-2.20477;0;0;0.353571;0;0;-3.5975;0;0;0;0;0;-0.0776403;-0.943629;-0.329321;0.0333441;-0.911366;0.317422;-0.262021;-0.232639;0.97256;-0.00248372;0;0;-1;-9.9113;-2.17001;12.6044;0;0;0.320086;12.0307;0.509602;-0.849025;0;0;-2.20477;7.2153;-6.64103;0.569718;0;0;-3.5975;2.5384;9.07957;1.29837;0;0;-0.0776403;413;412;391;393;393;277;1000;1000;702;173;173;139;1;1;1;1;
45;46;0;0;-0.000945463;0;0;0.31914;0;0;0.200097;0;0;-2.00467;0;0;-0.100672;0;0;-3.69817;0;0;0;0;0;-0.0776403;-0.0429837;-0.0101958;0.999024;-0.418455;0.891912;-0.171432;0.835961;0.542806;-0.0808146;0;1;0;-9.95422;-2.18045;13.6035;0;0;0.31914;11.6437;1.41561;-1.02046;0;0;-2.00467;8.08453;-6.15328;0.488904;0;0;-3.69817;2.53976;10.0796;1.29837;0;0;-0.0776403;427;425;401;389;389;289;1001;1001;704;187;187;153;1;1;1;1;
46;47;0;0;-0.263445;0;0;0.0556954;0;0;0.0914194;0;0;-1.91325;0;0;0.233153;0;0;-3.46502;0;0;0;0;0;-0.0776403;0.384556;0.876028;0.291017;-0.65753;0.750809;0.0627682;-0.560852;0.827835;-0.0115465;0.889458;0.364844;0.275235;-9.57052;-1.30405;13.8945;0;0;0.0556954;11.0116;2.18795;-0.957688;0;0;-1.91325;7.57474;-5.29306;0.477357;0;0;-3.46502;3.42971;10.4432;1.57361;0;0;-0.0776403;436;433;396;402;402;270;1000;1000;672;179;179;143;1;1;1;1;
47;48;0;0;0.0222234;0;0;0.0779188;0;0;-1.25557;0;0;-3.16882;0;0;-1.18418;0;0;-4.6492;0;0;-0.0455363;0;0;-0.123177;0.000204146;0.133426;0.991059;0.0546054;0.998442;-0.0114904;0.0381692;0.99906;-0.0205606;0.988317;0.151222;0.0189994;-9.5705;-1.17062;14.8855;0;0;0.0779188;11.1214;3.18185;-0.969179;0;0;-3.16882;7.69376;-4.30038;0.456796;0;0;-4.6492;4.41835;10.5923;1.59261;0;0;-0.123177;505;501;463;416;416;260;1000;1000;650;207;207;155;1;1;1;1;
48;49;0;0;-0.0116731;0;0;0.0662457;0;0;0.019472;0;0;-3.14935;0;0;0.0957269;0;0;-4.55348;0;0;0;0;0;-0.123177;-0.24662;0.234135;0.940404;-0.776987;0.628946;0.0267844;-0.550063;0.829465;-0.0970435;0;0;-1;-9.81739;-0.93677;15.8259;0;0;0.0662457;10.3801;3.85253;-0.942394;0;0;-3.14935;7.21128;-3.42986;0.359753;0;0;-4.55348;4.41835;10.5923;0.592608;0;0;-0.123177;505;501;469;378;378;279;1000;1000;670;256;256;177;1;1;1;1;
49;50;0;0;0.00959119;0;0;0.0758369;0;0;-0.0015186;0;0;-3.15087;0;0;0.120399;0;0;-4.43308;0;0;0.00653748;0;0;-0.116639;-0.844372;-0.14993;-0.51435;0.99858;0.0168195;-0.0505434;-0.686519;0.727093;0.00529724;0.837954;-0.0652194;0.54183;-10.6616;-1.08782;15.3116;0;0;0.0758369;11.3781;3.81444;-0.992938;0;0;-3.15087;6.58302;-2.65188;0.36505;0;0;-4.43308;5.25617;10.5254;1.13444;0;0;-0.116639;456;451;411;388;388;270;1000;1000;680;213;213;159;1;1;1;1;
50;51;0;0;-0.0248358;0;0;0.051001;0;0;-0.0171876;0;0;-3.16806;0;0;0.0761404;0;0;-4.35694;0;0;0.00349831;0;0;-0.113141;-0.901204;-0.341147;-0.267301;0.992151;0.10578;0.06669;-0.806578;0.585186;0.0836008;0.720988;-0.228281;-0.654266;-11.5625;-1.42977;15.0443;0;0;0.051001;12.3746;3.86522;-0.926248;0;0;-3.16806;5.82323;-2.00711;0.448651;0;0;-4.35694;5.97671;10.2957;0.480172;0;0;-0.113141;434;430;419;402;402;279;1000;1000;705;192;192;143;1;1;1;1;
51;52;0;0;-0.0126503;0;0;0.0383508;0;0;-0.00497978;0;0;-3.17304;0;0;0.842121;0;0;-3.51482;0;0;-0.00938351;0;0;-0.122524;0.327521;0.352049;0.876808;0.971817;-0.220833;0.0824849;0.150337;-0.987856;0.0392438;0.961647;0.115611;0.248736;-11.2352;-1.0775;15.9211;0;0;0.0383508;13.3327;3.59094;-0.843763;0;0;-3.17304;5.91272;-3.00232;0.487895;0;0;-3.51482;6.9386;10.4092;0.728908;0;0;-0.122524;406;402;374;406;406;297;1000;1000;687;198;198;151;1;1;1;1;
52;53;0;0;0.0651473;0;0;0.103498;0;0;-0.0202758;0;0;-3.19331;0;0;0.370543;0;0;-3.14427;0;0;-0.0201681;0;0;-0.142692;-0.115792;-0.283314;0.952011;0.995797;0.0172342;-0.0899559;0.118244;-0.99266;0.025378;0.983765;-0.176905;0.030191;-11.3505;-1.36102;16.8731;0;0;0.103498;14.3279;3.55267;-0.933719;0;0;-3.19331;5.97634;-3.99997;0.513273;0;0;-3.14427;7.92192;10.2299;0.759099;0;0;-0.142692;430;426;409;389;389;280;1000;1000;696;192;192;142;1;1;1;1;
53;54;0;0;-0.00892212;0;0;0.0945759;0;0;0.260952;0;0;-2.93236;0;0;0.658916;0;0;-2.48536;0;0;0.00588776;0;0;-0.136805;-0.0450832;0.082943;0.995534;0.129323;-0.991536;0.0114557;0.0131452;-0.999878;0.00847991;0.451235;0.098029;0.887005;-11.3957;-1.27815;17.8686;0;0;0.0945759;14.4063;2.55582;-0.922263;0;0;-2.93236;5.94611;-4.99948;0.521753;0;0;-2.48536;8.37339;10.3268;1.6461;0;0;-0.136805;412;411;392;391;391;287;1000;1000;705;171;171;125;1;1;1;1;
54;55;0;0;0.0043013;0;0;0.0988772;0;0;0.00462074;0;0;-2.92774;0;0;-0.211341;0;0;-2.6967;0;0;0;0;0;-0.136805;0.490721;0.0505964;0.869846;-0.923077;-0.34745;0.164945;0.208843;0.977585;0.02667;0.683953;0.100846;0.722522;-10.905;-1.22671;18.7385;0;0;0.0988772;13.4667;2.25597;-0.757319;0;0;-2.92774;6.20072;-4.0328;0.548423;0;0;-2.6967;9.05758;10.426;2.36863;0;0;-0.136805;451;450;429;411;411;286;1000;1000;686;173;173;122;1;1;1;1;
55;56;0;0;0.00525876;0;0;0.104136;0;0;0.0189649;0;0;-2.90877;0;0;0.691312;0;0;-2.00539;0;0;0;0;0;-0.136805;0.283812;-0.00211184;0.958878;0.993163;0.0796069;-0.0853802;0.00354434;-0.997862;-0.0652572;0.551178;0.226086;-0.803174;-10.6212;-1.22831;19.6974;0;0;0.104136;14.4626;2.28508;-0.842699;0;0;-2.90877;6.16934;-5.03018;0.483165;0;0;-2.00539;9.60929;10.6508;1.56545;0;0;-0.136805;434;433;407;441;441;307;1000;1000;694;193;193;135;1;1;1;1;
56;57;0;0;-0.0166435;0;0;0.0874924;0;0;-0.00506735;0;0;-2.91384;0;0;0.027893;0;0;-1.97749;0;0;0.000566856;0;0;-0.136238;-0.128687;0.106642;0.985935;0.99414;-0.103121;-0.0324234;0.947736;-0.319046;0.00234546;-0.975103;0.221671;-0.00601383;-10.7501;-1.12186;20.6833;0;0;0.0874924;15.4502;2.13155;-0.875122;0;0;-2.91384;7.1055;-5.38174;0.485511;0;0;-1.97749;8.63472;10.8748;1.55944;0;0;-0.136238;399;397;375;406;406;287;1000;1000;680;172;172;133;1;1;1;1;
57;58;0;0;0.000350075;0;0;0.0878425;0;0;-0.895464;0;0;-3.8093;0;0;0.0374674;0;0;-1.94003;0;0;0;0;0;-0.136238;-0.949236;-0.187609;-0.252496;0.120394;0.992704;0.00668601;-0.576433;0.816415;0.0345144;0;0;1;-11.699;-1.31093;20.4308;0;0;0.0878425;15.6363;3.11406;-0.868436;0;0;-3.8093;6.55704;-4.54628;0.520025;0;0;-1.94003;8.63472;10.8748;2.55944;0;0;-0.136238;428;426;406;415;415;289;1000;1000;682;172;172;125;1;1;1;1;
58;59;0;0;-0.0433139;0;0;0.0445286;0;0;-0.225331;0;0;-4.03464;0;0;0.0527398;0;0;-1.88729;0;0;1.06094;0;0;0.924706;-0.115503;0.193599;0.974258;0.487105;0.873092;-0.0209468;0.00623725;-0.999952;-0.00750729;0.0075564;-0.639618;-0.768656;-11.8147;-1.11742;21.4051;0;0;0.0445286;16.1836;3.95072;-0.889383;0;0;-4.03464;6.53034;-5.54589;0.512518;0;0;-1.88729;8.6526;10.2354;1.79078;0;0;0.924706;444;443;403;396;396;280;1000;1000;662;183;183;138;1;1;1;1;
59;60;0;0;0.00131239;0;0;0.045841;0;0;0.0507987;0;0;-3.98384;0;0;-0.0125006;0;0;-1.89979;0;0;-0.0458854;0;0;0.878821;0.919922;0.0432365;0.38971;-0.836012;-0.544277;0.0696117;-0.201685;-0.979412;0.00870189;-0.998377;-0.00473747;-0.056759;-10.8948;-1.07344;21.7948;0;0;0.045841;15.3118;3.46584;-0.819771;0;0;-3.98384;6.2963;-6.51808;0.52122;0;0;-1.89979;7.65441;10.2153;1.73402;0;0;0.878821;496;496;448;423;423;278;1000;1000;632;198;198;150;1;1;1;1;
60;61;0;0;0.0111987;0;0;0.0570397;0;0;-0.425239;0;0;-4.40908;0;0;-0.173461;0;0;-2.07325;0;0;0.0250689;0;0;0.90389;-0.961435;0.166108;0.219204;0.266187;0.963628;-0.0237922;0.576192;0.81724;-0.0109899;0.957168;-0.275274;0.0897403;-11.8564;-0.908292;22.014;0;0;0.0570397;15.6513;4.40615;-0.843563;0;0;-4.40908;6.90168;-5.72222;0.51023;0;0;-2.07325;8.6158;9.95519;1.82376;0;0;0.90389;490;488;457;423;423;323;1000;1000;707;209;209;157;1;1;1;1;
61;62;0;0;-0.0131779;0;0;0.0438618;0;0;-0.0274914;0;0;-4.43657;0;0;-0.459951;0;0;-2.5332;0;0;0;0;0;0.90389;0.977967;-0.183214;0.100068;0.939535;0.336907;0.0613801;0.018417;0.999829;-0.00135901;0.697057;-0.228158;0.679746;-10.8783;-1.09076;22.114;0;0;0.0438618;16.6141;4.66937;-0.782183;0;0;-4.43657;6.96427;-4.72418;0.508871;0;0;-2.5332;9.31637;9.73806;2.50351;0;0;0.90389;463;460;432;436;436;299;1000;1000;731;187;187;138;1;1;1;1;
62;63;0;0;-0.00997443;0;0;0.0338873;0;0;-0.0226036;0;0;-4.45917;0;0;0.0257511;0;0;-2.50745;0;0;0;0;0;0.90389;0.906129;0.179655;-0.382955;0.984364;0.159609;-0.0745174;0.979648;-0.200565;-0.00799835;0.927117;-0.208547;0.311387;-9.97226;-0.910567;21.7311;0;0;0.0338873;17.6079;4.75196;-0.856701;0;0;-4.45917;7.9342;-4.96741;0.500873;0;0;-2.50745;10.2467;9.54416;2.8149;0;0;0.90389;437;436;419;424;424;299;1000;1000;695;184;184;131;1;1;1;1;
63;64;0;0;-0.0539391;0;0;-0.0200518;0;0;-0.0111429;0;0;-4.47031;0;0;0.13443;0;0;-2.37302;0;0;0.0624822;0;0;0.966372;-0.113696;0.209117;0.971259;0.987769;0.133559;0.0804649;0.677366;-0.73561;0.00727625;-0.966533;0.255058;-0.0275593;-10.0859;-0.70141;22.7023;0;0;-0.0200518;18.6031;4.80813;-0.776236;0;0;-4.47031;8.58053;-5.73044;0.508149;0;0;-2.37302;9.27597;9.78289;2.78734;0;0;0.966372;429;427;410;433;433;294;1000;1000;689;174;174;134;1;1;1;1;
64;65;0;0;0.0716326;0;0;0.0515809;0;0;0.0793841;0;0;-4.39093;0;0;1.60479;0;0;-0.76823;0;0;-0.00559216;0;0;0.96078;-0.0438382;0.186747;0.981429;-0.333614;-0.895459;0.294713;0.0485926;-0.99813;0.0370736;-0.97606;0.19588;-0.0945418;-10.1299;-0.514702;23.6838;0;0;0.0515809;18.2019;3.94084;-0.481523;0;0;-4.39093;8.61574;-6.72913;0.545223;0;0;-0.76823;8.29676;9.96237;2.6928;0;0;0.96078;400;400;366;430;430;305;1000;1000;707;151;151;117;1;1;1;1;
65;66;0;0;0.0350064;0;0;0.0865873;0;0;-0.0199768;0;0;-4.41091;0;0;0.073434;0;0;-0.694796;0;0;0.0373907;0;0;0.998171;-0.916661;0.372798;-0.144064;-0.631194;-0.774587;-0.0401267;0.749154;-0.658378;-0.0728503;0.999095;-0.0415786;-0.00891719;-11.0471;-0.14329;23.5397;0;0;0.0865873;17.513;3.21709;-0.52165;0;0;-4.41091;9.35685;-7.39655;0.472372;0;0;-0.694796;9.29643;9.9382;2.68388;0;0;0.998171;393;391;374;435;435;319;1000;1000;686;163;163;131;1;1;1;1;
66;67;0;0;-0.0058035;0;0;0.0807838;0;0;-0.253788;0;0;-4.66469;0;0;-0.00120971;0;0;-0.696006;0;0;0;0;0;0.998171;-0.493601;0.217218;-0.842125;-0.321277;-0.910279;-0.261099;0.977883;-0.182566;-0.102054;0;0;1;-11.541;0.0732315;22.6976;0;0;0.0807838;17.1187;2.33595;-0.782749;0;0;-4.66469;10.3324;-7.59098;0.370318;0;0;-0.696006;9.29643;9.9382;3.68388;0;0;0.998171;391;388;361;424;424;295;1000;1000;681;149;149;115;1;1;1;1;
67;68;0;0;-0.0035187;0;0;0.0772651;0;0;-0.476225;0;0;-5.14092;0;0;0.115709;0;0;-0.580297;0;0;0;0;0;0.998171;-0.935359;0.0470167;-0.350562;-0.178618;-0.983803;0.0150585;0.764553;-0.639262;0.0824751;0;0;1;-12.4764;0.118987;22.347;0;0;0.0772651;16.8527;1.37211;-0.76769;0;0;-5.14092;11.0905;-8.23795;0.452793;0;0;-0.580297;9.29643;9.9382;4.68388;0;0;0.998171;403;403;386;440;440;309;1000;1000;682;154;154;113;1;1;1;1;
68;69;0;0;-0.120293;0;0;-0.0430279;0;0;-1.04768;0;0;-6.1886;0;0;0.277046;0;0;-0.303251;0;0;-0.0346728;0;0;0.963498;0.649255;-0.753411;0.104119;0.0372468;0.99892;-0.0277851;0.162278;-0.983579;0.078988;-0.987185;0.106661;-0.118696;-11.8278;-0.634911;22.4511;0;0;-0.0430279;16.9974;2.3612;-0.795475;0;0;-6.1886;11.2476;-9.22237;0.531781;0;0;-0.303251;8.30759;10.0282;4.56518;0;0;0.963498;399;398;387;423;423;324;1000;1000;715;150;150;121;1;1;1;1;
69;70;0;0;0.0016856;0;0;-0.0413423;0;0;-0.000224943;0;0;-6.18882;0;0;-0.120049;0;0;-0.4233;0;0;0.00817762;0;0;0.971675;0.985164;-0.135814;0.104908;0.931687;-0.362519;-0.023237;-0.709805;-0.696705;0.103823;-0.990145;0.10468;-0.093033;-10.8427;-0.771436;22.556;0;0;-0.0413423;17.8846;1.90035;-0.818712;0;0;-6.18882;10.5326;-9.91382;0.635604;0;0;-0.4233;7.31581;10.1161;4.47215;0;0;0.971675;399;397;392;430;430;315;1000;1000;708;166;166;127;1;1;1;1;
70;71;0;0;0.0558813;0;0;0.014539;0;0;-0.425217;0;0;-6.61404;0;0;-0.280454;0;0;-0.703754;0;0;0.0348898;0;0;1.00657;0.583714;0.76483;0.272605;0.733852;0.674166;0.0834328;-0.122321;0.992369;-0.0155539;0.980646;-0.126936;0.149066;-10.2592;-0.00645766;22.8286;0;0;0.014539;18.6912;2.4855;-0.73528;0;0;-6.61404;10.4225;-8.92002;0.62005;0;0;-0.703754;8.29854;10.0064;4.62122;0;0;1.00657;383;382;362;424;424;288;1000;1000;667;146;146;114;1;1;1;1;
71;72;0;0;-0.0491018;0;0;-0.0345628;0;0;1.38025;0;0;-5.23379;0;0;0.0563676;0;0;-0.647386;0;0;0.00100916;0;0;1.00757;-0.824903;0.542623;-0.158413;0.0743728;-0.9971;-0.0161347;0.840014;-0.542541;0.00515928;0.744485;0.317806;-0.587148;-11.0837;0.536663;22.6702;0;0;-0.0345628;18.6743;1.48578;-0.751414;0;0;-5.23379;11.2563;-9.47202;0.625209;0;0;-0.647386;9.03732;10.3373;4.03407;0;0;1.00757;431;430;411;443;443;284;1000;1000;631;167;167;113;1;1;1;1;
72;73;0;0;-0.0414233;0;0;-0.0759861;0;0;-0.875261;0;0;-6.10905;0;0;0.161272;0;0;-0.486114;0;0;0.0014464;0;0;1.00902;-0.837514;-0.41601;-0.354269;0.0540799;-0.997856;0.036854;0.619965;-0.783048;-0.0497875;0.670017;0.269108;0.691851;-11.9218;0.121764;22.316;0;0;-0.0759861;18.6219;0.487832;-0.71456;0;0;-6.10905;11.8696;-10.2603;0.575422;0;0;-0.486114;9.70249;10.6181;4.72592;0;0;1.00902;478;475;457;418;418;293;1001;1001;665;205;205;147;1;1;1;1;
73;74;0;0;-0.0192293;0;0;-0.0952155;0;0;-0.0539357;0;0;-6.16299;0;0;-0.262319;0;0;-0.748433;0;0;0;0;0;1.00902;-0.938405;-0.340069;-0.061236;-0.791516;-0.610381;-0.0306179;-0.414229;-0.905868;0.0884129;0;1;0;-12.8608;-0.216744;22.2547;0;0;-0.0952155;17.7694;-0.0340459;-0.745178;0;0;-6.16299;11.4436;-11.1607;0.663835;0;0;-0.748433;9.68488;11.618;4.72592;0;0;1.00902;431;425;416;397;397;278;1000;1000;673;177;177;130;1;1;1;1;
74;75;0;0;-0.0958721;0;0;-0.191088;0;0;-0.00382384;0;0;-6.16681;0;0;0.000219651;0;0;-0.748214;0;0;0;0;0;1.00902;0.0583418;-0.350866;0.934607;0.944982;-0.325464;-0.0328893;0.972961;-0.204784;-0.106824;0.900537;-0.235636;0.365388;-12.8036;-0.567803;23.1893;0;0;-0.191088;18.674;-0.45914;-0.778067;0;0;-6.16681;12.4138;-11.3781;0.557011;0;0;-0.748214;10.5894;11.3983;5.09131;0;0;1.00902;395;391;384;409;409;294;1000;1000;682;155;155;124;1;1;1;1;
75;76;0;0;0.0149584;0;0;-0.176129;0;0;-0.0137801;0;0;-6.18059;0;0;0.568328;0;0;-0.179885;0;0;0;0;0;1.00902;-0.0648077;0.082085;0.994516;0.976575;-0.0546576;0.208119;0.259541;-0.959346;0.110879;0;0;-1;-12.8682;-0.485519;24.1839;0;0;-0.176129;19.639;-0.61862;-0.569948;0;0;-6.18059;12.6703;-12.3383;0.66789;0;0;-0.179885;10.5894;11.3983;4.09131;0;0;1.00902;407;403;394;422;422;292;1000;1000;685;159;159;120;1;1;1;1;
76;77;0;0;-0.00910055;0;0;-0.18523;0;0;0.0629583;0;0;-6.11763;0;0;-0.198986;0;0;-0.378872;0;0;0;0;0;1.00902;-0.290654;0.276956;0.915869;0.542992;-0.833514;-0.102054;0.433408;0.90012;-0.0440581;0;0;1;-13.1579;-0.207624;25.0997;0;0;-0.18523;20.09;-1.50525;-0.672002;0;0;-6.11763;13.1097;-11.4411;0.623832;0;0;-0.378872;10.5894;11.3983;5.09131;0;0;1.00902;398;397;388;404;404;295;1000;1000;713;150;150;113;1;1;1;1;
77;78;0;0;0.0191707;0;0;-0.166059;0;0;-0.0097434;0;0;-6.12737;0;0;0.239791;0;0;-0.139081;0;0;-0.0360228;0;0;0.972998;0.993587;-0.0844402;0.0751974;0.975612;-0.102915;0.193883;0.508975;-0.860163;-0.0326328;0.983345;-0.172141;0.0583187;-12.1646;-0.294944;25.1749;0;0;-0.166059;21.0491;-1.71172;-0.47812;0;0;-6.12737;13.6166;-12.3025;0.591199;0;0;-0.139081;11.5756;11.2428;5.14963;0;0;0.972998;369;367;364;419;419;293;1000;1000;701;149;149;117;1;1;1;1;
78;79;0;0;-0.00714002;0;0;-0.173199;0;0;-0.0160314;0;0;-6.14341;0;0;0.40199;0;0;0.262909;0;0;0;0;0;0.972998;-0.180597;-0.0435475;0.982593;0.984623;-0.148561;-0.0919048;0.142202;-0.98983;0.00384351;0;0;1;-12.3453;-0.337945;26.1575;0;0;-0.173199;22.0122;-1.9648;-0.570025;0;0;-6.14341;13.7633;-13.2916;0.595043;0;0;0.262909;11.5756;11.2428;6.14963;0;0;0.972998;369;368;353;428;428;307;1000;1000;742;145;145;109;1;1;1;1;
79;80;0;0;0.00478636;0;0;-0.168413;0;0;-0.0122807;0;0;-6.15569;0;0;1.00482;0;0;1.26773;0;0;0;0;0;0.972998;-0.132586;0.110754;0.984964;0.993997;-0.10583;0.0277602;0.211254;-0.977312;0.01529;0;-1;0;-12.4776;-0.226802;27.1425;0;0;-0.168413;22.9891;-2.1766;-0.542264;0;0;-6.15569;13.9961;-14.264;0.610333;0;0;1.26773;11.5925;10.243;6.14963;0;0;0.972998;354;353;348;444;444;306;1000;1000;728;135;135;117;1;1;1;1;
80;81;0;0;0.0117265;0;0;-0.156686;0;0;-0.0125663;0;0;-6.16825;0;0;0.134101;0;0;1.40183;0;0;0.00433974;0;0;0.977338;-0.995542;0.0544109;-0.0770482;0.292985;0.01217;0.95604;0.0422504;-0.999105;0.00221878;0.984335;-0.173707;0.0301764;-13.473;-0.169669;27.0654;0;0;-0.156686;23.2817;-2.19598;0.413775;0;0;-6.16825;14.0628;-15.2618;0.612551;0;0;1.40183;12.5797;10.0861;6.1798;0;0;0.977338;346;346;340;423;423;322;1000;1000;713;129;129;107;1;1;1;1;
81;82;0;0;-0.0122759;0;0;-0.168962;0;0;-0.067706;0;0;-6.23596;0;0;-0.0577032;0;0;1.34413;0;0;0;0;0;0.977338;-0.989016;-0.13866;-0.0511865;-0.906125;-0.38653;-0.171852;-0.548788;-0.771928;-0.320873;0;1;0;-14.4624;-0.305411;27.0142;0;0;-0.168962;22.3389;-2.4818;0.241923;0;0;-6.23596;13.5323;-16.0464;0.291679;0;0;1.34413;12.5626;11.0859;6.1798;0;0;0.977338;355;355;346;447;447;304;1000;1000;682;125;125;101;1;1;1;1;
82;83;0;0;-0.0262509;0;0;-0.195213;0;0;0.100493;0;0;-6.13547;0;0;0.161341;0;0;1.50547;0;0;-0.0485219;0;0;0.928816;0.578891;-0.247172;0.77704;0.825131;-0.561406;-0.0631019;0.177146;0.984138;-0.00958016;-0.0290724;0.275038;0.960994;-13.8843;-0.554555;27.7913;0;0;-0.195213;23.0993;-3.12818;0.178821;0;0;-6.13547;13.6835;-15.0579;0.282098;0;0;1.50547;12.5291;11.3605;7.1408;0;0;0.928816;312;311;306;420;420;275;1000;1000;656;134;134;105;1;1;1;1;
83;84;0;0;-0.00768601;0;0;-0.202899;0;0;0.00983634;0;0;-6.12563;0;0;0.00571975;0;0;1.51119;0;0;1.31119;0;0;2.24;-0.877878;0.014083;-0.478678;0.982711;0.156537;-0.098873;0.850684;0.52552;-0.0128931;0.235793;-0.900558;0.365237;-14.7622;-0.537363;27.3126;0;0;-0.202899;24.0931;-3.0774;0.0799484;0;0;-6.12563;14.52;-14.5102;0.269205;0;0;1.51119;12.7999;10.4698;7.50603;0;0;2.24;411;410;385;436;436;253;1000;1000;660;155;155;122;1;1;1;1;
84;85;0;0;0.0687245;0;0;-0.134174;0;0;-0.391974;0;0;-6.5176;0;0;0.864595;0;0;2.37578;0;0;0;0;0;2.24;-0.859112;0.511767;-0.00464527;-0.502497;-0.864184;-0.026114;0.206885;-0.975941;0.0688358;0;0;1;-15.6201;-0.0235859;27.308;0;0;-0.134174;23.4958;-3.87896;0.0538343;0;0;-6.5176;14.7672;-15.4767;0.338041;0;0;2.37578;12.7999;10.4698;8.50603;0;0;2.24;415;413;396;428;428;292;1000;1000;693;179;179;138;1;1;1;1;
85;86;0;0;-0.000268352;0;0;-0.134443;0;0;-0.185411;0;0;-6.70301;0;0;-0.0913078;0;0;2.28447;0;0;0;0;0;2.24;0.975266;-0.123719;0.183165;-0.574853;-0.813733;0.0859202;0.923942;0.382415;-0.00947021;0;0;-1;-14.6451;-0.149593;27.4911;0;0;-0.134443;22.8299;-4.62003;0.139755;0;0;-6.70301;15.6752;-15.0578;0.328571;0;0;2.28447;12.7999;10.4698;7.50603;0;0;2.24;391;388;382;396;396;297;1000;1000;701;167;167;130;1;1;1;1;
86;87;0;0;-0.0199447;0;0;-0.154387;0;0;0.080522;0;0;-6.62249;0;0;-0.545261;0;0;1.73921;0;0;0;0;0;2.24;-0.97637;-0.203213;-0.0735288;0.714569;-0.686761;0.133229;0.284923;0.957229;-0.0503115;0.331395;-0.0142988;-0.943384;-15.622;-0.350174;27.4176;0;0;-0.154387;23.4605;-5.38462;0.272984;0;0;-6.62249;15.9309;-14.0923;0.278259;0;0;1.73921;13.1316;10.4685;6.56265;0;0;2.24;383;380;377;443;443;329;1000;1000;710;152;152;127;1;1;1;1;
87;88;0;0;-0.0300326;0;0;-0.18442;0;0;-0.00133279;0;0;-6.62382;0;0;0.84865;0;0;2.58786;0;0;0;0;0;2.24;-0.0694676;-0.0795819;0.994405;-0.893993;-0.316391;-0.317289;0.14988;-0.988447;0.0225559;0;0;1;-15.6917;-0.429532;28.412;0;0;-0.18442;22.536;-5.59578;-0.0443055;0;0;-6.62382;16.1253;-15.073;0.300815;0;0;2.58786;13.1316;10.4685;7.56265;0;0;2.24;340;336;321;434;434;302;1000;1000;706;154;154;127;1;1;1;1;
88;89;0;0;-0.00980566;0;0;-0.194226;0;0;-0.0155277;0;0;-6.63935;0;0;0.0467185;0;0;2.63458;0;0;0;0;0;2.24;0.988199;-0.152314;-0.0162525;0.973688;-0.227761;-0.00751769;0.899878;-0.43614;0.000755608;0;0;1;-14.7041;-0.585195;28.3957;0;0;-0.194226;23.4768;-5.93459;-0.0518232;0;0;-6.63935;17.0442;-15.4673;0.301571;0;0;2.63458;13.1316;10.4685;8.56265;0;0;2.24;331;330;322;430;430;303;1000;1000;726;150;150;119;1;1;1;1;
89;90;0;0;0.0111606;0;0;-0.183065;0;0;0.0132983;0;0;-6.62605;0;0;0.320822;0;0;2.9554;0;0;0;0;0;2.24;0.296304;-0.146361;-0.943813;0.947608;-0.267096;0.175211;0.413936;-0.908519;0.0570048;0;0;-1;-14.4082;-0.732501;27.4519;0;0;-0.183065;24.3872;-6.30925;0.123387;0;0;-6.62605;17.5045;-16.3533;0.358576;0;0;2.9554;13.1316;10.4685;7.56265;0;0;2.24;314;312;305;395;395;284;1000;1000;710;152;152;118;1;1;1;1;
90;91;0;0;0.00216035;0;0;-0.180905;0;0;0.108481;0;0;-6.51757;0;0;0.788579;0;0;3.74398;0;0;0.0104346;0;0;2.25044;0.582219;0.0412295;0.811986;0.71678;-0.683567;0.1377;0.116842;-0.993089;-0.0110987;0.965356;-0.208909;0.156346;-13.8259;-0.69311;28.2639;0;0;-0.180905;25.0218;-7.06976;0.261088;0;0;-6.51757;17.6859;-17.3366;0.347477;0;0;3.74398;14.1044;10.2976;7.71899;0;0;2.25044;257;255;251;422;422;312;1000;1000;729;149;149;111;1;1;1;1;
91;92;0;0;0.00728573;0;0;-0.173619;0;0;-0.00241809;0;0;-6.51999;0;0;0.0560423;0;0;3.80003;0;0;0;0;0;2.25044;0.998341;-0.0542473;-0.0193024;0.983032;-0.154561;0.0987861;-0.888293;0.458075;0.0331975;0;1;0;-12.8277;-0.750383;28.2446;0;0;-0.173619;25.9809;-7.33494;0.359874;0;0;-6.51999;16.7692;-16.9384;0.380674;0;0;3.80003;14.0652;11.2969;7.71899;0;0;2.25044;258;258;257;411;411;314;1000;1000;692;133;133;117;1;1;1;1;
92;93;0;0;-0.00500602;0;0;-0.178625;0;0;0.00504481;0;0;-6.51495;0;0;0.249225;0;0;4.04925;0;0;-0.0107584;0;0;2.23968;-0.985469;-0.164817;-0.041073;-0.81628;-0.575169;-0.05355;0.465507;-0.883733;-0.0481538;0.871167;0.264656;0.413553;-13.8137;-0.912127;28.2035;0;0;-0.178625;25.1047;-7.81378;0.306324;0;0;-6.51495;17.296;-17.7871;0.332521;0;0;4.04925;14.9253;11.5954;8.13255;0;0;2.23968;314;314;306;421;421;324;1000;1000;677;157;157;121;1;1;1;1;
93;94;0;0;0.158104;0;0;-0.0205209;0;0;-0.0365688;0;0;-6.55152;0;0;0.63698;0;0;4.68623;0;0;0.0125434;0;0;2.25222;-0.0434335;0.622176;0.781672;0.938794;0.340323;-0.0533468;0.0828849;-0.988154;0.129157;-0.691564;0.301402;-0.656427;-13.8569;-0.289935;28.9852;0;0;-0.0205209;26.0762;-7.58279;0.252977;0;0;-6.55152;17.4593;-18.7652;0.461678;0;0;4.68623;14.2225;11.8694;7.47612;0;0;2.25222;271;271;249;422;422;308;1000;1000;674;132;132;103;1;1;1;1;
94;95;0;0;0.018413;0;0;-0.00210787;0;0;0.324471;0;0;-6.22704;0;0;-0.0334927;0;0;4.65274;0;0;-0.737885;0;0;1.51434;-0.955629;-0.206933;-0.209645;0.439948;-0.896738;-0.0480238;-0.815334;-0.57886;0.0123066;-0.142164;0.914499;0.378789;-14.8125;-0.496833;28.7756;0;0;-0.00210787;26.4162;-8.52196;0.204953;0;0;-6.22704;16.6936;-19.4082;0.473984;0;0;4.65274;14.0562;12.7798;7.85491;0;0;1.51434;273;273;257;408;408;280;1000;1000;657;134;134;110;1;1;1;1;
95;96;0;0;-0.00961409;0;0;-0.011722;0;0;-1.02841;0;0;-7.25546;0;0;0.283426;0;0;4.93616;0;0;0.0398812;0;0;1.55422;0.95107;0.274454;0.141917;0.141766;0.989882;0.00607527;0.564083;-0.825362;0.0242417;0.921429;-0.382043;0.0707936;-13.8614;-0.222574;28.9175;0;0;-0.011722;26.6819;-7.55791;0.211028;0;0;-7.25546;17.3266;-20.182;0.498226;0;0;4.93616;14.9876;12.4229;7.9257;0;0;1.55422;360;360;332;425;425;291;1000;1000;614;144;144;116;1;1;1;1;
96;97;0;0;-0.0133469;0;0;-0.0250689;0;0;-0.0506626;0;0;-7.30612;0;0;0.445213;0;0;5.38138;0;0;-0.0252935;0;0;1.52893;0.572788;0.0386389;0.818792;0.944463;0.328317;0.0140305;0.385379;-0.922749;-0.00403244;-0.870502;0.340649;-0.355225;-13.2886;-0.184186;29.7363;0;0;-0.0250689;27.6604;-7.35236;0.225059;0;0;-7.30612;17.7968;-21.0645;0.494193;0;0;5.38138;14.1083;12.7402;7.57048;0;0;1.52893;396;393;379;431;431;296;1000;1000;715;166;166;134;1;1;1;1;
97;98;0;0;-0.0248078;0;0;-0.0498767;0;0;-0.0349409;0;0;-7.34106;0;0;0.0409217;0;0;5.4223;0;0;-0.0158188;0;0;1.51311;0.69925;0.218532;0.680656;-0.976148;-0.21021;0.0542825;-0.75788;0.648977;0.0666844;0.977228;-0.119223;0.175532;-12.5892;0.0337377;30.4169;0;0;-0.0498767;26.6654;-7.43612;0.279341;0;0;-7.34106;16.981;-20.4901;0.560878;0;0;5.4223;15.0884;12.6468;7.74601;0;0;1.51311;351;349;330;396;396;286;1000;1000;673;155;155;118;1;1;1;1;
98;99;0;0;-0.0212341;0;0;-0.0711109;0;0;0.152382;0;0;-7.18868;0;0;-0.398082;0;0;5.02422;0;0;0;0;0;1.51311;-0.954646;0.168261;-0.24564;-0.705381;0.657316;-0.26528;-0.0637166;0.997834;-0.0163668;0;0;1;-13.5436;0.203183;30.1713;0;0;-0.0711109;26.0478;-6.6957;0.0140609;0;0;-7.18868;16.8302;-19.5017;0.544511;0;0;5.02422;15.0884;12.6468;8.74601;0;0;1.51311;317;315;294;388;388;269;1000;1000;722;144;144;107;1;1;1;1;
99;100;0;0;0.0075104;0;0;-0.0636004;0;0;0.0215977;0;0;-7.16708;0;0;0.0540838;0;0;5.0783;0;0;0;0;0;1.51311;0.529816;-0.169037;-0.831096;-0.882766;0.465408;-0.0641908;0.881973;-0.4713;-0.00046012;0.923863;0.378956;0.0535651;-13.014;0.0335584;29.3402;0;0;-0.0636004;25.23;-6.1238;-0.0501299;0;0;-7.16708;17.7504;-19.893;0.544051;0;0;5.0783;16.0019;13.05;8.79958;0;0;1.51311;321;320;292;387;387;278;1000;1000;679;146;146;117;1;1;1;1;
100;101;0;0;-0.00370762;0;0;-0.0673081;0;0;0.0154133;0;0;-7.15167;0;0;0.203508;0;0;5.28181;0;0;0;0;0;1.51311;-0.952604;0.293482;-0.0800896;-0.923066;0.343534;-0.173013;-0.483513;0.860539;0.160276;0.531864;0.218775;0.818082;-13.9662;0.328159;29.2601;0;0;-0.0673081;24.3569;-5.66802;-0.223143;0;0;-7.15167;17.1897;-19.0807;0.704327;0;0;5.28181;16.5278;13.2828;9.61766;0;0;1.51311;344;344;297;426;426;292;1000;1000;680;149;149;108;1;1;1;1;
101;102;0;0;0.00961419;0;0;-0.0576939;0;0;0.0187331;0;0;-7.13294;0;0;0.0729156;0;0;5.35472;0;0;0;0;0;1.51311;0.402913;0.0265628;-0.914853;0.99367;0.0927194;0.063425;0.862895;-0.505375;-0.00285507;0;0;1;-13.5633;0.354316;28.3453;0;0;-0.0576939;25.3544;-5.6994;-0.159718;0;0;-7.13294;18.096;-19.5033;0.701472;0;0;5.35472;16.5278;13.2828;10.6177;0;0;1.51311;328;328;292;429;429;289;1000;1000;688;133;133;106;1;1;1;1;
102;103;0;0;-0.613134;0;0;-0.670827;0;0;-0.00892337;0;0;-7.14186;0;0;-0.191029;0;0;5.1637;0;0;0.0256388;0;0;1.53875;0.162998;0.975445;0.14812;-0.967651;0.234327;-0.0935059;0.274722;0.961399;-0.0154529;0.972043;-0.179443;-0.151434;-13.3889;1.32779;28.4934;0;0;-0.670827;24.4234;-5.34659;-0.253224;0;0;-7.14186;18.2831;-18.5211;0.686019;0;0;5.1637;17.5043;13.1295;10.4662;0;0;1.53875;310;308;278;394;394;280;1000;1000;748;138;138;105;1;1;1;1;
103;104;0;0;-0.00831111;0;0;-0.679138;0;0;0.0116944;0;0;-7.13016;0;0;0.0488283;0;0;5.21252;0;0;0;0;0;1.53875;-0.974677;0.160016;-0.156202;-0.932544;0.36105;-0.00198301;-0.889379;0.456978;0.0133091;0;0;1;-14.3616;1.49934;28.3372;0;0;-0.679138;23.5429;-4.87258;-0.255207;0;0;-7.13016;17.3559;-18.1468;0.699329;0;0;5.21252;17.5043;13.1295;11.4662;0;0;1.53875;343;339;311;399;399;277;1000;1000;687;131;131;100;1;1;1;1;
104;105;0;0;-0.0155363;0;0;-0.694675;0;0;0.0326611;0;0;-7.0975;0;0;0.246297;0;0;5.45882;0;0;0;0;0;1.53875;-0.946456;-0.109588;0.303662;0.919997;-0.388203;0.053898;-0.450616;0.89157;0.0452635;0;1;0;-15.3093;1.40124;28.6408;0;0;-0.694675;24.4079;-5.37148;-0.201309;0;0;-7.0975;16.8225;-17.3021;0.744592;0;0;5.45882;17.4775;14.1291;11.4662;0;0;1.53875;327;325;298;406;406;268;1000;1000;673;140;140;114;1;1;1;1;
105;106;0;0;0.000637832;0;0;-0.694037;0;0;-0.0199844;0;0;-7.11749;0;0;-0.194132;0;0;5.26469;0;0;0.495723;0;0;2.03447;-0.956828;0.0898319;-0.276423;0.846458;0.484034;0.221856;0.312046;0.949956;-0.0145036;0.124227;-0.386379;-0.913936;-16.265;1.50265;28.3644;0;0;-0.694037;25.3078;-4.99606;0.0205477;0;0;-7.11749;17.046;-16.3276;0.730088;0;0;5.26469;17.6153;13.7474;10.5523;0;0;2.03447;327;327;293;401;401;287;1000;1000;740;132;132;107;1;1;1;1;
106;107;0;0;-0.0145385;0;0;-0.708575;0;0;-0.0126414;0;0;-7.13013;0;0;-0.136803;0;0;5.12789;0;0;0.0184114;0;0;2.05288;-0.998884;0.0190681;-0.0432101;-0.923642;-0.374793;-0.080097;0.792121;0.610354;0.00334892;-0.674692;-0.294337;0.676873;-17.2635;1.53407;28.3212;0;0;-0.708575;24.3448;-5.2533;-0.0595494;0;0;-7.13013;17.7804;-15.6489;0.733437;0;0;5.12789;16.9516;13.4291;11.2292;0;0;2.05288;310;305;277;408;408;270;1000;1000;656;132;132;102;1;1;1;1;
107;108;0;0;-0.0119431;0;0;-0.720519;0;0;0.0630285;0;0;-7.0671;0;0;0.7671;0;0;5.89499;0;0;-0.0115145;0;0;2.04137;-0.911605;0.0422637;-0.408888;-0.702164;0.708704;0.0685961;0.0718286;0.997333;-0.0129338;0.993284;-0.0742427;0.0887399;-18.1745;1.5878;27.9123;0;0;-0.720519;23.7351;-4.4636;0.00904678;0;0;-7.0671;17.7495;-14.6494;0.720504;0;0;5.89499;17.9469;13.3903;11.3179;0;0;2.04137;325;325;295;432;432;265;1000;1000;629;140;140;108;1;1;1;1;
108;109;0;0;-0.0326034;0;0;-0.753122;0;0;-0.0239876;0;0;-7.09109;0;0;1.25901;0;0;7.15399;0;0;-0.0182426;0;0;2.02312;-0.996855;0.024396;-0.0753977;0.990187;-0.0831475;0.112322;-0.00101642;-0.99988;0.0154786;0.974146;-0.13368;0.182124;-19.171;1.62529;27.8369;0;0;-0.753122;24.7075;-4.66834;0.121369;0;0;-7.09109;17.873;-15.6416;0.735982;0;0;7.15399;18.9252;13.2911;11.5;0;0;2.02312;356;355;336;412;412;290;1000;1000;701;134;134;108;1;1;1;1;
109;110;0;0;0.00934378;0;0;-0.743778;0;0;-0.0153298;0;0;-7.10642;0;0;-0.00999152;0;0;7.144;0;0;0;0;0;2.02312;-0.128508;-0.0430493;0.990774;0.974466;0.182538;0.130753;0.944254;0.314218;-0.098243;0;0;-1;-19.3;1.58392;28.8277;0;0;-0.743778;25.697;-4.60776;0.252122;0;0;-7.10642;18.7708;-15.2124;0.637739;0;0;7.144;18.9252;13.2911;10.5;0;0;2.02312;301;301;276;415;415;278;1000;1000;672;125;125;85;1;1;1;1;
110;111;0;0;0.00272504;0;0;-0.741053;0;0;-0.0102981;0;0;-7.11672;0;0;-0.06893;0;0;7.07507;0;0;0;0;0;2.02312;-0.879856;-0.0321212;0.474153;0.976207;0.0863785;0.198893;-0.72832;-0.676144;0.111265;0;1;0;-20.1802;1.56318;29.3018;0;0;-0.741053;26.6764;-4.64299;0.451014;0;0;-7.11672;18.1313;-15.9731;0.749004;0;0;7.07507;18.8899;14.2904;10.5;0;0;2.02312;298;298;281;419;419;285;1000;1000;679;125;125;112;1;1;1;1;
111;112;0;0;0.00980044;0;0;-0.731253;0;0;0.15793;0;0;-6.95879;0;0;-0.0457526;0;0;7.02932;0;0;0;0;0;2.02312;-0.710194;0.158099;-0.686024;0.0553302;-0.359357;-0.931559;0.883515;0.468372;0.00535844;0;0;-1;-20.8884;1.73033;28.6158;0;0;-0.731253;26.6878;-5.00641;-0.480544;0;0;-6.95879;18.9509;-15.4002;0.754362;0;0;7.02932;18.8899;14.2904;9.50003;0;0;2.02312;286;286;264;416;416;289;1000;1000;705;126;126;97;1;1;1;1;
112;113;0;0;-0.0171652;0;0;-0.748418;0;0;0.113398;0;0;-6.84539;0;0;0.0215133;0;0;7.05083;0;0;0;0;0;2.02312;-0.979904;0.018592;-0.198601;0.861377;-0.505507;0.04993;-0.896937;0.43675;0.0689446;0.981435;-0.189877;-0.0270412;-21.8679;1.76172;28.4172;0;0;-0.748418;27.4828;-5.61098;-0.430614;0;0;-6.84539;18.0071;-15.0768;0.823307;0;0;7.05083;19.8774;14.1353;9.47298;0;0;2.02312;293;293;262;420;420;290;1000;1000;691;125;125;102;1;1;1;1;
113;114;0;0;-0.000956802;0;0;-0.749375;0;0;-0.00922892;0;0;-6.85462;0;0;-0.0466405;0;0;7.00419;0;0;0;0;0;2.02312;0.924828;0.149715;-0.349685;0.979198;0.155699;0.130112;-0.898994;-0.437852;0.00977156;0;1;0;-20.9412;1.89932;28.0675;0;0;-0.749375;28.4736;-5.57326;-0.300502;0;0;-6.85462;17.1682;-15.621;0.833078;0;0;7.00419;19.8421;15.1347;9.47298;0;0;2.02312;253;253;230;398;398;272;1000;1000;690;104;104;95;1;1;1;1;
114;115;0;0;-0.0206515;0;0;-0.770026;0;0;-0.00528931;0;0;-6.85991;0;0;-0.183178;0;0;6.82101;0;0;0;0;0;2.02312;0.989178;0.143591;0.0301273;0.98177;0.161365;0.100442;0.725753;0.666042;0.17225;0.987318;-0.157524;0.0197259;-19.9502;2.02961;28.0977;0;0;-0.770026;29.4676;-5.53031;-0.200061;0;0;-6.85991;17.8097;-14.8735;1.00533;0;0;6.82101;20.8344;15.0121;9.49271;0;0;2.02312;260;260;225;412;412;282;1001;1001;688;107;107;80;1;1;1;1;
115;116;0;0;-0.0069517;0;0;-0.776978;0;0;0.000452935;0;0;-6.85945;0;0;0.300517;0;0;7.12153;0;0;0;0;0;2.02312;-0.802381;-0.161991;-0.574407;-0.976677;-0.199559;-0.0792328;0.356063;-0.930267;-0.0884445;0;0;-1;-20.7547;1.87851;27.5233;0;0;-0.776978;28.4741;-5.6118;-0.279294;0;0;-6.85945;18.2784;-15.7524;0.916884;0;0;7.12153;20.8344;15.0121;8.49271;0;0;2.02312;265;263;242;422;422;294;1000;1000;678;103;103;81;1;1;1;1;
116;117;0;0;-0.010743;0;0;-0.787721;0;0;0.0179085;0;0;-6.84154;0;0;0.261469;0;0;7.383;0;0;0;0;0;2.02312;-0.913043;0.0341361;-0.406431;-0.0888048;0.161826;0.982815;0.438975;-0.892768;-0.101327;0;0;1;-21.6672;1.9252;27.1168;0;0;-0.787721;28.4052;-5.44054;0.703522;0;0;-6.84154;18.8284;-16.5814;0.815557;0;0;7.383;20.8344;15.0121;9.49271;0;0;2.02312;255;254;233;439;439;291;1000;1000;673;109;109;92;1;1;1;1;
117;118;0;0;0.00478843;0;0;-0.782932;0;0;0.0127088;0;0;-6.82883;0;0;-0.0374178;0;0;7.34558;0;0;0.00755348;0;0;2.03068;0.940572;-0.30693;0.14532;0.990974;-0.0783854;0.108752;-0.874988;-0.48407;0.00853134;-0.996381;-0.00956596;-0.0844567;-20.7309;1.60544;27.2621;0;0;-0.782932;29.3798;-5.6362;0.812274;0;0;-6.82883;18.0225;-17.1734;0.824088;0;0;7.34558;19.8389;14.9673;9.40825;0;0;2.03068;251;249;229;423;423;287;1000;1000;675;107;107;89;1;1;1;1;
118;119;0;0;-0.0411311;0;0;-0.824064;0;0;0.435865;0;0;-6.39297;0;0;0.0898909;0;0;7.43547;0;0;-0.15157;0;0;1.87911;-0.87076;0.465463;-0.158497;0.231851;-0.972678;0.0119729;0.904684;-0.42607;0.00323533;0.47743;-0.835152;-0.273097;-21.5949;2.08338;27.1036;0;0;-0.824064;29.5019;-6.62865;0.824247;0;0;-6.39297;18.9747;-17.4788;0.827324;0;0;7.43547;20.3435;14.1482;9.13516;0;0;1.87911;267;267;243;408;408;264;1000;1000;640;112;112;96;1;1;1;1;
119;120;0;0;0.00769659;0;0;-0.816367;0;0;-0.0416106;0;0;-6.43458;0;0;-0.133633;0;0;7.30184;0;0;0.0202164;0;0;1.89932;-0.817022;0.386542;0.427856;0.885412;-0.445144;0.133766;-0.87118;-0.490873;0.009445;0.991732;0.118092;0.0502239;-22.4063;2.48153;27.5315;0;0;-0.816367;30.3318;-7.17021;0.958013;0;0;-6.43458;18.173;-18.0764;0.836769;0;0;7.30184;21.3308;14.2991;9.18538;0;0;1.89932;332;332;305;419;419;255;1000;1000;628;117;117;91;1;1;1;1;
120;121;0;0;-0.0944156;0;0;-0.910783;0;0;-0.237655;0;0;-6.67224;0;0;0.322083;0;0;7.62392;0;0;0;0;0;1.89932;-0.231546;0.55248;0.80072;-0.704493;-0.707347;-0.0578776;0.445847;-0.895026;0.0121851;0;0;-1;-22.6291;3.03762;28.3322;0;0;-0.910783;29.5499;-7.79092;0.900136;0;0;-6.67224;18.7337;-18.9044;0.848954;0;0;7.62392;21.3308;14.2991;8.18538;0;0;1.89932;315;312;297;409;409;278;1000;1000;703;118;118;87;1;1;1;1;
121;122;0;0;-0.0103807;0;0;-0.921163;0;0;-0.00303245;0;0;-6.67527;0;0;0.22867;0;0;7.85259;0;0;0;0;0;1.89932;0.929128;0.0869482;0.35939;0.991529;-0.117091;0.0562106;-0.121627;-0.992574;0.00208182;0;0;-1;-21.6987;3.10962;28.6916;0;0;-0.921163;30.5211;-8.02247;0.956346;0;0;-6.67527;18.7488;-19.9042;0.851036;0;0;7.85259;21.3308;14.2991;7.18538;0;0;1.89932;251;250;224;383;383;275;1000;1000;705;111;111;90;1;1;1;1;
122;123;0;0;0.261477;0;0;-0.659687;0;0;-0.00442508;0;0;-6.67969;0;0;0.283119;0;0;8.13571;0;0;0;0;0;1.89932;-0.00975337;0.326672;0.945087;0.995713;0.0770959;0.051103;0.52176;-0.851076;-0.0586279;0;0;-1;-21.7046;3.43638;29.6367;0;0;-0.659687;31.5191;-8.06172;1.00745;0;0;-6.67969;19.3857;-20.6729;0.792408;0;0;8.13571;21.3308;14.2991;6.18538;0;0;1.89932;226;225;214;398;398;278;1000;1000;673;107;107;79;1;1;1;1;
123;124;0;0;0.005069;0;0;-0.654618;0;0;-0.0122464;0;0;-6.69194;0;0;-0.0940092;0;0;8.0417;0;0;0;0;0;1.89932;-0.932934;-0.0446052;-0.357273;0.962599;0.270699;0.0112133;-0.664679;-0.74651;-0.030412;0;0;1;-22.638;3.40244;29.2794;0;0;-0.654618;32.5066;-7.90503;1.01866;0;0;-6.69194;18.832;-21.5051;0.761996;0;0;8.0417;21.3308;14.2991;7.18538;0;0;1.89932;211;210;201;381;381;265;1000;1000;708;106;106;79;1;1;1;1;
124;125;0;0;0.0276009;0;0;-0.627017;0;0;0.00269045;0;0;-6.68925;0;0;-0.0717774;0;0;7.96992;0;0;0;0;0;1.89932;0.0135736;-0.232964;0.972391;-0.998229;-0.0328313;-0.0496055;0.936647;0.349566;0.0222523;0;0;1;-22.627;3.16934;30.2518;0;0;-0.627017;31.5114;-7.82136;0.969057;0;0;-6.68925;19.7112;-21.029;0.784248;0;0;7.96992;21.3308;14.2991;8.18538;0;0;1.89932;231;229;217;392;392;272;1000;1000;673;102;102;79;1;1;1;1;
125;126;0;0;-0.0144674;0;0;-0.641484;0;0;-0.172426;0;0;-6.86168;0;0;0.0452784;0;0;8.0152;0;0;0;0;0;1.89932;0.184787;0.295012;0.937455;0.783858;0.62088;0.00867548;0.917603;-0.397497;0.000261972;0;0;-1;-22.4389;3.46226;31.1893;0;0;-0.641484;32.3638;-7.29858;0.977733;0;0;-6.86168;20.6752;-21.2947;0.78451;0;0;8.0152;21.3308;14.2991;7.18538;0;0;1.89932;233;232;217;415;415;292;1000;1000;680;112;112;83;1;1;1;1;
126;127;0;0;0.00474448;0;0;-0.63674;0;0;-0.0654471;0;0;-6.92712;0;0;-0.519542;0;0;7.49566;0;0;0;0;0;1.89932;-0.971326;0.236187;0.0272362;-0.523412;-0.849224;0.069706;-0.274602;-0.961544;-0.00524336;-0.988735;0.0578296;-0.138055;-23.4076;3.70923;31.2165;0;0;-0.63674;31.7418;-8.07848;1.04744;0;0;-6.92712;20.5284;-22.2838;0.779267;0;0;7.49566;20.3407;14.3241;7.04733;0;0;1.89932;211;211;206;416;416;295;1000;1000;688;98;98;80;1;1;1;1;
127;128;0;0;-0.00790939;0;0;-0.644649;0;0;0.0037922;0;0;-6.92333;0;0;0.0781835;0;0;7.57384;0;0;0;0;0;1.89932;-0.95168;0.154321;0.265499;-0.979542;0.165776;-0.114085;0.850959;-0.523142;0.0468159;0;0;-1;-24.3575;3.87425;31.482;0;0;-0.644649;30.7894;-7.79584;0.933354;0;0;-6.92333;21.4409;-22.6902;0.826083;0;0;7.57384;20.3407;14.3241;6.04733;0;0;1.89932;207;207;202;390;390;291;1000;1000;702;93;93;75;1;1;1;1;
128;129;0;0;0.000843247;0;0;-0.643806;0;0;-0.084745;0;0;-7.00808;0;0;-0.250873;0;0;7.32297;0;0;0;0;0;1.89932;-0.876506;0.288933;0.385039;0.846994;0.522302;0.0989992;-0.313061;-0.948331;0.0515923;0;0;1;-25.2307;4.17301;31.867;0;0;-0.643806;31.6938;-7.38078;1.03235;0;0;-7.00808;21.2513;-23.6707;0.877675;0;0;7.32297;20.3407;14.3241;7.04733;0;0;1.89932;201;201;181;411;411;292;1000;1000;704;95;95;69;1;1;1;1;
129;130;0;0;-0.0423462;0;0;-0.686152;0;0;0.00743721;0;0;-7.00064;0;0;0.10079;0;0;7.42376;0;0;0;0;0;1.89932;-0.875648;-0.436975;-0.205656;0.961129;0.231725;0.150114;0.556274;-0.830998;-0.00126421;0;0;-1;-26.1115;3.74655;31.6614;0;0;-0.686152;32.676;-7.26792;1.18247;0;0;-7.00064;21.9102;-24.4229;0.876411;0;0;7.42376;20.3407;14.3241;6.04733;0;0;1.89932;212;212;203;411;411;299;1000;1000;697;87;87;72;1;1;1;1;
130;131;0;0;0.0010797;0;0;-0.685072;0;0;0.0331891;0;0;-6.96745;0;0;0.597214;0;0;8.02097;0;0;0;0;0;1.89932;-0.995544;-0.0181118;-0.0925397;0.98797;0.104682;0.113832;0.363277;-0.926912;0.0941501;0;0;-1;-27.1072;3.74035;31.5689;0;0;-0.685072;33.6693;-7.28386;1.2963;0;0;-6.96745;22.3993;-25.2901;0.970561;0;0;8.02097;20.3407;14.3241;5.04733;0;0;1.89932;209;209;197;401;401;257;1000;1000;646;94;94;70;1;1;1;1;
131;132;0;0;0.00805926;0;0;-0.677013;0;0;0.0992235;0;0;-6.86823;0;0;0.562868;0;0;8.58384;0;0;0;0;0;1.89932;-0.90616;-0.386648;-0.1714;-0.556037;-0.830742;0.0262979;0.153288;-0.988178;0.0027755;0;1;0;-28.0178;3.36443;31.3975;0;0;-0.677013;33.018;-8.04215;1.3226;0;0;-6.86823;22.6984;-26.2443;0.973336;0;0;8.58384;20.3075;15.3236;5.04733;0;0;1.89932;284;283;273;439;439;274;1000;1000;643;97;97;78;1;1;1;1;
132;133;0;0;-0.0162023;0;0;-0.693215;0;0;-0.0423914;0;0;-6.91062;0;0;0.303246;0;0;8.88709;0;0;-0.00209168;0;0;1.89723;-0.996736;-0.0170751;-0.0789094;0.9932;0.0965023;0.0651269;0.474887;-0.880035;-0.00461388;0.803107;0.187689;0.565502;-29.0147;3.35942;31.3185;0;0;-0.693215;34.0156;-8.06585;1.38772;0;0;-6.91062;23.3035;-27.0404;0.968722;0;0;8.88709;21.104;15.5378;5.61283;0;0;1.89723;277;277;273;405;405;273;1000;1000;703;106;106;80;1;1;1;1;
133;134;0;0;0.037015;0;0;-0.6562;0;0;-0.0754251;0;0;-6.98604;0;0;-0.145184;0;0;8.7419;0;0;0;0;0;1.89723;-0.00201407;0.204582;0.978847;-0.776822;-0.565691;0.276661;-0.539869;-0.840384;0.0479144;0;0;-1;-29.0144;3.56401;32.2974;0;0;-0.6562;33.1757;-8.53286;1.66438;0;0;-6.98604;22.8976;-27.9531;1.01664;0;0;8.7419;21.104;15.5378;4.61283;0;0;1.89723;246;246;240;413;413;288;1000;1000;706;97;97;74;1;1;1;1;
134;135;0;0;0.00259707;0;0;-0.653603;0;0;0.081897;0;0;-6.90415;0;0;0.07074;0;0;8.81264;0;0;0.0131188;0;0;1.91035;-0.961741;-0.272936;-0.0236702;0.915182;-0.402717;0.0161559;0.880004;-0.469304;0.073122;0.968955;-0.162981;0.185915;-29.9792;3.30206;32.2737;0;0;-0.653603;34.0358;-9.04266;1.68054;0;0;-6.90415;23.8391;-28.282;1.08976;0;0;8.81264;22.0778;15.4072;4.79874;0;0;1.91035;230;229;217;415;415;293;1000;1000;688;91;91;74;1;1;1;1;
135;136;0;0;0.754352;0;0;0.100749;0;0;0.118567;0;0;-6.78558;0;0;0.230196;0;0;9.04284;0;0;0;0;0;1.91035;-0.108315;-0.972648;0.205482;-0.788848;0.614368;-0.0164734;0.366057;-0.929598;-0.0430106;0;0;-1;-30.0858;2.32922;32.4792;0;0;0.100749;33.3251;-8.3394;1.66407;0;0;-6.78558;24.3468;-29.1425;1.04675;0;0;9.04284;22.0778;15.4072;3.79874;0;0;1.91035;199;198;194;406;406;284;1000;1000;719;80;80;63;1;1;1;1;
136;137;0;0;0.442546;0;0;0.543295;0;0;0.968743;0;0;-5.81684;0;0;0.187705;0;0;9.23054;0;0;0;0;0;1.91035;-0.125795;-0.924658;-0.359419;0.0478986;-0.998848;0.0027906;0.757298;-0.644853;-0.103263;0;0;-1;-30.2028;1.40341;32.1198;0;0;0.543295;33.2715;-9.33795;1.66686;0;0;-5.81684;25.1977;-29.6575;0.943485;0;0;9.23054;22.0778;15.4072;2.79874;0;0;1.91035;193;192;185;398;398;275;1000;1000;709;83;83;67;1;1;1;1;
137;138;0;0;-0.273905;0;0;0.269391;0;0;-0.0161363;0;0;-5.83297;0;0;0.261999;0;0;9.49254;0;0;0;0;0;1.91035;-0.336685;-0.861121;-0.380938;0.909215;-0.115534;0.399975;0.234626;-0.972037;0.00971743;0;-1;0;-30.5354;0.54072;31.7388;0;0;0.269391;34.1643;-9.54529;2.06683;0;0;-5.83297;25.5894;-30.5776;0.953203;0;0;9.49254;22.1112;14.4077;2.79874;0;0;1.91035;209;209;205;408;408;276;1000;1000;726;83;83;71;1;1;1;1;
138;139;0;0;-0.00770834;0;0;0.261682;0;0;-0.0161817;0;0;-5.84915;0;0;0.0519167;0;0;9.54446;0;0;0;0;0;1.91035;-0.990564;0.0170941;-0.135979;0.958418;0.267797;0.0985888;0.852726;-0.521478;-0.0303113;0;0;-1;-31.5261;0.553289;31.6029;0;0;0.261682;35.145;-9.37656;2.16542;0;0;-5.84915;26.5168;-30.9504;0.922892;0;0;9.54446;22.1112;14.4077;1.79874;0;0;1.91035;196;196;192;418;418;291;1000;1000;684;88;88;71;1;1;1;1;
139;140;0;0;0.149414;0;0;0.411097;0;0;-0.322417;0;0;-6.17157;0;0;-0.270419;0;0;9.27404;0;0;0;0;0;1.91035;-0.611205;-0.753356;-0.242661;-0.672877;-0.734161;0.0908019;0.577582;0.814165;-0.0594411;0;0;1;-32.1318;-0.204432;31.3602;0;0;0.411097;34.3971;-10.0341;2.25622;0;0;-6.17157;26.9556;-30.0538;0.863451;0;0;9.27404;22.1112;14.4077;2.79874;0;0;1.91035;210;210;203;416;416;296;1000;1000;702;85;85;67;1;1;1;1;
140;141;0;0;-0.00630887;0;0;0.404788;0;0;-0.0139727;0;0;-6.18554;0;0;-0.259831;0;0;9.01421;0;0;0;0;0;1.91035;0.98022;-0.0258056;0.196224;0.987145;0.14451;0.0682816;0.597432;0.801706;-0.0185188;0;0;1;-31.1515;-0.223312;31.5564;0;0;0.404788;35.3941;-9.99683;2.3245;0;0;-6.18554;27.4201;-29.1684;0.844932;0;0;9.01421;22.1112;14.4077;3.79874;0;0;1.91035;216;216;211;427;427;307;1000;1000;711;83;83;67;1;1;1;1;
141;142;0;0;-0.0202732;0;0;0.384515;0;0;0.1905;0;0;-5.99504;0;0;0.0800092;0;0;9.09422;0;0;0;0;0;1.91035;-0.991379;0.078785;-0.104689;0.624727;-0.777828;0.0685454;-0.665894;0.746034;-0.00443646;-0.0680874;0.0144539;-0.997575;-32.1433;-0.151182;31.4517;0;0;0.384515;35.9341;-10.8356;2.39305;0;0;-5.99504;26.6446;-28.537;0.840495;0;0;9.09422;22.0426;14.4199;2.80117;0;0;1.91035;212;211;206;423;423;289;1000;1000;694;86;86;65;1;1;1;1;
142;143;0;0;0.0567784;0;0;0.441293;0;0;0.021233;0;0;-5.97381;0;0;-0.132239;0;0;8.96198;0;0;0;0;0;1.91035;-0.0260373;0.43262;0.9012;-0.987809;-0.112597;-0.107499;-0.933657;-0.358051;0.00918351;0;0;-1;-32.1727;0.281225;32.3529;0;0;0.441293;34.94;-10.8448;2.28555;0;0;-5.97381;25.7781;-29.0361;0.849679;0;0;8.96198;22.0426;14.4199;1.80117;0;0;1.91035;217;217;198;420;420;274;1000;1000;651;93;93;76;1;1;1;1;
143;144;0;0;0.0925282;0;0;0.533821;0;0;0.126616;0;0;-5.84719;0;0;0.048237;0;0;9.01022;0;0;0.0068232;0;0;1.91717;-0.811184;0.584185;0.0266258;0.864957;-0.49337;-0.0918426;0.869487;0.493846;-0.0104064;-0.969675;0.212541;-0.120654;-32.9893;0.857827;32.3796;0;0;0.533821;35.7502;-11.4238;2.19371;0;0;-5.84719;26.5596;-28.4122;0.839272;0;0;9.01022;21.0664;14.5999;1.68051;0;0;1.91717;270;270;253;449;449;270;1000;1000;649;102;102;78;1;1;1;1;
144;145;0;0;-0.00526593;0;0;0.528555;0;0;0.0166064;0;0;-5.83059;0;0;0.00670199;0;0;9.01692;0;0;-0.023296;0;0;1.89388;0.492246;0.00473694;0.870443;0.991862;-0.0959423;0.0836994;0.989808;-0.142378;-0.00300933;0.992894;-0.0663363;0.098802;-32.4971;0.867105;33.25;0;0;0.528555;36.7272;-11.62;2.27741;0;0;-5.83059;27.5595;-28.3977;0.836263;0;0;9.01692;22.0609;14.5664;1.77931;0;0;1.89388;281;279;272;403;403;283;1000;1000;712;114;114;92;1;1;1;1;
145;146;0;0;-0.00831218;0;0;0.520243;0;0;0.200188;0;0;-5.6304;0;0;0.0736809;0;0;9.0906;0;0;0;0;0;1.89388;0.140783;-0.145811;0.979244;0.684927;-0.727252;0.0444851;0.840745;-0.541378;-0.00764357;0;0;-1;-32.355;0.722578;34.2293;0;0;0.520243;37.3374;-12.4109;2.32189;0;0;-5.6304;28.4752;-28.7995;0.828619;0;0;9.0906;22.0609;14.5664;0.779315;0;0;1.89388;241;241;233;395;395;292;1000;1000;696;105;105;82;1;1;1;1;
146;147;0;0;0;0;0;0.520262;0;0;0.0653102;0;0;-5.56509;0;0;-0.202272;0;0;8.88833;0;0;-0.0205293;0;0;1.87335;-0.854258;-0.153098;-0.496795;0.907365;-0.41996;0.0179331;-0.692914;-0.720112;0.0361714;0.979217;-0.145138;0.141668;-33.2079;0.56173;33.7325;0;0;0.520262;38.1998;-12.9169;2.33983;0;0;-5.56509;27.9018;-29.618;0.864791;0;0;8.88833;23.0444;14.4534;0.920983;0;0;1.87335;238;238;232;418;418;293;1000;1000;697;116;116;89;1;1;1;1;
147;148;0;0;-0.00456429;0;0;0.515697;0;0;-0.00898179;0;0;-5.57407;0;0;0.30302;0;0;9.19135;0;0;0.0258147;0;0;1.89916;-0.945908;0.294188;-0.136791;-0.933575;0.353031;-0.0616979;0.267823;-0.963466;0.00193066;0.96004;0.0933134;0.263849;-34.1564;0.847392;33.5957;0;0;0.515697;37.3049;-12.4748;2.27813;0;0;-5.57407;28.3201;-30.5263;0.866721;0;0;9.19135;24.0008;14.5784;1.18483;0;0;1.89916;203;202;196;399;399;302;1000;1000;707;100;100;83;1;1;1;1;
148;149;0;0;-0.022969;0;0;0.492728;0;0;0.00655836;0;0;-5.56751;0;0;0.632109;0;0;9.82346;0;0;-0.00120726;0;0;1.89796;-0.993633;0.0430724;-0.104108;0.843752;-0.535186;-0.0407175;0.348514;-0.937302;-0.00145777;-0.978178;0.168032;-0.122202;-35.1503;0.881918;33.4916;0;0;0.492728;38.0928;-13.0894;2.23741;0;0;-5.56751;28.8234;-31.3904;0.865264;0;0;9.82346;23.0176;14.714;1.06263;0;0;1.89796;210;208;166;413;413;244;1000;1000;604;100;100;79;1;1;1;1;
149;150;0;0;-0.0411544;0;0;0.451574;0;0;-0.00359852;0;0;-5.57111;0;0;0.00752026;0;0;9.83098;0;0;0;0;0;1.89796;0.364764;0.474437;0.80116;0.962575;-0.256393;0.0878224;0.994891;-0.0595838;-0.0814952;0;0;-1;-34.7893;1.35922;34.2927;0;0;0.451574;39.0259;-13.438;2.32523;0;0;-5.57111;29.8139;-31.2792;0.783768;0;0;9.83098;23.0176;14.714;0.0626297;0;0;1.89796;378;378;375;414;414;300;1000;1000;650;177;177;127;1;1;1;1;
150;151;0;0;0.055968;0;0;0.507542;0;0;-0.00154872;0;0;-5.57266;0;0;0.300359;0;0;10.1313;0;0;0.0240233;0;0;1.92198;-0.234865;0.37196;0.898044;-0.926412;0.364258;-0.095277;0.267819;-0.923069;0.276072;-0.999434;0.0329092;0.00692554;-35.0275;1.72908;35.1908;0;0;0.507542;38.1392;-12.9855;2.22996;0;0;-5.57266;30.2399;-32.1408;1.05984;0;0;10.1313;22.0176;14.7133;0.0695552;0;0;1.92198;334;333;326;422;422;295;1000;1000;674;158;158;132;1;1;1;1;
151;152;0;0;-0.0166327;0;0;0.490909;0;0;-0.00195195;0;0;-5.57461;0;0;1.07405;0;0;11.2054;0;0;0.00697547;0;0;1.92895;-0.720317;-0.473298;-0.507082;0.991366;-0.124873;0.0400073;0.0385556;-0.979101;0.199688;0.976859;-0.173487;0.125095;-35.7437;1.24963;34.6837;0;0;0.490909;39.1138;-13.2061;2.26996;0;0;-5.57461;30.468;-33.0937;1.25953;0;0;11.2054;22.9998;14.5728;0.19465;0;0;1.92895;341;339;322;412;412;294;1000;1000;662;154;154;120;1;1;1;1;
152;153;0;0;0.0243286;0;0;0.515238;0;0;-0.000159823;0;0;-5.57477;0;0;0.0454163;0;0;11.2508;0;0;0.00398421;0;0;1.93294;-0.764824;0.643974;-0.0184838;0.97726;-0.196106;0.080654;-0.662958;0.748635;-0.00575553;0.988919;-0.148429;0.00293542;-36.5143;1.8867;34.6652;0;0;0.515238;40.0674;-13.4962;2.35062;0;0;-5.57477;29.6717;-32.4888;1.25377;0;0;11.2508;23.9931;14.4578;0.197585;0;0;1.93294;317;317;304;435;435;303;1000;1000;696;145;145;113;1;1;1;1;
153;154;0;0;0.00841351;0;0;0.523651;0;0;-0.00201484;0;0;-5.57679;0;0;0.660523;0;0;11.9113;0;0;-0.021401;0;0;1.91154;-0.0465307;0.399434;0.91558;0.961741;-0.262653;-0.0778965;0.334839;-0.941648;-0.0343894;-0.911984;-0.395957;-0.107257;-36.5645;2.28569;35.5808;0;0;0.523651;40.999;-13.8511;2.27272;0;0;-5.57679;30.1937;-33.3411;1.21938;0;0;11.9113;23.0948;14.0317;0.0903288;0;0;1.91154;293;292;273;425;425;298;1000;1000;674;140;140;123;1;1;1;1;
154;155;0;0;0.00273853;0;0;0.52639;0;0;-1.02486;0;0;-6.60164;0;0;0.0162679;0;0;11.9276;0;0;0;0;0;1.91154;-0.625012;0.259561;0.736198;0.282735;0.957884;-0.0501854;0.975737;-0.218903;-0.00427735;0;0;1;-37.1918;2.5395;36.317;0;0;0.52639;41.39;-12.932;2.22254;0;0;-6.60164;31.1936;-33.3536;1.21511;0;0;11.9276;23.0948;14.0317;1.09033;0;0;1.91154;280;280;257;432;432;281;1000;1000;631;139;139;106;1;1;1;1;
155;156;0;0;0.00606119;0;0;0.532451;0;0;0.703185;0;0;-5.89846;0;0;-0.193893;0;0;11.7337;0;0;-0.00687772;0;0;1.90466;-0.947878;-0.169294;-0.269939;0.425816;-0.9041;-0.0358234;-0.77262;-0.634753;0.0121072;0.953579;-0.251803;0.165173;-38.1381;2.3614;36.047;0;0;0.532451;41.7207;-13.8751;2.18671;0;0;-5.89846;30.5662;-34.1322;1.22721;0;0;11.7337;24.0563;13.8117;1.2555;0;0;1.90466;348;347;318;436;436;281;1000;1000;629;160;160;124;1;1;1;1;
156;157;0;0;-0.0124888;0;0;0.519962;0;0;-0.155818;0;0;-6.05427;0;0;0.19239;0;0;11.9261;0;0;-0.0744498;0;0;1.83021;-0.891654;-0.0152336;0.452461;-0.622442;-0.781865;0.0353982;0.132998;-0.979355;-0.152237;0.989642;-0.02285;0.141724;-39.0296;2.33808;36.4995;0;0;0.519962;41.0192;-14.587;2.22211;0;0;-6.05427;30.8987;-35.063;1.07498;0;0;11.9261;25.0461;13.8205;1.39723;0;0;1.83021;300;298;292;404;404;304;1000;1000;681;149;149;125;1;1;1;1;
157;158;0;0;-0.0199323;0;0;0.50003;0;0;-0.110834;0;0;-6.16511;0;0;0.584308;0;0;12.5104;0;0;0.000730931;0;0;1.83094;-0.985505;0.0658749;-0.156337;0.858286;0.503817;0.0975416;0.227388;-0.9738;0.00272645;-0.926244;-0.25897;-0.273874;-40.0156;2.39535;36.3432;0;0;0.50003;41.9267;-14.1782;2.31965;0;0;-6.16511;31.3317;-35.9644;1.0777;0;0;12.5104;24.1286;13.5321;1.12335;0;0;1.83094;263;262;253;409;409;290;1000;1000;696;137;137;113;1;1;1;1;
158;159;0;0;-0.00657452;0;0;0.493455;0;0;-0.0429792;0;0;-6.20809;0;0;-0.138558;0;0;12.3718;0;0;0;0;0;1.83094;0.974767;-0.0148541;0.222731;0.937221;0.341988;0.0682695;0.696009;0.712409;0.0896954;0;0;1;-39.0408;2.38889;36.5659;0;0;0.493455;42.8954;-13.9396;2.38792;0;0;-6.20809;31.8589;-35.1194;1.1674;0;0;12.3718;24.1286;13.5321;2.12335;0;0;1.83094;260;258;252;408;408;284;1000;1000;690;128;128;102;1;1;1;1;
159;160;0;0;0.140308;0;0;0.633764;0;0;-0.187343;0;0;-6.39543;0;0;0.0202348;0;0;12.3921;0;0;0.038089;0;0;1.86903;0.270102;-0.730794;-0.626885;-0.400515;-0.88941;0.220315;0.958454;-0.285243;0.0012392;0.991302;-0.0044913;0.131532;-38.7626;1.66113;35.939;0;0;0.633764;42.3983;-14.7789;2.60824;0;0;-6.39543;32.8562;-35.1923;1.16864;0;0;12.3921;25.1196;13.5599;2.25488;0;0;1.86903;243;242;232;413;413;298;1000;1000;674;123;123;97;1;1;1;1;
160;161;0;0;-0.0414433;0;0;0.59232;0;0;0.0239825;0;0;-6.37145;0;0;-0.0917005;0;0;12.3004;0;0;2.13179;0;0;4.00081;-0.974824;-0.198932;-0.10072;-0.96207;0.250827;-0.107268;0.870318;0.492489;-0.000978111;-0.141434;-0.906005;-0.398937;-39.7353;1.45213;35.8383;0;0;0.59232;41.47;-14.4228;2.50097;0;0;-6.37145;33.6016;-34.5257;1.16766;0;0;12.3004;25.0417;12.6462;1.85595;0;0;4.00081;230;228;225;423;423;302;1000;1000;697;111;111;98;1;1;1;1;
161;162;0;0;-0.0111807;0;0;0.581139;0;0;0.0132664;0;0;-6.35818;0;0;-0.508359;0;0;11.792;0;0;0;0;0;4.00081;0.987307;-0.0761717;0.139365;0.9189;-0.368785;0.140074;-0.340765;-0.939739;0.0277588;0;-1;0;-38.7473;1.38598;35.9777;0;0;0.581139;42.3424;-14.8911;2.64104;0;0;-6.35818;33.4601;-35.5153;1.19542;0;0;11.792;25.1115;11.6487;1.85595;0;0;4.00081;241;240;228;409;409;293;1000;1000;693;127;127;106;1;1;1;1;
162;163;0;0;1.21817;0;0;1.79931;0;0;0.00143541;0;0;-6.35675;0;0;-0.449597;0;0;11.3424;0;0;0;0;0;4.00081;-0.0540306;-0.995612;-0.0764044;0.964222;0.260261;0.0504056;0.311448;0.950046;0.0203202;0;0;-1;-38.77;0.389161;35.9012;0;0;1.79931;43.3295;-14.7392;2.69145;0;0;-6.35675;33.5786;-34.5225;1.21574;0;0;11.3424;25.1115;11.6487;0.855947;0;0;4.00081;237;237;220;414;414;303;1000;1000;674;120;120;98;1;1;1;1;
163;164;0;0;-0.142782;0;0;1.65652;0;0;0.0476274;0;0;-6.30912;0;0;-0.909314;0;0;10.4331;0;0;-0.0391463;0;0;3.96167;-0.295181;-0.67633;-0.674867;0.898091;-0.438167;0.037986;0.215757;0.976271;-0.0185624;0.983847;0.0615077;0.168111;-39.0455;-0.295419;35.2264;0;0;1.65652;44.174;-15.2734;2.72943;0;0;-6.30912;33.614;-33.5233;1.19718;0;0;10.4331;26.0887;11.778;1.02406;0;0;3.96167;249;249;242;431;431;308;1000;1000;762;126;126;103;1;1;1;1;
164;165;0;0;0.135066;0;0;1.79159;0;0;-0.0189337;0;0;-6.32805;0;0;0.686438;0;0;11.1195;0;0;0;0;0;3.96167;-0.0328857;0.201433;0.97895;0.990266;-0.0262579;0.13669;0.169136;-0.985415;-0.0187035;0;0;-1;-39.0847;-0.0951125;36.2053;0;0;1.79159;45.1553;-15.4086;2.86612;0;0;-6.32805;33.97;-34.4576;1.17847;0;0;11.1195;26.0887;11.778;0.0240584;0;0;3.96167;239;237;230;429;429;301;1000;1000;704;109;109;88;1;1;1;1;
165;166;0;0;-0.0184382;0;0;1.77315;0;0;1.08193;0;0;-5.24612;0;0;-0.554577;0;0;10.565;0;0;1.44823;0;0;5.4099;-0.945231;-0.00803765;0.326304;0.105876;-0.994169;0.0204336;-0.269871;-0.962597;0.02401;-0.00465789;-0.76408;-0.645104;-40.0292;-0.132394;36.5316;0;0;1.77315;45.1699;-16.4083;2.88656;0;0;-5.24612;33.8812;-35.4534;1.20248;0;0;10.565;26.1561;11.0169;-0.621046;0;0;5.4099;250;250;240;431;431;310;1000;1000;701;121;121;95;1;1;1;1;
166;167;0;0;-0.00376444;0;0;1.76939;0;0;-0.327534;0;0;-5.57365;0;0;-0.117188;0;0;10.4478;0;0;-0.00821927;0;0;5.40168;-0.900445;0.383236;0.205737;0.580407;0.81422;-0.0131958;0.893451;0.446866;0.0453502;0.15016;0.0903955;0.98452;-40.9411;0.222857;36.7374;0;0;1.76939;45.8266;-15.6543;2.87336;0;0;-5.57365;34.6788;-34.8519;1.24783;0;0;10.4478;26.2971;11.121;0.363474;0;0;5.40168;215;215;205;440;440;292;1000;1000;649;103;103;77;1;1;1;1;
167;168;0;0;-0.00908914;0;0;1.7603;0;0;-0.247946;0;0;-5.8216;0;0;0.00230826;0;0;10.4501;0;0;0;0;0;5.40168;0.328244;-0.180047;-0.927275;0.545654;0.835643;-0.0629532;0.952162;-0.30559;-0.00136818;-0.988161;-0.021034;-0.151973;-40.6075;0.0529778;35.8101;0;0;1.7603;46.4542;-14.8783;2.81041;0;0;-5.8216;35.6706;-34.9797;1.24646;0;0;10.4501;25.3153;11.0071;0.211502;0;0;5.40168;278;277;262;431;431;286;1000;1000;644;108;108;86;1;1;1;1;
168;169;0;0;-0.00997206;0;0;1.75033;0;0;-0.0146885;0;0;-5.83629;0;0;0.421473;0;0;10.8716;0;0;-0.522552;0;0;4.87912;0.635452;0.349725;0.688399;0.950862;0.241891;0.193263;0.0154201;-0.999763;0.0153604;0.148732;0.39014;-0.908664;-39.983;0.421949;36.4985;0;0;1.75033;47.4248;-14.7344;3.00367;0;0;-5.83629;35.8743;-35.9586;1.26182;0;0;10.8716;25.4303;11.4084;-0.697162;0;0;4.87912;275;273;266;436;436;318;1000;1000;734;118;118;94;1;1;1;1;
169;170;0;0;-0.0082772;0;0;1.74205;0;0;0.0653969;0;0;-5.77089;0;0;0.146183;0;0;11.0177;0;0;-0.0072949;0;0;4.87183;0.9961;0.0620631;-0.0627124;0.842606;-0.536371;0.0481778;0.886161;-0.452554;0.0995717;-0.968726;-0.220103;-0.114559;-38.9892;0.514265;36.4358;0;0;1.74205;48.2092;-15.3528;3.05185;0;0;-5.77089;36.8307;-36.2335;1.3614;0;0;11.0177;24.4838;11.1069;-0.811721;0;0;4.87183;220;220;213;417;417;316;1000;1000;711;102;102;84;1;1;1;1;
170;171;0;0;-0.0185205;0;0;1.72353;0;0;-0.00654152;0;0;-5.77743;0;0;-0.0037342;0;0;11.014;0;0;0;0;0;4.87183;0.987127;-0.142775;0.0720823;0.982119;-0.0929455;0.163718;0.933347;-0.358431;-0.0197445;0;0;-1;-37.9983;0.401244;36.5079;0;0;1.72353;49.1769;-15.5441;3.21557;0;0;-5.77743;37.8153;-36.407;1.34165;0;0;11.014;24.4838;11.1069;-1.81172;0;0;4.87183;209;209;206;415;415;296;1000;1000;688;96;96;72;1;1;1;1;
171;172;0;0;-0.00513999;0;0;1.71839;0;0;-0.0315469;0;0;-5.80898;0;0;0.0314386;0;0;11.0454;0;0;0;0;0;4.87183;-0.952872;0.000691789;-0.303373;0.849701;-0.526366;-0.0307611;0.460046;-0.887845;0.00942355;0;0;-1;-38.9507;0.373362;36.2045;0;0;1.71839;49.969;-16.1538;3.18481;0;0;-5.80898;38.4369;-37.1903;1.35108;0;0;11.0454;24.4838;11.1069;-2.81172;0;0;4.87183;205;204;200;422;422;312;1001;1001;709;85;85;65;1;1;1;1;
172;173;0;0;-0.00634185;0;0;1.71205;0;0;-0.0694659;0;0;-5.87844;0;0;0.277307;0;0;11.3228;0;0;-0.0149133;0;0;4.85692;0.989088;-0.0717909;0.12865;-0.0637334;-0.52818;-0.846737;0.28534;-0.950551;0.12261;0.971464;-0.236515;0.0178585;-37.9599;0.331154;36.3331;0;0;1.71205;49.8515;-16.6726;2.33807;0;0;-5.87844;38.9033;-38.0663;1.47369;0;0;11.3228;25.4718;10.9534;-2.79386;0;0;4.85692;198;198;192;425;425;294;1000;1000;681;94;94;80;1;1;1;1;
173;174;0;0;-0.0264725;0;0;1.68557;0;0;0.00299736;0;0;-5.87545;0;0;0.0158132;0;0;11.3386;0;0;0;0;0;4.85692;-0.996617;-0.0475504;-0.0670358;0.983992;-0.0384772;0.174012;0.990468;-0.137741;0.000212806;0;0;1;-38.9547;0.254309;36.2661;0;0;1.68557;50.8264;-16.8117;2.51208;0;0;-5.87545;39.9015;-38.0066;1.4739;0;0;11.3386;25.4718;10.9534;-1.79386;0;0;4.85692;187;186;177;435;435;302;1000;1000;677;96;96;74;1;1;1;1;
174;175;0;0;0.1029;0;0;1.78847;0;0;-0.039186;0;0;-5.91463;0;0;0.07612;0;0;11.4147;0;0;0;0;0;4.85692;-0.697479;-0.646403;-0.30933;-0.931845;-0.352591;-0.0857008;-0.115138;0.993223;-0.0158773;0;0;1;-39.6317;-0.413548;35.9568;0;0;1.78847;49.8632;-17.0663;2.42638;0;0;-5.91463;39.5921;-37.0558;1.45802;0;0;11.4147;25.4718;10.9534;-0.793863;0;0;4.85692;184;184;181;413;413;296;1000;1000;695;92;92;70;1;1;1;1;
175;176;0;0;-0.00635722;0;0;1.78212;0;0;0.539752;0;0;-5.37488;0;0;0.210001;0;0;11.6247;0;0;0;0;0;4.85692;-0.976477;0.137821;-0.165824;-0.133871;0.921191;-0.365357;0.213264;-0.976991;-0.0027814;0;0;-1;-40.612;-0.306161;35.791;0;0;1.78212;49.8162;-16.1367;2.06102;0;0;-5.37488;39.9979;-37.9698;1.45524;0;0;11.6247;25.4718;10.9534;-1.79386;0;0;4.85692;190;190;183;444;444;322;1000;1000;723;90;90;72;1;1;1;1;
