length=;961;
t1;t2;x;y;z;roll;pitch;yaw;numCorners;numMatches;numInliers;estValid;
0;0.0333333;-0.676285;-0.736639;0.00095669;0;0;0.88484;66;66;39;1;
0.0333333;0.0666667;0.976169;-0.19423;-0.0967874;0;0;-0.00447598;83;83;56;1;
0.0666667;0.1;0.885661;-0.460129;-0.0623443;0;0;-0.020919;92;92;55;1;
0.1;0.133333;0.980797;-0.193276;-0.0260936;0;0;0.000978942;101;101;60;1;
0.133333;0.166667;0.963683;0.258411;-0.0673764;0;0;-0.0192344;98;98;58;1;
0.166667;0.2;-0.928836;0.364185;0.0680645;0;0;0.0180955;106;106;65;1;
0.2;0.233333;0.917864;-0.386465;-0.0903909;0;0;0.00678048;87;87;55;1;
0.233333;0.266667;-0.541725;-0.840139;0.0264624;0;0;-0.102256;92;92;59;1;
0.266667;0.3;0.933684;-0.349684;-0.077171;0;0;0;81;81;49;1;
0.3;0.333333;-0.973743;-0.205509;0.0979308;0;0;0.00032818;94;94;55;1;
0.333333;0.366667;-0.978059;0.187744;0.090297;0;0;-0.0398803;90;90;56;1;
0.366667;0.4;-0.499242;-0.86507;0.0491027;0;0;7.14838;79;79;50;1;
0.4;0.433333;0.97482;0.202037;-0.094374;0;0;-0.00135155;94;94;56;1;
0.433333;0.466667;-0.964184;0.261519;0.0442296;0;0;-0.02892;80;80;49;1;
0.466667;0.5;0.982472;-0.0583363;-0.177048;0;0;0.00849265;86;86;54;1;
0.5;0.533333;-0.854802;0.518869;0.00942416;0;0;-0.0274125;82;82;48;1;
0.533333;0.566667;-0.785583;-0.618724;0.00630605;0;0;0.241062;81;81;50;1;
0.566667;0.6;-0.274994;0.961161;0.0234228;0;0;0.235544;84;84;56;1;
0.6;0.633333;0.161178;-0.986247;-0.0365886;0;0;0.995004;87;87;54;1;
0.633333;0.666667;0.981005;-0.167437;-0.0979471;0;0;0.0266102;85;85;60;1;
0.666667;0.7;-0.803678;-0.594978;-0.0101589;0;0;0.98782;97;97;59;1;
0.7;0.733333;-0.993006;0.0658515;0.0979928;0;0;-0.0257265;92;92;61;1;
0.733333;0.766667;-0.912737;-0.398418;0.090408;0;0;-0.069149;82;82;59;1;
0.766667;0.8;-0.0622065;0.99799;-0.0120729;0;0;-3.60176;78;78;55;1;
0.8;0.833333;-0.0469924;0.998418;0.0308798;0;0;-1.13268;67;67;47;1;
0.833333;0.866667;0.964304;0.244969;-0.100541;0;0;0.00831596;81;81;56;1;
0.866667;0.9;0.208824;-0.977461;-0.0310333;0;0;2.32429;80;80;65;1;
0.9;0.933333;0.867822;0.488258;-0.0921369;0;0;-0.0592911;94;94;59;1;
0.933333;0.966667;0.98826;-0.11811;-0.096917;0;0;0.0279395;79;79;51;1;
0.966667;1;0.986715;-0.128993;-0.0987675;0;0;-0.0446754;100;100;65;1;
1;1.03333;-0.156675;0.987512;0.0165345;0;0;-0.274049;98;98;68;1;
1.03333;1.06667;0.924949;0.367613;-0.0965915;0;0;0.00807177;98;98;61;1;
1.06667;1.1;0.99323;-0.0802825;-0.0839624;0;0;-0.00025947;97;97;61;1;
1.1;1.13333;0.236305;0.97129;-0.0274806;0;0;-0.115133;89;89;61;1;
1.13333;1.16667;-0.0439842;-0.99892;0.014945;0;0;-0.789513;97;97;79;1;
1.16667;1.2;0.980002;0.175636;-0.0935367;0;0;-0.232026;101;101;68;1;
1.2;1.23333;-0.107139;0.994148;-0.0138102;0;0;-0.64807;105;105;72;1;
1.23333;1.26667;0.893251;0.441079;-0.0869033;0;0;0.444309;110;110;73;1;
1.26667;1.3;0.972802;0.210098;-0.0975421;0;0;-0.011459;113;113;77;1;
1.3;1.33333;-0.973128;-0.208147;0.0984764;0;0;0.029448;110;110;77;1;
1.33333;1.36667;0.95676;0.2749;-0.0950793;0;0;-0.0463896;119;119;81;1;
1.36667;1.4;0.981112;0.167491;-0.0967739;0;0;0.0794093;124;124;76;1;
1.4;1.43333;0.191839;-0.981426;0.000434608;0;0;3.878;122;122;87;1;
1.43333;1.46667;0.710238;-0.703953;-0.0035749;0;0;2.31546;133;133;86;1;
1.46667;1.5;-0.247751;-0.968578;0.0218281;0;0;2.15636;121;121;80;1;
1.5;1.53333;0.927594;0.365649;-0.0766138;0;0;-0.194426;111;111;70;1;
1.53333;1.56667;-0.00666904;-0.999972;-0.00324712;0;0;1.78781;108;108;77;1;
1.56667;1.6;0.313804;-0.949235;0.0219061;0;0;-0.529951;111;111;79;1;
1.6;1.63333;-0.172157;0.984754;0.0249234;0;0;-3.78598;98;98;71;1;
1.63333;1.66667;-0.103466;-0.994625;0.00402849;0;0;2.01205;101;101;74;1;
1.66667;1.7;0.139858;-0.989676;0.0313344;0;0;13.9376;95;95;70;1;
1.7;1.73333;0.958795;0.284096;-0.0015281;0;0;-0.118419;89;89;57;1;
1.73333;1.76667;0.945099;0.313429;-0.0924643;0;0;-0.00666621;87;87;61;1;
1.76667;1.8;0.977001;-0.194305;-0.087833;0;0;-0.00719891;102;102;65;1;
1.8;1.83333;-0.048345;0.998826;0.00308782;0;0;-1.72942;93;93;68;1;
1.83333;1.86667;0.989928;-0.141449;-0.00583699;0;0;0.00856495;109;109;72;1;
1.86667;1.9;0.00573769;0.999808;-0.0187306;0;0;-1.33463;99;99;73;1;
1.9;1.93333;0.965012;0.26192;-0.0122063;0;0;-0.160243;107;107;75;1;
1.93333;1.96667;-0.579152;0.813637;0.0507779;0;0;-0.45039;110;110;77;1;
1.96667;2;-0.0593424;-0.998217;0.00646194;0;0;6.33976;89;89;62;1;
2;2.03333;0.836327;-0.543037;-0.0752832;0;0;0.0666325;103;103;68;1;
2.03333;2.06667;-0.058834;-0.99811;0.0177336;0;0;3.13534;99;99;77;1;
2.06667;2.1;-0.976385;-0.189192;0.104301;0;0;0.0845261;119;119;81;1;
2.1;2.13333;-0.960518;-0.266479;0.0799609;0;0;-0.0471292;111;111;81;1;
2.13333;2.16667;0.981476;-0.164442;-0.0983085;0;0;-0.0707162;121;121;84;1;
2.16667;2.2;0.316976;-0.948166;-0.0225428;0;0;-0.191661;114;114;84;1;
2.2;2.23333;0.927965;0.357765;-0.104334;0;0;0.0117529;100;100;71;1;
2.23333;2.26667;0.991386;-0.130966;0.00134206;0;0;0.0722737;119;119;79;1;
2.26667;2.3;0.976479;0.192291;-0.0975389;0;0;0.0565206;128;128;93;1;
2.3;2.33333;-0.0961741;0.995271;-0.0136756;0;0;-5.91179;121;121;90;1;
2.33333;2.36667;0.0661811;-0.997674;0.0163075;0;0;0.61797;108;108;78;1;
2.36667;2.4;-0.0973438;0.995209;-0.00917596;0;0;-12.404;125;125;87;1;
2.4;2.43333;0.152169;0.988189;-0.0181135;0;0;-2.86775;141;141;92;1;
2.43333;2.46667;-0.209005;-0.977635;0.0233954;0;0;7.24231;124;124;79;1;
2.46667;2.5;0.99803;0.0591128;0.0210336;0;0;-0.067502;117;117;72;1;
2.5;2.53333;0.976349;-0.192354;-0.0987062;0;0;0.0295736;112;112;71;1;
2.53333;2.56667;0.299426;0.953614;-0.0310652;0;0;-1.59093;117;117;80;1;
2.56667;2.6;-0.0114704;-0.999915;-0.00621294;0;0;-0.0352069;116;116;79;1;
2.6;2.63333;-0.470126;-0.882187;0.0269674;0;0;0.119169;126;126;86;1;
2.63333;2.66667;0.918079;0.386017;-0.0901219;0;0;-0.0655228;140;140;97;1;
2.66667;2.7;0.610003;-0.788961;-0.0737415;0;0;0.296526;146;146;98;1;
2.7;2.73333;-0.984409;-0.153218;0.0863946;0;0;-0.0597071;136;136;86;1;
2.73333;2.76667;-0.0527318;-0.998567;-0.00909108;0;0;5.6256;148;148;97;1;
2.76667;2.8;-0.0840731;0.9955;-0.0437138;0;0;-1.99465;144;144;87;1;
2.8;2.83333;0.176853;-0.981528;0.072977;0;0;1.61417;152;152;110;1;
2.83333;2.86667;0.0893943;0.989462;0.113906;0;0;-3.48421;150;150;94;1;
2.86667;2.9;0.985157;-0.141374;-0.0973599;0;0;-0.143702;145;145;92;1;
2.9;2.93333;-0.775778;-0.630847;0.0141789;0;0;-0.218044;158;158;109;1;
2.93333;2.96667;0.984409;-0.164547;-0.0621555;0;0;-0.0590736;143;143;92;1;
2.96667;3;0.119201;-0.992717;0.0174229;0;0;2.65463;142;142;95;1;
3;3.03333;0.457741;0.888929;-0.0166539;0;0;-0.786882;169;169;116;1;
3.03333;3.06667;0.343543;0.936573;0.0693532;0;0;-2.89642;158;158;105;1;
3.06667;3.1;0.467548;0.883357;-0.0328438;0;0;-1.29508;153;153;104;1;
3.1;3.13333;0.998374;-0.0569281;-0.00277542;0;0;-0.00855264;153;153;94;1;
3.13333;3.16667;-0.960158;-0.279377;0.00676374;0;0;0.491676;167;167;108;1;
3.16667;3.2;-0.0207234;0.998183;0.0565792;0;0;-0.584617;134;134;80;1;
3.2;3.23333;0.972327;0.204959;-0.112129;0;0;0.00698097;152;152;90;1;
3.23333;3.26667;0.124828;-0.991894;-0.0237622;0;0;0.352941;154;154;100;1;
3.26667;3.3;0.994247;-0.107023;-0.00435271;0;0;0.0207846;135;135;79;1;
3.3;3.33333;-0.653662;0.754115;0.0635374;0;0;-0.00677215;120;120;88;1;
3.33333;3.36667;0.942469;-0.333934;0.0154856;0;0;0.190438;139;139;94;1;
3.36667;3.4;0.87071;0.49179;0.00237253;0;0;-0.0870571;141;141;86;1;
3.4;3.43333;0.354179;0.935127;-0.00976474;0;0;-1.42835;165;165;106;1;
3.43333;3.46667;0.82669;0.561301;-0.0390315;0;0;-0.294297;195;195;120;1;
3.46667;3.5;0.588161;-0.80871;-0.00743931;0;0;0.337719;167;167;108;1;
3.5;3.53333;-0.037543;0.999261;-0.00824476;0;0;-10.0435;149;149;103;1;
3.53333;3.56667;0.999386;0.0335882;-0.0100061;0;0;0.0168587;165;165;104;1;
3.56667;3.6;-0.100809;-0.994778;0.015946;0;0;9.37991;146;146;91;1;
3.6;3.63333;-0.358916;-0.933283;0.0127028;0;0;0.00573369;149;149;100;1;
3.63333;3.66667;0.949795;0.311917;-0.0244516;0;0;-0.0136402;148;148;101;1;
3.66667;3.7;-0.999988;-0.0021356;-0.00440549;0;0;-0.0126886;154;154;93;1;
3.7;3.73333;-0.701258;-0.70783;0.0849377;0;0;-0.135224;140;140;102;1;
3.73333;3.76667;-0.277188;-0.960701;0.0148411;0;0;-0.365523;151;151;108;1;
3.76667;3.8;-0.552542;-0.833481;-0.00254488;0;0;-0.0977246;163;163;107;1;
3.8;3.83333;0.662164;0.746089;-0.0699254;0;0;-0.22355;159;159;104;1;
3.83333;3.86667;-0.880891;-0.473236;0.00887455;0;0;0.0280501;165;165;111;1;
3.86667;3.9;0.136996;-0.990445;0.0158535;0;0;1.783;165;165;111;1;
3.9;3.93333;0.707984;-0.7032;-0.0653287;0;0;0.622754;172;172;113;1;
3.93333;3.96667;-0.93628;-0.339088;0.091642;0;0;0.0553852;157;157;105;1;
3.96667;4;0.789061;0.611749;-0.0560904;0;0;-0.702188;168;168;108;1;
4;4.03333;-0.793151;-0.603577;0.08128;0;0;-0.193937;175;175;118;1;
4.03333;4.06667;-0.99365;-0.1125;0.00203947;0;0;-0.0317315;165;165;108;1;
4.06667;4.1;-0.447257;-0.894224;0.0179994;0;0;0.373992;170;170;129;1;
4.1;4.13333;0.204498;-0.978786;0.0126265;0;0;0.723332;167;167;117;1;
4.13333;4.16667;0.693591;0.720303;-0.00980217;0;0;-0.528742;161;161;112;1;
4.16667;4.2;-0.667076;0.74361;0.0453196;0;0;0.0762154;162;162;112;1;
4.2;4.23333;0.880729;0.472492;-0.0326905;0;0;-0.211591;161;161;113;1;
4.23333;4.26667;0.512645;0.85827;-0.0238224;0;0;-0.0637895;153;153;104;1;
4.26667;4.3;0.0503496;-0.998627;0.0144898;0;0;1.26539;162;162;118;1;
4.3;4.33333;-0.995867;-0.0150514;0.089572;0;0;0.0296253;184;184;113;1;
4.33333;4.36667;0.949007;0.314937;-0.0141688;0;0;-0.000869465;174;174;109;1;
4.36667;4.4;0.219737;0.974582;-0.0436412;0;0;-4.33538;163;163;103;1;
4.4;4.43333;0.972584;0.232497;0.00499015;0;0;-0.0624097;165;165;116;1;
4.43333;4.46667;0.132527;0.990285;-0.0421079;0;0;-2.00726;163;163;113;1;
4.46667;4.5;0.976587;0.214904;0.00971245;0;0;-0.0324689;151;151;101;1;
4.5;4.53333;-0.403174;0.912826;0.0647992;0;0;0.580366;150;150;106;1;
4.53333;4.56667;-0.946116;-0.323788;0.00499687;0;0;-0.0810053;151;151;111;1;
4.56667;4.6;0.847;-0.528673;-0.055649;0;0;0.132178;159;159;103;1;
4.6;4.63333;0.985233;0.161771;-0.0560879;0;0;-0.0308233;158;158;97;1;
4.63333;4.66667;0.57666;0.816479;-0.0287365;0;0;0.120892;161;161;113;1;
4.66667;4.7;0.163753;0.986371;-0.0160532;0;0;-0.533101;176;176;117;1;
4.7;4.73333;0.0307116;0.999408;-0.015528;0;0;-6.84564;177;177;126;1;
4.73333;4.76667;-0.167908;-0.981503;0.0919756;0;0;1.14925;168;168;116;1;
4.76667;4.8;-0.0435937;0.998071;0.0441973;0;0;-6.34951;176;176;113;1;
4.8;4.83333;-0.520589;0.851303;0.0653482;0;0;0.52858;179;179;127;1;
4.83333;4.86667;-0.59977;0.799633;0.0293786;0;0;-0.385303;191;191;129;1;
4.86667;4.9;0.858016;0.512899;-0.0272548;0;0;-0.10172;199;199;130;1;
4.9;4.93333;-0.0787984;0.996861;0.0077384;0;0;-4.76267;213;213;147;1;
4.93333;4.96667;-0.098076;-0.99495;0.0213673;0;0;0.893143;219;219;153;1;
4.96667;5;0.528613;-0.84883;-0.00747838;0;0;0.425145;227;227;156;1;
5;5.03333;0.658575;0.749794;-0.063942;0;0;-0.658914;221;221;147;1;
5.03333;5.06667;0.514532;0.856471;-0.0413964;0;0;-1.90045;224;224;145;1;
5.06667;5.1;0.479488;0.876393;-0.0450044;0;0;-1.69598;214;214;151;1;
5.1;5.13333;-0.969682;-0.244277;0.00674329;0;0;-0.093225;231;231;146;1;
5.13333;5.16667;-0.366851;-0.92912;0.0464443;0;0;-0.222881;221;221;143;1;
5.16667;5.2;0.224505;0.971971;-0.0697916;0;0;-5.99362;230;230;149;1;
5.2;5.23333;0.0451169;-0.998278;0.0374927;0;0;4.29685;209;209;140;1;
5.23333;5.26667;-0.715897;-0.69704;0.0403295;0;0;-0.56904;231;231;155;1;
5.26667;5.3;-0.405241;-0.913878;0.0246523;0;0;0.0788563;241;241;149;1;
5.3;5.33333;0.0438694;0.999012;-0.0070952;0;0;-2.42888;217;217;148;1;
5.33333;5.36667;0.651464;-0.739209;0.170778;0;0;0.519152;229;229;149;1;
5.36667;5.4;0.31442;-0.949282;-0.00192286;0;0;1.27644;224;224;140;1;
5.4;5.43333;0.489734;-0.863007;0.124016;0;0;-0.344663;207;207;128;1;
5.43333;5.46667;0.0864337;-0.995054;0.048966;0;0;1.96645;205;205;139;1;
5.46667;5.5;0.933958;-0.353185;0.0546173;0;0;0.0972067;213;213;138;1;
5.5;5.53333;-0.259242;-0.965478;0.0254056;0;0;1.09433;209;209;149;1;
5.53333;5.56667;-0.307512;0.949189;-0.0669007;0;0;-1.2191;186;186;129;1;
5.56667;5.6;-0.691921;0.712026;-0.119432;0;0;-0.660925;195;195;124;1;
5.6;5.63333;0.818567;-0.5744;0.00361537;0;0;0.18781;196;196;124;1;
5.63333;5.66667;0.354516;0.934999;0.00976636;0;0;-0.239097;198;198;120;1;
5.66667;5.7;-0.228223;0.972208;-0.0522012;0;0;-0.718759;193;193;133;1;
5.7;5.73333;0.496455;0.865311;-0.0690577;0;0;0.320359;198;198;124;1;
5.73333;5.76667;-0.939564;-0.342368;0.00186353;0;0;-0.0724615;169;169;115;1;
5.76667;5.8;-0.017471;-0.999787;-0.0109725;0;0;0.359998;179;179;124;1;
5.8;5.83333;0.0989794;-0.99165;0.0826647;0;0;0.843903;181;181;129;1;
5.83333;5.86667;0.685715;-0.712849;0.147109;0;0;-0.0020016;182;182;119;1;
5.86667;5.9;-0.970401;-0.24064;0.0203737;0;0;0.00671768;177;177;122;1;
5.9;5.93333;-0.531553;-0.84571;0.0471808;0;0;-0.449929;198;198;132;1;
5.93333;5.96667;0.563184;0.825395;0.0393364;0;0;0.0221867;197;197;137;1;
5.96667;6;0.0105862;0.999126;-0.0404286;0;0;-13.6499;210;210;127;1;
6;6.03333;0.744735;0.662376;-0.0814148;0;0;-0.171143;190;190;127;1;
6.03333;6.06667;-0.446389;-0.892863;0.0594357;0;0;-0.49815;186;186;135;1;
6.06667;6.1;0.0815427;0.996668;-0.00175762;0;0;0.347533;199;199;141;1;
6.1;6.13333;-0.934733;0.353059;0.0402923;0;0;-0.0150328;192;192;128;1;
6.13333;6.16667;0.982923;-0.158105;-0.09416;0;0;-0.022558;189;189;128;1;
6.16667;6.2;0.93232;0.361268;-0.0162657;0;0;-0.0320987;185;185;127;1;
6.2;6.23333;-0.729566;0.68326;-0.0298164;0;0;0.132406;183;183;122;1;
6.23333;6.26667;0.685561;0.725674;-0.0583407;0;0;-0.034411;191;191;136;1;
6.26667;6.3;0.629733;-0.776765;0.00849985;0;0;-0.253666;189;189;128;1;
6.3;6.33333;0.957363;-0.273158;-0.0940217;0;0;-0.0161258;193;193;125;1;
6.33333;6.36667;0.793592;-0.603724;-0.0756868;0;0;-0.0526473;181;181;128;1;
6.36667;6.4;-0.94404;0.329817;-0.00288217;0;0;-0.328603;185;185;117;1;
6.4;6.43333;0.159162;-0.987079;0.0185221;0;0;-0.590442;197;197;133;1;
6.43333;6.46667;0.0809521;-0.987641;-0.13421;0;0;0.551309;179;179;120;1;
6.46667;6.5;-0.144542;0.981851;-0.122787;0;0;-1.03459;172;172;118;1;
6.5;6.53333;0.124734;0.992176;-0.00524938;0;0;-0.918805;185;185;128;1;
6.53333;6.56667;0.256674;-0.966489;0.00430014;0;0;2.96924;189;189;121;1;
6.56667;6.6;0.821591;0.558929;0.112191;0;0;-0.00606868;176;176;127;1;
6.6;6.63333;-0.374637;-0.925112;0.061766;0;0;-0.338247;200;200;140;1;
6.63333;6.66667;0.491814;0.868505;-0.0617856;0;0;0.150245;200;200;130;1;
6.66667;6.7;-0.0598874;-0.995333;-0.0756706;0;0;1.82301;199;199;128;1;
6.7;6.73333;0.801278;-0.584249;-0.128871;0;0;0.136289;217;217;149;1;
6.73333;6.76667;0.769073;-0.63341;-0.085548;0;0;0.0563155;218;218;143;1;
6.76667;6.8;-0.197145;-0.980215;0.0176889;0;0;1.51936;197;197;124;1;
6.8;6.83333;0.394574;-0.902538;0.172445;0;0;0.788095;185;185;129;1;
6.83333;6.86667;0.617919;0.783718;-0.0629393;0;0;-0.531689;198;198;132;1;
6.86667;6.9;-0.987654;0.156646;-0.000918622;0;0;-0.0561842;201;201;138;1;
6.9;6.93333;0.652253;0.754483;-0.072948;0;0;-0.493083;201;201;126;1;
6.93333;6.96667;0.165834;-0.986116;-0.00859727;0;0;0.309529;200;200;131;1;
6.96667;7;0.921819;0.384378;0.0500333;0;0;0.00354111;186;186;126;1;
7;7.03333;-0.529867;-0.84727;0.0370797;0;0;-0.113783;212;212;141;1;
7.03333;7.06667;0.559309;-0.821155;0.113482;0;0;0.170672;209;209;137;1;
7.06667;7.1;0.934729;0.355335;0.00437522;0;0;-0.0807707;207;207;136;1;
7.1;7.13333;0.0250153;0.99955;-0.0165628;0;0;-1.15507;206;206;141;1;
7.13333;7.16667;-0.107819;-0.992275;0.0613579;0;0;3.7558;234;234;158;1;
7.16667;7.2;0.241757;0.970337;-0.000597492;0;0;-0.148559;232;232;132;1;
7.2;7.23333;0.768371;0.636566;0.0662514;0;0;-0.239722;196;196;126;1;
7.23333;7.26667;0.202513;0.979106;-0.0184626;0;0;-2.00375;187;187;119;1;
7.26667;7.3;-0.031721;0.99949;0.00360101;0;0;-1.60397;181;181;117;1;
7.3;7.33333;0.0896893;0.995903;0.0115685;0;0;0.114341;185;185;125;1;
7.33333;7.36667;0.478906;-0.876657;-0.0460655;0;0;-0.593251;173;173;110;1;
7.36667;7.4;0.500785;0.864089;-0.0506446;0;0;-0.681544;175;175;122;1;
7.4;7.43333;-0.741914;-0.667698;0.061179;0;0;0.353969;197;197;131;1;
7.43333;7.46667;0.687799;0.724571;-0.0439241;0;0;0.151568;219;219;137;1;
7.46667;7.5;-0.166113;0.985712;0.027896;0;0;-1.39236;203;203;126;1;
7.5;7.53333;-0.052737;-0.998607;0.00158006;0;0;6.20156;185;185;125;1;
7.53333;7.56667;-0.0907746;0.989264;-0.114529;0;0;-0.868109;174;174;116;1;
7.56667;7.6;-0.791465;-0.611112;0.011204;0;0;2.09979;192;192;121;1;
7.6;7.63333;-0.738128;0.673734;-0.0353441;0;0;0.0948068;203;203;131;1;
7.63333;7.66667;-0.520667;0.853421;-0.0240603;0;0;0.0968983;193;193;122;1;
7.66667;7.7;-0.524332;0.850369;0.0441516;0;0;-0.0853179;195;195;129;1;
7.7;7.73333;0.0528959;-0.998586;0.00531472;0;0;1.68624;184;184;127;1;
7.73333;7.76667;-0.520527;-0.851634;0.0614061;0;0;-0.136668;192;192;128;1;
7.76667;7.8;-0.0924544;-0.995201;0.0320434;0;0;3.49334;226;226;134;1;
7.8;7.83333;-0.78185;-0.623452;-0.00421988;0;0;0.200877;214;214;124;1;
7.83333;7.86667;-0.793626;-0.608284;0.0121535;0;0;-0.110105;193;193;124;1;
7.86667;7.9;0.696861;0.715865;-0.0438396;0;0;-0.16452;188;188;127;1;
7.9;7.93333;-0.826832;-0.562446;0.00193021;0;0;-0.0773837;201;201;135;1;
7.93333;7.96667;0.221156;0.975142;-0.0136811;0;0;-1.4536;215;215;144;1;
7.96667;8;0.474328;-0.8769;-0.0778465;0;0;0.287484;188;188;116;1;
8;8.03333;0.66373;-0.747893;-0.010897;0;0;0.245829;178;178;118;1;
8.03333;8.06667;-0.833969;0.551497;-0.0186318;0;0;-0.176767;183;183;115;1;
8.06667;8.1;-0.0876734;-0.995638;0.0318981;0;0;2.06991;174;174;123;1;
8.1;8.13333;-0.961978;-0.273107;0.00342973;0;0;-0.00524231;194;194;124;1;
8.13333;8.16667;-0.919831;-0.392206;0.00918708;0;0;-0.0923626;187;187;117;1;
8.16667;8.2;-0.86749;-0.497342;0.0105458;0;0;0.259666;199;199;129;1;
8.2;8.23333;-0.0800572;-0.996783;-0.00377419;0;0;2.11297;196;196;124;1;
8.23333;8.26667;0.268503;0.962575;-0.0368283;0;0;-3.48841;198;198;123;1;
8.26667;8.3;-0.801451;-0.597839;0.0162689;0;0;0.231415;188;188;122;1;
8.3;8.33333;-0.555697;-0.829201;0.0602208;0;0;-0.0536744;180;180;125;1;
8.33333;8.36667;0.608436;0.793321;-0.0211472;0;0;-0.66488;183;183;130;1;
8.36667;8.4;-0.119007;-0.992826;0.011552;0;0;4.0487;189;189;115;1;
8.4;8.43333;0.718419;0.693834;-0.0496889;0;0;-0.0584052;199;199;129;1;
8.43333;8.46667;-0.346095;0.938195;0.00270936;0;0;-0.0495868;179;179;121;1;
8.46667;8.5;0.354479;-0.934297;-0.0378733;0;0;-0.0500788;210;210;141;1;
8.5;8.53333;0.378478;0.924083;-0.0531586;0;0;0.00137443;197;197;138;1;
8.53333;8.56667;-0.0374161;-0.998691;0.0348867;0;0;2.23748;224;224;152;1;
8.56667;8.6;0.669706;0.739956;-0.062915;0;0;-0.506395;196;196;124;1;
8.6;8.63333;0.887516;0.454268;-0.077175;0;0;-0.0725085;204;204;129;1;
8.63333;8.66667;-0.16531;-0.985958;0.0236606;0;0;2.7835;198;198;131;1;
8.66667;8.7;-0.273134;-0.95892;0.0766227;0;0;0.550203;192;192;126;1;
8.7;8.73333;0.459684;-0.887138;-0.0409381;0;0;-0.705868;198;198;123;1;
8.73333;8.76667;0.460973;0.885773;-0.0539442;0;0;0.348226;180;180;120;1;
8.76667;8.8;0.307477;-0.950907;-0.0351295;0;0;-0.114507;179;179;114;1;
8.8;8.83333;0.228041;0.973362;-0.0237555;0;0;0.0321607;172;172;127;1;
8.83333;8.86667;-0.232145;-0.972598;-0.0127406;0;0;0.837658;182;182;124;1;
8.86667;8.9;0.917014;-0.39688;0.0396455;0;0;-0.0237052;169;169;112;1;
8.9;8.93333;-0.0204689;0.997096;-0.0733458;0;0;-1.47555;176;176;116;1;
8.93333;8.96667;0.710319;0.703687;0.0164808;0;0;-0.166153;184;184;113;1;
8.96667;9;0.233976;0.972038;-0.0199415;0;0;-1.7115;163;163;119;1;
9;9.03333;0.950972;0.309028;0.0123976;0;0;-0.00120616;164;164;101;1;
9.03333;9.06667;0.941033;-0.338283;-0.00463605;0;0;0.000640514;169;169;106;1;
9.06667;9.1;0.0644776;-0.997917;0.00205148;0;0;1.68136;177;177;121;1;
9.1;9.13333;-0.295853;0.955233;0.000771732;0;0;-0.89783;176;176;118;1;
9.13333;9.16667;-0.492627;0.870128;0.0139819;0;0;0.0418045;169;169;112;1;
9.16667;9.2;-0.461229;0.887279;-0.00210547;0;0;-1.44475;186;186;112;1;
9.2;9.23333;0.898182;0.431408;-0.0845886;0;0;-0.0908642;165;165;112;1;
9.23333;9.26667;-0.646716;-0.762085;-0.031386;0;0;0.146014;162;162;112;1;
9.26667;9.3;-0.474691;-0.876291;-0.0823543;0;0;0.150174;151;151;100;1;
9.3;9.33333;-0.110921;-0.99381;0.00610828;0;0;5.18988;162;162;119;1;
9.33333;9.36667;0.626219;0.776742;-0.0672467;0;0;-0.564996;158;158;110;1;
9.36667;9.4;-0.957788;-0.268687;0.102219;0;0;0.0107973;146;146;106;1;
9.4;9.43333;0.767886;0.640335;0.0179516;0;0;0.098935;168;168;112;1;
9.43333;9.46667;-0.972241;-0.206774;0.109509;0;0;0.00456554;162;162;104;1;
9.46667;9.5;0.0358425;0.999279;0.0125129;0;0;-0.985822;160;160;115;1;
9.5;9.53333;-0.147786;0.98814;-0.041708;0;0;-1.04604;162;162;114;1;
9.53333;9.56667;0.525908;-0.849863;-0.0339615;0;0;-0.0567303;150;150;97;1;
9.56667;9.6;0.665973;0.741354;-0.0829075;0;0;0.221466;145;145;93;1;
9.6;9.63333;-0.950342;-0.305926;0.0570886;0;0;-0.000893476;156;156;102;1;
9.63333;9.66667;-0.914008;0.405226;-0.0195283;0;0;-0.043222;166;166;105;1;
9.66667;9.7;-0.0260414;-0.999593;-0.0116891;0;0;1.89491;156;156;114;1;
9.7;9.73333;-0.971707;-0.216706;0.0939364;0;0;-0.00963285;168;168;101;1;
9.73333;9.76667;-0.744802;0.663787;0.0682411;0;0;0.0762047;156;156;108;1;
9.76667;9.8;-0.351202;-0.931742;0.0922712;0;0;0.814013;175;175;111;1;
9.8;9.83333;0.919721;0.380574;-0.0963154;0;0;0.00430336;162;162;111;1;
9.83333;9.86667;0.918094;0.364023;-0.156815;0;0;-0.0118456;145;145;100;1;
9.86667;9.9;-0.331891;-0.94297;0.025616;0;0;0.500659;155;155;110;1;
9.9;9.93333;-0.972532;-0.208344;0.103799;0;0;-0.00105374;153;153;106;1;
9.93333;9.96667;-0.631861;-0.774969;0.013234;0;0;0.505345;177;177;121;1;
9.96667;10;-0.128974;-0.991643;0.00302782;0;0;4.6433;163;163;112;1;
10;10.0333;0.986122;-0.166017;-0.0013339;0;0;0.00927953;158;158;98;1;
10.0333;10.0667;-0.992217;-0.120555;-0.0311641;0;0;-0.0574663;154;154;92;1;
10.0667;10.1;-0.808862;0.581536;0.0869373;0;0;-0.207463;152;152;95;1;
10.1;10.1333;0.735806;0.673372;-0.0718312;0;0;0.0663221;138;138;90;1;
10.1333;10.1667;0.0646523;-0.997905;-0.00251878;0;0;1.0417;144;144;99;1;
10.1667;10.2;0.963678;0.262346;-0.0499901;0;0;0.00947328;142;142;89;1;
10.2;10.2333;0.968854;-0.226143;-0.100901;0;0;-0.00242229;130;130;88;1;
10.2333;10.2667;-0.115389;0.993001;-0.0251908;0;0;-0.309625;137;137;94;1;
10.2667;10.3;0.829868;-0.557947;0.00384373;0;0;-0.383964;128;128;85;1;
10.3;10.3333;0.0146824;0.999821;-0.0119501;0;0;-2.37671;138;138;99;1;
10.3333;10.3667;-0.460132;-0.850897;0.253481;0;0;0.435649;137;137;90;1;
10.3667;10.4;-0.166688;0.985882;-0.0158795;0;0;-15.6185;124;124;86;1;
10.4;10.4333;-0.938501;0.34526;-0.00329121;0;0;0.0562959;124;124;92;1;
10.4333;10.4667;0.825234;0.545696;-0.145619;0;0;0.00931969;136;136;86;1;
10.4667;10.5;-0.316718;-0.947401;-0.0460532;0;0;0.791443;132;132;96;1;
10.5;10.5333;0.954722;-0.294708;-0.0406482;0;0;-0.0326576;156;156;114;1;
10.5333;10.5667;0.949017;-0.315222;0.00150161;0;0;-0.00232341;160;160;112;1;
10.5667;10.6;-0.232084;-0.972387;0.0244934;0;0;0.655731;135;135;98;1;
10.6;10.6333;0.681331;0.695774;-0.227348;0;0;-0.187392;141;141;91;1;
10.6333;10.6667;-0.738844;-0.673875;-0.00151083;0;0;-0.143881;152;152;100;1;
10.6667;10.7;-0.540836;-0.838494;0.0665133;0;0;-0.437493;139;139;94;1;
10.7;10.7333;-0.846007;-0.528659;-0.0692183;0;0;0.0162339;138;138;90;1;
10.7333;10.7667;-0.128267;0.991733;0.00375814;0;0;-0.87111;133;133;95;1;
10.7667;10.8;-0.889614;-0.447712;0.0902283;0;0;0.172238;122;122;87;1;
10.8;10.8333;0.97929;-0.173979;-0.103547;0;0;0.00650801;138;138;97;1;
10.8333;10.8667;0.618634;-0.78154;0.0805482;0;0;0.102076;131;131;87;1;
10.8667;10.9;0.124797;-0.989416;-0.0740347;0;0;0.349644;139;139;99;1;
10.9;10.9333;0.872105;-0.479877;0.0956672;0;0;0.0381851;155;155;103;1;
10.9333;10.9667;0.972075;0.223274;-0.0722389;0;0;0.0209347;162;162;107;1;
10.9667;11;0.942488;0.33385;0.0161583;0;0;0.0120088;159;159;103;1;
11;11.0333;0.570878;-0.820886;0.0156245;0;0;0.516477;158;158;110;1;
11.0333;11.0667;-0.984152;0.147999;0.097678;0;0;-0.00642697;158;158;107;1;
11.0667;11.1;-0.906578;-0.412626;0.0886354;0;0;-0.0430352;145;145;103;1;
11.1;11.1333;-0.340804;-0.939017;0.0458255;0;0;1.86131;141;141;96;1;
11.1333;11.1667;0.948218;0.304272;-0.0911057;0;0;-0.0124382;129;129;94;1;
11.1667;11.2;0.0815719;-0.996666;0.00156906;0;0;1.87109;137;137;83;1;
11.2;11.2333;0.954003;0.299475;-0.0139253;0;0;-0.0277551;139;139;86;1;
11.2333;11.2667;0.988845;-0.147247;0.0224667;0;0;0.00608103;133;133;82;1;
11.2667;11.3;-0.825577;-0.564088;-0.0150863;0;0;0.0708231;144;144;97;1;
11.3;11.3333;-0.693913;-0.714733;0.0874134;0;0;0.0769098;142;142;89;1;
11.3333;11.3667;-0.522082;-0.852851;-0.00872391;0;0;1.15185;145;145;95;1;
11.3667;11.4;-0.200174;0.979756;0.00301151;0;0;-5.44827;143;143;106;1;
11.4;11.4333;-0.119406;-0.992708;0.0165002;0;0;3.63833;135;135;99;1;
11.4333;11.4667;-0.632458;0.774269;0.0224466;0;0;-0.279679;131;131;89;1;
11.4667;11.5;-0.00405962;0.999786;0.0202718;0;0;-1.84337;139;139;95;1;
11.5;11.5333;0.973703;-0.224397;-0.0393617;0;0;0.0447444;138;138;83;1;
11.5333;11.5667;-0.943127;-0.315206;0.105623;0;0;-0.0371748;123;123;82;1;
11.5667;11.6;-0.943377;-0.331091;0.0204827;0;0;0.231311;140;140;84;1;
11.6;11.6333;0.0336819;-0.996859;0.0716812;0;0;1.29733;136;136;89;1;
11.6333;11.6667;0.139243;0.990013;0.0220201;0;0;-0.761998;146;146;103;1;
11.6667;11.7;-0.426818;0.904095;0.0209391;0;0;-0.789261;132;132;94;1;
11.7;11.7333;0.987374;-0.143643;-0.0667789;0;0;-0.0444444;128;128;80;1;
11.7333;11.7667;0.721174;0.692716;-0.00715994;0;0;-0.0293871;133;133;90;1;
11.7667;11.8;0.134395;-0.988869;0.0638515;0;0;0.942767;140;140;94;1;
11.8;11.8333;0.67391;-0.731436;-0.104144;0;0;0.0343129;133;133;92;1;
11.8333;11.8667;-0.20874;-0.974283;0.0848595;0;0;1.20167;130;130;87;1;
11.8667;11.9;-0.970743;-0.207904;0.120143;0;0;0.00036999;127;127;81;1;
11.9;11.9333;-0.943862;-0.33025;0.00774621;0;0;-0.0256943;123;123;81;1;
11.9333;11.9667;-0.914624;-0.393863;0.0912901;0;0;-0.00341351;125;125;84;1;
11.9667;12;0.29069;-0.95554;-0.0494322;0;0;2.22663;122;122;81;1;
12;12.0333;-0.418492;-0.907952;0.0220854;0;0;0.764803;118;118;82;1;
12.0333;12.0667;-0.356918;0.924541;-0.133541;0;0;-0.61747;133;133;94;1;
12.0667;12.1;-0.297825;-0.954506;0.0147946;0;0;1.11917;129;129;87;1;
12.1;12.1333;0.537709;-0.841483;-0.0526816;0;0;0.330242;130;130;95;1;
12.1333;12.1667;-0.440356;-0.893694;0.086007;0;0;-0.0153378;121;121;82;1;
12.1667;12.2;-0.28508;-0.957708;0.0390479;0;0;0.41701;113;113;75;1;
12.2;12.2333;-0.981479;0.191569;-0.000536892;0;0;-0.00548497;127;127;79;1;
12.2333;12.2667;-0.929116;0.359006;0.0886411;0;0;0.0246529;125;125;83;1;
12.2667;12.3;-0.083857;-0.994192;-0.0674615;0;0;3.21339;142;142;97;1;
12.3;12.3333;-0.980116;0.178785;0.0860753;0;0;0.00586633;142;142;93;1;
12.3333;12.3667;0.942304;-0.318912;-0.101775;0;0;0.0310074;134;134;95;1;
12.3667;12.4;-0.367128;-0.929416;0.0374645;0;0;2.70633;162;162;106;1;
12.4;12.4333;0.0909561;-0.995559;-0.0242659;0;0;1.24054;163;163;105;1;
12.4333;12.4667;-0.245059;-0.969218;0.0237197;0;0;1.57103;162;162;109;1;
12.4667;12.5;0.684539;0.728973;0.00220134;0;0;-0.175729;143;143;97;1;
12.5;12.5333;-0.335733;-0.941788;0.0178583;0;0;2.23692;143;143;96;1;
12.5333;12.5667;0.502914;0.864047;0.0223726;0;0;-0.0928087;133;133;90;1;
12.5667;12.6;-0.99239;-0.123002;0.00571252;0;0;-0.00748005;133;133;85;1;
12.6;12.6333;-0.646674;-0.758091;0.0843219;0;0;0.965468;140;140;85;1;
12.6333;12.6667;0.533162;-0.838733;0.110748;0;0;0.488641;142;142;89;1;
12.6667;12.7;-0.624749;-0.778269;0.0631342;0;0;0.208452;129;129;85;1;
12.7;12.7333;-0.737318;-0.675499;-0.00793929;0;0;-0.214991;127;127;88;1;
12.7333;12.7667;-0.859021;-0.503932;0.0902019;0;0;0.309605;111;111;71;1;
12.7667;12.8;0.480086;0.875704;-0.0515749;0;0;-1.79696;109;109;76;1;
12.8;12.8333;0.137496;-0.990282;-0.0208826;0;0;1.43468;117;117;83;1;
12.8333;12.8667;0.599534;-0.797833;-0.0634186;0;0;0.55275;116;116;86;1;
12.8667;12.9;-0.9947;0.102181;0.0114462;0;0;-0.0173168;109;109;74;1;
12.9;12.9333;-0.529344;-0.84576;0.0669708;0;0;0.49463;112;112;76;1;
12.9333;12.9667;0.979697;-0.179549;-0.0891984;0;0;0.0105936;111;111;77;1;
12.9667;13;-0.0758729;-0.97882;0.190142;0;0;0.0873678;106;106;78;1;
13;13.0333;0.0635218;0.99773;-0.0223637;0;0;-0.853921;121;121;86;1;
13.0333;13.0667;-0.681176;-0.727856;0.0789007;0;0;0.213155;127;127;85;1;
13.0667;13.1;0.0523966;0.998358;-0.0231566;0;0;-1.09244;130;130;95;1;
13.1;13.1333;-0.231849;-0.972656;-0.0136631;0;0;-0.481421;124;124;77;1;
13.1333;13.1667;-0.572787;-0.818085;0.051498;0;0;-0.118775;118;118;74;1;
13.1667;13.2;0.290273;-0.956607;-0.025401;0;0;0.941543;108;108;71;1;
13.2;13.2333;-0.903925;0.415528;0.101272;0;0;0.023065;94;94;61;1;
13.2333;13.2667;0.899276;0.406606;-0.161167;0;0;0.00219945;99;99;59;1;
13.2667;13.3;0.880266;0.466393;-0.0872253;0;0;0.0905669;86;86;59;1;
13.3;13.3333;-0.629904;-0.775129;0.0489532;0;0;-0.032161;91;91;68;1;
13.3333;13.3667;-0.961361;-0.261306;0.0866321;0;0;-0.0190515;98;98;68;1;
13.3667;13.4;-0.58772;-0.808885;0.0170416;0;0;-0.380959;96;96;72;1;
13.4;13.4333;-0.504338;0.862181;-0.0478286;0;0;-0.213911;99;99;65;1;
13.4333;13.4667;-0.532267;-0.843919;0.067026;0;0;-0.16558;98;98;66;1;
13.4667;13.5;0.41644;0.907886;-0.0481844;0;0;0.32483;90;90;69;1;
13.5;13.5333;-0.978178;0.184454;0.0956288;0;0;-0.0368272;87;87;61;1;
13.5333;13.5667;0.771547;-0.636029;0.0135347;0;0;0.0364183;93;93;62;1;
13.5667;13.6;0.367706;-0.929772;-0.0177853;0;0;0.152451;99;99;72;1;
13.6;13.6333;-0.859868;0.501511;0.0954627;0;0;-0.0168935;108;108;72;1;
13.6333;13.6667;-0.0902408;0.995906;-0.0053196;0;0;-0.395792;110;110;74;1;
13.6667;13.7;-0.709663;0.702474;0.0539337;0;0;0.0185909;105;105;70;1;
13.7;13.7333;0.959466;0.274113;-0.0654733;0;0;-0.0451444;115;115;75;1;
13.7333;13.7667;0.976818;-0.18984;-0.0989325;0;0;0.0945978;116;116;80;1;
13.7667;13.8;0.925893;-0.373981;-0.0534806;0;0;0.008375;119;119;80;1;
13.8;13.8333;-0.93963;0.327781;0.0982627;0;0;0.0540367;100;100;68;1;
13.8333;13.8667;-0.202478;0.979209;0.0123138;0;0;-0.368456;103;103;64;1;
13.8667;13.9;0.691426;0.720756;-0.0494061;0;0;-0.671291;110;110;72;1;
13.9;13.9333;-0.0932411;-0.995452;-0.0195094;0;0;-0.623227;115;115;76;1;
13.9333;13.9667;-0.37297;0.927555;0.0231458;0;0;-0.586467;128;128;85;1;
13.9667;14;-0.584458;-0.798912;-0.141947;0;0;0.373501;124;124;98;1;
14;14.0333;-0.980161;0.19599;0.0295366;0;0;-0.445198;125;125;83;1;
14.0333;14.0667;-0.976774;-0.191725;0.095676;0;0;0.0375722;117;117;75;1;
14.0667;14.1;-0.891688;0.450418;0.0449072;0;0;-0.0835765;110;110;68;1;
14.1;14.1333;0.0292478;-0.999552;-0.00642453;0;0;1.59364;113;113;79;1;
14.1333;14.1667;-0.232795;0.971861;0.0359658;0;0;-0.265468;113;113;77;1;
14.1667;14.2;0.337341;-0.941306;0.0120262;0;0;0.724422;102;102;62;1;
14.2;14.2333;-0.0719366;-0.997336;0.0121127;0;0;1.89118;130;130;91;1;
14.2333;14.2667;-0.50406;0.858784;-0.0917237;0;0;0.0267527;107;107;62;1;
14.2667;14.3;0.783266;0.615187;-0.0896583;0;0;-0.308188;108;108;75;1;
14.3;14.3333;-0.836301;0.540922;0.0894658;0;0;-0.0297248;114;114;72;1;
14.3333;14.3667;0.122611;-0.992421;-0.00819551;0;0;2.70246;122;122;83;1;
14.3667;14.4;-0.506224;-0.862105;0.0226432;0;0;1.56659;104;104;63;1;
14.4;14.4333;0.974564;0.2022;-0.0966443;0;0;-0.0709783;89;89;59;1;
14.4333;14.4667;0.981151;0.193134;0.00651437;0;0;-0.0113447;104;104;64;1;
14.4667;14.5;0.744147;0.667239;-0.0322211;0;0;-0.0423739;93;93;58;1;
14.5;14.5333;-0.115361;-0.99326;0.0112502;0;0;0.924003;91;91;64;1;
14.5333;14.5667;0.622863;0.779168;-0.0702713;0;0;-0.450976;107;107;72;1;
14.5667;14.6;-0.919133;0.376639;0.115489;0;0;-0.0386814;93;93;63;1;
14.6;14.6333;-0.989561;0.0986711;0.105035;0;0;0.000164581;89;89;55;1;
14.6333;14.6667;0.504718;0.862978;-0.023014;0;0;-0.0884304;95;95;62;1;
14.6667;14.7;0.986452;-0.12859;-0.101872;0;0;-0.111142;95;95;58;1;
14.7;14.7333;-0.752082;0.654072;0.0810101;0;0;-0.108298;108;108;74;1;
14.7333;14.7667;-0.0549846;-0.99824;0.0222252;0;0;1.98695;96;96;68;1;
14.7667;14.8;-0.121084;-0.992481;0.0178936;0;0;6.63392;108;108;73;1;
14.8;14.8333;-0.0693933;-0.997544;0.00946633;0;0;6.10399;89;89;65;1;
14.8333;14.8667;-0.833095;0.546639;0.0844861;0;0;-0.692689;97;97;64;1;
14.8667;14.9;0.59935;0.800363;-0.0141042;0;0;0.177933;76;76;50;1;
14.9;14.9333;-0.985652;-0.136341;0.0995045;0;0;0.0186453;90;90;58;1;
14.9333;14.9667;0.940267;0.327124;-0.0942791;0;0;0.0624197;90;90;57;1;
14.9667;15;0.429587;0.900707;-0.0646687;0;0;-0.942243;93;93;64;1;
15;15.0333;0.931531;-0.351661;-0.0926504;0;0;-0.000613622;83;83;54;1;
15.0333;15.0667;0.995199;0.00666374;-0.0976488;0;0;0.107085;84;84;57;1;
15.0667;15.1;0.981065;0.165509;-0.100585;0;0;-0.0318658;86;86;55;1;
15.1;15.1333;0.056425;-0.998262;-0.0170232;0;0;1.36897;96;96;63;1;
15.1333;15.1667;-0.104881;0.945722;-0.307587;0;0;-3.18995;97;97;58;1;
15.1667;15.2;0.813418;0.5769;-0.0744161;0;0;-0.376562;100;100;61;1;
15.2;15.2333;-0.220098;-0.975472;0.00327061;0;0;2.52529;90;90;61;1;
15.2333;15.2667;0.765237;0.635196;-0.104586;0;0;-0.103886;94;94;59;1;
15.2667;15.3;-0.973157;-0.227293;0.0361127;0;0;-0.00317375;91;91;55;1;
15.3;15.3333;-0.7399;0.67241;-0.0203134;0;0;-0.182;83;83;55;1;
15.3333;15.3667;0.557277;0.828307;-0.0578774;0;0;-1.88321;85;85;59;1;
15.3667;15.4;-0.33293;-0.942107;0.0399104;0;0;-0.246163;86;86;56;1;
15.4;15.4333;0.343196;0.938577;-0.0359072;0;0;0.593288;86;86;53;1;
15.4333;15.4667;-0.931481;-0.363765;0.00421241;0;0;-0.0139541;84;84;56;1;
15.4667;15.5;-0.932226;-0.353812;0.0759745;0;0;0.0253976;85;85;52;1;
15.5;15.5333;-0.994109;-0.0200296;0.10652;0;0;-0.13848;86;86;57;1;
15.5333;15.5667;-0.176894;0.984203;0.00727109;0;0;-0.410221;99;99;64;1;
15.5667;15.6;-0.959863;-0.280313;0.00931548;0;0;0.354513;101;101;68;1;
15.6;15.6333;0.995112;-0.00635142;-0.0985486;0;0;-0.428283;95;95;59;1;
15.6333;15.6667;-0.574234;-0.817002;0.0525676;0;0;1.32173;108;108;69;1;
15.6667;15.7;0.977659;0.183123;-0.10319;0;0;-0.220281;85;85;54;1;
15.7;15.7333;-0.276957;-0.960471;0.0281049;0;0;0.699;85;85;56;1;
15.7333;15.7667;0.980766;0.170263;-0.0954399;0;0;-0.0444185;90;90;64;1;
15.7667;15.8;0.0902674;0.995882;-0.00837221;0;0;-1.10751;94;94;67;1;
15.8;15.8333;-0.625177;-0.780366;0.013504;0;0;0.774369;102;102;69;1;
15.8333;15.8667;0.117345;-0.993074;0.00579572;0;0;-0.0351468;96;96;67;1;
15.8667;15.9;0.00524391;0.999954;0.0080642;0;0;-3.07562;100;100;68;1;
15.9;15.9333;0.974645;0.222006;-0.0279175;0;0;-0.0403696;114;114;68;1;
15.9333;15.9667;0.827763;0.557558;0.0627398;0;0;-0.286497;101;101;59;1;
15.9667;16;-0.552343;-0.831482;0.0596146;0;0;0;117;117;72;0;
16;16.0333;-0.0707933;-0.997368;0.0156635;0;0;3.29611;96;96;68;1;
16.0333;16.0667;-0.976397;0.197788;0.0867694;0;0;0.000678335;97;97;66;1;
16.0667;16.1;-0.988139;-0.111119;0.105986;0;0;-0.0318066;85;85;51;1;
16.1;16.1333;-0.27447;0.961077;0.031581;0;0;-1.32025;88;88;63;1;
16.1333;16.1667;0.0574338;0.998188;-0.0179556;0;0;-2.13168;91;91;60;1;
16.1667;16.2;-0.0222989;0.999709;-0.00923054;0;0;-1.01623;89;89;66;1;
16.2;16.2333;-0.145359;0.989255;-0.0156894;0;0;-0.622119;85;85;55;1;
16.2333;16.2667;0.0355207;0.99932;-0.00988346;0;0;0.156905;84;84;63;1;
16.2667;16.3;0.0177809;0.999814;-0.00740857;0;0;-3.00178;80;80;57;1;
16.3;16.3333;-0.986164;-0.128195;0.105104;0;0;-0.0372152;82;82;54;1;
16.3333;16.3667;0.0420498;-0.999115;-0.00126312;0;0;0.987049;96;96;67;1;
16.3667;16.4;0.783836;-0.615935;-0.0788992;0;0;0.273475;91;91;59;1;
16.4;16.4333;0.0120413;-0.967082;0.254179;0;0;0.988965;93;93;60;1;
16.4333;16.4667;0.0220393;-0.998447;-0.051172;0;0;1.05231;91;91;63;1;
16.4667;16.5;-0.136963;0.990291;-0.0237825;0;0;-0.601025;98;98;64;1;
16.5;16.5333;0.989669;-0.107149;-0.0952581;0;0;0.350131;98;98;77;1;
16.5333;16.5667;-0.992879;-0.0669783;0.0985158;0;0;-0.106023;102;102;64;1;
16.5667;16.6;-0.0710448;0.997439;0.00823772;0;0;-0.554804;103;103;67;1;
16.6;16.6333;-0.264385;-0.9639;0.0315728;0;0;2.34532;101;101;68;1;
16.6333;16.6667;-0.934958;-0.322579;0.147632;0;0;0.0432326;90;90;51;1;
16.6667;16.7;0.282196;0.95851;-0.0402999;0;0;-1.08429;89;89;61;1;
16.7;16.7333;-0.981933;0.156817;0.105906;0;0;-0.0103264;100;100;65;1;
16.7333;16.7667;-0.0965446;-0.96568;-0.241124;0;0;0.424072;81;81;49;1;
16.7667;16.8;0.243632;0.968007;-0.0600449;0;0;-9.98252;82;82;53;1;
16.8;16.8333;-0.973623;-0.205839;0.0984282;0;0;-0.00125997;88;88;57;1;
16.8333;16.8667;0.976514;-0.189089;-0.103278;0;0;0;88;88;61;1;
16.8667;16.9;-0.594924;0.801535;0.0600605;0;0;-0.0781563;90;90;62;1;
16.9;16.9333;-0.0673652;-0.997704;-0.00694822;0;0;1.94922;93;93;63;1;
16.9333;16.9667;0.961647;-0.254517;-0.102255;0;0;0.0199765;90;90;60;1;
16.9667;17;-0.988302;-0.11727;0.0974994;0;0;-0.0781866;102;102;71;1;
17;17.0333;0.041095;0.999143;-0.00486516;0;0;-0.307471;105;105;77;1;
17.0333;17.0667;0.961397;-0.259265;-0.0921778;0;0;0.00479547;99;99;64;1;
17.0667;17.1;-0.0713379;-0.997447;0.00308588;0;0;0.195567;103;103;80;1;
17.1;17.1333;0.199013;0.979018;-0.0437867;0;0;-0.990815;97;97;70;1;
17.1333;17.1667;0.152518;0.98761;0.0369331;0;0;-0.184169;109;109;76;1;
17.1667;17.2;-0.986212;0.132487;0.0991568;0;0;0.11563;107;107;72;1;
17.2;17.2333;0.274954;0.959127;-0.0669013;0;0;0.147005;85;85;53;1;
17.2333;17.2667;-0.978788;0.183716;0.0906805;0;0;0.012462;96;96;65;1;
17.2667;17.3;-0.905422;0.414289;0.0926039;0;0;-0.0220586;106;106;72;1;
17.3;17.3333;0.981793;-0.159411;-0.103301;0;0;0.0384745;94;94;64;1;
17.3333;17.3667;-0.803662;0.594451;0.0274811;0;0;0.0239837;101;101;67;1;
17.3667;17.4;0.763776;-0.642378;-0.0632184;0;0;-0.21225;101;101;65;1;
17.4;17.4333;-0.990037;-0.100337;0.0987855;0;0;-0.122277;96;96;65;1;
17.4333;17.4667;0.126723;-0.991927;0.00479036;0;0;1.59385;106;106;68;1;
17.4667;17.5;0.884705;-0.406968;-0.22732;0;0;0.0032482;98;98;59;1;
17.5;17.5333;0.575646;-0.81617;-0.0499715;0;0;-0.0544133;95;95;68;1;
17.5333;17.5667;-0.969795;-0.223036;0.0987539;0;0;0.00990428;88;88;61;1;
17.5667;17.6;0.929359;0.355179;-0.100696;0;0;-0.143932;99;99;61;1;
17.6;17.6333;-0.378222;0.925593;0.0150094;0;0;0.0763846;94;94;61;1;
17.6333;17.6667;0.994242;-0.070344;-0.0808317;0;0;0.0534899;101;101;63;1;
17.6667;17.7;-0.202528;-0.976743;0.0703954;0;0;0.578974;106;106;64;1;
17.7;17.7333;0.335485;-0.941751;-0.023556;0;0;0.0998962;109;109;75;1;
17.7333;17.7667;-0.063044;-0.997995;-0.00567228;0;0;1.22771;105;105;66;1;
17.7667;17.8;0.345984;0.938007;-0.0209165;0;0;0.349608;99;99;68;1;
17.8;17.8333;0.926917;0.365068;-0.0868935;0;0;0.0275252;100;100;64;1;
17.8333;17.8667;-0.0494882;-0.998599;0.0187218;0;0;3.67781;102;102;72;1;
17.8667;17.9;0.71688;0.696976;-0.0175363;0;0;-0.323164;90;90;57;1;
17.9;17.9333;-0.974228;-0.223291;0.0319439;0;0;-0.0713942;98;98;60;1;
17.9333;17.9667;0.269764;-0.962793;-0.016027;0;0;4.00834;127;127;78;1;
17.9667;18;-0.294138;-0.955604;-0.017451;0;0;7.05569;109;109;74;1;
18;18.0333;0.99416;0.0421829;-0.0993309;0;0;0.0528251;114;114;65;1;
18.0333;18.0667;-0.98668;-0.149159;-0.0649152;0;0;-0.0864463;113;113;70;1;
18.0667;18.1;0.988403;-0.116579;-0.0973085;0;0;-0.337869;111;111;66;1;
18.1;18.1333;0.92302;-0.374003;-0.0903121;0;0;0.0295233;114;114;72;1;
18.1333;18.1667;0.221863;0.974665;0.0283728;0;0;0.383728;102;102;65;1;
18.1667;18.2;0.978939;-0.179536;-0.0971819;0;0;-0.0758066;118;118;75;1;
18.2;18.2333;-0.948822;0.283536;0.139083;0;0;-0.0656663;119;119;75;1;
18.2333;18.2667;0.134347;0.990755;-0.0188341;0;0;-2.74234;124;124;74;1;
18.2667;18.3;0.940086;0.329407;-0.0879176;0;0;-0.0349409;100;100;61;1;
18.3;18.3333;0.433147;-0.901194;-0.0152258;0;0;-0.557359;103;103;62;1;
18.3333;18.3667;-0.986659;-0.143155;0.0775317;0;0;0.0286315;113;113;72;1;
18.3667;18.4;-0.00259552;0.999897;-0.0140872;0;0;-2.6874;112;112;71;1;
18.4;18.4333;-0.255401;-0.966701;0.0160807;0;0;1.5133;115;115;83;1;
18.4333;18.4667;0.981764;-0.189577;-0.0141359;0;0;-0.000247364;117;117;69;1;
18.4667;18.5;-0.911012;-0.374824;0.171943;0;0;0.0643488;109;109;64;1;
18.5;18.5333;-0.822707;0.565611;0.0568981;0;0;-0.248422;111;111;69;1;
18.5333;18.5667;0.651913;-0.756004;-0.0588844;0;0;0.0667334;113;113;69;1;
18.5667;18.6;0.99962;0.0260673;0.00894364;0;0;-0.00750637;118;118;66;1;
18.6;18.6333;-0.868741;0.495264;0.00154039;0;0;-0.27465;111;111;70;1;
18.6333;18.6667;0.0186785;0.999688;-0.0165645;0;0;-0.419259;102;102;63;1;
18.6667;18.7;-0.229469;0.973266;-0.00981361;0;0;-0.297059;103;103;62;1;
18.7;18.7333;-0.958512;-0.284944;0.00787619;0;0;-0.00233821;109;109;71;1;
18.7333;18.7667;-0.977333;-0.20925;-0.0321618;0;0;-0.00164884;95;95;63;1;
18.7667;18.8;0.169606;-0.985043;0.0304117;0;0;8.2222;120;120;80;1;
18.8;18.8333;-0.40947;-0.91225;0.0115568;0;0;0.382314;114;114;77;1;
18.8333;18.8667;-0.520156;0.854057;0.00493398;0;0;-0.269818;123;123;87;1;
18.8667;18.9;0.975719;-0.189338;-0.110107;0;0;-0.0118477;114;114;70;1;
18.9;18.9333;0.956569;-0.291249;-0.0122723;0;0;-0.00358382;123;123;76;1;
18.9333;18.9667;0.0438668;-0.998436;-0.0346497;0;0;0.296704;129;129;80;1;
18.9667;19;0.448859;-0.893521;0.0120874;0;0;0.711222;136;136;93;1;
19;19.0333;-0.984567;-0.145669;0.0970011;0;0;-0.0688393;123;123;74;1;
19.0333;19.0667;0.996571;0.04095;-0.071905;0;0;-0.0595462;113;113;65;1;
19.0667;19.1;0.978651;-0.189904;-0.0786052;0;0;0.000114782;112;112;69;1;
19.1;19.1333;0.284272;0.958741;-0.00206433;0;0;0.511081;105;105;78;1;
19.1333;19.1667;-0.484199;0.874952;0.00303178;0;0;-0.148969;110;110;72;1;
19.1667;19.2;-0.285521;-0.958068;0.0241704;0;0;7.00706;114;114;73;1;
19.2;19.2333;0.343116;-0.939086;-0.0197354;0;0;-0.177062;103;103;68;1;
19.2333;19.2667;0.230892;0.972704;0.023156;0;0;-0.817749;90;90;57;1;
19.2667;19.3;-0.981174;-0.190806;0.0298449;0;0;0.00225446;103;103;59;1;
19.3;19.3333;0.98598;-0.163483;-0.033403;0;0;-0.118045;111;111;71;1;
19.3333;19.3667;-0.159979;-0.985824;-0.0505767;0;0;2.68124;115;115;73;1;
19.3667;19.4;-0.990489;0.100594;0.0938792;0;0;-0.00487304;114;114;71;1;
19.4;19.4333;0.98139;-0.157324;-0.110107;0;0;-0.0414201;126;126;80;1;
19.4333;19.4667;0.969532;0.216536;-0.114541;0;0;-0.0151807;121;121;76;1;
19.4667;19.5;0.0918748;-0.995738;0.00805659;0;0;0.606284;129;129;83;1;
19.5;19.5333;-0.941142;0.338003;-0.0025618;0;0;-0.000621644;110;110;74;1;
19.5333;19.5667;0.104236;0.994265;-0.0239101;0;0;0.38386;108;108;69;1;
19.5667;19.6;-0.148471;0.988646;-0.0231434;0;0;-2.96032;112;112;69;1;
19.6;19.6333;-0.436309;0.891979;-0.118357;0;0;-0.179396;125;125;82;1;
19.6333;19.6667;-0.989155;-0.12623;0.0750955;0;0;-0.000885061;138;138;89;1;
19.6667;19.7;-0.0459801;-0.998794;0.017241;0;0;0.23093;139;139;84;1;
19.7;19.7333;0.158072;0.987415;-0.00503384;0;0;-9.61146;142;142;86;1;
19.7333;19.7667;-0.6922;-0.718589;0.0669974;0;0;0.151077;127;127;82;1;
19.7667;19.8;0.873925;0.482155;-0.0614923;0;0;-0.011487;120;120;74;1;
19.8;19.8333;0.214586;-0.97034;0.11132;0;0;0.680172;114;114;74;1;
19.8333;19.8667;0.960751;-0.261944;-0.09134;0;0;-0.0191991;125;125;86;1;
19.8667;19.9;0.98591;-0.135637;-0.0978963;0;0;-0.037672;146;146;101;1;
19.9;19.9333;0.980736;-0.16899;-0.0979759;0;0;0.0181454;151;151;93;1;
19.9333;19.9667;-0.748567;0.663044;-0.00448396;0;0;-0.106719;129;129;87;1;
19.9667;20;-0.320825;0.947131;-0.00383868;0;0;-14.5752;131;131;90;1;
20;20.0333;0.875069;-0.483898;-0.00985432;0;0;0.0121651;128;128;87;1;
20.0333;20.0667;0.970362;0.22803;-0.079997;0;0;0.0210112;133;133;85;1;
20.0667;20.1;-0.937114;-0.349022;-0.000898502;0;0;0.0824291;133;133;84;1;
20.1;20.1333;-0.302046;-0.883833;-0.357221;0;0;1.52456;136;136;83;1;
20.1333;20.1667;0.185157;-0.981568;-0.0473509;0;0;-0.2481;141;141;92;1;
20.1667;20.2;0.998248;0.0151495;-0.0571924;0;0;0;134;134;87;1;
20.2;20.2333;-0.0774847;0.995433;0.0557605;0;0;0.855245;145;145;94;1;
20.2333;20.2667;0.816156;0.577709;-0.0118823;0;0;-0.103392;151;151;96;1;
20.2667;20.3;-0.498803;0.866669;-0.00898128;0;0;-0.733552;144;144;99;1;
20.3;20.3333;-0.0367268;0.999314;-0.00466714;0;0;0.58139;147;147;93;1;
20.3333;20.3667;0.978848;-0.179144;-0.0988137;0;0;0.0200565;123;123;81;1;
20.3667;20.4;-0.444745;-0.895517;0.0158652;0;0;8.7878;133;133;81;1;
20.4;20.4333;0.581153;-0.798437;0.157354;0;0;0.173361;137;137;88;1;
20.4333;20.4667;0.105152;0.994293;-0.0180056;0;0;0.0650914;138;138;87;1;
20.4667;20.5;0.980454;-0.171114;-0.0971044;0;0;-0.0095349;141;141;91;1;
20.5;20.5333;-0.891605;0.452225;-0.0231035;0;0;-0.188104;141;141;94;1;
20.5333;20.5667;-0.0997136;0.969399;0.224327;0;0;0.780173;140;140;83;1;
20.5667;20.6;0.886655;-0.452153;-0.0969541;0;0;-0.0389454;131;131;86;1;
20.6;20.6333;0.474404;0.879825;-0.0291307;0;0;-0.18982;150;150;94;1;
20.6333;20.6667;-0.965365;-0.240162;0.101941;0;0;-0.00766034;146;146;93;1;
20.6667;20.7;0.87092;-0.490732;-0.0260879;0;0;0.0399178;157;157;101;1;
20.7;20.7333;0.920295;-0.391217;0.00269839;0;0;-0.0565848;153;153;104;1;
20.7333;20.7667;0.982136;-0.162754;-0.0944417;0;0;-0.00639484;162;162;103;1;
20.7667;20.8;0.900956;-0.425028;-0.0873494;0;0;-0.192577;157;157;96;1;
20.8;20.8333;0.949166;-0.304042;-0.0814991;0;0;-0.00946935;158;158;110;1;
20.8333;20.8667;0.862976;-0.50521;-0.00598364;0;0;0.0273982;153;153;102;1;
20.8667;20.9;0.946241;-0.309554;-0.0938256;0;0;0.00178307;150;150;104;1;
20.9;20.9333;-0.06361;0.997958;-0.00574053;0;0;0.0100203;162;162;110;1;
20.9333;20.9667;0.733955;-0.67843;-0.0323057;0;0;-0.135258;149;149;98;1;
20.9667;21;0.979397;0.201547;-0.0126837;0;0;0.0219709;160;160;106;1;
21;21.0333;0.665127;0.746724;-0.00310299;0;0;0.353846;161;161;99;1;
21.0333;21.0667;-0.894537;-0.446939;0.00696703;0;0;0.0395019;143;143;91;1;
21.0667;21.1;0.929807;0.368047;0;0;0;-0.140335;143;143;91;1;
21.1;21.1333;-0.473535;0.880774;0.00147019;0;0;-0.434944;149;149;94;1;
21.1333;21.1667;0.680971;0.730936;0.0448325;0;0;0;150;150;99;1;
21.1667;21.2;-0.405471;-0.913904;-0.0193119;0;0;25.0091;163;163;103;1;
21.2;21.2333;0.980655;-0.186317;-0.060014;0;0;-0.00452912;135;135;80;1;
21.2333;21.2667;0.462895;0.877855;0.122875;0;0;-0.115614;143;143;85;1;
21.2667;21.3;-0.970656;-0.224308;0.0866748;0;0;-0.000635587;136;136;86;1;
21.3;21.3333;0.972482;-0.210614;-0.0995994;0;0;0.0074416;131;131;83;1;
21.3333;21.3667;-0.811728;0.583998;0.00660356;0;0;-3.67787;129;129;93;1;
21.3667;21.4;0.92191;0.385842;-0.0347424;0;0;-0.0127819;156;156;99;1;
21.4;21.4333;0.662174;-0.749275;0.0106548;0;0;-0.162088;152;152;101;1;
21.4333;21.4667;-0.954844;-0.29699;0.00832862;0;0;0.0738698;163;163;105;1;
21.4667;21.5;0.955472;0.280765;-0.0907962;0;0;0.0159502;141;141;93;1;
21.5;21.5333;-0.234797;0.971928;-0.0150188;0;0;-0.0615697;132;132;88;1;
21.5333;21.5667;-0.98647;0.146387;0.0738113;0;0;-0.0972709;145;145;90;1;
21.5667;21.6;0.945998;-0.310115;-0.0944299;0;0;0.0220772;149;149;90;1;
21.6;21.6333;-0.789955;0.591976;-0.159797;0;0;0.00990909;175;175;107;1;
21.6333;21.6667;0.573073;0.819417;-0.0119681;0;0;-0.154478;152;152;99;1;
21.6667;21.7;0.0674995;0.984765;0.160256;0;0;-1.08231;150;150;98;1;
21.7;21.7333;-0.863192;0.49612;0.0936179;0;0;0.0300661;163;163;102;1;
21.7333;21.7667;-0.302182;-0.952207;-0.0445891;0;0;-0.501462;154;154;101;1;
21.7667;21.8;0.00752376;0.997842;-0.0652349;0;0;-1.76927;148;148;100;1;
21.8;21.8333;-0.422492;-0.886749;-0.187555;0;0;0.36747;128;128;84;1;
21.8333;21.8667;0.433021;-0.901138;-0.0210554;0;0;0.194036;133;133;88;1;
21.8667;21.9;0.0338864;-0.9994;-0.00721299;0;0;1.50932;140;140;87;1;
21.9;21.9333;0.982684;-0.183555;0.0253088;0;0;0.00362871;134;134;87;1;
21.9333;21.9667;0.985246;-0.171141;0.000975201;0;0;-0.0173437;151;151;96;1;
21.9667;22;-0.101329;-0.994792;0.0110473;0;0;7.59953;141;141;96;1;
22;22.0333;0.574112;-0.816541;0.0604681;0;0;0.0318915;144;144;102;1;
22.0333;22.0667;-0.316028;-0.948379;0.0265073;0;0;-0.0937241;156;156;101;1;
22.0667;22.1;-0.678291;-0.733263;-0.0474;0;0;0.0978849;144;144;95;1;
22.1;22.1333;-0.144732;-0.989452;0.00611942;0;0;0.471526;137;137;90;1;
22.1333;22.1667;-0.0613512;-0.992352;-0.107116;0;0;0.874635;149;149;102;1;
22.1667;22.2;0.371875;0.925028;0.0776684;0;0;-0.835403;145;145;88;1;
22.2;22.2333;-0.555008;0.831838;-0.00346486;0;0;0.1427;141;141;94;1;
22.2333;22.2667;0.562553;0.826729;0.00729512;0;0;-0.257475;149;149;106;1;
22.2667;22.3;0.642799;0.762692;-0.0714859;0;0;-0.166222;140;140;91;1;
22.3;22.3333;0.881607;-0.464392;-0.0843163;0;0;0.0283147;142;142;87;1;
22.3333;22.3667;-0.0576407;-0.997821;-0.0321171;0;0;1.34516;140;140;103;1;
22.3667;22.4;0.652338;-0.757923;-0.0026794;0;0;-0.695176;164;164;109;1;
22.4;22.4333;0.797317;0.602551;0.0349081;0;0;-0.00443885;158;158;100;1;
22.4333;22.4667;0.880697;0.464968;-0.0904293;0;0;-0.103043;142;142;91;1;
22.4667;22.5;0.369946;-0.929047;0.00339403;0;0;0.108364;143;143;90;1;
22.5;22.5333;0.98831;-0.121189;-0.0925068;0;0;-0.0109938;138;138;89;1;
22.5333;22.5667;0.550696;-0.83348;-0.0452282;0;0;0.401018;130;130;82;1;
22.5667;22.6;0.802412;-0.595837;0.0333567;0;0;-0.0161464;135;135;84;1;
22.6;22.6333;0.975235;0.200045;-0.0943383;0;0;-0.0199546;134;134;91;1;
22.6333;22.6667;0.796256;0.59975;-0.079224;0;0;-0.254639;147;147;93;1;
22.6667;22.7;0.152841;0.986591;-0.0572566;0;0;-2.06901;159;159;102;1;
22.7;22.7333;-0.012566;-0.999586;0.0258711;0;0;-0.823718;166;166;106;1;
22.7333;22.7667;0.0982087;-0.995151;-0.00550591;0;0;1.63213;145;145;94;1;
22.7667;22.8;0.369904;0.928867;-0.0194391;0;0;-4.43688;137;137;92;1;
22.8;22.8333;0.680488;0.732672;-0.0113215;0;0;-0.103198;152;152;100;1;
22.8333;22.8667;-0.440331;0.896966;0.0395155;0;0;-0.630959;143;143;94;1;
22.8667;22.9;-0.983018;-0.183095;-0.0123024;0;0;0.015208;144;144;89;1;
22.9;22.9333;0.932741;0.360531;-0.00341381;0;0;-0.0989603;149;149;101;1;
22.9333;22.9667;-0.80476;0.588598;0.0769014;0;0;-0.166387;141;141;102;1;
22.9667;23;0.698831;-0.710406;-0.0834108;0;0;0.0837245;143;143;95;1;
23;23.0333;-0.966668;-0.234274;0.103292;0;0;0.0419983;143;143;93;1;
23.0333;23.0667;0.968528;-0.239732;-0.0669414;0;0;0.00804686;144;144;94;1;
23.0667;23.1;0.964995;0.24513;-0.0932584;0;0;0.0149523;130;130;83;1;
23.1;23.1333;0.435975;0.899286;-0.0348065;0;0;-0.823307;129;129;81;1;
23.1333;23.1667;-0.0689986;0.997455;-0.0179617;0;0;-1.10883;135;135;90;1;
23.1667;23.2;0.284649;0.958422;-0.0200715;0;0;-0.6435;134;134;85;1;
23.2;23.2333;0.967698;-0.230551;-0.102015;0;0;0.00723173;140;140;94;1;
23.2333;23.2667;0.978568;-0.183296;-0.093844;0;0;0.00701141;134;134;89;1;
23.2667;23.3;-0.222858;0.974488;-0.0265818;0;0;-0.022559;141;141;91;1;
23.3;23.3333;-0.999224;0.037894;0.0107205;0;0;0.00128289;155;155;98;1;
23.3333;23.3667;-0.232218;-0.972535;0.0158347;0;0;0.248462;147;147;106;1;
23.3667;23.4;0.962321;-0.271911;0.00191712;0;0;-0.0104173;136;136;89;1;
23.4;23.4333;-0.281309;0.959612;-0.00334276;0;0;-0.451735;136;136;90;1;
23.4333;23.4667;-0.0427258;-0.979046;0.199105;0;0;0.851642;150;150;95;1;
23.4667;23.5;0.00534363;-0.999982;0.00256407;0;0;1.20322;155;155;105;1;
23.5;23.5333;-0.90645;-0.412324;0.0913076;0;0;-0.120125;174;174;116;1;
23.5333;23.5667;-0.010645;-0.99991;0.00820588;0;0;1.11241;163;163;118;1;
23.5667;23.6;0.105246;0.994198;-0.022231;0;0;-2.63285;160;160;101;1;
23.6;23.6333;-0.984184;-0.166847;0.0595244;0;0;-0.0283303;170;170;109;1;
23.6333;23.6667;-0.212122;0.976581;0.0359618;0;0;0.115555;147;147;109;1;
23.6667;23.7;-0.500154;0.865665;0.0216846;0;0;0.00464239;162;162;107;1;
23.7;23.7333;0.852085;0.516657;-0.0837712;0;0;-0.111616;156;156;105;1;
23.7333;23.7667;-0.303212;0.924593;-0.230629;0;0;0.537717;146;146;97;1;
23.7667;23.8;-0.295809;-0.954669;0.0332153;0;0;0.143753;152;152;108;1;
23.8;23.8333;0.501077;-0.830876;0.242006;0;0;0.413981;149;149;97;1;
23.8333;23.8667;0.762489;0.63104;0.142824;0;0;-0.0129112;126;126;82;1;
23.8667;23.9;-0.759834;-0.646034;-0.0727434;0;0;0.0418991;133;133;85;1;
23.9;23.9333;0.994634;-0.0983247;-0.0321869;0;0;0.0064011;135;135;94;1;
23.9333;23.9667;0.955891;-0.278881;-0.0921866;0;0;-0.00820289;153;153;101;1;
23.9667;24;-0.951976;-0.306119;0.00577058;0;0;0.148406;155;155;98;1;
24;24.0333;0.466067;0.881059;-0.0807267;0;0;-0.237922;146;146;99;1;
24.0333;24.0667;0.444228;-0.873146;-0.200691;0;0;-0.00107;143;143;95;1;
24.0667;24.1;0.768149;0.639784;0.0249482;0;0;-0.179078;139;139;91;1;
24.1;24.1333;-0.651333;0.75616;0.0631481;0;0;-0.0201404;141;141;94;1;
24.1333;24.1667;-0.738241;0.668552;-0.0896593;0;0;0.0576499;143;143;94;1;
24.1667;24.2;-0.232786;-0.970493;-0.0628882;0;0;0.432777;147;147;87;1;
24.2;24.2333;-0.0327898;0.999389;-0.0120747;0;0;-1.06813;147;147;100;1;
24.2333;24.2667;0.988148;0.111361;-0.105653;0;0;-0.309032;140;140;85;1;
24.2667;24.3;0.948078;0.317951;-0.00742401;0;0;0.0188214;138;138;94;1;
24.3;24.3333;0.0146363;0.99986;0.00808327;0;0;-0.598317;121;121;81;1;
24.3333;24.3667;0.945398;0.325388;-0.0185791;0;0;-0.0114496;114;114;76;1;
24.3667;24.4;0.544778;0.837393;-0.0445961;0;0;-1.10544;137;137;82;1;
24.4;24.4333;0.054751;0.991302;-0.119677;0;0;-1.45753;135;135;83;1;
24.4333;24.4667;0.776817;0.629628;-0.0111019;0;0;-0.041018;152;152;95;1;
24.4667;24.5;0.981006;0.193941;-0.00381896;0;0;-0.0330104;137;137;88;1;
24.5;24.5333;-0.0416932;0.999123;0.00375506;0;0;-1.29278;140;140;99;1;
24.5333;24.5667;0.991766;-0.0745998;-0.104095;0;0;0.0184777;154;154;102;1;
24.5667;24.6;0.32816;0.943203;-0.0517652;0;0;0.0676224;141;141;103;1;
24.6;24.6333;0.391887;0.901454;-0.183863;0;0;-0.104865;154;154;103;1;
24.6333;24.6667;-0.832136;0.548648;0.0808471;0;0;-0.0861272;159;159;108;1;
24.6667;24.7;-0.215325;-0.97651;-0.00790177;0;0;-0.159128;155;155;103;1;
24.7;24.7333;-0.930326;0.353338;0.09821;0;0;-0.00466807;159;159;111;1;
24.7333;24.7667;-0.0719524;0.995767;0.0571948;0;0;-0.197744;149;149;101;1;
24.7667;24.8;-0.0754361;-0.997104;0.0096158;0;0;0.935876;162;162;111;1;
24.8;24.8333;0.887373;0.460934;0.0104665;0;0;-0.0265238;174;174;118;1;
24.8333;24.8667;-0.133755;0.990805;0.0203954;0;0;0.445345;179;179;127;1;
24.8667;24.9;-0.896168;-0.433057;0.096665;0;0;-0.0188641;172;172;112;1;
24.9;24.9333;0.286508;-0.949885;0.125024;0;0;0.284817;159;159;101;1;
24.9333;24.9667;-0.0576546;-0.998007;-0.0256698;0;0;0.372806;145;145;100;1;
24.9667;25;-0.492026;0.870051;-0.030374;0;0;0.363567;147;147;96;1;
25;25.0333;0.98142;-0.190115;-0.0258988;0;0;-0.0153916;154;154;99;1;
25.0333;25.0667;0.134289;-0.990842;-0.0140701;0;0;-0.0119008;151;151;110;1;
25.0667;25.1;-0.227782;0.973672;-0.00881387;0;0;-0.176117;155;155;105;1;
25.1;25.1333;0.0393742;0.996325;-0.0760692;0;0;0.499435;154;154;108;1;
25.1333;25.1667;-0.0930164;0.995606;0.0108111;0;0;0.302638;134;134;93;1;
25.1667;25.2;0.980369;0.167105;-0.104652;0;0;-0.0660488;151;151;96;1;
25.2;25.2333;-0.518677;0.852604;0.0635578;0;0;0.10865;167;167;115;1;
25.2333;25.2667;0.937706;-0.347418;0.00284734;0;0;0.00555561;165;165;108;1;
25.2667;25.3;-0.219117;-0.975146;0.0328235;0;0;-0.779427;161;161;113;1;
25.3;25.3333;0.91295;0.403969;-0.0577212;0;0;-0.0437768;154;154;97;1;
25.3333;25.3667;0.983537;0.151619;-0.0983228;0;0;-0.0326128;151;151;99;1;
25.3667;25.4;-0.979703;-0.200404;0.00439072;0;0;-0.0367876;144;144;87;1;
25.4;25.4333;-0.931813;-0.361352;-0.033893;0;0;-0.00704867;153;153;95;1;
25.4333;25.4667;0.651988;0.742145;0.155348;0;0;0.147199;166;166;106;1;
25.4667;25.5;-0.366604;0.930338;-0.00856585;0;0;0.0399198;177;177;112;1;
25.5;25.5333;0.973107;-0.199239;-0.11561;0;0;-0.00499638;163;163;100;1;
25.5333;25.5667;0.145551;-0.980075;0.135162;0;0;0.151596;149;149;102;1;
25.5667;25.6;0.231111;-0.972896;-0.00780922;0;0;0.415115;170;170;97;1;
25.6;25.6333;-0.915049;-0.402992;0.0168105;0;0;-0.0109406;148;148;97;1;
25.6333;25.6667;0.982654;-0.105376;0.152599;0;0;-0.0395547;161;161;97;1;
25.6667;25.7;-0.936068;-0.342059;0.0822967;0;0;-0.0117137;143;143;92;1;
25.7;25.7333;0.964947;0.258127;-0.0474148;0;0;-0.0363299;154;154;98;1;
25.7333;25.7667;0.565828;0.823576;0.0395242;0;0;0.0130661;149;149;98;1;
25.7667;25.8;0.00143287;0.97398;0.226631;0;0;-0.00673847;157;157;103;1;
25.8;25.8333;0.912472;-0.409131;0.00262528;0;0;-0.0337191;163;163;93;1;
25.8333;25.8667;-0.540439;0.833584;-0.114297;0;0;-0.276409;146;146;100;1;
25.8667;25.9;-0.559456;0.828344;0.0292487;0;0;-0.0354827;161;161;112;1;
25.9;25.9333;-0.96821;-0.244018;0.0550035;0;0;0.0344546;158;158;101;1;
25.9333;25.9667;0.969281;0.221182;-0.107577;0;0;0.012606;158;158;104;1;
25.9667;26;0.276164;0.959889;-0.0484416;0;0;-0.345425;151;151;94;1;
26;26.0333;0.99323;-0.079007;-0.0851587;0;0;-0.164821;171;171;113;1;
26.0333;26.0667;0.955674;-0.165319;0.243634;0;0;-0.02307;178;178;117;1;
26.0667;26.1;-0.908026;-0.410305;0.0844866;0;0;-0.00335728;159;159;104;1;
26.1;26.1333;0.695893;0.717727;-0.0245374;0;0;-0.022101;152;152;96;1;
26.1333;26.1667;0.745582;-0.648219;0.154661;0;0;-0.1856;150;150;95;1;
26.1667;26.2;0.970775;-0.212799;-0.110965;0;0;-0.0900646;151;151;96;1;
26.2;26.2333;0.0662783;-0.997172;-0.0354213;0;0;-0.112718;146;146;104;1;
26.2333;26.2667;0.994892;0.00435261;-0.100855;0;0;-0.0387674;162;162;99;1;
26.2667;26.3;-0.615165;0.78544;0.0682375;0;0;-0.123456;153;153;98;1;
26.3;26.3333;0.71004;0.699201;0.0834322;0;0;0.299566;164;164;102;1;
26.3333;26.3667;-0.00649431;0.992591;0.121327;0;0;-0.96959;148;148;91;1;
26.3667;26.4;0.988978;-0.104824;-0.10457;0;0;-0.410445;159;159;107;1;
26.4;26.4333;-0.393546;0.91844;0.0398756;0;0;-0.352606;144;144;94;1;
26.4333;26.4667;0.988098;-0.117168;-0.0996699;0;0;0.0244555;152;152;98;1;
26.4667;26.5;0.878164;-0.475543;0.0518318;0;0;-0.144915;156;156;90;1;
26.5;26.5333;0.94655;0.265177;0.183644;0;0;0.0474366;147;147;88;1;
26.5333;26.5667;-0.637564;0.769046;0.0456118;0;0;-0.295013;148;148;95;1;
26.5667;26.6;0.992619;0.0015287;-0.121267;0;0;-0.0981639;162;162;102;1;
26.6;26.6333;-0.948762;-0.307415;0.0731154;0;0;0.0537314;165;165;105;1;
26.6333;26.6667;-0.971461;-0.198738;0.12949;0;0;0.00919203;157;157;99;1;
26.6667;26.7;-0.507989;0.860776;-0.0318255;0;0;-0.580409;175;175;109;1;
26.7;26.7333;0.0973596;0.995207;-0.00915152;0;0;-5.0068;168;168;111;1;
26.7333;26.7667;0.990859;-0.119888;-0.0618426;0;0;-0.0597456;164;164;101;1;
26.7667;26.8;0.564894;0.824687;-0.0280499;0;0;0.449108;168;168;107;1;
26.8;26.8333;-0.791964;0.581287;-0.186811;0;0;-0.314402;167;167;108;1;
26.8333;26.8667;0.993057;-0.0527453;-0.105147;0;0;0.0740385;133;133;91;1;
26.8667;26.9;0.976401;0.187028;-0.107985;0;0;0.0097593;151;151;95;1;
26.9;26.9333;-0.326038;-0.938921;-0.110117;0;0;2.8102;149;149;95;1;
26.9333;26.9667;-0.271579;0.961883;-0.0320413;0;0;-0.720921;144;144;98;1;
26.9667;27;0.910964;-0.252806;-0.325934;0;0;-0.0285007;146;146;88;1;
27;27.0333;-0.990884;-0.0926907;0.0977647;0;0;0.271593;133;133;81;1;
27.0333;27.0667;0.844213;-0.0566139;0.533009;0;0;-0.0245295;142;142;93;1;
27.0667;27.1;-0.543618;0.836333;-0.070901;0;0;-0.955524;142;142;93;1;
27.1;27.1333;-0.936035;0.31493;-0.157029;0;0;-0.0424624;146;146;94;1;
27.1333;27.1667;-0.93768;0.323782;0.126183;0;0;-0.1196;147;147;86;1;
27.1667;27.2;-0.263797;0.964356;-0.020689;0;0;-3.91779;148;148;97;1;
27.2;27.2333;0.968885;-0.204141;0.139958;0;0;-0.0474503;141;141;88;1;
27.2333;27.2667;-0.898801;0.435927;0.0460863;0;0;-0.237722;139;139;88;1;
27.2667;27.3;-0.290549;0.95612;0.0376361;0;0;-3.68152;136;136;99;1;
27.3;27.3333;0.986379;0.130974;-0.0995129;0;0;0.157127;133;133;86;1;
27.3333;27.3667;-0.11836;0.992943;0.00741603;0;0;-5.5996;125;125;90;1;
27.3667;27.4;0.983443;-0.149574;-0.102309;0;0;-0.0357131;119;119;82;1;
27.4;27.4333;-0.897613;0.434093;0.0765086;0;0;-0.161026;122;122;83;1;
27.4333;27.4667;-0.978242;0.184497;0.0948911;0;0;0.00617086;119;119;77;1;
27.4667;27.5;-0.724658;0.686972;0.054228;0;0;-0.641158;114;114;77;1;
27.5;27.5333;-0.983381;0.152887;0.0979116;0;0;-0.0453518;120;120;82;1;
27.5333;27.5667;-0.99262;0.070672;0.0985396;0;0;0.102885;112;112;77;1;
27.5667;27.6;-0.074459;0.997115;-0.014736;0;0;-2.01443;133;133;91;1;
27.6;27.6333;-0.958952;0.266763;0.0961733;0;0;0.00137593;122;122;73;1;
27.6333;27.6667;-0.519003;0.854349;0.026904;0;0;-1.01816;131;131;92;1;
27.6667;27.7;-0.582337;-0.812812;0.014842;0;0;1.66009;125;125;93;1;
27.7;27.7333;-0.466553;0.883734;0.0366404;0;0;-0.580815;101;101;73;1;
27.7333;27.7667;-0.846951;0.524445;0.0873618;0;0;-0.114183;117;117;84;1;
27.7667;27.8;-0.800873;0.593054;0.0830045;0;0;-1.05021;107;107;78;1;
27.8;27.8333;0.879747;-0.271403;0.390367;0;0;-0.0162394;102;102;65;1;
27.8333;27.8667;-0.431492;0.901561;-0.0316617;0;0;-1.56545;121;121;87;1;
27.8667;27.9;-0.534081;-0.8441;0.0474533;0;0;2.37291;137;137;97;1;
27.9;27.9333;0.806389;0.591178;0.0156535;0;0;0.294512;133;133;84;1;
27.9333;27.9667;-0.323023;-0.946329;0.0108251;0;0;0.869346;132;132;93;1;
27.9667;28;-0.992619;-0.0722371;0.0974143;0;0;0.494548;123;123;79;1;
28;28.0333;-0.125431;0.991685;0.0287699;0;0;-6.16585;123;123;81;1;
28.0333;28.0667;-0.806004;0.585782;0.0849569;0;0;-0.441553;123;123;85;1;
28.0667;28.1;-0.375096;0.926386;0.0333444;0;0;-1.69021;120;120;90;1;
28.1;28.1333;-0.450072;0.892153;0.0387131;0;0;-4.47495;115;115;79;1;
28.1333;28.1667;-0.994938;-0.00639324;0.100285;0;0;0.0728982;116;116;76;1;
28.1667;28.2;-0.39794;-0.916487;0.0411721;0;0;1.46577;102;102;74;1;
28.2;28.2333;-0.999954;-0.00615089;0.00735474;0;0;0.0330085;109;109;70;1;
28.2333;28.2667;-0.390778;0.920294;0.0187732;0;0;-2.64104;115;115;91;1;
28.2667;28.3;-0.486317;0.872971;0.0376613;0;0;-1.06122;133;133;102;1;
28.3;28.3333;-0.229607;0.973122;0.0177196;0;0;-4.8152;103;103;73;1;
28.3333;28.3667;-0.99422;0.00804046;0.107059;0;0;0.0149508;96;96;66;1;
28.3667;28.4;-0.332333;-0.942542;0.0341879;0;0;22.3503;92;92;59;1;
28.4;28.4333;-0.805872;-0.591958;0.0125183;0;0;0.5127;98;98;73;1;
28.4333;28.4667;-0.987029;-0.127764;0.0972165;0;0;0.30906;98;98;68;1;
28.4667;28.5;-0.995068;0.0251858;0.095945;0;0;-0.0476479;93;93;60;1;
28.5;28.5333;-0.266939;0.910528;-0.315726;0;0;-6.76887;84;84;58;1;
28.5333;28.5667;-0.987454;0.125031;0.0964473;0;0;-0.0436343;110;110;77;1;
28.5667;28.6;-0.0987477;0.995039;0.0121348;0;0;-0.700337;112;112;83;1;
28.6;28.6333;0.12162;-0.991892;-0.036864;0;0;2.34732;109;109;79;1;
28.6333;28.6667;-0.829342;-0.558461;-0.0176916;0;0;0.214629;109;109;77;1;
28.6667;28.7;-0.556461;0.830514;0.0244616;0;0;-0.313033;90;90;63;1;
28.7;28.7333;0.999893;-0.0139678;-0.00438157;0;0;-0.0101644;103;103;72;1;
28.7333;28.7667;-0.985827;0.163626;0.0370463;0;0;-0.00135136;96;96;66;1;
28.7667;28.8;-0.995425;0.0747826;0.0594754;0;0;0.284124;98;98;69;1;
28.8;28.8333;-0.303114;0.952735;0.0204445;0;0;-2.35392;92;92;59;1;
28.8333;28.8667;-0.655825;-0.754532;0.0239809;0;0;2.80211;85;85;66;1;
28.8667;28.9;-0.976539;0.1912;0.0990669;0;0;-0.100211;84;84;51;1;
28.9;28.9333;-0.557841;-0.829648;0.0223008;0;0;0.152787;105;105;76;1;
28.9333;28.9667;-0.987032;0.160522;0.000899617;0;0;0.0459959;91;91;57;1;
28.9667;29;0.990178;-0.139806;0.0015865;0;0;0.0367675;94;94;70;1;
29;29.0333;-0.947212;-0.320541;0.00648857;0;0;0.229284;91;91;64;1;
29.0333;29.0667;0.987873;-0.153681;0.0221259;0;0;0.051005;82;82;55;1;
29.0667;29.1;-0.804246;-0.594191;0.0111983;0;0;1.30357;102;102;74;1;
29.1;29.1333;0.335692;-0.941262;0.0365697;0;0;1.94893;89;89;63;1;
29.1333;29.1667;0.973568;-0.209804;-0.0902625;0;0;-0.0145638;83;83;55;1;
29.1667;29.2;-0.304535;0.952452;0.00967968;0;0;-23.2006;89;89;61;1;
29.2;29.2333;-0.978797;0.171112;0.11259;0;0;-0.0193807;75;75;52;1;
29.2333;29.2667;-0.985697;-0.137249;0.0977933;0;0;-0.0424938;88;88;60;1;
29.2667;29.3;-0.29669;-0.954449;0.0316725;0;0;-0.396961;102;102;81;1;
29.3;29.3333;-0.00842099;-0.998438;-0.0552282;0;0;5.48271;84;84;59;1;
29.3333;29.3667;-0.991372;-0.0898315;0.0954544;0;0;0.0319084;92;92;65;1;
29.3667;29.4;-0.0301444;-0.999378;-0.0182768;0;0;8.23668;85;85;61;1;
29.4;29.4333;0.210997;0.977286;-0.0197883;0;0;-1.76395;94;94;66;1;
29.4333;29.4667;-0.974872;0.196542;0.104865;0;0;-0.0193036;83;83;53;1;
29.4667;29.5;-0.69828;-0.712586;0.0680198;0;0;0.00867011;79;79;59;1;
29.5;29.5333;0.987307;0.116972;-0.107434;0;0;-0.031359;84;84;59;1;
29.5333;29.5667;-0.86611;-0.487879;0.108757;0;0;0.00951136;92;92;55;1;
29.5667;29.6;0.652526;-0.754179;-0.0736482;0;0;2.46304;92;92;58;1;
29.6;29.6333;0.961809;-0.265785;-0.0654332;0;0;0.0198935;68;68;46;1;
29.6333;29.6667;-0.963767;0.266732;0.00251864;0;0;-0.0497932;74;74;50;1;
29.6667;29.7;0.995077;0.0248044;-0.0959467;0;0;0.0395125;79;79;52;1;
29.7;29.7333;0.899282;-0.42803;-0.089905;0;0;0.0633538;82;82;54;1;
29.7333;29.7667;-0.105808;-0.994234;0.0174146;0;0;0.690817;73;73;57;1;
29.7667;29.8;-0.202335;0.978796;0.0319162;0;0;0.146574;84;84;62;1;
29.8;29.8333;-0.89383;-0.437464;0.0984524;0;0;0.0320664;72;72;49;1;
29.8333;29.8667;0.9731;0.208688;-0.0975968;0;0;0.000968313;68;68;44;1;
29.8667;29.9;0.957835;0.270712;-0.0962667;0;0;0.0304059;68;68;48;1;
29.9;29.9333;-0.0822428;-0.996501;0.0149141;0;0;2.39539;79;79;60;1;
29.9333;29.9667;-0.788921;-0.609007;0.0819395;0;0;0.178344;79;79;55;1;
29.9667;30;-0.978681;-0.180634;0.0977475;0;0;-0.00731231;73;73;52;1;
30;30.0333;0.992842;0.0695609;-0.09709;0;0;0.00791991;76;76;50;1;
30.0333;30.0667;0.995026;-0.0182963;-0.0979216;0;0;0.0403329;72;72;47;1;
30.0667;30.1;-0.99244;-0.0757074;0.0965988;0;0;-0.012182;68;68;46;1;
30.1;30.1333;-0.374454;-0.925986;0.048308;0;0;-0.0710673;77;77;51;1;
30.1333;30.1667;0.975532;0.197871;-0.095832;0;0;0.0153995;72;72;46;1;
30.1667;30.2;-0.0739998;0.995529;0.0587073;0;0;-3.93449;77;77;52;1;
30.2;30.2333;0.31576;-0.94818;-0.0353622;0;0;0.27343;73;73;50;1;
30.2333;30.2667;-0.888265;0.446497;0.107819;0;0;-0.021227;66;66;43;1;
30.2667;30.3;0.731399;-0.668063;-0.136917;0;0;0.12821;73;73;43;1;
30.3;30.3333;-0.958221;0.269356;0.0962273;0;0;0.00927248;72;72;41;1;
30.3333;30.3667;-0.0173557;-0.999847;0.00210298;0;0;1.72574;72;72;50;1;
30.3667;30.4;-0.100878;0.994661;-0.0217593;0;0;-15.9745;72;72;52;1;
30.4;30.4333;-0.0176561;-0.999765;0.0125984;0;0;-0.454535;67;67;45;1;
30.4333;30.4667;0.015898;-0.999774;0.0140938;0;0;0.142911;79;79;55;1;
30.4667;30.5;0.15928;0.986704;-0.0323253;0;0;-0.201509;75;75;53;1;
30.5;30.5333;-0.895034;-0.445973;-0.00470402;0;0;0.0122211;78;78;54;1;
30.5333;30.5667;0.747739;0.663961;0.00644322;0;0;-0.000626642;87;87;55;1;
30.5667;30.6;0.932028;-0.350888;-0.0905603;0;0;-0.0286785;91;91;58;1;
30.6;30.6333;0.959987;0.26188;-0.0992146;0;0;0.0109022;82;82;51;1;
30.6333;30.6667;0.975506;0.209193;-0.0680149;0;0;-0.00559679;85;85;48;1;
30.6667;30.7;0.205387;-0.978564;0.0150863;0;0;-0.017078;89;89;53;1;
30.7;30.7333;-0.363894;0.931344;-0.0133738;0;0;-0.160874;86;86;57;1;
30.7333;30.7667;-0.000608185;0.999999;-0.000976555;0;0;-4.45118;85;85;59;1;
30.7667;30.8;0.469027;-0.882034;-0.045041;0;0;0.864145;82;82;56;1;
30.8;30.8333;0.132926;-0.991118;-0.00401391;0;0;1.39669;74;74;45;1;
30.8333;30.8667;-0.990585;-0.136897;0;0;0;0.021893;63;63;39;1;
30.8667;30.9;0.999219;0.0357864;-0.0167729;0;0;-0.0158069;72;72;41;1;
30.9;30.9333;0.993501;-0.0424432;-0.105611;0;0;0.0166206;69;69;40;1;
30.9333;30.9667;0.982592;-0.185098;0.0158597;0;0;-0.000385501;76;76;51;1;
30.9667;31;0.973358;0.206999;-0.0986185;0;0;0.00318633;76;76;47;1;
31;31.0333;0.817298;-0.566235;-0.106779;0;0;-0.0565668;74;74;48;1;
31.0333;31.0667;0.968596;0.229026;-0.0967899;0;0;0.0495841;77;77;47;1;
31.0667;31.1;-0.985446;-0.139365;0.0973301;0;0;-0.0256891;75;75;51;1;
31.1;31.1333;-0.427256;-0.902702;0.0508071;0;0;-0.305912;74;74;46;1;
31.1333;31.1667;0.310898;-0.949952;-0.0305454;0;0;0.0946699;68;68;42;1;
31.1667;31.2;0.978374;0.181773;-0.0987072;0;0;0.172541;63;63;41;1;
31.2;31.2333;0.995135;0.0920571;-0.0351016;0;0;-0.00158075;59;59;32;1;
31.2333;31.2667;0.171633;-0.945479;0.276787;0;0;-0.216417;55;55;35;1;
31.2667;31.3;-0.99368;0.0595597;0.0951471;0;0;-0.000992584;62;62;42;1;
31.3;31.3333;0.952681;0.303592;-0.0152198;0;0;0.00559719;62;62;37;1;
31.3333;31.3667;0.0101129;-0.999296;-0.036124;0;0;0.189615;58;58;41;1;
31.3667;31.4;0.212945;0.976922;-0.0166707;0;0;0.154612;75;75;58;1;
31.4;31.4333;0.328451;-0.944382;-0.016181;0;0;0.170777;65;65;44;1;
31.4333;31.4667;-0.976862;-0.187902;0.102142;0;0;0.0151003;68;68;47;1;
31.4667;31.5;0.897429;-0.432776;-0.085592;0;0;0.0547105;59;59;39;1;
31.5;31.5333;-0.995152;-0.0098064;0.0978559;0;0;0.0408527;74;74;45;1;
31.5333;31.5667;-0.995014;-0.0109908;0.0991229;0;0;0.0434048;69;69;43;1;
31.5667;31.6;0.995164;0.00190066;-0.0982088;0;0;0.0129374;61;61;41;1;
31.6;31.6333;0.991727;0.0874822;-0.093938;0;0;-0.238911;50;50;33;1;
31.6333;31.6667;0.979492;-0.173472;-0.102487;0;0;0.00558941;53;53;34;1;
31.6667;31.7;-0.963198;0.257929;0.075649;0;0;-0.0123415;61;61;36;1;
31.7;31.7333;0.973993;-0.2021;-0.102437;0;0;-0.0624274;65;65;42;1;
31.7333;31.7667;-0.797388;-0.596932;0.088565;0;0;-0.185923;72;72;54;1;
31.7667;31.8;0.983457;-0.181127;0.00252697;0;0;0.000245279;66;66;40;1;
31.8;31.8333;-0.322108;0.946331;0.0265231;0;0;-0.919997;67;67;44;1;
31.8333;31.8667;-0.324781;-0.94315;0.0706039;0;0;0.0733473;57;57;34;1;
31.8667;31.9;0.987324;0.126295;-0.0961335;0;0;0.0770107;56;56;37;1;
31.9;31.9333;-0.819338;-0.56501;0.0972008;0;0;0.0240476;64;64;43;1;
31.9333;31.9667;-0.996187;-0.0721848;-0.0489904;0;0;0.00184921;64;64;43;1;
31.9667;32;0.981736;-0.19025;0.000313188;0;0;0.0320761;52;52;32;1;
32;32.0333;0.951918;0.080605;0.295558;0;0;0.00547238;62;62;41;1;
