PROPERTIES:;VideoFileName=../../Data/Antarctica2014/jetty11f.avi;CameraType=12;videoSize=[720 x 480];videoFPS=30;videoFrameCount=192;SURFminHessian=400;SIFTthreshold=0.001;SIFTedgeThresh=100;CLAHEclipLimit=4;CLAHEtileSize=[16 x 16];fx_new=869.117;fy_new=767.514;princPt=[359.5, 239.5];FRONT_CAMERA=1;DES_FOVX=45;BLUR_IMGS=0;ROBUST_EST=4;PROCESS_00FRAME=0;THRESHOLD_JUMPS=1;MAX_ROT=30;

frame1;frame2;vidOF_x_rot;vidOF_y_rot;vidOF_z_rot;vidOF_x_sum;vidOF_y_sum;vidOF_z_sum;vidSURF_x_rot;vidSURF_y_rot;vidSURF_z_rot;vidSURF_x_sum;vidSURF_y_sum;vidSURF_z_sum;vidSIFT_x_rot;vidSIFT_y_rot;vidSIFT_z_rot;vidSIFT_x_sum;vidSIFT_y_sum;vidSIFT_z_sum;vidHARRIS_x_rot;vidHARRIS_y_rot;vidHARRIS_z_rot;vidHARRIS_x_sum;vidHARRIS_y_sum;vidHARRIS_z_sum;vidOFtranslMat_x;vidOFtranslMat_y;vidOFtranslMat_z;vidSURFtranslMat_x;vidSURFtranslMat_y;vidSURFtranslMat_z;vidSIFTtranslMat_x;vidSIFTtranslMat_y;vidSIFTtranslMat_z;vidHARRIStranslMat_x;vidHARRIStranslMat_y;vidHARRIStranslMat_z;vidOFglobalSum_x;vidOFglobalSum_y;vidOFglobalSum_z;vidOFglobalSum_roll;vidOFglobalSum_pitch;vidOFglobalSum_yaw;vidSURFglobalSum_x;vidSURFglobalSum_y;vidSURFglobalSum_z;vidSURFglobalSum_roll;vidSURFglobalSum_pitch;vidSURFglobalSum_yaw;vidSIFTglobalSum_x;vidSIFTglobalSum_y;vidSIFTglobalSum_z;vidSIFTglobalSum_roll;vidSIFTglobalSum_pitch;vidSIFTglobalSum_yaw;vidHARRISglobalSum_x;vidHARRISglobalSum_y;vidHARRISglobalSum_z;vidHARRISglobalSum_roll;vidHARRISglobalSum_pitch;vidHARRISglobalSum_yaw;vidOFcorners2;vidOFmatches;vidOFinliers;vidSURFcorners2;vidSURFmatches;vidSURFinliers;vidSIFTcorners2;vidSIFTmatches;vidSIFTinliers;vidHARRIScorners2;vidHARRISmatches;vidHARRISinliers;OF_EstValid;SURF_EstValid;SIFT_EstValid;HARRIS_EstValid;
0;1;0;0;0.0811358;0;0;0.0811358;0;0;0.904637;0;0;0.904637;0;0;-0.0192657;0;0;-0.0192657;0;0;0.05892;0;0;0.05892;0.780929;0.405025;0.475506;-0.778933;-0.62429;0.0593682;0.981558;-0.191157;-0.00160145;0.98797;-0.104821;0.113699;0.780354;0.40613;0.475506;0;0;0.0811358;-0.76898;-0.63651;0.0593682;0;0;0.904637;0.981494;-0.191487;-0.00160145;0;0;-0.0192657;0.988078;-0.103805;0.113699;0;0;0.05892;134;128;112;158;158;107;1000;1000;768;27;27;19;1;1;1;1;
1;2;0;0;0.00658487;0;0;0.0877206;0;0;0.089647;0;0;0.994284;0;0;0.430831;0;0;0.411565;0;0;-0.00316937;0;0;0.0557506;-0.0702729;-0.00673564;0.997505;-0.955159;-0.295695;0.0153303;-0.409266;-0.912405;0.00426661;0.882022;0.0984119;0.460817;0.710092;0.399287;1.47301;0;0;0.0877206;-1.71886;-0.948735;0.0746985;0;0;0.994284;0.578793;-1.10681;0.00266516;0;0;0.411565;1.87;-0.00453473;0.574516;0;0;0.0557506;199;195;182;173;173;128;1000;1000;609;39;39;32;1;1;1;1;
2;3;0;0;0.058173;0;0;0.145894;0;0;2.42082;0;0;3.4151;0;0;0.00306445;0;0;0.414629;0;0;-0.627384;0;0;-0.571633;-0.0346331;-0.115649;-0.992686;-0.471132;-0.882039;-0.00642827;-0.97804;-0.208248;0.0083583;-0.0661842;0.173518;-0.982604;0.675753;0.28355;0.480324;0;0;0.145894;-2.13662;-1.85727;0.0682702;0;0;3.4151;-0.397715;-1.32213;0.0110235;0;0;0.414629;1.80555;0.169635;-0.408088;0;0;-0.571633;142;141;132;183;183;133;1000;1000;559;33;33;26;1;1;1;1;
3;4;0;0;-0.000510356;0;0;0.145383;0;0;0.0554296;0;0;3.47053;0;0;0.56727;0;0;0.9819;0;0;0;0;0;-0.571633;0.578424;0.0761019;0.812179;-0.984817;-0.150773;0.0860407;0.118069;-0.992919;0.0130706;0;0;-1;1.25398;0.36112;1.2925;0;0;0.145383;-3.1105;-2.06739;0.154311;0;0;3.47053;-0.262648;-2.31288;0.0240941;0;0;0.9819;1.80555;0.169635;-1.40809;0;0;-0.571633;164;162;150;192;192;142;1000;1000;624;45;45;30;1;1;1;1;
4;5;0;0;-0.00558979;0;0;0.139793;0;0;1.01268;0;0;4.48322;0;0;-0.159181;0;0;0.822719;0;0;0.00643839;0;0;-0.565195;0.0557296;-0.0402349;0.997635;-0.605759;-0.765827;-0.215788;0.982444;-0.186548;-0.00209761;0.483905;0.180164;0.856374;1.30981;0.321021;2.29014;0;0;0.139793;-3.65454;-2.87822;-0.0614775;0;0;4.48322;0.722373;-2.4853;0.0219965;0;0;0.822719;2.29121;0.345017;-0.551714;0;0;-0.565195;157;155;133;211;211;146;1000;1000;591;40;40;33;1;1;1;1;
5;6;0;0;0.008766;0;0;0.148559;0;0;0.0851932;0;0;4.56841;0;0;0.89816;0;0;1.72088;0;0;0;0;0;-0.565195;0.667597;0.141265;0.730999;-0.80988;-0.323568;-0.489282;-0.0706774;-0.997395;0.0144414;0.970159;0.0741975;0.230839;1.97704;0.464017;3.02114;0;0;0.148559;-4.43608;-3.26527;-0.55076;0;0;4.56841;0.681679;-3.48437;0.0364378;0;0;1.72088;3.26206;0.409641;-0.320875;0;0;-0.565195;147;146;128;200;200;134;1000;1000;621;37;37;28;1;1;1;1;
6;7;0;0;-0.0125565;0;0;0.136003;0;0;1.81829;0;0;6.3867;0;0;0.0092818;0;0;1.73016;0;0;0;0;0;-0.565195;-0.50593;-0.0783855;-0.859006;-0.266654;-0.86137;-0.432363;-0.944365;-0.328823;0.00712357;0;0;1;1.4713;0.38443;2.16213;0;0;0.136003;-4.60526;-4.15095;-0.983123;0;0;6.3867;-0.252327;-3.84155;0.0435614;0;0;1.73016;3.26206;0.409641;0.679125;0;0;-0.565195;161;160;136;198;198;132;1000;1000;617;32;32;23;1;1;1;1;
7;8;0;0;-0.0769169;0;0;0.059086;0;0;-0.025318;0;0;6.36138;0;0;0.0825778;0;0;1.81274;0;0;0.00205215;0;0;-0.563142;-0.0775511;0.185329;0.979612;0.997584;0.0267071;0.0641279;0.900176;0.434956;0.0223058;-0.974688;0.00650937;0.223473;1.39355;0.569679;3.14174;0;0;0.059086;-3.61678;-4.01388;-0.918995;0;0;6.36138;0.633639;-3.37834;0.0658672;0;0;1.81274;2.28748;0.42573;0.902598;0;0;-0.563142;178;177;157;201;201;140;1000;1000;583;29;29;21;1;1;1;1;
8;9;0;0;0.0192109;0;0;0.078297;0;0;-0.0201699;0;0;6.34122;0;0;-0.0154443;0;0;1.79729;0;0;0.0650384;0;0;-0.498104;-0.653872;0.0315772;0.755946;-0.995481;-0.00947692;0.0944882;0.998887;-0.0465824;0.00745029;0.996134;-0.00770283;0.087503;0.739638;0.600363;3.89769;0;0;0.078297;-4.60512;-4.13325;-0.824507;0;0;6.34122;1.6335;-3.39357;0.0733175;0;0;1.79729;3.28351;0.409368;0.990101;0;0;-0.498104;150;149;131;200;200;141;1000;1000;592;21;21;15;1;1;1;1;
9;10;0;0;0.0444061;0;0;0.122703;0;0;0.0536411;0;0;6.39486;0;0;0.185747;0;0;1.98304;0;0;0;0;0;-0.498104;0.0521036;-0.103065;-0.993309;0.991514;0.0745766;-0.106485;0.927325;-0.374244;-0.00327777;0;0;-1;0.791963;0.49741;2.90438;0;0;0.122703;-3.62808;-3.9487;-0.930992;0;0;6.39486;2.57322;-3.7355;0.0700397;0;0;1.98304;3.28351;0.409368;-0.00989941;0;0;-0.498104;118;118;97;202;202;128;1000;1000;593;21;21;15;1;1;1;1;
10;11;0;0;0.123887;0;0;0.24659;0;0;0.0508822;0;0;6.44574;0;0;0.108049;0;0;2.09109;0;0;0;0;0;-0.498104;0.0968702;-0.130364;0.986722;0.99347;0.114088;-0.0012119;0.741393;0.671014;-0.0087548;0;0;-1;0.889393;0.367464;3.8911;0;0;0.24659;-2.6537;-3.72381;-0.932204;0;0;6.44574;3.28963;-3.03788;0.0612849;0;0;2.09109;3.28351;0.409368;-1.0099;0;0;-0.498104;166;166;139;191;191;131;1000;1000;586;19;19;16;1;1;1;1;
11;12;0;0;0.0134893;0;0;0.260079;0;0;0.125399;0;0;6.57114;0;0;-25.4691;0;0;-23.378;0;0;0;0;0;-0.498104;0.276208;-0.0599992;0.959223;0.982166;0.185673;0.0295856;-0.356788;0.934108;-0.0120267;0;0;1;1.16587;0.308719;4.85033;0;0;0.260079;-1.69924;-3.42696;-0.902618;0;0;6.57114;3.33278;-2.03889;0.0492582;0;0;-23.378;3.28351;0.409368;-0.00989941;0;0;-0.498104;143;143;122;205;205;127;1001;1001;673;16;16;11;1;1;1;1;
12;13;0;0;0.057499;0;0;0.317578;0;0;0.0559266;0;0;6.62706;0;0;-0.182009;0;0;-23.56;0;0;0;0;0;-0.498104;-0.0261332;0.113137;0.993236;-0.995016;-0.00945535;0.0992668;-0.980858;0.194584;0.00738242;0;0;-1;1.13911;0.421709;5.84356;0;0;0.317578;-2.68651;-3.55118;-0.803352;0;0;6.62706;2.51146;-1.46847;0.0566406;0;0;-23.56;3.28351;0.409368;-1.0099;0;0;-0.498104;167;167;146;182;182;124;1000;1000;583;27;27;20;1;1;1;1;
13;14;0;0;0.00622606;0;0;0.323804;0;0;0.0827136;0;0;6.70978;0;0;0.0195553;0;0;-23.5405;0;0;0.0163109;0;0;-0.481793;0.694293;0.123832;-0.708959;-0.998499;0.00191845;0.0547336;-0.977116;0.187565;0.100318;0.963008;0.16928;0.209665;1.83269;0.549463;5.1346;0;0;0.323804;-3.6784;-3.66594;-0.748618;0;0;6.70978;1.69058;-0.906253;0.156959;0;0;-23.5405;4.24791;0.570544;-0.800234;0;0;-0.481793;135;135;115;190;190;128;1000;1000;591;28;28;19;1;1;1;1;
14;15;0;0;0.0237931;0;0;0.347598;0;0;0.0535786;0;0;6.76336;0;0;-0.887832;0;0;-24.4283;0;0;0;0;0;-0.481793;0.950976;0.0605409;0.30328;0.99487;0.00981453;-0.100683;-0.246825;0.968898;-0.017701;0;0;-1;2.78328;0.615772;5.43788;0;0;0.347598;-2.69161;-3.53903;-0.849301;0;0;6.76336;1.86654;0.0779846;0.139258;0;0;-24.4283;4.24791;0.570544;-1.80023;0;0;-0.481793;131;130;110;189;189;126;1000;1000;585;27;27;21;1;1;1;1;
15;16;0;0;0.328128;0;0;0.675726;0;0;0.0717479;0;0;6.8351;0;0;0.144274;0;0;-24.284;0;0;0;0;0;-0.481793;-0.0554557;-0.283986;-0.957223;0.987221;-0.109134;-0.116123;0.949201;0.314545;-0.00889509;0;0;-1;2.73118;0.331151;4.48066;0;0;0.675726;-1.69841;-3.52989;-0.965423;0;0;6.8351;2.86111;-0.0256701;0.130363;0;0;-24.284;4.24791;0.570544;-2.80023;0;0;-0.481793;145;141;109;185;185;112;1000;1000;575;25;25;20;1;1;1;1;
16;17;0;0;0.0290318;0;0;0.704758;0;0;0.00462526;0;0;6.83973;0;0;-0.933135;0;0;-25.2172;0;0;0;0;0;-0.481793;0.885108;0.00509408;0.465357;0.717782;0.0653401;-0.693195;-0.107277;0.994147;0.0127824;0;0;1;3.61616;0.347131;4.94602;0;0;0.704758;-0.993521;-3.37954;-1.65862;0;0;6.83973;3.18762;0.919439;0.143145;0;0;-25.2172;4.24791;0.570544;-1.80023;0;0;-0.481793;159;152;129;180;180;117;1000;1000;598;25;25;19;1;1;1;1;
17;18;0;0;-0.00451865;0;0;0.700239;0;0;1.36108;0;0;8.20081;0;0;-0.736884;0;0;-25.954;0;0;0;0;0;-0.481793;0.934222;0.00619077;0.356639;-0.632418;-0.774294;0.0227198;-0.198035;0.979933;-0.0226707;-0.0132796;-0.000985522;0.999911;4.55024;0.364739;5.30265;0;0;0.700239;-1.50902;-4.23612;-1.6359;0;0;8.20081;3.43842;1.88721;0.120475;0;0;-25.954;4.23462;0.56967;-0.800323;0;0;-0.481793;214;202;156;180;180;134;1000;1000;591;28;28;22;1;1;1;1;
18;19;0;0;-0.000439876;0;0;0.699799;0;0;0.32791;0;0;8.52872;0;0;0.00246378;0;0;-25.9516;0;0;0.0230541;0;0;-0.458739;0.738631;0.11694;0.663889;0.527053;0.848894;-0.0399317;0.993567;-0.0518065;-0.100701;0.803532;-0.0316745;-0.594418;5.28738;0.490691;5.96654;0;0;0.699799;-1.1137;-3.31845;-1.67583;0;0;8.52872;4.30913;1.40583;0.0197732;0;0;-25.9516;5.03787;0.531563;-1.39474;0;0;-0.458739;215;215;191;182;182;132;1000;1000;601;28;28;22;1;1;1;1;
19;20;0;0;0.0126103;0;0;0.712409;0;0;0.242334;0;0;8.77105;0;0;-0.197398;0;0;-26.149;0;0;0;0;0;-0.458739;-0.468166;0.290571;0.834499;-0.134168;0.990803;0.017535;-0.705496;0.708685;-0.00633528;0;0;1;4.81564;0.775419;6.80104;0;0;0.712409;-1.39738;-2.35969;-1.6583;0;0;8.77105;3.98817;2.3529;0.0134379;0;0;-26.149;5.03787;0.531563;-0.394741;0;0;-0.458739;216;215;197;179;179;133;1000;1000;615;33;33;30;1;1;1;1;
20;21;0;0;0.00400147;0;0;0.716411;0;0;0.0263843;0;0;8.79744;0;0;-1.22348;0;0;-27.3725;0;0;0;0;0;-0.458739;-0.00518957;0.118759;0.992909;0.979529;-0.193085;-0.0569369;-0.0804791;0.996257;0.031535;0;0;-1;4.80897;0.894104;7.79395;0;0;0.716411;-0.399843;-2.4007;-1.71523;0;0;8.79744;4.37475;3.27462;0.0449729;0;0;-27.3725;5.03787;0.531563;-1.39474;0;0;-0.458739;225;221;196;175;175;118;1000;1000;602;33;33;23;1;1;1;1;
21;22;0;0;0.00972375;0;0;0.726135;0;0;0.0306978;0;0;8.82813;0;0;0.0180757;0;0;-27.3544;0;0;0;0;0;-0.458739;0.766379;0.0942041;0.635443;0.983497;0.176277;-0.0407511;0.963702;0.26666;-0.0131015;0;0;1;5.57409;0.998013;8.4294;0;0;0.726135;0.544949;-2.07557;-1.75598;0;0;8.82813;5.35322;3.06864;0.0318714;0;0;-27.3544;5.03787;0.531563;-0.394741;0;0;-0.458739;227;222;190;175;175;118;1002;1002;610;29;29;22;1;1;1;1;
22;23;0;0;-0.11215;0;0;0.613984;0;0;0.0702302;0;0;8.89836;0;0;-0.921529;0;0;-28.2759;0;0;0.0320457;0;0;-0.426693;-0.13349;-0.212683;0.96796;-0.972323;-0.211088;0.100146;0.0271172;0.999342;-0.0240783;0.977952;0.0627801;0.199172;5.44289;0.783912;9.39736;0;0;0.613984;-0.38302;-2.43452;-1.65584;0;0;8.89836;5.85051;3.9359;0.00779312;0;0;-28.2759;6.01626;0.587059;-0.195569;0;0;-0.426693;300;296;266;178;178;127;1001;1001;587;40;40;27;1;1;1;1;
23;24;0;0;-0.126069;0;0;0.487915;0;0;0.0650095;0;0;8.96337;0;0;-0.373148;0;0;-28.6491;0;0;0.0299423;0;0;-0.396751;-0.217073;-0.163414;0.96238;0.991838;0.0888809;-0.0914244;0.953093;0.302662;-0.00306445;-0.922137;-0.378817;-0.0784874;5.22721;0.618656;10.3597;0;0;0.487915;0.582858;-2.19219;-1.74726;0;0;8.96337;6.83202;3.74455;0.00472867;0;0;-28.6491;5.09152;0.214636;-0.274056;0;0;-0.396751;266;262;242;181;181;113;1000;1000;680;35;35;25;1;1;1;1;
24;25;0;0;-0.0055674;0;0;0.482348;0;0;0.0161821;0;0;8.97956;0;0;2.33617;0;0;-26.3129;0;0;0.0499139;0;0;-0.346837;0.85068;0.258471;0.457752;-0.993056;-0.0936643;0.0711804;-0.0422472;-0.9991;0.003709;-0.994823;0.0172977;0.100141;6.07569;0.884279;10.8175;0;0;0.482348;-0.383408;-2.43971;-1.67608;0;0;8.97956;6.35128;2.8677;0.00843766;0;0;-26.3129;4.09682;0.237955;-0.173915;0;0;-0.346837;236;231;215;170;170;118;1000;1000;570;45;45;30;1;1;1;1;
25;26;0;0;-0.104628;0;0;0.37772;0;0;0.21005;0;0;9.18961;0;0;0.0134763;0;0;-26.2994;0;0;0;0;0;-0.346837;-0.0443153;0.129418;0.990599;-0.934528;-0.341353;-0.100673;0.957554;0.287899;-0.0142803;0.997399;-0.0102136;-0.0713437;6.03052;1.0134;11.8081;0;0;0.37772;-1.25143;-2.92592;-1.77675;0;0;9.18961;7.33728;2.70154;-0.00584259;0;0;-26.2994;5.09414;0.221704;-0.245259;0;0;-0.346837;199;197;171;168;168;119;1000;1000;592;36;36;22;1;1;1;1;
26;27;0;0;0.0503671;0;0;0.428087;0;0;0.0330117;0;0;9.22262;0;0;-0.859079;0;0;-27.1585;0;0;-0.014121;0;0;-0.360958;0.0426142;0.124031;-0.991363;-0.987438;-0.0911601;0.129061;-0.236156;0.971701;-0.00520978;0.268798;0.123778;0.95521;6.07221;1.13775;10.8167;0;0;0.428087;-2.21149;-3.17416;-1.64769;0;0;9.22262;7.57069;3.6739;-0.0110524;0;0;-27.1585;5.36372;0.343787;0.709951;0;0;-0.360958;192;187;169;179;179;122;1000;1000;623;31;31;20;1;1;1;1;
27;28;0;0;0.0073022;0;0;0.435389;0;0;0.303713;0;0;9.52633;0;0;0.0216884;0;0;-27.1368;0;0;0;0;0;-0.360958;-0.16407;0.0008254;0.986448;-0.0517595;-0.332756;-0.941591;-0.975923;-0.217388;0.0178108;0;-1;0;5.90813;1.13733;11.8032;0;0;0.435389;-2.20746;-3.5109;-2.58929;0;0;9.52633;6.60305;3.92558;0.00675846;0;0;-27.1368;5.35742;-0.656194;0.709951;0;0;-0.360958;183;179;162;172;172;112;1000;1000;598;26;26;21;1;1;1;1;
28;29;0;0;-0.0162379;0;0;0.419151;0;0;0.00531428;0;0;9.53164;0;0;0.0272229;0;0;-27.1096;0;0;-0.0221619;0;0;-0.38312;-0.407657;-0.140937;-0.902193;-0.995137;0.00120593;0.0984974;0.977381;0.211338;-0.0079094;0.997913;0.0637034;-0.0105665;5.50152;0.993412;10.901;0;0;0.419151;-3.18906;-3.67449;-2.49079;0;0;9.53164;7.56935;3.66831;-0.00115094;0;0;-27.1096;6.35573;-0.599164;0.699385;0;0;-0.38312;160;155;133;160;160;121;1001;1001;581;34;34;23;1;1;1;1;
29;30;0;0;0.01046;0;0;0.429611;0;0;-0.0204658;0;0;9.51118;0;0;0.164156;0;0;-26.9454;0;0;0;0;0;-0.38312;0.185903;0.106839;0.976742;-0.982915;-0.151157;0.105024;-0.309535;0.950884;0.00296025;0;0;1;5.68662;1.10164;11.8777;0;0;0.429611;-4.13349;-3.98599;-2.38576;0;0;9.51118;7.72431;4.65623;0.00180932;0;0;-26.9454;6.35573;-0.599164;1.69938;0;0;-0.38312;191;182;169;171;171;124;1000;1000;613;30;30;21;1;1;1;1;
30;31;0;0;-0.00188025;0;0;0.427731;0;0;-0.0106357;0;0;9.50054;0;0;0.162699;0;0;-26.7827;0;0;-0.0809366;0;0;-0.464057;0.701321;0.187229;0.687819;0.983262;0.148308;-0.105833;-0.69923;0.714868;-0.00640291;-0.995195;-0.00316541;0.0978653;6.38652;1.2941;12.5655;0;0;0.427731;-3.18819;-3.67742;-2.4916;0;0;9.50054;7.42222;5.60949;-0.00459359;0;0;-26.7827;5.36055;-0.594269;1.79725;0;0;-0.464057;161;155;135;183;183;136;1000;1000;579;33;33;22;1;1;1;1;
31;32;0;0;0.00744846;0;0;0.43518;0;0;0.02431;0;0;9.52485;0;0;-0.462506;0;0;-27.2452;0;0;0;0;0;-0.464057;-0.0099911;-0.0077474;0.99992;0.292161;0.956165;-0.019755;-0.285819;0.958111;0.0181786;0;0;1;6.37659;1.28628;13.5655;0;0;0.43518;-3.05828;-2.68609;-2.51135;0;0;9.52485;7.60673;6.59215;0.013585;0;0;-27.2452;5.36055;-0.594269;2.79725;0;0;-0.464057;150;148;130;176;176;131;1000;1000;604;25;25;19;1;1;1;1;
32;33;0;0;0.0198138;0;0;0.454993;0;0;0.0419836;0;0;9.56684;0;0;0.199659;0;0;-27.0456;0;0;0;0;0;-0.464057;0.00101836;-0.180749;0.983529;-0.985515;-0.167626;-0.0257304;0.463072;0.886063;-0.0213527;-0.881471;-0.361568;-0.303772;6.37904;1.10554;14.549;0;0;0.454993;-4.00223;-3.01518;-2.53708;0;0;9.56684;8.42205;7.17076;-0.00776771;0;0;-27.0456;4.47617;-0.948686;2.49348;0;0;-0.464057;203;197;174;169;169;123;1000;1000;586;36;36;26;1;1;1;1;
33;34;0;0;1.0158;0;0;1.4708;0;0;-0.791938;0;0;8.7749;0;0;3.41519;0;0;-23.6304;0;0;-0.0669878;0;0;-0.531044;-0.0569393;-0.557012;0.82855;-0.533281;0.775408;-0.338161;-0.160294;-0.98687;0.0198529;-0.995144;-0.0188926;0.0965954;6.33642;0.547252;15.3775;0;0;1.4708;-4.64756;-2.3302;-2.87524;0;0;8.7749;7.87963;6.33089;0.0120852;0;0;-23.6304;3.4809;-0.958354;2.59007;0;0;-0.531044;176;173;141;165;165;101;1000;1000;613;33;33;25;1;1;1;1;
34;35;0;0;0.00770098;0;0;1.4785;0;0;4.24746;0;0;13.0224;0;0;0.0670102;0;0;-23.5634;0;0;0;0;0;-0.531044;-0.2198;0.186939;0.957466;-0.0996257;-0.994847;0.0188356;0.893182;0.449514;-0.0127399;-0.921014;-0.378847;0.0905998;6.11187;0.728457;16.335;0;0;1.4785;-4.52045;-3.32191;-2.85641;0;0;13.0224;8.87804;6.38586;-0.000654743;0;0;-23.5634;2.55641;-1.32865;2.68067;0;0;-0.531044;224;221;203;156;156;116;1000;1000;589;32;32;25;1;1;1;1;
35;36;0;0;0.0163409;0;0;1.49484;0;0;-0.484665;0;0;12.5377;0;0;11.982;0;0;-11.5813;0;0;-0.069282;0;0;-0.600327;0.0230379;-0.211898;-0.97702;0.315179;0.948641;-0.0272636;-0.153596;-0.98802;0.0149942;0.994388;0.00836947;-0.10546;6.14043;0.517233;15.358;0;0;1.49484;-4.41872;-2.32747;-2.88367;0;0;12.5377;8.52921;5.44879;0.0143394;0;0;-11.5813;3.55083;-1.3307;2.57521;0;0;-0.600327;236;233;211;154;154;105;1000;1000;623;41;41;28;1;1;1;1;
36;37;0;0;0;0;0;1.4948;0;0;0.0373531;0;0;12.5751;0;0;0.0330937;0;0;-11.5482;0;0;0;0;0;-0.600327;0.10865;0.063109;0.992075;-0.997565;-0.0665847;0.0207492;0.976747;0.189352;-0.100549;0;0;1;6.24739;0.583154;16.3501;0;0;1.4948;-5.37786;-2.60965;-2.86292;0;0;12.5751;9.5241;5.43877;-0.0862101;0;0;-11.5482;3.55083;-1.3307;3.57521;0;0;-0.600327;128;127;121;140;140;91;1000;1000;592;27;27;20;1;1;1;1;
37;38;0;0;0.00332499;0;0;1.49812;0;0;0.281416;0;0;12.8565;0;0;0.0395696;0;0;-11.5087;0;0;0;0;0;-0.600327;-0.675076;0.219636;0.704296;-0.457005;-0.889075;0.0263036;0.999979;-0.00614214;-0.00205851;-0.616421;-0.252848;-0.745716;5.5668;0.785066;17.0544;0;0;1.49812;-5.62558;-3.57812;-2.83662;0;0;12.8565;10.5027;5.23324;-0.0882686;0;0;-11.5087;2.9318;-1.57707;2.8295;0;0;-0.600327;138;136;125;142;142;110;1000;1000;608;31;31;24;1;1;1;1;
38;39;0;0;-0.123586;0;0;1.37454;0;0;0.0109189;0;0;12.8674;0;0;0.107717;0;0;-11.401;0;0;0;0;0;-0.600327;0.0361607;0.142442;0.989142;0.970563;-0.231709;-0.0657121;0.853893;0.511642;-0.0953352;0;0;1;5.59954;0.928334;18.0435;0;0;1.37454;-4.62779;-3.58787;-2.90233;0;0;12.8674;11.4409;5.56599;-0.183604;0;0;-11.401;2.9318;-1.57707;3.8295;0;0;-0.600327;185;180;148;157;157;107;1000;1000;574;37;37;31;1;1;1;1;
39;40;0;0;-0.0258123;0;0;1.34873;0;0;0.0684163;0;0;12.9358;0;0;-0.174502;0;0;-11.5755;0;0;0;0;0;-0.600327;-0.0946904;-0.0533718;0.994075;-0.767024;-0.635465;0.0886508;-0.75183;-0.653948;0.0842833;0;0;-1;5.50613;0.872748;19.0376;0;0;1.34873;-5.23309;-4.37891;-2.81368;0;0;12.9358;10.5732;5.07621;-0.0993205;0;0;-11.5755;2.9318;-1.57707;2.8295;0;0;-0.600327;189;183;163;155;155;116;1000;1000;602;45;45;37;1;1;1;1;
40;41;0;0;0.00303277;0;0;1.35176;0;0;-0.0138253;0;0;12.922;0;0;-0.0365468;0;0;-11.612;0;0;0;0;0;-0.600327;-0.388631;-0.0434207;0.92037;0.120889;0.964372;0.235315;-0.991252;0.0926801;0.0939667;0;0;-1;5.11863;0.820172;19.9579;0;0;1.35176;-5.33092;-3.41193;-2.57837;0;0;12.922;9.62086;5.36651;-0.00535378;0;0;-11.612;2.9318;-1.57707;1.8295;0;0;-0.600327;185;182;176;137;137;100;1000;1000;588;42;42;35;1;1;1;1;
41;42;0;0;0.0240609;0;0;1.37582;0;0;0.0407975;0;0;12.9628;0;0;0.0309445;0;0;-11.5811;0;0;0;0;0;-0.600327;-0.906383;0.317214;0.279007;0.987152;0.156123;-0.0339935;-0.972589;0.232514;0.00271798;-0.741799;-0.0559048;0.668288;4.20489;1.11553;20.237;0;0;1.37582;-4.40395;-3.03835;-2.61236;0;0;12.9628;8.71475;5.78954;-0.0026358;0;0;-11.5811;2.18945;-1.6252;2.49779;0;0;-0.600327;170;166;141;148;148;112;1000;1000;599;42;42;28;1;1;1;1;
42;43;0;0;-0.0013034;0;0;1.37452;0;0;0.036503;0;0;12.9993;0;0;-0.587551;0;0;-12.1686;0;0;0;0;0;-0.600327;-0.262656;-0.0256688;0.964548;0.96266;0.248161;-0.108173;-0.111808;-0.993721;0.00422468;-0.253574;-0.507343;-0.823592;3.94293;1.08357;21.2015;0;0;1.37452;-3.52178;-2.58001;-2.72053;0;0;12.9993;8.39598;4.84172;0.00158888;0;0;-12.1686;1.93058;-2.12986;1.67419;0;0;-0.600327;204;199;183;157;157;114;1000;1000;604;41;41;33;1;1;1;1;
43;44;0;0;0.00152611;0;0;1.37604;0;0;0.0329391;0;0;13.0322;0;0;0.00301992;0;0;-12.1656;0;0;0;0;0;-0.600327;-0.181312;0.0300333;0.982967;0.981523;0.163931;-0.0986878;0.993691;-0.0525881;-0.099061;0;0;-1;3.76095;1.10924;22.1845;0;0;1.37604;-2.6025;-2.19897;-2.81922;0;0;13.0322;9.35628;4.5809;-0.0974721;0;0;-12.1656;1.93058;-2.12986;0.674194;0;0;-0.600327;201;191;180;154;154;111;1000;1000;592;44;44;31;1;1;1;1;
44;45;0;0;0.00711919;0;0;1.38316;0;0;-0.0850798;0;0;12.9471;0;0;-0.425812;0;0;-12.5914;0;0;0;0;0;-0.600327;-0.659031;-0.148843;0.737241;-0.757234;-0.649579;0.0681544;-0.264501;0.964094;0.0236913;0;0;-1;3.1057;0.944533;22.9217;0;0;1.38316;-3.19495;-3.00169;-2.75107;0;0;12.9471;9.30831;5.57947;-0.0737808;0;0;-12.5914;1.93058;-2.12986;-0.325806;0;0;-0.600327;237;231;211;141;141;109;1000;1000;609;44;44;35;1;1;1;1;
45;46;0;0;0.00566478;0;0;1.38883;0;0;-0.0141914;0;0;12.9329;0;0;-0.0286405;0;0;-12.62;0;0;0.0571742;0;0;-0.543152;-0.541147;0.137721;0.829574;-0.979793;0.199997;0.00258026;0.746489;-0.665398;-0.000660574;0.926236;0.376708;0.0133597;2.56137;1.0691;23.7513;0;0;1.38883;-4.19465;-3.02606;-2.74849;0;0;12.9329;9.89138;4.76705;-0.0744414;0;0;-12.62;2.86034;-1.76195;-0.312447;0;0;-0.543152;236;228;201;123;123;90;1000;1000;604;50;50;37;1;1;1;1;
46;47;0;0;0.011272;0;0;1.4001;0;0;0.0168713;0;0;12.9498;0;0;-0.0262627;0;0;-12.6463;0;0;0.0318459;0;0;-0.511306;-0.912742;0.407256;-0.032321;0.891719;-0.452339;-0.0150696;-0.933649;0.358186;0.00154712;0.143963;0.0286492;0.989168;1.63895;1.45393;23.719;0;0;1.4001;-3.22424;-3.26706;-2.76356;0;0;12.9498;9.0588;5.32096;-0.0728943;0;0;-12.6463;3.00456;-1.73459;0.676722;0;0;-0.511306;276;268;255;138;138;91;1000;1000;592;42;42;28;1;1;1;1;
47;48;0;0;0.00591596;0;0;1.40601;0;0;0.0645118;0;0;13.0143;0;0;-16.9815;0;0;-29.6278;0;0;0.0462527;0;0;-0.465054;-0.730318;0.07287;0.67921;0.966301;-0.232518;-0.110441;-0.0836803;0.996442;-0.0100601;-0.97626;-0.211387;0.0472361;0.907069;1.50886;24.3982;0;0;1.40601;-2.2304;-3.276;-2.874;0;0;13.0143;9.47867;6.22849;-0.0829544;0;0;-29.6278;2.02661;-1.93804;0.723958;0;0;-0.465054;212;205;190;140;140;94;1000;1000;631;41;41;35;1;1;1;1;
48;49;0;0;0.0718326;0;0;1.47785;0;0;0.0378364;0;0;13.0522;0;0;0.0147371;0;0;-29.6131;0;0;0;0;0;-0.465054;0.218411;0.215745;-0.951709;0.856959;-0.507013;-0.0925121;0.93556;0.353033;-0.00979102;0.123408;0.0260557;0.992014;1.11984;1.73017;23.4465;0;0;1.47785;-1.28107;-3.57638;-2.96651;0;0;13.0522;10.4665;6.07311;-0.0927454;0;0;-29.6131;2.15023;-1.91299;1.71597;0;0;-0.465054;175;170;158;109;109;80;1000;1000;587;25;25;17;1;1;1;1;
49;50;0;0;0.0002578;0;0;1.4781;0;0;0.00288762;0;0;13.0551;0;0;0.147806;0;0;-29.4653;0;0;0;0;0;-0.465054;0.236164;-0.0437377;-0.970728;0.895177;-0.428725;-0.121876;-0.752563;-0.657898;0.0286139;0;0;1;1.35706;1.69253;22.4757;0;0;1.4781;-0.312192;-3.79182;-3.08838;0;0;13.0551;9.48763;5.87049;-0.0641315;0;0;-29.4653;2.15023;-1.91299;2.71597;0;0;-0.465054;113;107;104;100;100;73;1000;1000;606;17;17;16;1;1;1;1;
50;51;0;0;0.00137182;0;0;1.47948;0;0;-0.00191718;0;0;13.0531;0;0;-1.33509;0;0;-30.8003;0;0;0;0;0;-0.465054;0.955897;-0.182913;-0.229792;-0.976275;0.196091;0.0918402;-0.260131;0.965495;-0.0122935;0.999376;0.0120737;-0.0332034;2.31736;1.53436;22.2459;0;0;1.47948;-1.30753;-3.82129;-2.99654;0;0;13.0531;9.75857;6.83301;-0.076425;0;0;-30.8003;3.14967;-1.90903;2.68277;0;0;-0.465054;92;90;79;112;112;80;1000;1000;611;18;18;13;1;1;1;1;
51;52;0;0;-0.0112498;0;0;1.46823;0;0;-0.917744;0;0;12.1354;0;0;0.314589;0;0;-30.4858;0;0;0;0;0;-0.465054;0.669997;0.252882;0.697965;-0.219557;0.971532;-0.0889936;-0.154079;-0.987903;0.0175241;0.94321;-0.185035;-0.275892;2.98066;1.80433;22.9439;0;0;1.46823;-1.72642;-2.91762;-3.08554;0;0;12.1354;9.12461;6.05985;-0.0589009;0;0;-30.4858;4.09135;-2.10171;2.40688;0;0;-0.465054;114;111;105;110;110;81;1000;1000;630;16;16;12;1;1;1;1;
52;53;0;0;-0.00397241;0;0;1.46425;0;0;0.0192051;0;0;12.1546;0;0;0.0433108;0;0;-30.4424;0;0;0;0;0;-0.465054;-0.994512;-0.0418131;0.0959019;-0.992433;0.0767828;0.0958209;0.0536404;-0.998469;0.0135121;0.427651;-0.0838949;0.900042;1.98754;1.73712;23.0398;0;0;1.46425;-2.71277;-3.05152;-2.98972;0;0;12.1546;8.66496;5.17185;-0.0453888;0;0;-30.4424;4.5183;-2.18908;3.30692;0;0;-0.465054;112;110;99;114;114;93;1000;1000;666;15;15;13;1;1;1;1;
53;54;0;0;0.0176798;0;0;1.48193;0;0;0.0187251;0;0;12.1733;0;0;-0.245133;0;0;-30.6876;0;0;0;0;0;-0.465054;-0.983831;0.179094;-0.00100772;-0.993747;0.053177;0.098174;-0.733643;0.679508;-0.00608868;0;0;1;0.999402;1.89071;23.0388;0;0;1.48193;-3.69539;-3.20909;-2.89154;0;0;12.1733;8.38084;6.13062;-0.0514775;0;0;-30.6876;4.5183;-2.18908;4.30692;0;0;-0.465054;107;106;86;115;115;84;1000;1000;612;18;18;14;1;1;1;1;
54;55;0;0;0.00334469;0;0;1.48528;0;0;0.0731218;0;0;12.2464;0;0;0.315281;0;0;-30.3723;0;0;0;0;0;-0.465054;-0.793722;0.138701;0.592256;0.994988;-0.0151676;-0.0988405;-0.15967;-0.987073;0.0138952;0;0;-1;0.202352;2.00879;23.6311;0;0;1.48528;-2.71982;-3.01286;-2.99038;0;0;12.2464;7.74401;5.35975;-0.0375823;0;0;-30.3723;4.5183;-2.18908;3.30692;0;0;-0.465054;102;100;97;119;119;83;1000;1000;648;15;15;12;1;1;1;1;
55;56;0;0;0.162046;0;0;1.64732;0;0;-1.68833;0;0;10.5581;0;0;0.0320468;0;0;-30.3403;0;0;0;0;0;-0.465054;-0.218787;-0.966775;0.132204;-0.0111397;0.980055;0.198413;-0.808734;-0.588058;0.0117286;-0.937618;0.183938;-0.295024;0.011447;1.03612;23.7633;0;0;1.64732;-2.91035;-2.05143;-2.79197;0;0;10.5581;6.74899;5.26075;-0.0258537;0;0;-30.3403;3.58221;-1.99753;3.01189;0;0;-0.465054;123;120;106;122;122;87;1000;1000;583;15;15;13;1;1;1;1;
56;57;0;0;-0.156827;0;0;1.4905;0;0;-0.00738744;0;0;10.5507;0;0;-0.00392749;0;0;-30.3442;0;0;0;0;0;-0.465054;0.221513;-0.974538;-0.0347456;-0.999243;0.00998551;0.0376071;0.958202;0.28593;-0.00958109;0;0;-1;0.258234;0.0676766;23.7285;0;0;1.4905;-3.89453;-2.22458;-2.75436;0;0;10.5507;7.72037;5.02343;-0.0354348;0;0;-30.3442;3.58221;-1.99753;2.01189;0;0;-0.465054;99;98;88;115;115;73;1000;1000;627;14;14;12;1;1;1;1;
57;58;0;0;0.00473714;0;0;1.49523;0;0;0.279846;0;0;10.8306;0;0;-0.319531;0;0;-30.6637;0;0;0;0;0;-0.465054;0.966834;0.0389042;0.252424;0.713547;0.698422;-0.0552911;-0.973227;0.229776;0.00564006;0.786865;-0.565224;-0.247719;1.22372;0.131796;23.9809;0;0;1.49523;-3.32493;-1.40452;-2.80965;0;0;10.8306;7.00041;5.71742;-0.0297947;0;0;-30.6637;4.36446;-2.56913;1.76418;0;0;-0.465054;115;114;93;128;128;89;1000;1000;609;14;14;11;1;1;1;1;
58;59;0;0;0.00929929;0;0;1.50453;0;0;0.0377472;0;0;10.8683;0;0;0.0562333;0;0;-30.6075;0;0;0;0;0;-0.465054;0.302179;0.0955568;0.94845;0.89093;-0.454128;-0.00342722;-0.253519;0.967248;-0.0125906;0.768705;-0.567048;0.295887;1.52329;0.235254;24.9294;0;0;1.50453;-2.36435;-1.68252;-2.81308;0;0;10.8683;7.27469;6.67899;-0.0423854;0;0;-30.6075;5.12854;-3.1424;2.06006;0;0;-0.465054;143;141;133;123;123;89;1000;1000;599;11;11;9;1;1;1;1;
59;60;0;0;0.0112805;0;0;1.51581;0;0;-0.00358629;0;0;10.8647;0;0;-3.19858;0;0;-33.8061;0;0;0;0;0;-0.465054;-0.219782;0.213687;-0.951858;0.489242;-0.871582;-0.0314128;0.125118;0.992007;-0.0163417;-0.84979;0.256731;0.460376;1.29793;0.443052;23.9775;0;0;1.51581;-1.71959;-2.44626;-2.84449;0;0;10.8647;7.93059;7.43366;-0.058727;0;0;-33.8061;4.28086;-2.87878;2.52044;0;0;-0.465054;115;114;105;121;121;85;1000;1000;600;16;16;10;1;1;1;1;
60;61;0;0;0.00375183;0;0;1.51957;0;0;0.00249402;0;0;10.8672;0;0;0.0884758;0;0;-33.7176;0;0;0;0;0;-0.465054;-0.995609;-0.038545;0.0853088;0.974066;0.203817;-0.0982515;-0.908332;0.41825;-0.000135319;0.997935;0.0639327;-0.00623674;0.303697;0.378119;24.0628;0;0;1.51957;-0.801423;-2.06245;-2.94275;0;0;10.8672;7.40723;8.28577;-0.0588624;0;0;-33.7176;5.27928;-2.82295;2.5142;0;0;-0.465054;94;93;80;113;113;80;1000;1000;575;11;11;8;1;1;1;1;
61;62;0;0;0.0261713;0;0;1.54574;0;0;-0.212802;0;0;10.6544;0;0;-0.0105238;0;0;-33.7281;0;0;0;0;0;-0.465054;-0.816222;0.552262;0.169669;-0.803841;-0.592981;0.0470422;0.944337;0.328815;-0.0103633;0.0492861;0.981091;-0.187168;-0.527126;0.908163;24.2325;0;0;1.54574;-1.48177;-2.79383;-2.8957;0;0;10.6544;8.37519;8.03489;-0.0692257;0;0;-33.7281;5.33653;-1.84229;2.32703;0;0;-0.465054;83;82;70;116;116;79;1000;1000;589;7;7;7;1;1;1;1;
62;63;0;0;0.00202922;0;0;1.54777;0;0;0.047449;0;0;10.7019;0;0;0.00595853;0;0;-33.7221;0;0;0;0;0;-0.465054;-0.981054;0.185988;0.054231;-0.990551;0.0935343;0.100298;0.982763;-0.184841;-0.00325919;0.402248;-0.0836116;-0.911705;-1.51285;1.06758;24.2867;0;0;1.54777;-2.47246;-2.88587;-2.79541;0;0;10.7019;9.08998;7.33556;-0.0724849;0;0;-33.7221;5.73808;-1.92916;1.41533;0;0;-0.465054;80;79;74;123;123;85;1000;1000;588;7;7;6;1;1;1;1;
63;64;0;0;0.00373494;0;0;1.5515;0;0;0.0261969;0;0;10.7281;0;0;-0.0449534;0;0;-33.7671;0;0;0;0;0;-0.465054;0.541863;0.0291214;0.839962;-0.900272;-0.426173;0.0888085;0.970866;0.239465;-0.00867199;0.684227;0.154113;-0.712799;-0.971969;1.11137;25.1267;0;0;1.5515;-3.27767;-3.47218;-2.7066;0;0;10.7281;10.0302;6.995;-0.0811569;0;0;-33.7671;6.42354;-1.78061;0.702531;0;0;-0.465054;73;73;69;110;110;81;1000;1000;588;8;8;7;1;1;1;1;
64;65;0;0;-0.0108191;0;0;1.54068;0;0;0.00168047;0;0;10.7298;0;0;-0.00984995;0;0;-33.777;0;0;0;0;0;-0.465054;-0.896446;0.441099;0.0426075;0.995543;0.025136;-0.0909022;-0.935436;0.353474;0.00386324;0.11013;-0.419391;0.901101;-1.87995;1.5282;25.1693;0;0;1.54068;-2.30421;-3.26213;-2.7975;0;0;10.7298;9.44913;7.80888;-0.0772936;0;0;-33.777;6.53026;-2.20088;1.60363;0;0;-0.465054;68;68;62;111;111;73;1000;1000;611;8;8;8;1;1;1;1;
65;66;0;0;-0.0131363;0;0;1.52755;0;0;-2.18831;0;0;8.54144;0;0;0.00471435;0;0;-33.7722;0;0;0;0;0;-0.465054;0.946757;-0.186368;0.262522;-0.145682;0.98926;-0.0119282;0.985675;-0.168623;-0.00326642;-0.94027;-0.0600437;-0.335091;-0.928562;1.36714;25.4318;0;0;1.52755;-2.59521;-2.30548;-2.80943;0;0;8.54144;10.1747;7.12078;-0.0805601;0;0;-33.7722;5.58953;-2.25329;1.26854;0;0;-0.465054;67;67;51;118;118;90;1000;1000;599;7;7;6;1;1;1;1;
66;67;0;0;-0.922653;0;0;0.604894;0;0;0.061335;0;0;8.60277;0;0;-0.905386;0;0;-34.6776;0;0;0;0;0;-0.465054;-0.0719147;0.955409;-0.286394;0.884699;-0.439327;-0.155886;-0.248018;0.968749;0.00361531;0.37669;0.0227544;-0.92606;-1.01056;2.32174;25.1454;0;0;0.604894;-1.65475;-2.60753;-2.96531;0;0;8.60277;10.522;8.05856;-0.0769448;0;0;-34.6776;5.9664;-2.23359;0.342481;0;0;-0.465054;72;71;69;112;112;76;1000;1000;596;8;8;8;1;1;1;1;
67;68;0;0;-0.0559812;0;0;0.548913;0;0;0.0585981;0;0;8.66137;0;0;0.0576824;0;0;-34.6199;0;0;0;0;0;-0.465054;-0.0444258;0.27476;0.960486;0.995077;-0.0360129;-0.0923269;-0.403411;-0.914857;0.0172177;-0.730126;-0.0474644;0.681662;-1.05762;2.59606;26.1059;0;0;0.548913;-0.665596;-2.49328;-3.05764;0;0;8.66137;9.67022;7.53487;-0.0597271;0;0;-34.6199;5.23591;-2.27513;1.02414;0;0;-0.465054;97;97;91;119;119;82;1000;1000;627;11;11;10;1;1;1;1;
68;69;0;0;0.00100649;0;0;0.549919;0;0;0.00116654;0;0;8.66254;0;0;-0.112528;0;0;-34.7325;0;0;0;0;0;-0.465054;-0.983264;0.160677;0.0858719;-0.950306;-0.291858;0.108337;-0.097407;0.995233;0.00491291;-0.744948;-0.663503;0.0693979;-2.04238;2.74729;26.1918;0;0;0.549919;-1.5611;-2.92494;-2.9493;0;0;8.66254;10.1572;8.40827;-0.0548142;0;0;-34.7325;4.4856;-2.93256;1.09354;0;0;-0.465054;85;85;81;116;116;78;1000;1000;619;12;12;11;1;1;1;1;
69;70;0;0;0.00725289;0;0;0.557172;0;0;1.14038;0;0;9.80292;0;0;-0.0112422;0;0;-34.7437;0;0;0;0;0;-0.465054;0.980616;0.194161;-0.0263539;0.471112;-0.880947;-0.0445584;-0.984829;0.173522;0.00113345;0.982608;-0.162349;-0.0901326;-1.0637;2.95098;26.1654;0;0;0.557172;-0.946879;-3.71281;-2.99386;0;0;9.80292;9.44685;9.11212;-0.0536807;0;0;-34.7437;5.46686;-3.10288;1.00341;0;0;-0.465054;96;96;76;120;120;87;1000;1000;608;11;11;9;1;1;1;1;
70;71;0;0;-0.0120221;0;0;0.54515;0;0;-0.0339656;0;0;9.76896;0;0;0.0154072;0;0;-34.7283;0;0;0;0;0;-0.465054;-0.986965;0.133203;0.0903204;0.934808;0.343036;-0.0919757;0.991945;0.126463;-0.00726376;-0.137245;0.985499;0.0997784;-2.05188;3.07479;26.2558;0;0;0.54515;-0.0838305;-3.21614;-3.08584;0;0;9.76896;10.3341;8.65096;-0.0609445;0;0;-34.7283;5.33762;-2.1163;1.10319;0;0;-0.465054;141;139;130;120;120;86;1000;1000;576;15;15;14;1;1;1;1;
71;72;0;0;-0.00220693;0;0;0.542943;0;0;-3.99815;0;0;5.77081;0;0;0.0159607;0;0;-34.7123;0;0;0;0;0;-0.465054;-0.591128;-0.797661;0.119605;0.0255187;0.999661;0.00513789;0.91979;0.392406;-0.00175272;0.37688;0.0236331;0.925961;-2.63543;2.27156;26.3754;0;0;0.542943;-0.158957;-2.21897;-3.0807;0;0;5.77081;11.3137;8.44974;-0.0626972;0;0;-34.7123;5.71468;-2.09573;2.02915;0;0;-0.465054;161;157;147;116;116;89;1000;1000;623;16;16;12;1;1;1;1;
72;73;0;0;0.00809627;0;0;0.551039;0;0;-0.177478;0;0;5.59333;0;0;-0.0364359;0;0;-34.7488;0;0;0;0;0;-0.465054;-0.998032;-0.0426028;0.0460017;-0.0493865;-0.998733;-0.00961866;0.915937;0.401288;0.00516922;-0.786239;-0.613688;0.07222;-3.633;2.21936;26.4214;0;0;0.551039;-0.110764;-3.21777;-3.09032;0;0;5.59333;12.295;8.2574;-0.057528;0;0;-34.7488;4.92348;-2.70301;2.10137;0;0;-0.465054;131;130;123;115;115;85;1000;1000;573;16;16;11;1;1;1;1;
73;74;0;0;0.00829627;0;0;0.559335;0;0;-0.0220723;0;0;5.57126;0;0;-0.1984;0;0;-34.9472;0;0;0;0;0;-0.465054;-0.975116;-0.179611;0.129954;0.987329;0.125744;-0.0968032;0.255815;0.966636;-0.0131329;0.97192;0.204087;0.117135;-4.60632;2.03024;26.5513;0;0;0.559335;0.859693;-2.99676;-3.18712;0;0;5.57126;13.0584;8.9032;-0.0706609;0;0;-34.9472;5.89703;-2.50682;2.2185;0;0;-0.465054;125;123;110;111;111;78;1001;1001;590;14;14;11;1;1;1;1;
74;75;0;0;0.0216185;0;0;0.580954;0;0;-0.300117;0;0;5.27114;0;0;0.417883;0;0;-34.5293;0;0;0;0;0;-0.465054;-0.990463;0.0907927;0.103631;-0.621561;-0.783356;0.00379189;-0.0397302;0.999209;0.00193005;0;0;1;-5.59765;2.11098;26.655;0;0;0.580954;0.312726;-3.83391;-3.18333;0;0;5.27114;13.592;9.7489;-0.0687308;0;0;-34.5293;5.89703;-2.50682;3.2185;0;0;-0.465054;123;121;108;114;114;77;1000;1000;596;13;13;12;1;1;1;1;
75;76;0;0;-0.00540826;0;0;0.575546;0;0;0.000560783;0;0;5.2717;0;0;-0.00031231;0;0;-34.5296;0;0;0;0;0;-0.465054;0.99716;0.0702571;0.0271372;0.970813;-0.239836;0.00101605;0.940509;-0.332232;-0.0711657;-0.787104;0.517903;-0.335029;-4.60125;2.19125;26.6821;0;0;0.575546;1.30147;-3.98353;-3.18231;0;0;5.2717;14.1785;8.94209;-0.139897;0;0;-34.5296;5.11415;-1.98255;2.88347;0;0;-0.465054;124;122;114;124;124;85;1000;1000;582;17;17;14;1;1;1;1;
76;77;0;0;0.00555001;0;0;0.581096;0;0;-0.737048;0;0;4.53466;0;0;-0.248629;0;0;-34.7782;0;0;0;0;0;-0.465054;-0.993658;0.0410459;0.10469;0.003684;-0.999916;0.0124382;-0.154792;-0.987837;0.0147468;0.998425;0.0557159;-0.00652493;-5.59527;2.22222;26.7868;0;0;0.581096;1.3842;-4.98003;-3.16988;0;0;4.53466;13.4879;8.219;-0.12515;0;0;-34.7782;6.113;-1.93494;2.87695;0;0;-0.465054;127;125;116;127;127;89;1000;1000;640;21;21;18;1;1;1;1;
77;78;0;0;0.0022193;0;0;0.583315;0;0;0.00363374;0;0;4.53829;0;0;-0.0873147;0;0;-34.8656;0;0;0;0;0;-0.465054;0.918749;0.0662632;-0.389243;0.94255;0.31697;-0.1055;0.709677;-0.700592;-0.0743658;0;0;1;-4.67724;2.29783;26.3975;0;0;0.583315;2.29871;-4.58947;-3.27538;0;0;4.53829;13.6697;7.23848;-0.199516;0;0;-34.8656;6.113;-1.93494;3.87695;0;0;-0.465054;137;133;125;118;118;82;1000;1000;607;24;24;22;1;1;1;1;
78;79;0;0;-0.00270212;0;0;0.580613;0;0;-0.865856;0;0;3.67243;0;0;0.326782;0;0;-34.5388;0;0;0;0;0;-0.465054;-0.976068;0.211584;0.0502256;-0.0774178;0.996651;-0.0263178;0.556755;0.830676;-0.000215011;0;0;1;-5.65541;2.49952;26.4478;0;0;0.580613;2.15761;-3.59983;-3.30169;0;0;3.67243;14.5993;7.60709;-0.199731;0;0;-34.5388;6.113;-1.93494;4.87695;0;0;-0.465054;155;152;138;117;117;86;1000;1000;576;24;24;20;1;1;1;1;
79;80;0;0;0.00390916;0;0;0.584522;0;0;-0.0241806;0;0;3.64825;0;0;-0.0776926;0;0;-34.6165;0;0;0;0;0;-0.465054;-0.842908;-0.52893;-0.0986899;0.975622;0.190738;-0.108538;0.242071;0.969994;-0.0226739;0.235583;0.0142307;-0.97175;-6.49287;1.96201;26.3491;0;0;0.584522;3.11912;-3.34739;-3.41023;0;0;3.64825;15.3496;8.26785;-0.222404;0;0;-34.6165;6.34869;-1.92262;3.9052;0;0;-0.465054;134;131;123;126;126;90;1000;1000;613;23;23;18;1;1;1;1;
80;81;0;0;0.0100177;0;0;0.59454;0;0;0.0143606;0;0;3.66261;0;0;0.00334759;0;0;-34.6131;0;0;0;0;0;-0.465054;0.971727;-0.210585;-0.106771;0.993548;0.0687132;-0.0902247;0.976036;-0.217611;-0.000489999;0;0;1;-5.51901;1.76152;26.2423;0;0;0.59454;4.10625;-3.21535;-3.50046;0;0;3.66261;16.0292;7.53434;-0.222894;0;0;-34.6131;6.34869;-1.92262;4.9052;0;0;-0.465054;123;120;109;119;119;85;1000;1000;618;26;26;20;1;1;1;1;
81;82;0;0;-0.00205309;0;0;0.592487;0;0;-0.00194922;0;0;3.66066;0;0;0.914568;0;0;-33.6985;0;0;0;0;0;-0.465054;-0.967555;-0.152096;0.201751;0.995657;-0.0930925;-0.00101464;-0.0332899;-0.999318;0.0159799;0;0;1;-6.48495;1.59943;26.4441;0;0;0.592487;5.10582;-3.24469;-3.50147;0;0;3.66066;15.4471;6.7214;-0.206915;0;0;-33.6985;6.34869;-1.92262;5.9052;0;0;-0.465054;162;159;128;119;119;75;1000;1000;574;24;24;18;1;1;1;1;
82;83;0;0;0.0125246;0;0;0.605011;0;0;-1.20754;0;0;2.45312;0;0;-0.0112582;0;0;-33.7098;0;0;0;0;0;-0.465054;0.935803;0.338418;-0.0987236;0.0533632;0.998574;0.00176494;0.969109;0.22479;-0.101476;0;1;0;-5.55277;1.94771;26.3453;0;0;0.605011;5.11639;-2.24474;-3.49971;0;0;2.45312;16.378;6.37056;-0.30839;0;0;-33.7098;6.3568;-0.922653;5.9052;0;0;-0.465054;206;204;183;128;128;86;1000;1000;564;32;32;23;1;1;1;1;
83;84;0;0;-0.0107213;0;0;0.59429;0;0;-0.126404;0;0;2.32672;0;0;0.453052;0;0;-33.2568;0;0;0;0;0;-0.465054;0.991306;0.0152393;-0.130693;0.70496;-0.704244;-0.084086;0.151629;0.988406;0.00792523;0;1;0;-4.56167;1.97323;26.2146;0;0;0.59429;5.84936;-2.91979;-3.58379;0;0;2.32672;17.0468;7.11393;-0.300465;0;0;-33.2568;6.36492;0.0773145;5.9052;0;0;-0.465054;201;201;176;118;118;82;1000;1000;612;30;30;18;1;1;1;1;
84;85;0;0;-0.00789263;0;0;0.586397;0;0;-0.000311956;0;0;2.32641;0;0;-0.224759;0;0;-33.4815;0;0;0;0;0;-0.465054;0.673373;-0.28992;-0.680085;-0.997579;-0.0295642;0.0629411;-0.617395;-0.786495;0.0158004;0;-1;0;-3.88537;1.69022;25.5345;0;0;0.586397;4.85381;-2.98982;-3.52085;0;0;2.32641;16.098;6.79854;-0.284665;0;0;-33.4815;6.3568;-0.922653;5.9052;0;0;-0.465054;164;157;141;111;111;80;1000;1000;603;24;24;19;1;1;1;1;
85;86;0;0;0.00978742;0;0;0.596185;0;0;0.00463258;0;0;2.33104;0;0;-0.0390502;0;0;-33.5206;0;0;0;0;0;-0.465054;0.931983;-0.350774;-0.0914588;0.968033;-0.250803;0.00328061;-0.822237;0.566649;0.0532415;0;1;0;-2.94979;1.34916;25.4431;0;0;0.596185;5.83124;-3.20104;-3.51757;0;0;2.33104;15.7254;7.72502;-0.231423;0;0;-33.5206;6.36492;0.0773145;5.9052;0;0;-0.465054;143;140;133;123;123;81;1000;1000;594;28;28;24;1;1;1;1;
86;87;0;0;-0.00208423;0;0;0.5941;0;0;0.00153362;0;0;2.33257;0;0;-0.155877;0;0;-33.6764;0;0;0;0;0;-0.465054;-0.955884;0.274067;0.105706;0.98607;0.156249;-0.0570271;0.0243746;-0.99879;0.0427203;0;1;0;-3.90846;1.6133;25.5488;0;0;0.5941;6.81013;-3.00479;-3.5746;0;0;2.33257;15.1919;6.88033;-0.188703;0;0;-33.6764;6.37304;1.07728;5.9052;0;0;-0.465054;160;157;150;118;118;86;1000;1000;618;27;27;21;1;1;1;1;
87;88;0;0;-0.00368537;0;0;0.590415;0;0;-0.350183;0;0;1.98239;0;0;-0.334686;0;0;-34.0111;0;0;0;0;0;-0.465054;0.994021;0.0322054;-0.104336;0.0894202;0.995951;-0.00927054;0.0437318;0.99902;-0.00680664;0;1;0;-2.91482;1.65575;25.4445;0;0;0.590415;6.86505;-2.00634;-3.58387;0;0;1.98239;15.787;7.68398;-0.195509;0;0;-34.0111;6.38115;2.07725;5.9052;0;0;-0.465054;150;148;140;131;131;100;1000;1000;618;19;19;17;1;1;1;1;
88;89;0;0;-0.00486661;0;0;0.585548;0;0;-0.148913;0;0;1.83348;0;0;0.105917;0;0;-33.9052;0;0;0;0;0;-0.465054;0.988279;0.126837;-0.0849555;0.115331;0.992164;0.0480593;0.876336;-0.4817;0;-0.218528;-0.975575;0.0223507;-1.92789;1.79268;25.3595;0;0;0.585548;6.94858;-1.011;-3.53581;0;0;1.83348;16.2456;6.79535;-0.195451;0;0;-33.9052;6.15471;1.10348;5.92755;0;0;-0.465054;159;159;150;121;121;89;1001;1001;624;19;19;16;1;1;1;1;
89;90;0;0;0.00425278;0;0;0.589801;0;0;-0.00706392;0;0;1.82641;0;0;-0.0112172;0;0;-33.9164;0;0;0;0;0;-0.465054;0.991177;0.0840944;-0.102452;-0.994834;-0.0272514;0.0977927;-0.696851;0.717216;0.000747844;0;1;0;-0.937635;1.88697;25.2571;0;0;0.589801;5.95512;-1.06994;-3.43802;0;0;1.82641;16.0675;7.77937;-0.194703;0;0;-33.9164;6.16283;2.10345;5.92755;0;0;-0.465054;157;155;142;128;128;91;1000;1000;598;17;17;16;1;1;1;1;
90;91;0;0;-0.00322918;0;0;0.586572;0;0;0.106768;0;0;1.93318;0;0;-0.00422657;0;0;-33.9207;0;0;0;0;0;-0.465054;-0.955206;0.280974;0.0929217;-0.747702;-0.658913;0.0823109;0.885155;0.461325;-0.0606638;0;1;0;-1.89567;2.15815;25.35;0;0;0.586572;5.23007;-1.7537;-3.3557;0;0;1.93318;17.0594;7.66822;-0.255367;0;0;-33.9207;6.17095;3.10341;5.92755;0;0;-0.465054;160;156;147;119;119;86;1000;1000;603;20;20;17;1;1;1;1;
91;92;0;0;0.00235693;0;0;0.588929;0;0;0.0489847;0;0;1.98217;0;0;-0.00250614;0;0;-33.9232;0;0;0;0;0;-0.465054;0.978555;-0.189551;-0.0806262;-0.990868;-0.0942203;0.0964568;-0.976877;0.213799;0.00120237;-0.378048;-0.0250113;0.925448;-0.915216;1.97867;25.2693;0;0;0.588929;4.24305;-1.88214;-3.25925;0;0;1.98217;16.3682;8.39081;-0.254165;0;0;-33.9232;5.79271;3.08147;6.853;0;0;-0.465054;151;149;132;110;110;78;1000;1000;601;26;26;25;1;1;1;1;
92;93;0;0;-0.00435387;0;0;0.584575;0;0;-0.00494358;0;0;1.97722;0;0;-0.0018055;0;0;-33.925;0;0;0;0;0;-0.465054;0.821184;0.208191;0.531331;0.99469;0.0706398;-0.0748485;0.9906;0.0947177;-0.0986878;0.14817;0.988849;-0.0149615;-0.0961984;2.19523;25.8007;0;0;0.584575;5.23471;-1.77722;-3.3341;0;0;1.97722;17.243;7.91654;-0.352852;0;0;-33.925;5.9489;4.06909;6.83804;0;0;-0.465054;199;195;185;117;117;78;1000;1000;578;34;34;22;1;1;1;1;
93;94;0;0;-0.00921109;0;0;0.575364;0;0;-0.18807;0;0;1.78915;0;0;0.778209;0;0;-33.1468;0;0;0;0;0;-0.465054;-0.975905;0.137277;0.169603;0.686098;-0.724032;-0.0710434;-0.857502;-0.514366;0.0108357;-0.996381;-0.0734087;0.0428544;-1.07343;2.3227;25.9703;0;0;0.575364;5.94308;-2.47948;-3.40514;0;0;1.78915;16.2438;7.95474;-0.342017;0;0;-33.1468;4.95196;4.00377;6.88089;0;0;-0.465054;178;176;139;122;122;89;1000;1000;636;27;27;20;1;1;1;1;
94;95;0;0;0.0073888;0;0;0.582753;0;0;-0.0126858;0;0;1.77647;0;0;0.0216224;0;0;-33.1251;0;0;0;0;0;-0.465054;-0.981808;-0.174146;-0.0756671;-0.984799;-0.142226;0.0997168;-0.817989;0.575209;-0.0053099;0.217282;0.975484;-0.0349271;-2.05342;2.13858;25.8946;0;0;0.582753;4.96316;-2.65217;-3.30542;0;0;1.77647;15.8731;8.88348;-0.347327;0;0;-33.1251;5.17715;4.97745;6.84596;0;0;-0.465054;221;219;190;120;120;90;1000;1000;588;29;29;22;1;1;1;1;
95;96;0;0;0.00203309;0;0;0.584786;0;0;0.0164718;0;0;1.79294;0;0;1.97965;0;0;-31.1455;0;0;-0.0332034;0;0;-0.498257;-0.98753;-0.157282;0.00687048;0.991294;0.0872845;-0.0985758;0.253633;-0.967297;0.00274711;0.952104;-0.0772316;0.29586;-3.03929;1.97122;25.9015;0;0;0.584786;5.95124;-2.53391;-3.404;0;0;1.79294;15.5898;7.92443;-0.344579;0;0;-31.1455;6.12855;4.89195;7.14182;0;0;-0.498257;211;206;190;125;125;84;1000;1000;622;27;27;18;1;1;1;1;
96;97;0;0;0.0308247;0;0;0.615611;0;0;-0.00166105;0;0;1.79128;0;0;-0.340064;0;0;-31.4855;0;0;0;0;0;-0.498257;0.991634;0.0831021;-0.0987706;-0.965985;-0.258545;0.00517391;-0.236691;0.971001;0.0336663;0;0;-1;-2.04861;2.06497;25.8027;0;0;0.615611;4.99381;-2.82252;-3.39882;0;0;1.79128;15.8951;8.87609;-0.310913;0;0;-31.4855;6.12855;4.89195;6.14182;0;0;-0.498257;204;195;176;109;109;73;1000;1000;580;26;26;21;1;1;1;1;
97;98;0;0;-0.00302214;0;0;0.612589;0;0;-0.089783;0;0;1.70149;0;0;-0.0184024;0;0;-31.5039;0;0;0.0642731;0;0;-0.433984;-0.891569;-0.421394;-0.165925;0.585345;0.808968;-0.0542417;0.989514;0.107102;-0.0969065;-0.994997;-0.0818495;0.057288;-2.93562;1.63407;25.6368;0;0;0.612589;5.55488;-1.99653;-3.45307;0;0;1.70149;16.7948;8.45033;-0.40782;0;0;-31.5039;5.13296;4.81764;6.19911;0;0;-0.433984;203;194;183;114;114;81;1000;1000;598;31;31;22;1;1;1;1;
98;99;0;0;-0.002403;0;0;0.610186;0;0;-0.00109546;0;0;1.7004;0;0;0.000156737;0;0;-31.5038;0;0;0;0;0;-0.433984;-0.939469;0.309331;0.147353;0.973973;-0.20979;-0.0858208;0.155482;-0.987827;-0.00477238;0.985734;0.102316;0.133642;-3.87833;1.93338;25.7841;0;0;0.610186;6.53465;-2.17733;-3.53889;0;0;1.7004;16.4111;7.52685;-0.412592;0;0;-31.5038;6.11944;4.91248;6.33275;0;0;-0.433984;170;160;148;116;116;75;1000;1000;599;23;23;19;1;1;1;1;
99;100;0;0;0.0482191;0;0;0.658405;0;0;0.00167793;0;0;1.70208;0;0;-0.000646222;0;0;-31.5044;0;0;0;0;0;-0.433984;-0.346918;-0.897236;-0.273158;0.972792;-0.204366;-0.109133;0.992562;-0.121721;-0.00231076;0.093949;0.00643178;-0.995556;-4.21491;1.03222;25.511;0;0;0.658405;7.51308;-2.35271;-3.64802;0;0;1.70208;17.1938;6.9044;-0.414903;0;0;-31.5044;6.21343;4.9182;5.3372;0;0;-0.433984;166;159;142;127;127;83;1000;1000;586;19;19;16;1;1;1;1;
100;101;0;0;0.0104654;0;0;0.66887;0;0;-0.00210121;0;0;1.69998;0;0;-0.00888909;0;0;-31.5133;0;0;0;0;0;-0.433984;-0.995677;0.01881;0.0909589;0.921409;0.378248;-0.0890717;-0.934236;-0.356505;0.01035;0.868159;-0.0374587;-0.49487;-5.21074;1.0394;25.6019;0;0;0.66887;8.42286;-1.94729;-3.73709;0;0;1.69998;16.211;7.08879;-0.404553;0;0;-31.5133;7.08128;4.87417;4.84233;0;0;-0.433984;162;157;150;115;115;79;1000;1000;606;24;24;20;1;1;1;1;
101;102;0;0;-0.0095818;0;0;0.659288;0;0;0.00779748;0;0;1.70777;0;0;-0.0028901;0;0;-31.5162;0;0;0;0;0;-0.433984;-0.883794;0.282728;0.372792;0.858921;-0.497642;-0.120862;-0.994625;0.020029;0.101584;0;1;0;-6.09773;1.31194;25.9747;0;0;0.659288;9.29623;-2.41912;-3.85795;0;0;1.70777;15.3736;7.62579;-0.302968;0;0;-31.5162;7.08886;5.87414;4.84233;0;0;-0.433984;170;162;142;116;116;76;1000;1000;593;23;23;20;1;1;1;1;
102;103;0;0;0.0165185;0;0;0.675807;0;0;-0.1399;0;0;1.56787;0;0;-0.166351;0;0;-31.6826;0;0;0;0;0;-0.433984;-0.998278;0.0113018;0.0575682;0.982036;0.163839;-0.093603;-0.259854;0.965593;-0.0102615;0.778788;-0.625432;-0.0481978;-7.09607;1.31147;26.0323;0;0;0.675807;10.2734;-2.22847;-3.95156;0;0;1.56787;15.6596;8.58397;-0.31323;0;0;-31.6826;7.86289;5.24283;4.79413;0;0;-0.433984;148;146;130;119;119;91;1000;1000;597;20;20;17;1;1;1;1;
103;104;0;0;-0.0016185;0;0;0.674188;0;0;-0.00711851;0;0;1.56075;0;0;0.00800509;0;0;-31.6746;0;0;0;0;0;-0.433984;-0.993998;-0.10364;0.0350205;0.994395;0.0104566;-0.105214;0.926572;0.376039;-0.00765235;0.257898;-0.966023;0.0169689;-8.08878;1.19614;26.0673;0;0;0.674188;11.2672;-2.19093;-4.05677;0;0;1.56075;16.6456;8.41745;-0.320882;0;0;-31.6746;8.11346;4.27488;4.8111;0;0;-0.433984;167;163;159;116;116;83;1000;1000;613;24;24;17;1;1;1;1;
104;105;0;0;-0.0035558;0;0;0.670632;0;0;-0.0683593;0;0;1.4924;0;0;-0.462519;0;0;-32.1371;0;0;0;0;0;-0.433984;0.960293;0.261465;-0.0973293;-0.714787;0.699333;0.00355474;-0.103453;0.994134;0.0315319;0.139096;0.990263;-0.00570871;-7.13162;1.46883;25.97;0;0;0.670632;10.5344;-1.51045;-4.05322;0;0;1.4924;17.0868;9.3143;-0.28935;0;0;-32.1371;8.26005;5.26406;4.80539;0;0;-0.433984;165;157;134;111;111;76;1000;1000;569;21;21;18;1;1;1;1;
105;106;0;0;-0.0452329;0;0;0.6254;0;0;0.119906;0;0;1.6123;0;0;-0.255816;0;0;-32.3929;0;0;0;0;0;-0.433984;0.993573;0.0768235;-0.0831273;0.96333;-0.268317;0.00136077;-0.929885;0.367816;0.00499064;0;0;1;-6.13894;1.55649;25.8869;0;0;0.6254;11.5049;-1.75156;-4.05185;0;0;1.6123;16.4987;10.123;-0.28436;0;0;-32.3929;8.26005;5.26406;5.80539;0;0;-0.433984;160;156;130;115;115;86;1000;1000;607;25;25;14;1;1;1;1;
106;107;0;0;-0.00182859;0;0;0.623571;0;0;-0.022292;0;0;1.59001;0;0;0.251684;0;0;-32.1412;0;0;0;0;0;-0.433984;0.92765;0.364792;-0.0799498;0.598338;0.794442;-0.104181;-0.360833;0.932625;-0.00304868;0;1;0;-5.21532;1.93136;25.8069;0;0;0.623571;12.081;-0.940821;-4.15604;0;0;1.59001;16.6893;11.1047;-0.287408;0;0;-32.1412;8.26763;6.26403;5.80539;0;0;-0.433984;192;188;173;126;126;94;1000;1000;585;22;22;22;1;1;1;1;
107;108;0;0;-0.00447043;0;0;0.6191;0;0;-1.59817;0;0;-0.00816483;0;0;-0.00304613;0;0;-32.1443;0;0;0;0;0;-0.433984;0.990121;0.115766;-0.0791171;0.105355;0.992858;-0.0559704;-0.934547;-0.355838;0.000803167;0.997685;-0.0430474;-0.0526456;-4.2265;2.05781;25.7278;0;0;0.6191;12.1865;0.0520226;-4.21201;0;0;-0.00816483;15.7087;11.3006;-0.286605;0;0;-32.1443;9.26496;6.21343;5.75274;0;0;-0.433984;160;157;141;118;118;78;1001;1001;665;26;26;19;1;1;1;1;
108;109;0;0;0.00545442;0;0;0.624555;0;0;-0.0122401;0;0;-0.0204049;0;0;0.00251117;0;0;-32.1417;0;0;0;0;0;-0.433984;0.706802;0.183007;0.68333;0.992513;0.0525645;-0.110248;-0.0161086;-0.999772;0.0140014;0.168305;-0.985585;-0.017214;-3.52174;2.24851;26.4111;0;0;0.624555;13.179;0.104234;-4.32225;0;0;-0.0204049;15.1631;10.4627;-0.272604;0;0;-32.1417;9.42579;5.2266;5.73553;0;0;-0.433984;145;140;133;105;105;76;1000;1000;585;23;23;20;1;1;1;1;
109;110;0;0;-0.00230522;0;0;0.62225;0;0;-0.0171079;0;0;-0.0375128;0;0;0.0230558;0;0;-32.1187;0;0;0;0;0;-0.433984;-0.986027;-0.162369;-0.0372377;0.993028;0.0547561;-0.104389;0.955948;0.29338;-0.00959392;0.70089;-0.136692;0.700049;-4.50594;2.07545;26.3739;0;0;0.62225;14.1721;0.15834;-4.42664;0;0;-0.0375128;16.1288;10.2029;-0.282198;0;0;-32.1187;10.1256;5.0846;6.43558;0;0;-0.433984;127;123;113;112;112;80;1000;1000;592;20;20;17;1;1;1;1;
110;111;0;0;-0.00271945;0;0;0.61953;0;0;-0.0198553;0;0;-0.0573681;0;0;0;0;0;-32.1186;0;0;0;0;0;-0.433984;0.966848;0.239246;-0.0892597;0.978289;0.193074;-0.0753214;-0.187834;0.981236;0.0435296;0.275182;0.961358;-0.00806707;-3.54174;2.32513;26.2846;0;0;0.61953;15.1505;0.350434;-4.50196;0;0;-0.0573681;16.4914;11.1338;-0.238668;0;0;-32.1186;10.4081;6.04385;6.42751;0;0;-0.433984;110;107;95;103;103;71;1000;1000;572;16;16;14;1;1;1;1;
111;112;0;0;0.00308377;0;0;0.622614;0;0;0.000320129;0;0;-0.057048;0;0;0.463794;0;0;-31.6548;0;0;0;0;0;-0.433984;0.990316;0.0796195;-0.113732;0.990427;0.0905927;-0.104148;0.235956;-0.971691;0.011893;0.719799;-0.679337;-0.142797;-2.55235;2.41551;26.1709;0;0;0.622614;16.1411;0.44004;-4.60611;0;0;-0.057048;16.1823;10.1828;-0.226775;0;0;-31.6548;11.1227;5.35908;6.28471;0;0;-0.433984;126;123;113;118;118;90;1000;1000;605;18;18;15;1;1;1;1;
112;113;0;0;0.00678438;0;0;0.629398;0;0;-0.00213311;0;0;-0.0591811;0;0;0.0179531;0;0;-31.6369;0;0;0;0;0;-0.433984;0.125566;-0.248684;-0.960411;0.994882;0.0727682;-0.0701069;0.976513;0.19121;-0.0993016;0;-1;0;-2.42406;2.16822;25.2105;0;0;0.629398;17.136;0.511781;-4.67622;0;0;-0.0591811;17.114;9.83343;-0.326077;0;0;-31.6369;11.1151;4.3591;6.28471;0;0;-0.433984;131;128;122;134;134;96;1000;1000;586;21;21;17;1;1;1;1;
113;114;0;0;-0.00215492;0;0;0.627243;0;0;-0.00722944;0;0;-0.0664105;0;0;-0.00874572;0;0;-31.6456;0;0;0;0;0;-0.433984;0.984508;-0.154303;-0.0832714;0.986655;-0.162768;0.00419919;0.335883;-0.941888;0.00534742;0;-1;0;-1.43792;2.0247;25.1272;0;0;0.627243;18.1225;0.347869;-4.67202;0;0;-0.0664105;16.9057;8.85537;-0.320729;0;0;-31.6456;11.1076;3.35913;6.28471;0;0;-0.433984;129;126;111;137;137;83;1000;1000;585;20;20;18;1;1;1;1;
114;115;0;0;0.118846;0;0;0.74609;0;0;-0.00746777;0;0;-0.0738783;0;0;-0.0369312;0;0;-31.6825;0;0;0;0;0;-0.433984;0.0537935;-0.995608;0.0766171;0.995154;0.0655581;-0.07328;0.864244;0.495162;-0.0888578;0.282311;-0.0125058;0.959241;-1.37117;1.02988;25.2038;0;0;0.74609;19.1177;0.412144;-4.7453;0;0;-0.0738783;17.9012;8.82282;-0.409587;0;0;-31.6825;11.3898;3.34449;7.24396;0;0;-0.433984;138;135;114;131;131;86;1000;1000;564;20;20;16;1;1;1;1;
115;116;0;0;-0.00247232;0;0;0.743617;0;0;-0.018739;0;0;-0.0926173;0;0;0.116103;0;0;-31.5664;0;0;0;0;0;-0.433984;0.98061;0.0963033;-0.170674;0.991928;0.0879316;-0.0913608;0.426948;0.904162;-0.0143646;0.0269517;-0.999633;-0.00275657;-0.391889;1.1389;25.0332;0;0;0.743617;20.1098;0.498472;-4.83666;0;0;-0.0926173;18.7383;9.3697;-0.423952;0;0;-31.5664;11.4092;2.34468;7.2412;0;0;-0.433984;153;149;139;129;129;92;1000;1000;586;17;17;13;1;1;1;1;
116;117;0;0;0.00468757;0;0;0.748305;0;0;0.0454368;0;0;-0.0471805;0;0;0.00505788;0;0;-31.5614;0;0;0;0;0;-0.433984;0.98442;-0.13826;-0.108629;-0.99106;-0.0671831;0.115264;0.991597;0.129305;0.00395138;0.343559;-0.938474;-0.0351386;0.594254;1.01351;24.9245;0;0;0.748305;19.1187;0.432105;-4.7214;0;0;-0.0471805;19.6509;8.96086;-0.42;0;0;-31.5614;11.7456;1.40363;7.20606;0;0;-0.433984;135;133;104;114;114;87;1000;1000;578;18;18;11;1;1;1;1;
117;118;0;0;-0.0120454;0;0;0.736259;0;0;-0.0441308;0;0;-0.0913114;0;0;-15.7977;0;0;-47.3591;0;0;0;0;0;-0.433984;0.969948;-0.226345;-0.0892715;0.95771;-0.287723;0.00275617;-0.239546;0.970882;0.00228045;-0.859637;0.503283;0.0879222;1.56703;0.799646;24.8353;0;0;0.736259;20.0759;0.142856;-4.71864;0;0;-0.0913114;20.2029;9.79475;-0.41772;0;0;-47.3591;10.8898;1.91341;7.29398;0;0;-0.433984;137;135;103;128;128;80;1000;1000;632;16;16;14;1;1;1;1;
118;119;0;0;0.00496702;0;0;0.741226;0;0;-0.0528358;0;0;-0.144147;0;0;-0.00164842;0;0;-47.3608;0;0;0;0;0;-0.433984;-0.920413;-0.364335;-0.141772;-0.725029;0.688688;0.00646067;0.985886;-0.167396;-0.00260103;-0.0456801;0.721989;-0.690395;0.651407;0.423434;24.6935;0;0;0.741226;19.3526;0.833366;-4.71218;0;0;-0.144147;20.7475;8.95611;-0.420321;0;0;-47.3608;10.8496;2.63573;6.60359;0;0;-0.433984;156;154;122;120;120;71;1001;1001;584;17;17;13;1;1;1;1;
119;120;0;0;0.0421134;0;0;0.78334;0;0;2.33259;0;0;2.18844;0;0;0.0701291;0;0;-47.2906;0;0;0;0;0;-0.433984;0.989402;0.114277;-0.0895758;-0.175816;-0.984155;-0.0229784;0.976895;-0.213702;-0.00277685;0.117644;0.993043;-0.00493925;1.63915;0.551227;24.6039;0;0;0.78334;19.2145;-0.156785;-4.73516;0;0;2.18844;21.2531;8.09334;-0.423098;0;0;-47.2906;10.9747;3.62785;6.59865;0;0;-0.433984;147;145;124;109;109;67;1000;1000;676;19;19;11;1;1;1;1;
120;121;0;0;-0.00315647;0;0;0.780183;0;0;0.00425169;0;0;2.19269;0;0;-0.0293525;0;0;-47.32;0;0;0;0;0;-0.433984;0.987919;-0.111334;-0.107798;0.985583;-0.153963;-0.0701482;0.952995;0.302841;-0.0093365;-0.891518;0.452162;0.0272968;2.6285;0.453355;24.4961;0;0;0.780183;20.2053;-0.272927;-4.80531;0;0;2.19269;22.1218;7.59804;-0.432434;0;0;-47.32;10.0867;4.08675;6.62595;0;0;-0.433984;146;143;122;99;99;69;1000;1000;567;20;20;17;1;1;1;1;
121;122;0;0;0.0037197;0;0;0.783903;0;0;-0.0149349;0;0;2.17776;0;0;-0.0151043;0;0;-47.3351;0;0;0;0;0;-0.433984;0.922579;0.231225;-0.308841;0.979361;0.162122;-0.120699;0.969904;0.243361;-0.00780628;0;1;0;3.54783;0.69718;24.1873;0;0;0.783903;21.1778;-0.0737059;-4.926;0;0;2.17776;22.9581;7.04976;-0.440241;0;0;-47.3351;10.0943;5.08672;6.62595;0;0;-0.433984;108;106;85;105;105;72;1000;1000;578;23;23;14;1;1;1;1;
122;123;0;0;-0.00497111;0;0;0.778932;0;0;0.00546015;0;0;2.18322;0;0;0.0107772;0;0;-47.3243;0;0;0;0;0;-0.433984;0.986116;0.135181;0.0964473;0.976676;0.193595;-0.0928699;0.992775;0.11977;-0.00725142;0.992851;0.118992;0.00938364;4.53201;0.845755;24.2837;0;0;0.778932;22.1464;0.156955;-5.01887;0;0;2.18322;23.7191;6.40106;-0.447492;0;0;-47.3243;11.088;5.19819;6.63533;0;0;-0.433984;127;125;88;106;106;69;1000;1000;580;21;21;17;1;1;1;1;
123;124;0;0;-0.0107132;0;0;0.768219;0;0;0.0234671;0;0;2.20668;0;0;0.0200121;0;0;-47.3043;0;0;0;0;0;-0.433984;0.997805;-0.0140395;-0.0647187;0.986973;-0.122579;-0.104208;0.982844;0.184251;-0.00834749;0.379747;-0.924451;-0.0343869;5.52992;0.845095;24.219;0;0;0.768219;23.1373;0.0724698;-5.12308;0;0;2.20668;24.521;5.80365;-0.455839;0;0;-47.3043;11.4607;4.27089;6.60094;0;0;-0.433984;129;125;101;104;104;70;1000;1000;563;27;27;19;1;1;1;1;
124;125;0;0;-0.00762962;0;0;0.760589;0;0;-0.00449293;0;0;2.20219;0;0;0.0196316;0;0;-47.2847;0;0;0;0;0;-0.433984;0.995472;0.0610531;-0.0728604;0.987529;-0.123632;-0.0974739;0.844784;0.526599;-0.0950462;0;0;1;6.52449;0.919357;24.1461;0;0;0.760589;24.1289;-0.0131239;-5.22056;0;0;2.20219;25.4809;5.54018;-0.550886;0;0;-47.2847;11.4607;4.27089;7.60094;0;0;-0.433984;124;121;100;108;108;70;1001;1001;563;30;30;20;1;1;1;1;
125;126;0;0;-0.00268605;0;0;0.757903;0;0;0.074333;0;0;2.27652;0;0;-0.535896;0;0;-47.8206;0;0;0;0;0;-0.433984;0.613254;-0.0306414;-0.789291;-0.893845;0.43505;0.108504;0.0404773;0.999164;-0.0056644;0.139275;0.0162653;0.99012;7.1381;0.89683;23.3569;0;0;0.757903;23.2184;0.386077;-5.11205;0;0;2.27652;26.2485;6.18107;-0.55655;0;0;-47.8206;11.6001;4.2861;8.59106;0;0;-0.433984;134;133;116;101;101;69;1001;1001;553;24;24;20;1;1;1;1;
126;127;0;0;-0.00360588;0;0;0.754297;0;0;-0.00842329;0;0;2.2681;0;0;-0.0165471;0;0;-47.8371;0;0;0;0;0;-0.433984;-0.968483;-0.140807;-0.205462;0.989371;0.126774;-0.0712327;0.993314;0.115189;-0.00765962;0.795491;-0.155141;-0.585768;6.17155;0.743286;23.1514;0;0;0.754297;24.202;0.551907;-5.18328;0;0;2.2681;27.0007;5.52211;-0.56421;0;0;-47.8371;12.3944;4.12494;8.00529;0;0;-0.433984;139;137;110;107;107;75;1000;1000;589;35;35;23;1;1;1;1;
127;128;0;0;-0.00486197;0;0;0.749435;0;0;-0.00965036;0;0;2.25845;0;0;0.012277;0;0;-47.8248;0;0;0;0;0;-0.433984;0.983774;0.14961;-0.0990244;0.985678;0.103902;-0.132825;0.0325287;0.999351;-0.0154495;0.968154;0.069622;-0.24048;7.15328;0.90575;23.0524;0;0;0.749435;25.1828;0.69457;-5.31611;0;0;2.25845;27.7631;6.16897;-0.579659;0;0;-47.8248;13.3631;4.18723;7.76481;0;0;-0.433984;152;151;135;110;110;82;1000;1000;581;36;36;22;1;1;1;1;
128;129;0;0;0.00231934;0;0;0.751755;0;0;-0.173775;0;0;2.08468;0;0;0.161974;0;0;-47.6629;0;0;0;0;0;-0.433984;0.840932;-0.105443;-0.530768;-0.223704;0.974496;-0.017714;-0.0211385;-0.999755;0.00653527;-0.311485;0.848107;-0.428592;7.99553;0.811349;22.5216;0;0;0.751755;24.9238;1.66028;-5.33382;0;0;2.08468;27.0099;5.51127;-0.573124;0;0;-47.6629;13.058;5.03767;7.33622;0;0;-0.433984;142;141;128;118;118;80;1000;1000;577;24;24;17;1;1;1;1;
129;130;0;0;-0.00763321;0;0;0.744121;0;0;-1.14561;0;0;0.939066;0;0;-0.931554;0;0;-48.5944;0;0;0;0;0;-0.433984;0.971565;0.210057;-0.109263;0.110946;0.993826;-0.000883951;-0.353946;0.93516;-0.0140536;0.718457;-0.140117;-0.681313;8.96428;1.03401;22.4123;0;0;0.744121;25.0185;2.65579;-5.33471;0;0;0.939066;27.4772;6.39524;-0.587178;0;0;-48.5944;13.7754;4.89211;6.65491;0;0;-0.433984;153;151;109;113;113;72;1001;1001;597;25;25;17;1;1;1;1;
130;131;0;0;-0.0237207;0;0;0.720401;0;0;-0.0262249;0;0;0.912841;0;0;-0.00915394;0;0;-48.6036;0;0;0;0;0;-0.433984;-0.939894;0.313979;-0.134225;-0.958658;-0.284487;0.00650914;0.978809;0.204718;-0.00483456;0.783992;-0.152899;-0.601646;8.02051;1.33614;22.2781;0;0;0.720401;24.0645;2.35607;-5.3282;0;0;0.912841;28.278;5.79636;-0.592012;0;0;-48.6036;14.5582;4.73328;6.05326;0;0;-0.433984;180;180;134;122;122;81;1000;1000;567;25;25;18;1;1;1;1;
131;132;0;0;-0.0110427;0;0;0.709358;0;0;0.0106189;0;0;0.92346;0;0;-0.104091;0;0;-48.7077;0;0;0;0;0;-0.433984;0.994384;0.0703286;-0.079085;-0.99;-0.109131;0.0893852;0.993097;0.0725109;-0.0921931;0.953419;-0.285454;-0.0975141;9.01395;1.41878;22.199;0;0;0.709358;23.0764;2.231;-5.23881;0;0;0.92346;28.9878;5.09804;-0.684205;0;0;-48.7077;15.5094;4.44061;5.95575;0;0;-0.433984;161;159;127;122;122;79;1000;1000;673;26;26;19;1;1;1;1;
132;133;0;0;0.0107153;0;0;0.720073;0;0;0.0154774;0;0;0.938937;0;0;-0.0320824;0;0;-48.7397;0;0;0;0;0;-0.433984;0.982941;0.178505;0.044302;-0.937103;0.333589;0.102745;0.988343;-0.116789;-0.0976689;0.829109;-0.101886;-0.549725;9.99457;1.60962;22.2433;0;0;0.720073;22.1339;2.54919;-5.13607;0;0;0.938937;29.5518;4.27806;-0.781874;0;0;-48.7397;16.3377;4.33245;5.40602;0;0;-0.433984;159;156;116;121;121;79;1000;1000;568;28;28;20;1;1;1;1;
133;134;0;0;0.0111459;0;0;0.731219;0;0;-0.00764896;0;0;0.931288;0;0;-0.454925;0;0;-49.1947;0;0;-0.00956197;0;0;-0.443546;0.994071;0.107527;-0.0161564;-0.245246;-0.969456;0.00294006;-0.0602702;0.998103;-0.0125576;0.994253;0.10642;-0.0116664;10.9872;1.72983;22.2272;0;0;0.731219;21.9045;1.57587;-5.13313;0;0;0.931288;30.268;4.97594;-0.794432;0;0;-49.1947;17.3328;4.43117;5.39436;0;0;-0.443546;157;147;116;133;133;83;1000;1000;580;29;29;16;1;1;1;1;
134;135;0;0;-0.0139571;0;0;0.717262;0;0;0.0321685;0;0;0.963457;0;0;0.0435795;0;0;-49.1511;0;0;-0.0360251;0;0;-0.479571;0.989367;0.116874;-0.0865618;-0.983768;-0.146257;0.103966;-0.316531;-0.938137;-0.140381;0.942339;0.164325;0.29154;11.975;1.85908;22.1406;0;0;0.717262;20.9233;1.41309;-5.02916;0;0;0.963457;29.3513;4.60177;-0.934813;0;0;-49.1511;18.2765;4.5876;5.6859;0;0;-0.479571;148;142;115;122;122;82;1000;1000;564;34;34;20;1;1;1;1;
135;136;0;0;-0.00353195;0;0;0.71373;0;0;0.0352096;0;0;0.998667;0;0;-1.51818;0;0;-50.6693;0;0;0;0;0;-0.479571;0.969436;0.236285;-0.0660532;0.924025;-0.338105;-0.178502;-0.122544;0.992456;-0.00379324;-0.942464;-0.18851;-0.276091;12.9414;2.10742;22.0746;0;0;0.71373;21.8531;1.09115;-5.20766;0;0;0.998667;30.0413;5.32557;-0.938606;0;0;-50.6693;17.3324;4.40699;5.40981;0;0;-0.479571;163;155;121;113;113;78;1000;1000;573;31;31;18;1;1;1;1;
136;137;0;0;0.0176879;0;0;0.731418;0;0;0.00648353;0;0;1.00515;0;0;-0.0427074;0;0;-50.712;0;0;0;0;0;-0.479571;0.987885;-0.022532;-0.153543;0.79865;-0.075725;-0.597013;0.93203;0.362192;-0.0116868;0.971972;0.213045;-0.0994117;13.9295;2.0975;21.921;0;0;0.731418;22.6529;1.02944;-5.80468;0;0;1.00515;30.9118;4.83355;-0.950293;0;0;-50.712;18.3062;4.61189;5.31039;0;0;-0.479571;173;169;124;118;118;77;1001;1001;578;29;29;16;1;1;1;1;
137;138;0;0;0.00287836;0;0;0.734296;0;0;-0.0183442;0;0;0.986806;0;0;0.0296189;0;0;-50.6824;0;0;0;0;0;-0.479571;0.980362;-0.154868;0.122094;-0.972953;-0.214952;0.0846071;0.601251;0.798978;-0.011479;-0.00164283;-0.124603;0.992205;14.9118;1.95521;22.0431;0;0;0.734296;21.6838;0.797765;-5.72007;0;0;0.986806;31.9109;4.87465;-0.961772;0;0;-50.6824;18.3035;4.4873;6.3026;0;0;-0.479571;151;136;106;123;123;83;1000;1000;558;32;32;18;1;1;1;1;
138;139;0;0;-0.0178005;0;0;0.716496;0;0;0.0189469;0;0;1.00575;0;0;-0.108118;0;0;-50.7905;0;0;0;0;0;-0.479571;-0.795112;-0.600181;-0.0870602;-0.980541;-0.181453;0.074922;0.138321;-0.990012;0.0272831;0;-1;0;14.1242;1.34513;21.956;0;0;0.716496;20.7066;0.599129;-5.64515;0;0;1.00575;31.2312;4.14162;-0.934489;0;0;-50.7905;18.2951;3.48734;6.3026;0;0;-0.479571;167;167;128;116;116;80;1000;1000;570;29;29;17;1;1;1;1;
139;140;0;0;0.000189692;0;0;0.716686;0;0;-0.018229;0;0;0.987524;0;0;-0.627962;0;0;-51.4184;0;0;0;0;0;-0.479571;0.966628;0.203678;-0.155389;-0.948407;-0.301078;0.0993812;0.155645;-0.987803;0.00450688;0.882881;-0.21013;-0.41996;15.0883;1.56088;21.8007;0;0;0.716686;19.7635;0.281749;-5.54577;0;0;0.987524;30.5561;3.40393;-0.929982;0;0;-51.4184;19.1762;3.26983;5.88264;0;0;-0.479571;168;168;143;111;111;80;1000;1000;577;30;30;21;1;1;1;1;
140;141;0;0;0.000642008;0;0;0.717328;0;0;-0.0163986;0;0;0.971125;0;0;0.0431185;0;0;-51.3753;0;0;0;0;0;-0.479571;-0.239555;0.0155749;0.970758;-0.912091;0.362603;-0.191333;0.685768;-0.72419;-0.0726035;0.950413;-0.301707;-0.0754126;14.8485;1.57346;22.7714;0;0;0.717328;18.8454;0.628842;-5.7371;0;0;0.971125;30.4184;2.41612;-1.00259;0;0;-51.3753;20.1241;2.96017;5.80723;0;0;-0.479571;145;144;126;113;113;75;1000;1000;576;34;34;24;1;1;1;1;
141;142;0;0;0.0012476;0;0;0.718575;0;0;-2.76296;0;0;-1.79183;0;0;0.0651596;0;0;-51.3102;0;0;0;0;0;-0.479571;0.993267;0.0696068;-0.0926022;0.0984985;0.994966;-0.018481;-0.964948;0.262437;0.00142126;-0.261285;-0.0111505;0.965197;15.8408;1.65552;22.6788;0;0;0.718575;18.975;1.62024;-5.75558;0;0;-1.79183;30.02;3.33336;-1.00116;0;0;-51.3102;19.8627;2.95121;6.77242;0;0;-0.479571;158;157;124;108;108;73;1000;1000;618;33;33;19;1;1;1;1;
142;143;0;0;-0.00924395;0;0;0.709331;0;0;0.306673;0;0;-1.48516;0;0;0.208684;0;0;-51.1015;0;0;0;0;0;-0.479571;0.994698;0.0108783;-0.102264;0.0491595;-0.998649;0.016862;0.831307;-0.548437;-0.090249;0.945344;-0.31141;-0.0966882;16.8353;1.67871;22.5765;0;0;0.709331;18.9983;0.620654;-5.73872;0;0;-1.48516;30.1152;2.342;-1.09141;0;0;-51.1015;20.8054;2.6319;6.67574;0;0;-0.479571;183;182;140;115;115;85;1000;1000;549;36;36;23;1;1;1;1;
143;144;0;0;0.0615842;0;0;0.770915;0;0;-0.0376278;0;0;-1.52279;0;0;-0.279163;0;0;-51.3806;0;0;-0.00197123;0;0;-0.481542;-0.0220882;-0.179163;0.983571;0.992629;0.0913736;-0.0796117;-0.949046;0.315072;0.0064209;0.982854;-0.171542;-0.0676166;16.8156;1.49926;23.5601;0;0;0.770915;19.993;0.685617;-5.81833;0;0;-1.52279;29.769;3.28014;-1.08499;0;0;-51.3806;21.7868;2.4521;6.60812;0;0;-0.481542;155;155;145;106;106;65;1000;1000;680;29;29;18;1;1;1;1;
144;145;0;0;0.0116495;0;0;0.782565;0;0;-0.00765965;0;0;-1.53044;0;0;-0.00289553;0;0;-51.3835;0;0;0;0;0;-0.481542;0.791236;-0.132592;-0.596964;-0.992924;-0.086174;0.0817091;-0.975484;-0.195847;0.100372;0;1;0;17.6086;1.37749;22.9632;0;0;0.782565;18.9981;0.625992;-5.73662;0;0;-1.53044;29.0072;3.9201;-0.98462;0;0;-51.3835;21.7952;3.45207;6.60812;0;0;-0.481542;138;135;123;87;87;60;1000;1000;552;23;23;15;1;1;1;1;
145;146;0;0;0.0148884;0;0;0.797453;0;0;0.0796338;0;0;-1.45081;0;0;-0.00605498;0;0;-51.3896;0;0;0;0;0;-0.481542;0.942176;-0.333819;-0.0294662;-0.881984;-0.46618;0.0691493;0.992414;0.122706;-0.00762001;0;0;1;18.5554;1.05682;22.9337;0;0;0.797453;18.1046;0.182293;-5.66747;0;0;-1.45081;29.7224;3.22119;-0.99224;0;0;-51.3896;21.7952;3.45207;7.60812;0;0;-0.481542;133;131;120;92;92;66;1000;1000;571;30;30;22;1;1;1;1;
146;147;0;0;0.00451599;0;0;0.801969;0;0;0.0285034;0;0;-1.42231;0;0;-0.406532;0;0;-51.7961;0;0;0;0;0;-0.481542;0.629359;-0.150067;-0.762487;-0.976627;-0.214133;0.0186243;0.0452503;0.99808;-0.0422995;0;-1;0;19.1867;0.915573;22.1712;0;0;0.801969;17.1229;-0.00753299;-5.64885;0;0;-1.42231;30.5347;3.80291;-1.03454;0;0;-51.7961;21.7868;2.4521;7.60812;0;0;-0.481542;128;126;115;100;100;66;1000;1000;576;31;31;18;1;1;1;1;
147;148;0;0;-0.00298545;0;0;0.798984;0;0;-0.0273461;0;0;-1.44965;0;0;-0.132078;0;0;-51.9282;0;0;0;0;0;-0.481542;0.136935;-0.138584;0.980838;-0.774002;-0.587021;0.237332;0.412191;-0.91091;-0.018509;-0.920615;0.370209;-0.124146;19.3256;0.778912;23.152;0;0;0.798984;16.3343;-0.574785;-5.41151;0;0;-1.44965;30.0718;2.91671;-1.05305;0;0;-51.9282;20.8693;2.83004;7.48397;0;0;-0.481542;152;150;142;100;100;64;1000;1000;563;38;38;22;1;1;1;1;
148;149;0;0;0.0055136;0;0;0.804497;0;0;-0.00160485;0;0;-1.45126;0;0;0.0217611;0;0;-51.9064;0;0;0;0;0;-0.481542;-0.128259;-0.0637887;0.989687;-0.944747;-0.271184;0.184152;0.311247;-0.94905;-0.0492793;0.83167;-0.257087;-0.49217;19.1983;0.713328;24.1417;0;0;0.804497;15.383;-0.821955;-5.22736;0;0;-1.45126;29.5169;2.08624;-1.10233;0;0;-51.9064;21.6988;2.56597;6.9918;0;0;-0.481542;173;170;156;92;92;57;1000;1000;590;48;48;32;1;1;1;1;
149;150;0;0;0.00346433;0;0;0.807962;0;0;-2.23355;0;0;-3.68481;0;0;0.00112762;0;0;-51.9053;0;0;0;0;0;-0.481542;0.938539;-0.342682;-0.0413995;-0.0245784;0.999697;0.00093875;-0.947698;-0.302546;0.101662;-0.0661943;-0.0138997;0.99771;20.1415;0.383915;24.1003;0;0;0.807962;15.4227;0.177256;-5.22642;0;0;-3.68481;28.6941;2.64541;-1.00067;0;0;-51.9053;21.6325;2.55263;7.98951;0;0;-0.481542;151;151;135;108;108;74;1001;1001;592;40;40;29;1;1;1;1;
150;151;0;0;-0.00564491;0;0;0.802317;0;0;0.0188112;0;0;-3.666;0;0;0.0708724;0;0;-51.8344;0;0;0;0;0;-0.481542;0.114235;-0.116911;0.986551;0.977805;-0.186515;-0.0954414;-0.676102;0.72915;0.105949;-0.341832;0.811159;0.474524;20.2574;0.268615;25.0869;0;0;0.802317;16.3866;-0.0713986;-5.32187;0;0;-3.666;28.8496;3.62755;-0.894717;0;0;-51.8344;21.2975;3.36663;8.46404;0;0;-0.481542;155;155;143;103;103;70;1000;1000;562;31;31;18;1;1;1;1;
151;152;0;0;0.00271452;0;0;0.805031;0;0;-0.0827859;0;0;-3.74878;0;0;-0.130391;0;0;-51.9648;0;0;0;0;0;-0.481542;0.973654;-0.226363;0.0275446;0.933115;-0.336786;-0.125983;-0.286206;-0.958039;0.0157373;-0.896733;0.33997;-0.283355;21.2341;0.0559539;25.1144;0;0;0.805031;17.2957;-0.468473;-5.44785;0;0;-3.74878;27.9186;3.26268;-0.87898;0;0;-51.9648;20.4036;3.71412;8.18068;0;0;-0.481542;156;156;134;120;120;79;1000;1000;565;34;34;19;1;1;1;1;
152;153;0;0;-0.0229416;0;0;0.78209;0;0;-0.0417873;0;0;-3.79057;0;0;-0.070815;0;0;-52.0356;0;0;0;0;0;-0.481542;-0.123338;-0.991055;-0.0509588;0.991018;-0.130757;-0.0280425;0.148385;-0.988559;-0.0270646;0;0;1;21.1243;-0.936693;25.0635;0;0;0.78209;18.2759;-0.66446;-5.47589;0;0;-3.79057;27.2305;2.53756;-0.906044;0;0;-52.0356;20.4036;3.71412;9.18068;0;0;-0.481542;144;144;117;104;104;65;1000;1000;564;26;26;21;1;1;1;1;
153;154;0;0;0.0334349;0;0;0.815525;0;0;-2.69814;0;0;-6.48871;0;0;0.170161;0;0;-51.8655;0;0;0;0;0;-0.481542;0.904043;-0.380899;-0.193965;-0.0762684;0.996739;0.0263593;0.0253717;-0.999583;0.0137595;0.925204;-0.375248;0.0564555;22.0337;-1.30469;24.8695;0;0;0.815525;18.3128;0.334513;-5.44953;0;0;-6.48871;26.46;1.90035;-0.892285;0;0;-51.8655;21.3256;3.33111;9.23714;0;0;-0.481542;152;151;133;100;100;62;1000;1000;585;39;39;29;1;1;1;1;
154;155;0;0;-0.021306;0;0;0.794219;0;0;-0.110212;0;0;-6.59892;0;0;0.00761055;0;0;-51.8579;0;0;-0.0298281;0;0;-0.51137;0.938789;-0.344277;0.0122215;0.497169;-0.867591;0.010406;0.978783;-0.204896;-0.00137525;0.928404;-0.284124;-0.239457;22.9772;-1.63592;24.8817;0;0;0.794219;18.707;-0.584464;-5.43913;0;0;-6.59892;26.9033;1.00401;-0.89366;0;0;-51.8579;22.2515;3.03872;8.99768;0;0;-0.51137;169;169;145;127;127;86;1000;1000;581;41;41;32;1;1;1;1;
155;156;0;0;0.00519345;0;0;0.799412;0;0;0.0273866;0;0;-6.57154;0;0;0.859341;0;0;-50.9985;0;0;2.45546;0;0;1.94409;-0.383177;0.227919;0.895114;0.956158;0.279542;-0.0872808;0.503139;-0.864175;-0.00727583;0.0912724;-0.756546;-0.64754;22.5909;-1.41337;25.7768;0;0;0.799412;19.6888;-0.416185;-5.52641;0;0;-6.57154;26.5484;0.0691492;-0.900936;0;0;-50.9985;22.3684;2.2857;8.35014;0;0;1.94409;185;185;159;130;130;86;1001;1001;613;43;43;34;1;1;1;1;
156;157;0;0;-0.0177202;0;0;0.781692;0;0;-0.0165547;0;0;-6.58809;0;0;0.00296083;0;0;-50.9956;0;0;0;0;0;1.94409;0.801739;-0.178628;-0.570357;0.937732;-0.347101;0.0133952;0.981138;-0.193279;-0.00341308;0;0;1;23.395;-1.58104;25.2065;0;0;0.781692;20.5805;-0.868581;-5.51301;0;0;-6.58809;27.0157;-0.814936;-0.904349;0;0;-50.9956;22.3684;2.2857;9.35014;0;0;1.94409;184;184;150;103;103;68;1000;1000;581;32;32;20;1;1;1;1;
157;158;0;0;0.0275296;0;0;0.809221;0;0;0.44409;0;0;-6.144;0;0;-0.0651679;0;0;-51.0607;0;0;0;0;0;1.94409;0.994954;-0.00435238;-0.100235;0.202388;-0.978211;-0.0462776;-0.544277;0.838831;0.0111872;0.89001;-0.353806;-0.287581;24.3899;-1.57134;25.1062;0;0;0.809221;20.6771;-1.86283;-5.55929;0;0;-6.144;27.3261;0.135611;-0.893162;0;0;-51.0607;23.2699;1.96229;9.06256;0;0;1.94409;178;177;146;111;111;75;1000;1000;566;33;33;20;1;1;1;1;
158;159;0;0;0.00806707;0;0;0.817289;0;0;0.00531727;0;0;-6.13868;0;0;0.00252474;0;0;-51.0582;0;0;0;0;0;1.94409;0.57414;-0.813931;-0.088769;0.995311;0.0357826;-0.089868;0.970116;-0.226192;-0.0878244;0;0;1;24.9756;-2.377;25.0175;0;0;0.817289;21.6705;-1.93369;-5.64916;0;0;-6.13868;27.7599;-0.761098;-0.980986;0;0;-51.0582;23.2699;1.96229;10.0626;0;0;1.94409;173;164;141;121;121;84;1000;1000;583;33;33;21;1;1;1;1;
159;160;0;0;0.0147437;0;0;0.832032;0;0;-0.222015;0;0;-6.3607;0;0;0.0292534;0;0;-51.029;0;0;0;0;0;1.94409;-0.120534;-0.983284;0.13647;-0.198384;-0.980005;0.0152915;-0.959316;-0.2664;0.0935113;-0.993161;-0.113701;-0.026527;24.8693;-3.36193;25.1539;0;0;0.832032;21.3648;-2.88568;-5.63387;0;0;-6.3607;26.9495;-0.182811;-0.887475;0;0;-51.029;22.2811;1.81496;10.036;0;0;1.94409;148;144;111;119;119;71;1000;1000;557;27;27;15;1;1;1;1;
160;161;0;0;0.0257704;0;0;0.857803;0;0;-4.343;0;0;-10.7037;0;0;1.6163;0;0;-49.4127;0;0;0;0;0;1.94409;0.985801;0.158445;0.0556033;0.180682;0.983022;-0.0319785;-0.882194;-0.470881;0.00212987;0.93984;-0.262802;-0.218256;25.8526;-3.18874;25.2095;0;0;0.857803;21.7249;-1.95333;-5.66584;0;0;-10.7037;26.0179;0.180782;-0.885345;0;0;-49.4127;23.2293;1.5842;9.81778;0;0;1.94409;158;148;119;118;118;81;1000;1000;830;21;21;15;1;1;1;1;
161;162;0;0;-0.00380871;0;0;0.853994;0;0;-0.0886696;0;0;-10.7924;0;0;0.0259923;0;0;-49.3867;0;0;0.0036725;0;0;1.94776;0.942508;-0.320944;-0.0931368;0.739997;0.672528;-0.0105211;0.342123;0.938466;-0.0472491;0.0111243;0.0120393;-0.999866;26.7998;-3.4956;25.1164;0;0;0.853994;22.5777;-1.43126;-5.67636;0;0;-10.7924;26.953;0.531965;-0.932594;0;0;-49.3867;23.2401;1.59661;8.81791;0;0;1.94776;355;351;336;126;126;87;1000;1000;649;38;38;25;1;1;1;1;
162;163;0;0;0.00341366;0;0;0.857408;0;0;-0.00464615;0;0;-10.797;0;0;-0.3661;0;0;-49.7528;0;0;0;0;0;1.94776;0.996563;0.0313106;-0.0766931;0.98063;-0.195644;-0.0093619;-0.00763819;0.999627;-0.026232;-0.993855;-0.108063;-0.0239557;27.7958;-3.44938;25.0397;0;0;0.857408;23.5043;-1.80714;-5.68573;0;0;-10.797;27.7111;1.18364;-0.958826;0;0;-49.7528;22.2504;1.45483;8.79396;0;0;1.94776;315;306;270;111;111;80;1000;1000;577;30;30;19;1;1;1;1;
163;164;0;0;0.00354266;0;0;0.86095;0;0;0.0450542;0;0;-10.752;0;0;-0.0252813;0;0;-49.778;0;0;-0.0318401;0;0;1.91592;0.00781547;-0.0537098;0.998526;0.986394;-0.161603;-0.0301952;0.948985;-0.315318;-0.00126096;0.997309;0.0327037;-0.0656198;27.8044;-3.50297;26.0382;0;0;0.86095;24.4433;-2.14992;-5.71592;0;0;-10.752;28.0831;0.255428;-0.960087;0;0;-49.778;23.2461;1.52086;8.72834;0;0;1.91592;321;306;246;124;124;86;1000;1000;564;28;28;19;1;1;1;1;
164;165;0;0;0.00115374;0;0;0.862104;0;0;-0.0405988;0;0;-10.7926;0;0;0.00480385;0;0;-49.7732;0;0;0;0;0;1.91592;0.607444;-0.111763;-0.786461;-0.802934;-0.591485;0.0737719;-0.279994;-0.959868;0.0160294;-0.981814;-0.109013;-0.155425;28.4135;-3.60558;25.2518;0;0;0.862104;23.5438;-2.58059;-5.64215;0;0;-10.7926;27.1694;-0.150694;-0.944057;0;0;-49.7732;22.2685;1.37908;8.57291;0;0;1.91592;273;267;236;115;115;83;1000;1000;572;26;26;16;1;1;1;1;
165;166;0;0;0.00796456;0;0;0.870069;0;0;-0.150519;0;0;-10.9431;0;0;-0.1919;0;0;-49.9651;0;0;0;0;0;1.91592;0.916168;-0.143977;-0.37404;0.318838;-0.94754;-0.0226114;-0.945119;0.326718;0.00233602;0.99619;0.0171535;-0.0855079;29.3317;-3.73563;24.8777;0;0;0.870069;23.6769;-3.57143;-5.66476;0;0;-10.9431;26.8116;0.783102;-0.941721;0;0;-49.9651;23.2635;1.42953;8.4874;0;0;1.91592;272;270;223;106;106;70;1000;1000;630;24;24;19;1;1;1;1;
166;167;0;0;-0.00460429;0;0;0.865464;0;0;-0.0240836;0;0;-10.9672;0;0;0.041229;0;0;-49.9239;0;0;0;0;0;1.91592;0.993155;-0.00580235;-0.116664;0.830965;-0.5543;-0.0474184;0.995328;0.0963091;-0.00682491;0;1;0;30.3249;-3.72643;24.7611;0;0;0.865464;24.3873;-4.27369;-5.71218;0;0;-10.9672;27.5261;0.0834912;-0.948546;0;0;-49.9239;23.2301;2.42897;8.4874;0;0;1.91592;295;293;256;114;114;81;1000;1000;557;34;34;23;1;1;1;1;
167;168;0;0;0.0630008;0;0;0.928465;0;0;-7.40671;0;0;-18.3739;0;0;-27.5395;0;0;-77.4634;0;0;0;0;0;1.91592;-0.0376452;-0.19666;-0.979749;-0.0289627;0.999523;-0.0107662;-0.19402;0.980997;-0.000934961;0.995374;0.0120253;-0.0953208;30.2904;-3.92367;23.7813;0;0;0.928465;24.6749;-3.316;-5.72295;0;0;-18.3739;28.4416;0.485824;-0.949481;0;0;-77.4634;24.2245;2.47427;8.39208;0;0;1.91592;234;234;198;130;130;88;1000;1000;643;31;31;22;1;1;1;1;
168;169;0;0;0.0069472;0;0;0.935412;0;0;-0.00521806;0;0;-18.3791;0;0;-0.665318;0;0;-78.1287;0;0;0;0;0;1.91592;0.96418;0.143696;0.222954;0.995051;-0.0290619;-0.0950233;0.0815148;0.996561;-0.0149128;0;0;1;31.2521;-3.76425;24.0043;0;0;0.935412;25.61;-3.65732;-5.81797;0;0;-18.3791;29.4336;0.611059;-0.964394;0;0;-78.1287;24.2245;2.47427;9.39208;0;0;1.91592;178;172;150;111;111;76;1000;1000;579;27;27;21;1;1;1;1;
169;170;0;0;-0.00849412;0;0;0.926918;0;0;-0.00061746;0;0;-18.3797;0;0;0.21325;0;0;-77.9154;0;0;-0.0142181;0;0;1.90171;-0.961769;-0.252161;0.106842;0.945905;0.292567;-0.140241;0.660153;-0.751094;0.00749033;0.992313;0.12199;0.0208136;30.2946;-4.03194;24.1111;0;0;0.926918;26.5999;-3.67793;-5.95821;0;0;-18.3797;28.8374;-0.191709;-0.956904;0;0;-77.9154;25.2122;2.62912;9.4129;0;0;1.90171;189;186;147;130;130;86;1000;1000;581;32;32;20;1;1;1;1;
170;171;0;0;0.00158133;0;0;0.9285;0;0;0.0242281;0;0;-18.3555;0;0;0.0355011;0;0;-77.8799;0;0;-0.0117356;0;0;1.88997;0.992804;-0.000666252;-0.119749;0.628921;0.77354;-0.0780662;-0.059849;0.997218;-0.0444322;0.97542;-0.173975;-0.135235;31.2872;-4.01652;23.9914;0;0;0.9285;27.4404;-3.14181;-6.03628;0;0;-18.3555;29.7998;0.0761822;-1.00134;0;0;-77.8799;26.1929;2.48741;9.27766;0;0;1.88997;198;193;169;141;141;89;1000;1000;581;22;22;14;1;1;1;1;
171;172;0;0;-0.00682479;0;0;0.921675;0;0;0.00516854;0;0;-18.3503;0;0;0.0157906;0;0;-77.8642;0;0;0.000253294;0;0;1.89022;0.990301;-0.0926661;-0.103524;0.993512;0.11281;-0.0143984;0.928725;0.370645;-0.00956761;0.952104;-0.0772316;0.29586;32.2789;-4.09324;23.8879;0;0;0.921675;28.4189;-3.34752;-6.05068;0;0;-18.3503;30.3574;-0.753867;-1.0109;0;0;-77.8642;27.147;2.44162;9.57352;0;0;1.89022;190;188;149;130;130;85;1000;1000;611;24;24;17;1;1;1;1;
172;173;0;0;0.00402177;0;0;0.925697;0;0;-0.109312;0;0;-18.4596;0;0;0.0108469;0;0;-77.8533;0;0;0;0;0;1.89022;0.994153;0.0524142;-0.0944115;0.768554;0.638916;-0.03335;0.996467;0.083989;-0.000548459;-0.994913;0.00744081;0.100462;33.2721;-4.02478;23.7934;0;0;0.925697;29.3502;-2.98483;-6.08403;0;0;-18.4596;30.6492;-1.71035;-1.01145;0;0;-77.8533;26.1524;2.41624;9.67398;0;0;1.89022;197;191;153;129;129;90;1000;1000;578;18;18;15;1;1;1;1;
173;174;0;0;0.00169328;0;0;0.92739;0;0;-0.277887;0;0;-18.7375;0;0;0.244282;0;0;-77.609;0;0;0;0;0;1.89022;0.996481;-0.0274844;-0.0791828;-0.0615764;0.998095;0.00372588;-0.116663;0.993154;0.00586194;0;-0.661935;-0.749562;34.2689;-4.03613;23.7143;0;0;0.92739;29.6125;-2.01985;-6.0803;0;0;-18.7375;31.5942;-1.38329;-1.00559;0;0;-77.609;26.1742;1.75467;8.92442;0;0;1.89022;179;175;153;117;117;86;1000;1000;583;21;21;17;1;1;1;1;
174;175;0;0;0.00728714;0;0;0.934677;0;0;0.0226711;0;0;-18.7148;0;0;-0.0510183;0;0;-77.66;0;0;0;0;0;1.89022;0.991983;0.0352638;-0.121354;0.65688;-0.753884;0.0129005;-0.0556626;-0.998352;0.0139581;0.98102;-0.170364;-0.0926112;35.2601;-3.98469;23.5929;0;0;0.934677;29.9928;-2.94464;-6.0674;0;0;-18.7148;30.607;-1.54228;-0.991632;0;0;-77.66;27.1603;1.61676;8.83181;0;0;1.89022;201;200;159;112;112;74;1001;1001;585;25;25;15;1;1;1;1;
175;176;0;0;0.00203056;0;0;0.936707;0;0;0.0227353;0;0;-18.6921;0;0;-0.00626015;0;0;-77.6663;0;0;0;0;0;1.89022;0.800523;-0.318465;-0.507683;0.992466;-0.0750597;-0.0968399;0.999926;-0.0103747;-0.00630538;-0.770615;0.0891098;0.63104;36.0658;-4.29002;23.0852;0;0;0.936707;30.9089;-3.33381;-6.16424;0;0;-18.6921;30.8105;-2.52134;-0.997937;0;0;-77.6663;26.3872;1.6804;9.46285;0;0;1.89022;201;198;175;116;116;79;1000;1000;586;28;28;21;1;1;1;1;
176;177;0;0;0.00573203;0;0;0.94244;0;0;-0.0148776;0;0;-18.707;0;0;-0.0169125;0;0;-77.6832;0;0;-0.0500818;0;0;1.84014;-0.690602;0.0167531;-0.723041;0.99854;-0.0540172;0;0.999981;0.00438485;-0.00429976;0.954859;-0.134381;-0.264928;35.375;-4.28463;22.3622;0;0;0.94244;31.8373;-3.70523;-6.16433;0;0;-18.707;31.0281;-3.49737;-1.00224;0;0;-77.6832;27.3459;1.57675;9.19792;0;0;1.84014;186;186;157;134;134;92;1000;1000;568;38;38;32;1;1;1;1;
177;178;0;0;0.0257556;0;0;0.968195;0;0;-0.0265689;0;0;-18.7335;0;0;3.3697;0;0;-74.3135;0;0;0;0;0;1.84014;0.969428;-0.194452;-0.149661;0.97904;-0.203662;0.00150603;-0.295407;-0.955318;0.0101276;0;-1;0;36.3476;-4.46267;22.2125;0;0;0.968195;32.6991;-4.21254;-6.16282;0;0;-18.7335;30.0285;-3.47126;-0.992109;0;0;-74.3135;27.378;0.577265;9.19792;0;0;1.84014;186;184;162;133;133;82;1000;1000;617;35;35;20;1;1;1;1;
178;179;0;0;0.00411604;0;0;0.972311;0;0;0.00513493;0;0;-18.7284;0;0;0.199407;0;0;-74.1141;0;0;0.00173019;0;0;1.84187;-0.230437;0.332295;0.914592;-0.995127;0.0133378;0.0976935;-0.610702;-0.791762;0.0125001;0.995143;-0.00347858;-0.0983809;36.1115;-4.13434;23.1271;0;0;0.972311;31.7609;-3.88039;-6.06513;0;0;-18.7284;29.0998;-3.1006;-0.979609;0;0;-74.1141;28.3727;0.605773;9.09954;0;0;1.84187;228;226;193;135;135;91;1000;1000;583;48;48;33;1;1;1;1;
179;180;0;0;0.0201811;0;0;0.992492;0;0;0.00894172;0;0;-18.7195;0;0;-0.0361187;0;0;-74.1502;0;0;-0.409645;0;0;1.43223;0.946566;0.137746;0.291615;0.95717;0.272339;-0.0982659;0.997931;0.0641774;-0.00398246;0.249771;-0.773501;-0.582504;37.0556;-3.98022;23.4187;0;0;0.992492;32.7549;-3.92965;-6.1634;0;0;-18.7195;29.4341;-4.04307;-0.983592;0;0;-74.1502;28.6417;-0.161243;8.51704;0;0;1.43223;223;223;183;131;131;84;1000;1000;659;44;44;26;1;1;1;1;
180;181;0;0;0.0210225;0;0;1.01351;0;0;-0.0630801;0;0;-18.7826;0;0;-0.0653618;0;0;-74.2156;0;0;0;0;0;1.43223;-0.0548248;0.133098;0.989585;0.988879;0.12318;-0.0833335;0.997591;0.0674112;-0.016366;0.994784;-0.0177412;-0.100449;36.9984;-3.84811;24.4083;0;0;1.01351;33.7308;-4.13142;-6.24673;0;0;-18.7826;29.7703;-4.9847;-0.999958;0;0;-74.2156;29.6367;-0.154115;8.41659;0;0;1.43223;189;185;167;118;118;82;1000;1000;580;36;36;22;1;1;1;1;
181;182;0;0;-0.00858729;0;0;1.00493;0;0;0.00259835;0;0;-18.78;0;0;-0.0186318;0;0;-74.2342;0;0;0.00111144;0;0;1.43334;0.99184;0.074696;-0.103314;0.994829;0.0256805;-0.0982673;-0.517649;0.855593;0.000155963;0.69049;-0.252925;-0.677681;37.9888;-3.75603;24.305;0;0;1.00493;34.6809;-4.42738;-6.345;0;0;-18.78;30.453;-4.25406;-0.999802;0;0;-74.2342;30.3333;-0.389689;7.73891;0;0;1.43334;171;164;141;114;114;73;1000;1000;599;32;32;25;1;1;1;1;
182;183;0;0;-0.0001338;0;0;1.00479;0;0;0.145018;0;0;-18.6349;0;0;0.237915;0;0;-73.9963;0;0;0.349054;0;0;1.78239;0.995209;0.0109215;-0.0971583;0.506008;-0.861448;-0.0431658;0.690262;0.723433;-0.0135484;0.975578;-0.206895;-0.073772;38.9836;-3.72766;24.2078;0;0;1.00479;34.8851;-5.40535;-6.38816;0;0;-18.6349;31.3387;-4.71812;-1.01335;0;0;-73.9963;31.3148;-0.566139;7.66514;0;0;1.78239;131;129;106;123;123;82;1000;1000;604;34;34;19;1;1;1;1;
183;184;0;0;-0.00736402;0;0;0.99743;0;0;-0.00689593;0;0;-18.6418;0;0;-0.931231;0;0;-74.9275;0;0;0;0;0;1.78239;-0.251243;0.359329;0.898755;-0.995448;0.08717;-0.0385409;0.320521;0.947005;-0.0211543;0.987985;-0.118035;-0.0997623;38.7262;-3.37276;25.1066;0;0;0.99743;33.9698;-5.00456;-6.4267;0;0;-18.6418;32.3365;-4.78135;-1.0345;0;0;-74.9275;32.306;-0.653387;7.56537;0;0;1.78239;141;140;127;120;120;77;1000;1000;589;28;28;23;1;1;1;1;
184;185;0;0;-0.00661313;0;0;0.990816;0;0;0.0707121;0;0;-18.5711;0;0;-0.145327;0;0;-75.0729;0;0;0;0;0;1.78239;0.679024;-0.727582;-0.0977291;-0.68424;-0.72631;0.0654976;0.367801;0.929904;0.000958604;-0.637118;-0.371349;-0.675411;39.4177;-4.08849;25.0089;0;0;0.990816;33.0898;-5.47513;-6.36121;0;0;-18.5711;33.3298;-4.89721;-1.03355;0;0;-75.0729;31.6807;-1.04437;6.88996;0;0;1.78239;155;154;133;119;119;78;1000;1000;584;29;29;24;1;1;1;1;
185;186;0;0;0.0112065;0;0;1.00202;0;0;-0.277593;0;0;-18.8487;0;0;-0.0994078;0;0;-75.1723;0;0;0;0;0;1.78239;0.256458;-0.0777758;-0.963421;0.0318104;0.961475;0.273047;-0.048219;-0.998667;0.0184278;-0.989586;-0.125701;-0.0701382;39.6754;-4.16177;24.0454;0;0;1.00202;33.4306;-4.57549;-6.08816;0;0;-18.8487;32.352;-5.10617;-1.01512;0;0;-75.1723;30.6955;-1.20079;6.81983;0;0;1.78239;140;138;123;111;111;69;1000;1000;589;26;26;16;1;1;1;1;
186;187;0;0;0.00968436;0;0;1.01171;0;0;-0.0157383;0;0;-18.8645;0;0;0.00227513;0;0;-75.17;0;0;0;0;0;1.78239;-0.865127;0.274484;0.419778;0.996768;-0.0801355;-0.0057283;0.981473;-0.191589;-0.00187124;0.931909;-0.181746;-0.313869;38.8056;-3.9026;24.4652;0;0;1.01171;34.3479;-4.97361;-6.09389;0;0;-18.8645;32.418;-6.10398;-1.01699;0;0;-75.17;31.6326;-1.35347;6.50596;0;0;1.78239;136;133;124;122;122;80;1000;1000;607;34;34;25;1;1;1;1;
187;188;0;0;0.0125748;0;0;1.02428;0;0;0.0596559;0;0;-18.8048;0;0;0.00272858;0;0;-75.1673;0;0;0;0;0;1.78239;-0.598278;-0.00944921;0.801233;0.820728;-0.571303;0.00420724;0.995322;-0.0965312;-0.00404188;0.962762;-0.15891;-0.218716;38.2076;-3.92274;25.2665;0;0;1.02428;34.9406;-5.77898;-6.08968;0;0;-18.8048;32.5795;-7.09085;-1.02103;0;0;-75.1673;32.5999;-1.48235;6.28724;0;0;1.78239;147;145;121;109;109;78;1000;1000;597;33;33;22;1;1;1;1;
188;189;0;0;-0.000926351;0;0;1.02336;0;0;0.0456323;0;0;-18.7592;0;0;-0.102173;0;0;-75.2694;0;0;0;0;0;1.78239;0.978547;-0.193428;-0.0709327;0.994062;0.0285222;-0.105012;0.477256;-0.878664;-0.01326;0;-1;0;39.1894;-4.09866;25.1955;0;0;1.02336;35.8911;-6.07165;-6.19469;0;0;-18.7592;31.8511;-7.77584;-1.03429;0;0;-75.2694;32.631;-2.48187;6.28724;0;0;1.78239;151;150;131;116;116;81;1000;1000;576;33;33;18;1;1;1;1;
189;190;0;0;0.0139901;0;0;1.03735;0;0;0.066366;0;0;-18.6928;0;0;-5.92231;0;0;-81.1918;0;0;-0.155158;0;0;1.62724;0.986188;-0.12854;-0.104458;0.836667;-0.541966;-0.0791274;0.0503887;0.998636;-0.0136586;-0.104288;-0.0200937;-0.994344;40.1778;-4.20933;25.0911;0;0;1.03735;36.5099;-6.85318;-6.27382;0;0;-18.6928;32.8457;-7.67272;-1.04795;0;0;-81.1918;32.5273;-2.50492;5.2929;0;0;1.62724;164;163;129;119;119;81;1000;1000;587;33;33;25;1;1;1;1;
190;191;0;0;-0.0174545;0;0;1.01989;0;0;-0.0404072;0;0;-18.7332;0;0;0.0162633;0;0;-81.1755;0;0;0;0;0;1.62725;-0.825471;0.0103457;0.564349;0.994385;-0.0411224;-0.097509;0.927956;0.372525;-0.0111087;-0.937899;-0.193073;-0.288216;39.3523;-4.21368;25.6554;0;0;1.01989;37.4384;-7.21148;-6.37133;0;0;-18.7332;33.3561;-8.53254;-1.05906;0;0;-81.1755;31.5953;-2.72454;5.00468;0;0;1.62725;191;190;181;122;122;88;1000;1000;594;34;34;20;1;1;1;1;
