length=;892;
t1;t2;x;y;z;roll;pitch;yaw;numCorners;numMatches;numInliers;estValid;
0;0.0333333;0.264049;0.96434;-0.0180805;0;0;-0.290866;49;49;32;1;
0.0333333;0.0666667;-0.955897;0.29363;0.00650872;0;0;-0.0325058;51;51;30;1;
0.0666667;0.1;0.0846957;-0.996364;-0.00926733;0;0;-0.448264;58;58;36;1;
0.1;0.133333;-0.109091;0.993903;-0.0160117;0;0;-0.0536758;58;58;41;1;
0.133333;0.166667;0.970387;0.221023;-0.0974538;0;0;-0.0101224;63;63;34;1;
0.166667;0.2;-0.251672;-0.967723;0.0131721;0;0;-0.768095;66;66;41;1;
0.2;0.233333;0.977611;-0.206341;-0.041227;0;0;0.000656505;66;66;41;1;
0.233333;0.266667;-0.652054;0.758172;-0.000830476;0;0;0.00221188;65;65;40;1;
0.266667;0.3;0.95452;0.282021;-0.0967272;0;0;0.00511535;59;59;39;1;
0.3;0.333333;-0.922539;0.300566;-0.242036;0;0;-0.0611379;56;56;37;1;
0.333333;0.366667;-0.953125;-0.30256;0.00329424;0;0;0.000594869;51;51;32;1;
0.366667;0.4;0.827765;-0.555465;-0.0791495;0;0;0.618524;50;50;33;1;
0.4;0.433333;-0.971569;-0.232926;0.042408;0;0;0.00245321;59;59;38;1;
0.433333;0.466667;0.64161;0.760705;-0.0983072;0;0;0.112418;58;58;38;1;
0.466667;0.5;-0.868303;-0.393638;0.301824;0;0;-0.0454538;63;63;39;1;
0.5;0.533333;0.975853;-0.214671;-0.0403474;0;0;0.00391147;49;49;33;1;
0.533333;0.566667;-0.96651;0.220133;0.131907;0;0;0.002601;47;47;33;1;
0.566667;0.6;-0.897646;0.430399;0.0948086;0;0;-0.0245995;51;51;35;1;
0.6;0.633333;-0.971274;0.237956;-0.00190369;0;0;-0.00257861;60;60;37;1;
0.633333;0.666667;0.148352;0.988839;-0.0137304;0;0;-0.279846;64;64;41;1;
0.666667;0.7;-0.97458;0.188379;0.12127;0;0;0.00939825;66;66;37;1;
0.7;0.733333;0.929364;0.356578;-0.0955745;0;0;-0.0561329;65;65;45;1;
0.733333;0.766667;0.270265;0.962665;-0.0152474;0;0;-0.0453016;50;50;37;1;
0.766667;0.8;-0.351506;-0.93426;0.060018;0;0;6.56812;53;53;36;1;
0.8;0.833333;0.971828;0.21937;-0.0861854;0;0;0.00991659;56;56;36;1;
0.833333;0.866667;0.994483;-0.100421;-0.0303031;0;0;0.00300313;60;60;35;1;
0.866667;0.9;-0.0734103;0.99722;-0.0127989;0;0;-1.7869;64;64;46;1;
0.9;0.933333;-0.596033;-0.800666;0.0606526;0;0;-0.00505454;60;60;47;1;
0.933333;0.966667;0.0707512;-0.997365;0.0160496;0;0;3.49731;64;64;44;1;
0.966667;1;0.96856;0.242996;-0.0533357;0;0;-0.00214312;66;66;47;1;
1;1.03333;0.147478;0.988994;-0.0119151;0;0;-0.317598;59;59;44;1;
1.03333;1.06667;-0.978017;0.18603;0.0942133;0;0;0.0207622;58;58;44;1;
1.06667;1.1;0.465635;-0.88494;0.00807758;0;0;0.775401;55;55;37;1;
1.1;1.13333;0.960798;0.259187;-0.0984351;0;0;0.00183757;51;51;37;1;
1.13333;1.16667;-0.975998;0.1952;0.096563;0;0;0.00106546;58;58;36;1;
1.16667;1.2;-0.593887;-0.80138;0.0713374;0;0;13.3083;53;53;36;1;
1.2;1.23333;0.993013;-0.0652702;-0.0983062;0;0;-0.742339;57;57;43;1;
1.23333;1.26667;0.979808;0.169804;-0.105562;0;0;0.0860526;102;102;67;1;
1.26667;1.3;-0.991658;0.0846544;0.0972021;0;0;-0.0145954;75;75;52;1;
1.3;1.33333;-0.987352;-0.124351;0.0983527;0;0;-0.0586205;73;73;53;1;
1.33333;1.36667;-0.886878;0.449758;0.105662;0;0;-0.0644298;67;67;46;1;
1.36667;1.4;-0.981303;-0.165577;0.0981264;0;0;0.0048289;72;72;49;1;
1.4;1.43333;0.907776;0.373855;-0.190199;0;0;0.024318;66;66;43;1;
1.43333;1.46667;0.993037;-0.0756236;-0.090324;0;0;0.0702497;59;59;42;1;
1.46667;1.5;0.114212;-0.993391;0.0114068;0;0;2.18839;73;73;50;1;
1.5;1.53333;0.996733;0.0630425;0.0504849;0;0;0.00367267;67;67;40;1;
1.53333;1.56667;0.72226;-0.519876;-0.456145;0;0;0.171502;65;65;38;1;
1.56667;1.6;0.0690098;0.997525;-0.0135004;0;0;-0.393486;68;68;52;1;
1.6;1.63333;0.0718813;0.997411;-0.00217391;0;0;-2.02721;54;54;36;1;
1.63333;1.66667;0.988374;0.0996738;-0.114809;0;0;-0.00542348;43;43;26;1;
1.66667;1.7;0.98508;0.170447;-0.0237916;0;0;-0.00175166;49;49;32;1;
1.7;1.73333;0.989429;0.105791;-0.099187;0;0;0.0351106;45;45;30;1;
1.73333;1.76667;0.997511;-0.0705017;0.00120249;0;0;0.0039862;64;64;43;1;
1.76667;1.8;-0.976994;-0.213193;0.00564214;0;0;0.016904;53;53;35;1;
1.8;1.83333;-0.932839;0.360286;-0.00244851;0;0;0.0495315;58;58;40;1;
1.83333;1.86667;-0.990945;-0.100062;0.0895331;0;0;0.0122236;64;64;36;1;
1.86667;1.9;-0.161263;0.977069;-0.139031;0;0;-0.540446;61;61;39;1;
1.9;1.93333;0.938612;-0.292859;0.182323;0;0;-0.101745;89;89;52;1;
1.93333;1.96667;-0.788977;-0.612075;0.0536619;0;0;0.0525702;48;48;32;1;
1.96667;2;-0.389042;0.921162;-0.0103727;0;0;-0.456142;62;62;46;1;
2;2.03333;0.991228;-0.0975137;-0.0892125;0;0;-0.00634241;68;68;41;1;
2.03333;2.06667;-0.899816;-0.428105;0.084006;0;0;0.0126355;62;62;41;1;
2.06667;2.1;0.103157;-0.994663;-0.00213514;0;0;0.905967;62;62;44;1;
2.1;2.13333;-0.994535;0.0351189;0.0983218;0;0;-0.0331222;73;73;42;1;
2.13333;2.16667;-0.986274;0.132644;0.0983353;0;0;0.0359009;57;57;45;1;
2.16667;2.2;0.199701;-0.979708;0.0170985;0;0;0.366364;64;64;44;1;
2.2;2.23333;-0.992109;0.0549716;0.112686;0;0;0.0153373;68;68;41;1;
2.23333;2.26667;-0.993243;0.0771986;0.0866528;0;0;-0.00248745;65;65;41;1;
2.26667;2.3;-0.994857;-0.101245;0.00288484;0;0;0.000216301;71;71;48;1;
2.3;2.33333;0.99964;-0.0220809;-0.0152716;0;0;0.00204477;61;61;40;1;
2.33333;2.36667;-0.994524;-0.0324227;0.0993527;0;0;0.0442522;64;64;40;1;
2.36667;2.4;0.98257;0.157237;-0.099159;0;0;0.0366842;55;55;37;1;
2.4;2.43333;0.803408;0.589843;-0.081363;0;0;-0.0753715;49;49;34;1;
2.43333;2.46667;-0.977513;0.187887;0.0957455;0;0;-0.00884723;46;46;37;1;
2.46667;2.5;0.921656;-0.368611;-0.121142;0;0;-0.0415242;45;45;31;1;
2.5;2.53333;-0.976839;0.189434;0.0995026;0;0;-0.000109213;44;44;38;1;
2.53333;2.56667;0.937863;0.342812;-0.0537873;0;0;0.00680648;46;46;29;1;
2.56667;2.6;0.0674288;-0.957284;-0.281177;0;0;-0.116874;51;51;34;1;
2.6;2.63333;0.993264;0.0878152;-0.0755971;0;0;-0.0367124;51;51;29;1;
2.63333;2.66667;-0.995016;0.026246;0.0962024;0;0;-0.00772136;48;48;30;1;
2.66667;2.7;0.907423;0.412517;-0.0800774;0;0;-0.0275339;54;54;32;1;
2.7;2.73333;0.993425;-0.0957963;-0.0626862;0;0;0.00432323;61;61;45;1;
2.73333;2.76667;0.995207;-0.00894886;-0.0973812;0;0;-0.016256;61;61;40;1;
2.76667;2.8;-0.246737;-0.968853;0.0210895;0;0;9.57159;67;67;49;1;
2.8;2.83333;0.983549;-0.15966;-0.0844946;0;0;0.00796859;69;69;45;1;
2.83333;2.86667;0.902609;-0.427012;-0.0543784;0;0;-0.0297706;69;69;43;1;
2.86667;2.9;0.933128;-0.348556;-0.0882128;0;0;-0.0380855;67;67;44;1;
2.9;2.93333;0.850517;-0.517213;-0.0954476;0;0;-0.0210515;65;65;42;1;
2.93333;2.96667;0.265412;-0.940067;-0.214079;0;0;0.0435571;52;52;40;1;
2.96667;3;-0.973491;-0.205486;0.100452;0;0;-0.0108162;59;59;43;1;
3;3.03333;0.929475;0.356686;-0.0940824;0;0;0.0140712;54;54;41;1;
3.03333;3.06667;-0.910982;0.403893;0.0835587;0;0;-0.0250385;56;56;33;1;
3.06667;3.1;0.947971;0.302447;-0.0993872;0;0;-0.0768293;75;75;52;1;
3.1;3.13333;0.994062;0.0544703;-0.0941959;0;0;0.244741;90;90;54;1;
3.13333;3.16667;0.981442;-0.191756;-0.00113648;0;0;-0.0388254;90;90;55;1;
3.16667;3.2;0.0201622;-0.999687;0.0148163;0;0;2.05103;75;75;51;1;
3.2;3.23333;-0.208459;-0.977847;0.0189932;0;0;-0.638407;53;53;36;1;
3.23333;3.26667;0.995218;0.00388566;-0.0975983;0;0;-0.0413076;54;54;33;1;
3.26667;3.3;0.989651;0.10424;-0.0986145;0;0;-0.0159861;48;48;35;1;
3.3;3.33333;0.973514;0.205336;-0.100532;0;0;-0.00195965;56;56;38;1;
3.33333;3.36667;-0.987918;0.154895;-0.00495995;0;0;-0.0119084;59;59;41;1;
3.36667;3.4;-0.196329;0.980403;0.0162857;0;0;0.00848759;50;50;39;1;
3.4;3.43333;-0.966167;0.257804;-0.00763959;0;0;-0.000257648;49;49;44;1;
3.43333;3.46667;-0.929858;0.352348;0.105899;0;0;-0.000470421;61;61;44;1;
3.46667;3.5;-0.973021;0.210101;0.0953294;0;0;-0.0184029;63;63;39;1;
3.5;3.53333;-0.730728;0.682661;-0.00310945;0;0;-0.719499;75;75;46;1;
3.53333;3.56667;0.939108;0.337817;-0.0628995;0;0;-0.0030008;67;67;42;1;
3.56667;3.6;-0.994443;-0.105131;-0.00554473;0;0;0.00896098;57;57;36;1;
3.6;3.63333;-0.899587;0.428116;0.0863724;0;0;0.0585771;53;53;35;1;
3.63333;3.66667;-0.992291;0.106751;0.0629527;0;0;-0.00422342;46;46;35;1;
3.66667;3.7;-0.504716;-0.8622;-0.043266;0;0;0.11525;55;55;37;1;
3.7;3.73333;0.995366;0.0927099;-0.0255359;0;0;0.00496974;61;61;46;1;
3.73333;3.76667;-0.935631;0.326278;0.134673;0;0;0.0119132;62;62;46;1;
3.76667;3.8;-0.974039;-0.203719;0.0987281;0;0;-0.00907642;52;52;34;1;
3.8;3.83333;-0.502585;0.862603;0.0576545;0;0;0.108951;59;59;41;1;
3.83333;3.86667;0.700321;0.71256;-0.0425229;0;0;0.342822;72;72;47;1;
3.86667;3.9;-0.857848;0.510418;0.0597481;0;0;-0.139433;63;63;47;1;
3.9;3.93333;-0.0243229;-0.999704;0.000726452;0;0;0.188971;66;66;42;1;
3.93333;3.96667;0.832593;-0.553797;0.00988262;0;0;0.0225958;53;53;32;1;
3.96667;4;0.0414062;0.999071;-0.0119787;0;0;-6.49801;49;49;36;1;
4;4.03333;-0.963282;0.267826;0.0188936;0;0;-0.0200305;60;60;42;1;
4.03333;4.06667;0.998003;0.0004276;-0.0631671;0;0;0.00169707;62;62;41;1;
4.06667;4.1;0.846292;0.513015;-0.143544;0;0;0.0230583;67;67;50;1;
4.1;4.13333;-0.986798;0.127359;0.100049;0;0;-0.0183305;82;82;49;1;
4.13333;4.16667;-0.972227;-0.223514;0.0693917;0;0;-0.000408571;64;64;45;1;
4.16667;4.2;-0.332274;0.942346;0.0397122;0;0;-0.288487;62;62;46;1;
4.2;4.23333;0.992967;0.0748339;-0.0917386;0;0;0.00090919;58;58;48;1;
4.23333;4.26667;0.973196;0.227724;-0.032107;0;0;0.00339907;62;62;44;1;
4.26667;4.3;0.995239;0.0970632;-0.00887889;0;0;0.0212131;68;68;45;1;
4.3;4.33333;0.936741;0.350022;-0.000784337;0;0;-0.00967354;68;68;49;1;
4.33333;4.36667;0.992272;0.0774179;-0.0969684;0;0;-0.00448618;79;79;55;1;
4.36667;4.4;-0.487828;0.872632;0.0231813;0;0;0.795158;78;78;52;1;
4.4;4.43333;-0.979191;-0.202866;0.00550691;0;0;0;67;67;45;1;
4.43333;4.46667;-0.94609;0.26549;0.185548;0;0;-0.0134701;65;65;46;1;
4.46667;4.5;0.153219;0.988182;0.00441488;0;0;0.384601;68;68;47;1;
4.5;4.53333;-0.992643;-0.0692731;0.0993043;0;0;0.00936056;61;61;39;1;
4.53333;4.56667;-0.907194;-0.416628;0.0584725;0;0;0.00496169;56;56;36;1;
4.56667;4.6;0.968459;-0.229793;-0.0963422;0;0;0.00403487;59;59;36;1;
4.6;4.63333;0.995501;0.0609066;-0.0725835;0;0;-0.00370184;62;62;45;1;
4.63333;4.66667;0.951944;-0.299558;-0.0637784;0;0;0.062034;57;57;45;1;
4.66667;4.7;0.982654;-0.169165;-0.0759883;0;0;-0.000719433;61;61;49;1;
4.7;4.73333;0.961383;-0.258952;-0.0931977;0;0;0.00319587;64;64;43;1;
4.73333;4.76667;-0.989687;-0.103109;0.099438;0;0;0.0206668;62;62;43;1;
4.76667;4.8;-0.126814;-0.991694;0.0214921;0;0;4.8591;62;62;47;1;
4.8;4.83333;-0.860544;-0.494923;0.120476;0;0;0.000178302;68;68;45;1;
4.83333;4.86667;0.18498;0.982589;-0.0173503;0;0;-0.966238;65;65;44;1;
4.86667;4.9;0.999312;-0.0335148;-0.0158891;0;0;0.0111991;64;64;42;1;
4.9;4.93333;-0.456236;0.888271;0.0531317;0;0;0.00771841;57;57;43;1;
4.93333;4.96667;0.201165;0.972126;-0.120428;0;0;-0.292015;60;60;38;1;
4.96667;5;-0.982378;0.184902;-0.0272844;0;0;0.00166648;53;53;43;1;
5;5.03333;0.914246;-0.398495;-0.0731838;0;0;0.0163758;59;59;42;1;
5.03333;5.06667;0.999795;0.000995802;-0.0202304;0;0;0.0012985;59;59;48;1;
5.06667;5.1;0.955483;-0.278266;-0.0980838;0;0;0.0119219;61;61;45;1;
5.1;5.13333;0.976331;0.198415;-0.0860716;0;0;0.0027371;55;55;40;1;
5.13333;5.16667;0.931676;-0.191021;0.309015;0;0;0.000388853;67;67;48;1;
5.16667;5.2;0.0460013;0.998764;-0.0188375;0;0;0.103505;68;68;53;1;
5.2;5.23333;-0.99577;-0.00833576;0.0914976;0;0;-0.00304608;58;58;37;1;
5.23333;5.26667;-0.4165;-0.908674;0.0289548;0;0;0.14255;69;69;39;1;
5.26667;5.3;0.955517;0.278016;-0.0984565;0;0;-0.0364691;66;66;45;1;
5.3;5.33333;-0.257888;0.966098;0.0121752;0;0;-0.155881;70;70;47;1;
5.33333;5.36667;-0.991052;0.0981047;0.0905039;0;0;-0.0180401;68;68;40;1;
5.36667;5.4;0.979324;-0.179168;-0.0939321;0;0;0.012212;82;82;50;1;
5.4;5.43333;0.911959;0.398437;-0.0978659;0;0;0.00405092;75;75;44;1;
5.43333;5.46667;0.885077;0.364202;0.28982;0;0;0.028802;64;64;40;1;
5.46667;5.5;0.990958;-0.00323272;0.134135;0;0;-0.00509687;66;66;41;1;
5.5;5.53333;-0.408678;-0.912662;0.00547791;0;0;-0.428538;71;71;48;1;
5.53333;5.56667;0.974582;-0.200666;-0.0996181;0;0;-0.00211882;73;73;48;1;
5.56667;5.6;-0.875624;0.474927;0.087909;0;0;0.0522873;67;67;45;1;
5.6;5.63333;-0.069274;-0.997561;0.00854684;0;0;-0.724805;60;60;40;1;
5.63333;5.66667;-0.621749;0.782985;-0.0190691;0;0;0.114084;57;57;37;1;
5.66667;5.7;-0.996572;-0.00695711;0.0824379;0;0;0.00625871;66;66;41;1;
5.7;5.73333;-0.993864;0.0351041;0.104889;0;0;-0.00445797;56;56;34;1;
5.73333;5.76667;-0.993534;0.0573749;0.0979705;0;0;0.249545;65;65;41;1;
5.76667;5.8;-0.0471773;-0.998729;0.0177413;0;0;4.76645;57;57;42;1;
5.8;5.83333;0.988352;0.129179;-0.0804584;0;0;-0.0818302;59;59;37;1;
5.83333;5.86667;0.988327;0.114812;-0.100137;0;0;-0.108608;60;60;38;1;
5.86667;5.9;-0.971143;-0.238495;-0.000802424;0;0;0.0161367;46;46;25;1;
5.9;5.93333;0.0335685;0.648196;-0.760733;0;0;0.0579462;58;58;34;1;
5.93333;5.96667;0.880517;0.466154;-0.0859649;0;0;0.100346;55;55;33;1;
5.96667;6;-0.288065;0.957065;0.0323205;0;0;-10.8856;58;58;43;1;
6;6.03333;-0.989292;0.111871;0.0937367;0;0;-0.0192172;60;60;41;1;
6.03333;6.06667;0.633657;0.769465;-0.0800111;0;0;-1.60148;55;55;38;1;
6.06667;6.1;-0.981455;-0.172623;0.083355;0;0;-0.000753707;61;61;39;1;
6.1;6.13333;0.968181;0.250189;-0.0056464;0;0;-0.0609095;73;73;44;1;
6.13333;6.16667;0.988541;-0.0492551;0.142691;0;0;0.00788636;68;68;42;1;
6.16667;6.2;0.977409;-0.188451;-0.0956978;0;0;0.00128858;77;77;51;1;
6.2;6.23333;-0.893103;-0.448983;0.0279323;0;0;-0.040085;75;75;47;1;
6.23333;6.26667;0.990673;-0.101826;-0.0905408;0;0;-0.0244836;81;81;51;1;
6.26667;6.3;0.9752;-0.221321;0.00142093;0;0;0.0208229;72;72;45;1;
6.3;6.33333;0.973511;0.226043;-0.0343769;0;0;-0.0109011;64;64;41;1;
6.33333;6.36667;0.582132;0.810902;-0.0596742;0;0;0.22024;68;68;45;1;
6.36667;6.4;0.214402;0.97654;-0.0200142;0;0;-6.21131;66;66;44;1;
6.4;6.43333;0.989281;-0.107498;-0.0988314;0;0;-0.0667445;54;54;35;1;
6.43333;6.46667;-0.989629;0.126441;-0.068166;0;0;0.00352647;59;59;41;1;
6.46667;6.5;0.989087;-0.10739;-0.100871;0;0;-0.00711427;60;60;41;1;
6.5;6.53333;0.995034;0.00141924;-0.0995235;0;0;0.0157767;60;60;41;1;
6.53333;6.56667;-0.990546;-0.100556;0.0933074;0;0;-0.000945485;59;59;34;1;
6.56667;6.6;0.973895;-0.2241;-0.0361504;0;0;0.00771796;54;54;35;1;
6.6;6.63333;-0.994812;0.0429434;0.0922218;0;0;0.0248994;55;55;40;1;
6.63333;6.66667;-0.94081;0.338926;-0.00254486;0;0;-0.0356975;60;60;43;1;
6.66667;6.7;-0.992317;-0.0762479;-0.0974308;0;0;-0.00062061;57;57;41;1;
6.7;6.73333;-0.963591;-0.267378;-0.0012361;0;0;-0.0052813;68;68;46;1;
6.73333;6.76667;-0.66431;-0.742217;0.0883498;0;0;0.0322164;55;55;35;1;
6.76667;6.8;0.310198;0.950565;-0.0142563;0;0;-0.59614;52;52;36;1;
6.8;6.83333;0.993434;0.0624546;-0.095857;0;0;-0.000868248;60;60;41;1;
6.83333;6.86667;0.710038;-0.704057;-0.0122337;0;0;0.0224525;54;54;36;1;
6.86667;6.9;-0.740013;-0.667413;0.0833125;0;0;0.00774078;70;70;46;1;
6.9;6.93333;0.96597;-0.258642;-0.00240726;0;0;0.0269659;72;72;48;1;
6.93333;6.96667;0.84285;-0.537479;0.026857;0;0;-0.0127778;72;72;42;1;
6.96667;7;-0.992996;-0.0690721;0.0958489;0;0;-0.0010605;76;76;52;1;
7;7.03333;0.787995;0.610376;-0.080653;0;0;0.00961398;62;62;42;1;
7.03333;7.06667;0.955453;-0.293217;-0.0336786;0;0;-0.0222357;68;68;42;1;
7.06667;7.1;-0.999464;-0.00698709;-0.0319745;0;0;0.000222789;62;62;37;1;
7.1;7.13333;0.971148;-0.227779;-0.0706321;0;0;0.0187091;68;68;41;1;
7.13333;7.16667;-0.992833;0.1193;-0.00701823;0;0;-0.053258;70;70;45;1;
7.16667;7.2;-0.934774;0.344668;0.0860362;0;0;-0.049897;72;72;49;1;
7.2;7.23333;0.837008;0.541025;-0.0819098;0;0;-0.00530473;57;57;38;1;
7.23333;7.26667;0.963505;-0.249753;-0.0963407;0;0;-0.000119381;68;68;46;1;
7.26667;7.3;0.967589;0.252486;0.00469449;0;0;0.00815106;71;71;44;1;
7.3;7.33333;0.893108;-0.445136;-0.0648937;0;0;0.011639;74;74;52;1;
7.33333;7.36667;0.999681;-0.024956;-0.00385816;0;0;-0.00101383;74;74;47;1;
7.36667;7.4;-0.671105;0.740741;0.0303458;0;0;0.0428525;58;58;38;1;
7.4;7.43333;0.244355;0.969681;-0.00290638;0;0;0.503391;66;66;45;1;
7.43333;7.46667;-0.943026;-0.319298;0.0935496;0;0;0.0127499;66;66;46;1;
7.46667;7.5;0.984806;-0.171536;0.0270474;0;0;0.000270701;71;71;40;1;
7.5;7.53333;-0.948369;-0.306139;0.0829209;0;0;0.00931221;65;65;45;1;
7.53333;7.56667;-0.990127;-0.100565;0.0976476;0;0;0.0169197;69;69;45;1;
7.56667;7.6;0.519676;-0.854344;0.00570772;0;0;0.242382;59;59;42;1;
7.6;7.63333;-0.975549;0.195906;0.0996239;0;0;-0.00309418;54;54;40;1;
7.63333;7.66667;0.960373;-0.263498;-0.0908459;0;0;-0.004044;60;60;42;1;
7.66667;7.7;0.126984;-0.990024;-0.0610452;0;0;-0.230928;56;56;38;1;
7.7;7.73333;-0.950661;0.304222;0.0607721;0;0;-0.00130185;54;54;38;1;
7.73333;7.76667;-0.976772;0.189577;0.0998816;0;0;0.00103905;66;66;41;1;
7.76667;7.8;-0.041611;-0.998998;0.01648;0;0;0.826023;60;60;37;1;
7.8;7.83333;-0.981512;-0.188216;0.0347589;0;0;0.00959717;54;54;35;1;
7.83333;7.86667;0.908084;-0.382558;-0.170389;0;0;0.025224;57;57;35;1;
7.86667;7.9;-0.152264;0.988338;0.0016824;0;0;-0.49473;53;53;40;1;
7.9;7.93333;-0.999211;0.0396244;0.00263116;0;0;0.00134333;63;63;42;1;
7.93333;7.96667;-0.948228;0.315483;0.036521;0;0;-0.0387413;70;70;41;1;
7.96667;8;0.957412;-0.27322;-0.0933442;0;0;0.0638603;65;65;44;1;
8;8.03333;0.992358;-0.061291;-0.107098;0;0;0.031185;62;62;41;1;
8.03333;8.06667;0.954687;0.297204;0.0155979;0;0;0.0064441;67;67;43;1;
8.06667;8.1;0.974679;0.201715;-0.0964948;0;0;-0.00333342;64;64;46;1;
8.1;8.13333;0.97809;0.207744;-0.0135033;0;0;0.00331385;71;71;43;1;
8.13333;8.16667;0.983697;0.0143583;0.179257;0;0;0.0118272;68;68;44;1;
8.16667;8.2;0.988087;0.118854;-0.0977679;0;0;-0.0372798;81;81;49;1;
8.2;8.23333;0.993374;-0.0552725;-0.100764;0;0;-0.0107307;72;72;47;1;
8.23333;8.26667;0.765153;-0.639643;-0.0734734;0;0;0.190469;82;82;52;1;
8.26667;8.3;-0.824106;0.543891;0.158215;0;0;0.0876882;94;94;53;1;
8.3;8.33333;0.823563;-0.560193;-0.0890412;0;0;-0.0702931;76;76;49;1;
8.33333;8.36667;-0.379532;-0.924499;0.03545;0;0;-0.0711821;77;77;48;1;
8.36667;8.4;0.0373602;0.999239;-0.0111821;0;0;-5.79487;86;86;64;1;
8.4;8.43333;0.934612;-0.355669;0.000520691;0;0;0.0122037;77;77;47;1;
8.43333;8.46667;0.0786206;-0.996746;0.0177786;0;0;-0.0747814;76;76;49;1;
8.46667;8.5;-0.842238;0.531558;0.0898968;0;0;0.0152237;70;70;43;1;
8.5;8.53333;-0.940223;0.336416;0.0529579;0;0;0.0272955;76;76;45;1;
8.53333;8.56667;-0.985641;0.138359;0.0967874;0;0;-0.0467435;77;77;48;1;
8.56667;8.6;0.96101;-0.261682;-0.0893474;0;0;-0.0134166;77;77;46;1;
8.6;8.63333;0.984589;0.00490124;-0.174814;0;0;0.00231398;77;77;49;1;
8.63333;8.66667;0.942409;-0.32025;-0.0964646;0;0;0.0182133;75;75;51;1;
8.66667;8.7;0.994745;0.024771;-0.099342;0;0;-0.0906633;87;87;56;1;
8.7;8.73333;-0.940515;-0.339443;0.0144913;0;0;0.00649136;77;77;49;1;
8.73333;8.76667;-0.84335;-0.475006;0.251257;0;0;0.0151543;82;82;47;1;
8.76667;8.8;-0.502978;0.863315;0.041242;0;0;-3.05083;76;76;56;1;
8.8;8.83333;0.98369;0.145967;-0.105105;0;0;-0.00336987;73;73;42;1;
8.83333;8.86667;-0.300221;0.946309;0.11986;0;0;-0.817088;72;72;43;1;
8.86667;8.9;0.97968;-0.174776;-0.0983868;0;0;-0.0520861;69;69;43;1;
8.9;8.93333;-0.988313;0.117286;0.097372;0;0;-0.00773585;85;85;62;1;
8.93333;8.96667;0.987107;-0.127385;-0.0969187;0;0;-0.0168598;81;81;55;1;
8.96667;9;0.997289;-0.0365673;0.0638594;0;0;-0.0168324;75;75;47;1;
9;9.03333;0.94781;0.30464;-0.0940753;0;0;-0.0183393;83;83;58;1;
9.03333;9.06667;0.998306;-0.00431479;-0.0580252;0;0;0.00647383;71;71;52;1;
9.06667;9.1;-0.622854;-0.779905;0.0616423;0;0;-0.202506;76;76;51;1;
9.1;9.13333;0.970824;0.213834;-0.108513;0;0;-0.00111733;75;75;45;1;
9.13333;9.16667;-0.963892;-0.248039;0.0968926;0;0;-0.00179292;67;67;45;1;
9.16667;9.2;0.0586586;0.998265;0.00513407;0;0;-5.97437;67;67;48;1;
9.2;9.23333;0.991603;-0.0916693;-0.091217;0;0;0.0224592;76;76;45;1;
9.23333;9.26667;0.378662;-0.925535;-0.000146198;0;0;-0.126455;75;75;46;1;
9.26667;9.3;0.955514;-0.278877;-0.096019;0;0;-0.00879865;72;72;51;1;
9.3;9.33333;0.587951;-0.808569;-0.0229902;0;0;-0.0941294;76;76;47;1;
9.33333;9.36667;0.93759;-0.329244;-0.111911;0;0;0.00380184;77;77;48;1;
9.36667;9.4;0.986977;0.122517;-0.104236;0;0;-0.0483441;78;78;50;1;
9.4;9.43333;0.10816;0.993972;0.0179357;0;0;-4.59227;83;83;60;1;
9.43333;9.46667;0.792296;-0.604689;-0.0813504;0;0;0.241409;85;85;56;1;
9.46667;9.5;0.685202;-0.725799;-0.0609477;0;0;-0.0244748;86;86;58;1;
9.5;9.53333;0.993535;0.0677612;-0.091087;0;0;-0.0171558;96;96;61;1;
9.53333;9.56667;0.268973;-0.962526;-0.0346025;0;0;0.820676;92;92;64;1;
9.56667;9.6;0.983279;-0.153522;-0.0979514;0;0;-0.0508178;114;114;73;1;
9.6;9.63333;0.0614397;-0.998073;-0.00870111;0;0;0.292576;78;78;57;1;
9.63333;9.66667;0.410362;0.911527;-0.026862;0;0;0.554755;85;85;58;1;
9.66667;9.7;0.893743;0.439716;-0.0887307;0;0;0.000814874;74;74;59;1;
9.7;9.73333;0.565916;-0.82196;-0.0642001;0;0;0.192525;87;87;56;1;
9.73333;9.76667;0.994807;-0.021778;-0.0994225;0;0;0.108479;87;87;60;1;
9.76667;9.8;-0.952623;0.290176;0.0911474;0;0;-0.00568177;78;78;58;1;
9.8;9.83333;-0.981534;-0.163659;0.0990248;0;0;0.0482511;77;77;50;1;
9.83333;9.86667;-0.663225;0.733525;0.148573;0;0;-0.185482;81;81;54;1;
9.86667;9.9;0.629894;-0.775882;-0.0352098;0;0;0.194475;77;77;50;1;
9.9;9.93333;-0.371563;-0.928292;0.0146602;0;0;-0.341866;80;80;57;1;
9.93333;9.96667;0.997771;-0.0520175;0.0418016;0;0;0.0221332;72;72;45;1;
9.96667;10;-0.143704;-0.989556;0.0113531;0;0;1.97112;86;86;66;1;
10;10.0333;0.96725;-0.221433;-0.124077;0;0;0.00433845;65;65;47;1;
10.0333;10.0667;-0.97598;0.192261;0.10246;0;0;-0.00491863;68;68;48;1;
10.0667;10.1;-0.708225;-0.705975;0.00394475;0;0;-0.0367531;62;62;42;1;
10.1;10.1333;0.996019;-0.00254829;-0.0891003;0;0;-0.04344;69;69;46;1;
10.1333;10.1667;-0.0630267;-0.998001;0.00469481;0;0;2.37011;69;69;51;1;
10.1667;10.2;-0.963107;-0.249172;0.101674;0;0;-0.00168332;69;69;44;1;
10.2;10.2333;0.992483;-0.0738761;-0.0975707;0;0;0.0452617;70;70;48;1;
10.2333;10.2667;-0.979372;-0.176857;0.0977359;0;0;0.0198762;64;64;46;1;
10.2667;10.3;-0.965703;0.232793;0.114999;0;0;-0.00430184;79;79;51;1;
10.3;10.3333;-0.993591;-0.0577078;0.0971974;0;0;0.0851503;68;68;42;1;
10.3333;10.3667;0.334789;-0.941668;-0.0343246;0;0;0.221664;72;72;50;1;
10.3667;10.4;-0.217913;-0.975913;0.0103754;0;0;2.28302;83;83;52;1;
10.4;10.4333;0.848674;-0.528893;0.00502391;0;0;-0.0471962;73;73;46;1;
10.4333;10.4667;-0.989104;0.109125;0.0988135;0;0;0.00500082;81;81;55;1;
10.4667;10.5;0.558863;-0.827866;-0.0480646;0;0;-0.0183524;76;76;57;1;
10.5;10.5333;-0.982684;-0.157454;0.0976741;0;0;-0.00481277;75;75;50;1;
10.5333;10.5667;0.779023;-0.622764;-0.0727226;0;0;0.139607;78;78;55;1;
10.5667;10.6;0.427328;-0.899643;-0.0896277;0;0;-0.096437;73;73;44;1;
10.6;10.6333;-0.233493;-0.972049;-0.0245358;0;0;0.739284;77;77;54;1;
10.6333;10.6667;-0.46788;-0.881655;0.0614294;0;0;0.314255;76;76;50;1;
10.6667;10.7;-0.971148;-0.214928;0.103328;0;0;0.117866;86;86;57;1;
10.7;10.7333;0.0209275;-0.999774;0.00385766;0;0;2.23932;79;79;55;1;
10.7333;10.7667;0.918657;-0.33655;-0.20689;0;0;-0.0180473;84;84;56;1;
10.7667;10.8;0.811356;-0.584534;0.00462733;0;0;-0.202453;83;83;56;1;
10.8;10.8333;0.954183;0.281171;-0.102357;0;0;0.0338961;82;82;61;1;
10.8333;10.8667;-0.988361;0.14351;0.0504658;0;0;0.0203857;79;79;55;1;
10.8667;10.9;-0.988801;0.110481;0.100336;0;0;-0.0353818;74;74;50;1;
10.9;10.9333;-0.357323;0.910072;-0.209973;0;0;-0.119731;75;75;43;1;
10.9333;10.9667;0.902186;-0.282228;-0.326203;0;0;0.034082;76;76;51;1;
10.9667;11;0.0373484;-0.999298;0.00308367;0;0;4.17853;96;96;68;1;
11;11.0333;0.929052;-0.357495;-0.0951884;0;0;0.00117176;87;87;63;1;
11.0333;11.0667;0.994181;0.0426934;-0.0988975;0;0;-0.110658;82;82;55;1;
11.0667;11.1;0.966054;0.258335;-0.00151393;0;0;-0.0046733;86;86;58;1;
11.1;11.1333;-0.946824;0.306086;0.0991703;0;0;0.0324065;82;82;54;1;
11.1333;11.1667;-0.997516;0.0693801;0.0121709;0;0;-0.0433933;82;82;50;1;
11.1667;11.2;0.215477;0.976437;-0.0118516;0;0;-6.00627;89;89;65;1;
11.2;11.2333;0.059729;0.998213;0.00199074;0;0;-1.34781;70;70;44;1;
11.2333;11.2667;-0.981211;0.192936;0.000914954;0;0;-0.00789972;80;80;55;1;
11.2667;11.3;-0.340043;0.939897;0.0310705;0;0;0.236019;82;82;58;1;
11.3;11.3333;0.535356;0.84368;-0.0399806;0;0;-0.0410648;86;86;65;1;
11.3333;11.3667;-0.0716502;-0.99743;-0.000219444;0;0;1.99802;94;94;62;1;
11.3667;11.4;0.180518;0.983528;-0.00928688;0;0;-4.35737;96;96;68;1;
11.4;11.4333;-0.0496358;0.998154;0.035011;0;0;-1.39218;95;95;64;1;
11.4333;11.4667;0.64248;-0.764382;-0.0542193;0;0;-0.179007;90;90;65;1;
11.4667;11.5;0.987052;0.120274;-0.106129;0;0;-0.216864;104;104;73;1;
11.5;11.5333;-0.992283;0.076881;0.0972843;0;0;-0.00300769;93;93;61;1;
11.5333;11.5667;0.312311;-0.911955;0.266084;0;0;-0.374893;83;83;58;1;
11.5667;11.6;-0.993929;-0.0300131;0.10585;0;0;0.0952243;94;94;62;1;
11.6;11.6333;-0.97982;-0.198968;0.0191094;0;0;-0.0612983;100;100;66;1;
11.6333;11.6667;-0.0182938;0.999819;0.00530298;0;0;-1.22134;87;87;69;1;
11.6667;11.7;-0.381607;-0.924324;-0.000567845;0;0;0.411309;103;103;73;1;
11.7;11.7333;0.929052;0.321074;-0.183777;0;0;0.0242375;94;94;60;1;
11.7333;11.7667;0.115139;0.532595;0.838502;0;0;-0.624878;88;88;61;1;
11.7667;11.8;0.967843;-0.251537;0.0029368;0;0;0.0587585;87;87;60;1;
11.8;11.8333;-0.881147;0.467588;0.0702895;0;0;-0.0316244;89;89;63;1;
11.8333;11.8667;0.168444;-0.984582;-0.0471709;0;0;0.682124;97;97;68;1;
11.8667;11.9;0.970812;-0.204389;-0.125494;0;0;-0.000755897;97;97;67;1;
11.9;11.9333;0.990755;0.0973443;-0.0944946;0;0;-0.0547364;98;98;67;1;
11.9333;11.9667;0.964772;-0.259805;0.0414336;0;0;0.0858763;100;100;65;1;
11.9667;12;0.982084;-0.188445;0.000112552;0;0;0.198726;95;95;60;1;
12;12.0333;0.102937;0.91133;-0.398598;0;0;0.809045;93;93;64;1;
12.0333;12.0667;0.489906;-0.125019;0.862764;0;0;0.008992;116;116;77;1;
12.0667;12.1;0.98625;0.136586;-0.0930281;0;0;0.0382605;124;124;86;1;
12.1;12.1333;0.989571;0.0997989;-0.103873;0;0;0.0182891;101;101;74;1;
12.1333;12.1667;0.981246;0.187806;0.0434181;0;0;0.0422562;109;109;70;1;
12.1667;12.2;0.998117;-0.0294103;-0.0538294;0;0;0.0177198;127;127;82;1;
12.2;12.2333;0.970345;0.22476;-0.0889616;0;0;-0.0026806;127;127;97;1;
12.2333;12.2667;0.976789;0.187382;-0.103789;0;0;0.00902045;127;127;90;1;
12.2667;12.3;-0.991299;0.0886925;0.0972613;0;0;0.0803553;126;126;78;1;
12.3;12.3333;0.986526;0.125149;-0.105375;0;0;-0.10958;112;112;80;1;
12.3333;12.3667;-0.993776;-0.106341;0.0331678;0;0;-0.000141056;116;116;78;1;
12.3667;12.4;0.886536;0.462399;-0.0155427;0;0;0.222703;114;114;74;1;
12.4;12.4333;0.988513;0.116862;-0.0958373;0;0;-0.016606;97;97;74;1;
12.4333;12.4667;0.987464;-0.157505;-0.010319;0;0;-0.0126003;105;105;79;1;
12.4667;12.5;-0.971109;-0.215399;0.102719;0;0;0.0170149;118;118;73;1;
12.5;12.5333;0.955321;0.295269;-0.0133437;0;0;-0.119524;133;133;91;1;
12.5333;12.5667;0.958898;0.268542;-0.0916556;0;0;-0.0750456;134;134;90;1;
12.5667;12.6;0.979385;-0.189745;-0.0693009;0;0;0.157131;123;123;87;1;
12.6;12.6333;0.748549;-0.0397495;0.661887;0;0;-0.0479731;124;124;88;1;
12.6333;12.6667;0.987506;-0.151028;-0.044978;0;0;0.00267642;145;145;95;1;
12.6667;12.7;-0.576517;0.816196;0.0381188;0;0;-0.0748675;146;146;102;1;
12.7;12.7333;0.954794;0.296662;0.0189542;0;0;-0.0330248;138;138;97;1;
12.7333;12.7667;0.00800839;0.0471807;0.998854;0;0;-0.0562961;123;123;88;1;
12.7667;12.8;0.0017671;0.999995;0.00266904;0;0;-7.47172;143;143;106;1;
12.8;12.8333;-0.995533;0.00765331;0.0941038;0;0;-0.0316915;149;149;93;1;
12.8333;12.8667;0.813879;0.517959;-0.263284;0;0;-0.256558;137;137;95;1;
12.8667;12.9;0.994488;-0.0276312;-0.10114;0;0;0.0381055;147;147;99;1;
12.9;12.9333;0.694727;0.701684;-0.158096;0;0;-0.352646;130;130;87;1;
12.9333;12.9667;-0.969166;0.246409;-0.000500788;0;0;0.0524382;139;139;95;1;
12.9667;13;0.985711;0.162365;-0.0448422;0;0;-0.0880984;157;157;98;1;
13;13.0333;0.963536;-0.26741;-0.0095061;0;0;-0.0364613;166;166;115;1;
13.0333;13.0667;0.100123;-0.639226;0.762473;0;0;0.870874;167;167;100;1;
13.0667;13.1;0.991823;0.0310912;-0.123776;0;0;0.0108003;170;170;110;1;
13.1;13.1333;0.924765;0.380361;0.0115873;0;0;-0.0993867;158;158;106;1;
13.1333;13.1667;-0.17929;0.983734;-0.0110748;0;0;-7.45845;171;171;122;1;
13.1667;13.2;-0.970237;0.241772;0.0136808;0;0;0.0303612;168;168;104;1;
13.2;13.2333;0.996854;0.0255917;-0.0750146;0;0;-0.0151519;155;155;104;1;
13.2333;13.2667;-0.704454;0.637073;-0.31286;0;0;0.237335;149;149;113;1;
13.2667;13.3;-0.590109;0.805176;0.0588481;0;0;0.326258;163;163;125;1;
13.3;13.3333;0.312002;0.949927;-0.0171436;0;0;-0.651195;165;165;127;1;
13.3333;13.3667;0.977982;0.178722;-0.107746;0;0;-0.00465135;169;169;124;1;
13.3667;13.4;0.0411227;0.184754;0.981924;0;0;-0.265156;190;190;124;1;
13.4;13.4333;0.0523333;0.998629;0.00088828;0;0;-1.905;192;192;127;1;
13.4333;13.4667;0.481708;0.219036;-0.848517;0;0;0.0561617;166;166;104;1;
13.4667;13.5;0.9563;-0.269147;-0.114235;0;0;0.124844;164;164;105;1;
13.5;13.5333;0.991169;-0.109921;-0.0741667;0;0;0.00508399;186;186;129;1;
13.5333;13.5667;0.7398;0.269456;-0.616514;0;0;-0.00944663;175;175;126;1;
13.5667;13.6;0.950228;-0.311546;0.00243534;0;0;0.283579;181;181;123;1;
13.6;13.6333;-0.0749361;0.0157375;0.997064;0;0;-0.0463118;163;163;120;1;
13.6333;13.6667;0.988624;-0.117714;0.0936311;0;0;-0.0521698;167;167;117;1;
13.6667;13.7;0.95493;0.269811;-0.123737;0;0;-0.0653229;182;182;133;1;
13.7;13.7333;0.990466;0.0706713;-0.118247;0;0;-0.104032;192;192;139;1;
13.7333;13.7667;0.972273;0.214168;-0.0938994;0;0;-0.0274127;189;189;138;1;
13.7667;13.8;0.971435;0.236942;-0.0131171;0;0;-0.0188711;188;188;144;1;
13.8;13.8333;0.958728;0.0371608;0.281888;0;0;0.0028994;199;199;125;1;
13.8333;13.8667;0.792439;-0.587548;0.163792;0;0;0.257245;186;186;129;1;
13.8667;13.9;-0.00948697;0.993678;0.111867;0;0;-3.61166;197;197;138;1;
13.9;13.9333;0.483801;-0.320958;0.814201;0;0;0.0205445;179;179;136;1;
13.9333;13.9667;0.954743;0.0199198;0.296765;0;0;0.00968811;213;213;155;1;
13.9667;14;0.992993;-0.117965;-0.00696807;0;0;0.0240881;203;203;128;1;
14;14.0333;0.938471;-0.243322;-0.245084;0;0;0.0003721;215;215;162;1;
14.0333;14.0667;0.968073;0.226247;0.107926;0;0;0.0166043;228;228;164;1;
14.0667;14.1;0.0129194;0.0982723;0.995076;0;0;-0.0467664;206;206;149;1;
14.1;14.1333;0.959671;0.0112801;0.2809;0;0;-0.00825329;215;215;157;1;
14.1333;14.1667;0.679838;0.0417097;-0.732175;0;0;-0.0141622;217;217;143;1;
14.1667;14.2;-0.991516;0.0863059;0.0971945;0;0;-0.0082474;218;218;166;1;
14.2;14.2333;0.265358;-0.0107616;-0.96409;0;0;-0.0239085;222;222;153;1;
14.2333;14.2667;0.947127;-0.242623;-0.209964;0;0;0.00100285;216;216;155;1;
14.2667;14.3;-0.985172;-0.171521;0.00397357;0;0;-0.0255071;201;201;156;1;
14.3;14.3333;0.110104;0.19966;-0.97366;0;0;0.0635453;222;222;155;1;
14.3333;14.3667;0.000259439;-0.149321;-0.988789;0;0;0.140256;227;227;153;1;
14.3667;14.4;0.995823;0.000794568;-0.091299;0;0;0.104629;217;217;140;1;
14.4;14.4333;0.989348;-0.0999277;-0.10585;0;0;-0.00818334;232;232;167;1;
14.4333;14.4667;-0.00663557;0.204348;-0.978876;0;0;-0.124549;237;237;170;1;
14.4667;14.5;0.327824;0.061719;0.942721;0;0;-0.0072256;236;236;165;1;
14.5;14.5333;0.851144;-0.00804194;-0.524871;0;0;0.00362497;255;255;178;1;
14.5333;14.5667;0.859324;0.0397521;-0.509885;0;0;-0.00743461;239;239;179;1;
14.5667;14.6;0.952765;0.280481;-0.116488;0;0;-0.0475247;241;241;183;1;
14.6;14.6333;-0.888784;-0.243889;0.388047;0;0;0.0208324;231;231;163;1;
14.6333;14.6667;0.926975;0.229915;0.296407;0;0;-0.0123298;235;235;169;1;
14.6667;14.7;0.996213;0.0782892;0.0378271;0;0;0.0117145;231;231;171;1;
14.7;14.7333;0.0408303;0.949157;0.312144;0;0;-1.74592;222;222;165;1;
14.7333;14.7667;0.989182;-0.0774423;-0.124589;0;0;0.0139257;221;221;164;1;
14.7667;14.8;0.978786;0.204351;-0.0147614;0;0;-0.00226649;240;240;148;1;
14.8;14.8333;0.885941;-0.431772;0.169359;0;0;0.072446;250;250;162;1;
14.8333;14.8667;0.99705;0.0172275;-0.0747942;0;0;-0.00613368;234;234;165;1;
14.8667;14.9;0.842538;0.0372688;0.537347;0;0;0.00336106;245;245;171;1;
14.9;14.9333;0.977582;0.208146;-0.0317555;0;0;-0.0322378;235;235;174;1;
14.9333;14.9667;0.907858;0.37867;0.180009;0;0;-0.067975;237;237;159;1;
14.9667;15;-0.802652;-0.380123;0.459626;0;0;-0.0420332;231;231;171;1;
15;15.0333;-0.964118;-0.184581;0.190807;0;0;0.00976117;255;255;179;1;
15.0333;15.0667;0.975855;-0.028581;0.216541;0;0;-0.0326264;253;253;167;1;
15.0667;15.1;0.97926;-0.192741;-0.0624631;0;0;-0.00106325;255;255;177;1;
15.1;15.1333;-0.876858;-0.476436;-0.0642508;0;0;2.4118;256;256;221;1;
15.1333;15.1667;0.811706;0.125726;-0.570374;0;0;0.00280835;247;247;175;1;
15.1667;15.2;0.975482;-0.216062;-0.0418652;0;0;0.156124;234;234;144;1;
15.2;15.2333;0.926172;-0.100565;0.363443;0;0;-0.0105999;237;237;178;1;
15.2333;15.2667;0.942969;-0.1223;0.3096;0;0;-0.00922282;253;253;190;1;
15.2667;15.3;-0.973124;-0.169536;-0.155842;0;0;0.00786026;250;250;193;1;
15.3;15.3333;0.989369;0.115718;-0.0880796;0;0;-0.0120751;260;260;190;1;
15.3333;15.3667;0.988884;0.0876797;0.12009;0;0;-0.0128664;230;230;171;1;
15.3667;15.4;0.995318;-0.0557595;-0.0789471;0;0;-0.00575403;249;249;181;1;
15.4;15.4333;0.984054;-0.162129;-0.0731629;0;0;0.00966771;240;240;170;1;
15.4333;15.4667;-0.997211;0.0629093;-0.0401535;0;0;0.0343636;250;250;186;1;
15.4667;15.5;0.965207;0.261351;0.00838698;0;0;-0.00553659;243;243;170;1;
15.5;15.5333;0.725057;-0.683989;0.0803203;0;0;0.475265;236;236;171;1;
15.5333;15.5667;0.963396;0.222572;0.14943;0;0;0.000696549;239;239;172;1;
15.5667;15.6;0.992127;-0.111692;-0.05665;0;0;-0.0262321;236;236;144;1;
15.6;15.6333;-0.889071;-0.446559;0.100684;0;0;-0.0672065;229;229;169;1;
15.6333;15.6667;0.846667;-0.444405;-0.292676;0;0;0.0177557;234;234;154;1;
15.6667;15.7;0.9763;0.115543;0.182998;0;0;-0.00414168;232;232;162;1;
15.7;15.7333;0.983443;0.15059;0.100813;0;0;0.0156999;249;249;172;1;
15.7333;15.7667;-0.971376;-0.225154;-0.0757226;0;0;-0.0138195;254;254;184;1;
15.7667;15.8;0.0250034;0.278158;0.96021;0;0;-0.172238;261;261;174;1;
15.8;15.8333;0.990277;0.0144274;0.138359;0;0;0.0134513;262;262;175;1;
15.8333;15.8667;0.958425;0.283964;0.0280503;0;0;-0.0415692;268;268;179;1;
15.8667;15.9;-0.980654;0.180865;0.0748726;0;0;-0.00543283;268;268;189;1;
15.9;15.9333;-0.890853;0.445996;-0.0864228;0;0;0.0908434;259;259;186;1;
15.9333;15.9667;-0.939145;0.28762;-0.187835;0;0;0.0286739;253;253;185;1;
15.9667;16;-0.993601;-0.089314;-0.0691378;0;0;-0.0197654;259;259;164;1;
16;16.0333;-0.0343058;0.117747;-0.992451;0;0;-0.127633;248;248;173;1;
16.0333;16.0667;0.845141;0.503935;0.178286;0;0;-0.187512;237;237;173;1;
16.0667;16.1;-0.923188;0.383039;0.0317023;0;0;-0.0245273;226;226;168;1;
16.1;16.1333;0.13256;-0.980675;0.14389;0;0;0.962967;231;231;181;1;
16.1333;16.1667;-0.985295;0.163976;0.0480214;0;0;0.0319027;250;250;180;1;
16.1667;16.2;-0.994446;0.0706328;0.0780211;0;0;0.0579955;221;221;159;1;
16.2;16.2333;0.724943;-0.163044;-0.669234;0;0;-0.00877155;243;243;171;1;
16.2333;16.2667;-0.980371;0.197002;-0.00793995;0;0;0.0149471;249;249;190;1;
16.2667;16.3;-0.696337;-0.375716;-0.611517;0;0;-0.0302016;256;256;196;1;
16.3;16.3333;0.992868;0.0810098;-0.0874681;0;0;-0.0103811;261;261;194;1;
16.3333;16.3667;0.916036;0.401075;0.0041659;0;0;-0.107642;242;242;192;1;
16.3667;16.4;-0.105334;-0.98829;0.110401;0;0;0.845505;257;257;172;1;
16.4;16.4333;0.107904;0.98367;-0.144048;0;0;-1.18813;264;264;190;1;
16.4333;16.4667;0.969839;-0.243746;-0.000307212;0;0;0.00669739;260;260;200;1;
16.4667;16.5;-0.999152;0.0172955;-0.0373783;0;0;-0.00237688;259;259;184;1;
16.5;16.5333;0.974631;0.214154;0.0650603;0;0;0.00903303;250;250;176;1;
16.5333;16.5667;0.0642073;-0.993587;0.0930751;0;0;1.54937;245;245;186;1;
16.5667;16.6;-0.99828;0.054606;-0.0213314;0;0;-0.000210919;254;254;184;1;
16.6;16.6333;0.984614;0.152113;-0.0860077;0;0;-0.0121673;247;247;182;1;
16.6333;16.6667;0.997612;-0.0669611;-0.016947;0;0;-0.0128254;262;262;190;1;
16.6667;16.7;-0.981465;-0.191579;0.00487192;0;0;0.00939154;252;252;181;1;
16.7;16.7333;0.953491;0.284026;0.100914;0;0;-0.0248441;266;266;191;1;
16.7333;16.7667;0.810729;-0.549012;-0.203237;0;0;0.0181002;266;266;204;1;
16.7667;16.8;-0.897747;-0.440188;-0.0168602;0;0;-0.0883665;277;277;175;1;
16.8;16.8333;-0.988347;-0.151679;0.0127692;0;0;-0.0150803;260;260;182;1;
16.8333;16.8667;0.930596;0.364934;0.0285426;0;0;-0.0225278;251;251;192;1;
16.8667;16.9;0.992287;-0.0880634;-0.0872465;0;0;0.00859573;271;271;197;1;
16.9;16.9333;0.994084;-0.0133691;0.107791;0;0;-0.0017965;251;251;181;1;
16.9333;16.9667;0.956219;-0.290162;0.0380801;0;0;0.02876;244;244;184;1;
16.9667;17;0.756207;0.653706;0.0286409;0;0;-0.0465595;253;253;190;1;
17;17.0333;0.0583492;-0.931975;0.357796;0;0;1.23252;253;253;184;1;
17.0333;17.0667;0.986986;0.159534;-0.0201801;0;0;0.00131767;242;242;179;1;
17.0667;17.1;0.928863;-0.145397;-0.340695;0;0;-0.0121469;246;246;179;1;
17.1;17.1333;0.955196;0.294014;0.034008;0;0;-0.00718566;247;247;190;1;
17.1333;17.1667;0.967604;0.250494;0.0315581;0;0;0.0039174;262;262;188;1;
17.1667;17.2;0.111527;0.953233;0.280908;0;0;-1.98155;249;249;155;1;
17.2;17.2333;0.961851;-0.232032;-0.144927;0;0;-0.00251919;251;251;184;1;
17.2333;17.2667;0.65312;0.750993;0.0971804;0;0;-0.0457999;263;263;186;1;
17.2667;17.3;0.936564;0.335091;0.102773;0;0;-0.00145007;247;247;189;1;
17.3;17.3333;0.975822;0.200029;-0.0880949;0;0;-0.0224403;251;251;190;1;
17.3333;17.3667;-0.75671;-0.652342;0.0428988;0;0;-0.0343015;243;243;187;1;
17.3667;17.4;0.977345;0.210959;0.0171136;0;0;-0.0129736;249;249;181;1;
17.4;17.4333;0.975624;-0.173903;0.133849;0;0;0.00298309;261;261;184;1;
17.4333;17.4667;0.0500971;-0.972065;0.229304;0;0;1.24032;255;255;196;1;
17.4667;17.5;-0.913045;-0.40762;-0.0139469;0;0;-0.0921829;252;252;186;1;
17.5;17.5333;0.925046;0.379842;0.00311737;0;0;-0.00972358;255;255;188;1;
17.5333;17.5667;0.618466;-0.776488;0.120692;0;0;0.25562;262;262;196;1;
17.5667;17.6;0.872735;0.487375;-0.0282826;0;0;-0.0952674;256;256;169;1;
17.6;17.6333;0.964296;0.239087;0.113888;0;0;-0.00562544;280;280;203;1;
17.6333;17.6667;-0.651469;-0.756608;0.0559606;0;0;-0.0709657;273;273;201;1;
17.6667;17.7;-0.912345;0.407806;-0.0363473;0;0;-0.0406112;277;277;201;1;
17.7;17.7333;-0.412857;0.910408;0.0265848;0;0;-0.320813;266;266;191;1;
17.7333;17.7667;0.869628;-0.493456;0.0157404;0;0;-0.019069;265;265;193;1;
17.7667;17.8;-0.876126;-0.443436;-0.189123;0;0;-0.012889;291;291;190;1;
17.8;17.8333;0.999333;0.0357742;0.00736771;0;0;-0.00707325;260;260;188;1;
17.8333;17.8667;0.980042;-0.175711;0.0929735;0;0;0.0116357;270;270;187;1;
17.8667;17.9;0.947526;-0.308865;-0.0824461;0;0;-0.000653052;275;275;188;1;
17.9;17.9333;-0.0238529;0.999705;0.00456035;0;0;-1.29439;266;266;184;1;
17.9333;17.9667;-0.672556;-0.737599;0.0601326;0;0;-0.0104913;274;274;177;1;
17.9667;18;0.941929;-0.325053;-0.0843288;0;0;-0.0655295;266;266;156;1;
18;18.0333;0.934877;-0.347029;0.0746675;0;0;-0.0122502;256;256;175;1;
18.0333;18.0667;-0.975916;-0.210189;0.0583735;0;0;-0.0102326;282;282;175;1;
18.0667;18.1;0.973951;0.225842;-0.0203594;0;0;-0.0513799;253;253;166;1;
18.1;18.1333;-0.95492;-0.274761;-0.1124;0;0;-0.0149645;287;287;190;1;
18.1333;18.1667;0.864239;-0.462295;0.198431;0;0;0.13388;286;286;190;1;
18.1667;18.2;-0.768802;-0.636951;0.0568938;0;0;-0.137768;287;287;194;1;
18.2;18.2333;0.910315;-0.413879;0.00556927;0;0;-0.0214209;288;288;186;1;
18.2333;18.2667;0.965664;-0.25974;0.00528547;0;0;-0.00781741;274;274;187;1;
18.2667;18.3;0.943117;-0.330652;-0.0346376;0;0;0.0429507;302;302;196;1;
18.3;18.3333;-0.985204;0.170374;0.0186066;0;0;0.00451538;296;296;192;1;
18.3333;18.3667;0.00181939;0.999977;-0.00652073;0;0;-1.76022;304;304;205;1;
18.3667;18.4;0.996965;0.00578477;-0.0776379;0;0;-0.051694;290;290;174;1;
18.4;18.4333;0.951595;-0.299103;0.0707474;0;0;0.07247;279;279;202;1;
18.4333;18.4667;0.9901;0.0981512;-0.100338;0;0;-0.0539339;273;273;188;1;
18.4667;18.5;0.749707;-0.661133;-0.0290222;0;0;-0.135791;279;279;197;1;
18.5;18.5333;-0.01484;-0.978533;-0.205556;0;0;-0.519633;271;271;184;1;
18.5333;18.5667;0.978997;-0.174842;-0.104855;0;0;0.0222113;275;275;188;1;
18.5667;18.6;0.676158;-0.72799;0.113314;0;0;0.00289777;268;268;180;1;
18.6;18.6333;-0.421691;-0.90382;0.072702;0;0;-0.141574;246;246;171;1;
18.6333;18.6667;0.986202;0.163496;-0.0259661;0;0;-0.00464954;250;250;167;1;
18.6667;18.7;-0.783034;0.616694;0.080906;0;0;-0.0409855;255;255;176;1;
18.7;18.7333;0.225033;0.952709;0.20422;0;0;-0.255482;245;245;172;1;
18.7333;18.7667;-0.809386;0.576543;0.111773;0;0;-0.0831922;245;245;168;1;
18.7667;18.8;-0.348393;-0.833427;0.428977;0;0;0.581637;252;252;150;1;
18.8;18.8333;0.245137;-0.954585;0.169338;0;0;0.171776;246;246;176;1;
18.8333;18.8667;-0.932901;-0.355294;-0.0588294;0;0;-0.013141;270;270;174;1;
18.8667;18.9;0.959929;-0.280234;0.00246237;0;0;-0.0333516;266;266;190;1;
18.9;18.9333;-0.955399;0.294815;-0.0172001;0;0;-0.0106952;287;287;194;1;
18.9333;18.9667;0.996545;-0.0726503;0.0402414;0;0;0.00524373;255;255;191;1;
18.9667;19;0.922544;-0.380255;0.0657191;0;0;-0.0242846;264;264;193;1;
19;19.0333;0.0547504;0.998144;-0.0266678;0;0;0.0301559;269;269;208;1;
19.0333;19.0667;0.933574;-0.352514;0.0645994;0;0;0.0238021;278;278;209;1;
19.0667;19.1;0.964836;0.21719;0.148053;0;0;0.0195209;269;269;189;1;
19.1;19.1333;-0.996558;0.0827233;-0.00532675;0;0;-0.0166419;260;260;195;1;
19.1333;19.1667;0.980915;0.192539;0.0271208;0;0;-0.00838312;272;272;187;1;
19.1667;19.2;-0.973839;0.226375;-0.0197786;0;0;0.0194257;258;258;163;1;
19.2;19.2333;-0.761842;-0.644808;-0.0617958;0;0;-0.0807709;254;254;194;1;
19.2333;19.2667;0.161009;0.986561;-0.0278239;0;0;-0.920858;255;255;189;1;
19.2667;19.3;0.96448;0.244134;0.100885;0;0;-0.0128974;246;246;182;1;
19.3;19.3333;-0.953912;0.294508;-0.0575922;0;0;-0.00899407;260;260;188;1;
19.3333;19.3667;0.72494;-0.662095;-0.189978;0;0;0.0168732;245;245;182;1;
19.3667;19.4;0.904175;-0.427101;-0.00719723;0;0;0.0332283;244;244;184;1;
19.4;19.4333;0.159697;-0.983041;-0.0901493;0;0;-0.21422;267;267;190;1;
19.4333;19.4667;-0.989243;0.136777;0.0518642;0;0;0.0107636;258;258;185;1;
19.4667;19.5;0.944805;0.323725;0.0504511;0;0;-0.00394303;245;245;184;1;
19.5;19.5333;0.159104;0.981712;0.104536;0;0;0.159254;252;252;196;1;
19.5333;19.5667;0.961779;-0.273815;0.00243992;0;0;0.0111192;249;249;182;1;
19.5667;19.6;0.352879;0.93427;-0.0511501;0;0;-0.569877;243;243;171;1;
19.6;19.6333;0.996996;-0.0431133;-0.0643402;0;0;-0.0335523;249;249;188;1;
19.6333;19.6667;-0.0768614;-0.996447;-0.0344259;0;0;-0.67901;248;248;187;1;
19.6667;19.7;-0.10723;0.985539;-0.131207;0;0;0.53494;246;246;189;1;
19.7;19.7333;0.818277;0.568235;0.0867859;0;0;0.0304005;245;245;185;1;
19.7333;19.7667;0.251541;-0.903024;-0.348246;0;0;0.0411224;249;249;197;1;
19.7667;19.8;-0.884544;-0.46363;0.0512805;0;0;0.0295758;257;257;186;1;
19.8;19.8333;-0.203021;-0.979112;0.011079;0;0;-0.139338;234;234;187;1;
19.8333;19.8667;-0.990125;0.102407;-0.0957346;0;0;0.00643289;240;240;174;1;
19.8667;19.9;0.540048;-0.840446;-0.0447092;0;0;0.0718344;235;235;183;1;
19.9;19.9333;-0.163057;0.976913;0.138036;0;0;-2.24938;243;243;166;1;
19.9333;19.9667;0.998373;0.00912844;-0.0562925;0;0;-0.00550751;239;239;178;1;
19.9667;20;-0.998442;0.0348049;-0.0436198;0;0;0.0065225;246;246;159;1;
20;20.0333;-0.977885;-0.208826;-0.0114813;0;0;-0.00374921;257;257;198;1;
20.0333;20.0667;0.0702962;0.982344;-0.173375;0;0;-0.329832;279;279;210;1;
20.0667;20.1;0.101034;0.994529;-0.0265326;0;0;-0.194489;265;265;198;1;
20.1;20.1333;-0.815147;0.579159;0.0105172;0;0;-0.0349306;260;260;192;1;
20.1333;20.1667;-0.995676;-0.0928283;0.00335029;0;0;-0.00535604;271;271;197;1;
20.1667;20.2;-0.274168;0.961562;-0.0151749;0;0;0.343732;261;261;199;1;
20.2;20.2333;0.636872;0.770964;0.00279502;0;0;-0.0361967;270;270;205;1;
20.2333;20.2667;0.989866;0.0187867;0.140754;0;0;-0.0104288;255;255;190;1;
20.2667;20.3;0.95505;-0.295878;0.0183271;0;0;-0.0137864;271;271;211;1;
20.3;20.3333;-0.0711019;-0.979499;-0.188485;0;0;0.265472;275;275;208;1;
20.3333;20.3667;0.962488;0.268406;0.0396806;0;0;-0.0053761;276;276;207;1;
20.3667;20.4;0.16089;-0.969424;-0.185287;0;0;1.6229;266;266;166;1;
20.4;20.4333;0.0602893;-0.996585;-0.0564214;0;0;-0.775404;247;247;181;1;
20.4333;20.4667;0.998222;-0.0541272;0.0249796;0;0;0.016869;246;246;183;1;
20.4667;20.5;-0.978599;-0.20386;-0.0280315;0;0;-0.00268072;249;249;183;1;
20.5;20.5333;0.80239;-0.548576;0.235022;0;0;0.0605193;250;250;177;1;
20.5333;20.5667;-0.777872;-0.623263;-0.0803627;0;0;0.02232;238;238;179;1;
20.5667;20.6;0.986129;0.00870885;0.165755;0;0;-0.00690348;248;248;189;1;
20.6;20.6333;-0.885367;0.438202;-0.155252;0;0;0.028899;250;250;179;1;
20.6333;20.6667;-0.224495;0.956926;-0.184106;0;0;0.396847;235;235;177;1;
20.6667;20.7;0.89763;-0.431532;0.0896671;0;0;0.00729776;234;234;175;1;
20.7;20.7333;0.597009;0.802234;-0.000590919;0;0;0.0131611;242;242;181;1;
20.7333;20.7667;0.942876;-0.327698;-0.0599959;0;0;-0.0108906;234;234;177;1;
20.7667;20.8;0.321363;0.913146;-0.250779;0;0;-0.0414694;231;231;160;1;
20.8;20.8333;-0.917382;-0.397231;-0.024844;0;0;-0.0295533;261;261;184;1;
20.8333;20.8667;-0.53583;0.840433;-0.0809832;0;0;0.152494;250;250;187;1;
20.8667;20.9;-0.860054;-0.489605;-0.143505;0;0;-0.00521179;242;242;177;1;
20.9;20.9333;0.260644;-0.949635;0.17395;0;0;0.152927;233;233;179;1;
20.9333;20.9667;0.944341;-0.32209;0.0669189;0;0;-0.00127327;247;247;184;1;
20.9667;21;-0.891095;-0.45353;-0.0161241;0;0;0.0117408;254;254;183;1;
21;21.0333;-0.402148;-0.915445;0.0154421;0;0;0.00331034;254;254;189;1;
21.0333;21.0667;0.981594;-0.171317;0.084396;0;0;-0.00225284;256;256;183;1;
21.0667;21.1;-0.948001;0.190643;-0.254851;0;0;0.000975806;250;250;187;1;
21.1;21.1333;0.128088;-0.991656;-0.0145552;0;0;-0.360579;251;251;185;1;
21.1333;21.1667;0.980701;0.114778;0.158276;0;0;-0.0291071;246;246;175;1;
21.1667;21.2;0.0907253;-0.995722;-0.0174933;0;0;1.5685;235;235;143;1;
21.2;21.2333;0.508033;0.837949;-0.199357;0;0;0.0149856;241;241;188;1;
21.2333;21.2667;0.414337;-0.910094;-0.0073069;0;0;0.298334;254;254;199;1;
21.2667;21.3;0.77517;-0.614563;0.146367;0;0;-0.00600546;249;249;183;1;
21.3;21.3333;0.294907;0.946292;-0.132515;0;0;-0.0470282;248;248;183;1;
21.3333;21.3667;-0.299464;0.913657;-0.274866;0;0;-0.0779843;270;270;188;1;
21.3667;21.4;-0.245733;0.956556;-0.156892;0;0;-0.0751024;260;260;196;1;
21.4;21.4333;0.731451;-0.681772;0.0129425;0;0;0.117098;249;249;188;1;
21.4333;21.4667;0.978163;-0.204681;0.036104;0;0;-0.0213224;248;248;185;1;
21.4667;21.5;-0.229072;-0.945468;-0.231552;0;0;-0.0870802;240;240;193;1;
21.5;21.5333;-0.28843;0.95438;0.0772384;0;0;0.377246;256;256;181;1;
21.5333;21.5667;0.994592;0.000842401;0.103858;0;0;-0.00729903;238;238;178;1;
21.5667;21.6;0.800728;0.596822;-0.0513716;0;0;-0.0147078;230;230;158;1;
21.6;21.6333;0.988093;0.131793;0.0793913;0;0;0.00249803;254;254;184;1;
21.6333;21.6667;-0.508387;0.852075;0.124542;0;0;-0.0613154;243;243;177;1;
21.6667;21.7;-0.00641142;-0.971827;-0.235608;0;0;0.874089;252;252;183;1;
21.7;21.7333;-0.9026;0.430472;-0.00254247;0;0;-0.0288939;236;236;172;1;
21.7333;21.7667;-0.838776;-0.544299;-0.0138978;0;0;-0.0640785;237;237;176;1;
21.7667;21.8;-0.995327;0.0934429;0.0243568;0;0;-0.00923274;243;243;180;1;
21.8;21.8333;-0.573419;0.816596;0.0660459;0;0;-0.0588154;244;244;185;1;
21.8333;21.8667;0.13358;0.968649;-0.209466;0;0;0.461757;254;254;188;1;
21.8667;21.9;0.875924;-0.477382;0.0697453;0;0;-0.0351752;250;250;185;1;
21.9;21.9333;-0.980216;0.191556;-0.0498394;0;0;0.00278762;247;247;180;1;
21.9333;21.9667;0.969121;-0.241002;0.0521786;0;0;0.0101762;240;240;184;1;
21.9667;22;-0.0844069;-0.991468;0.0993331;0;0;0.990873;242;242;159;1;
22;22.0333;-0.984398;0.152228;-0.0882421;0;0;-0.000438415;230;230;159;1;
22.0333;22.0667;0.166113;-0.985569;0.0325722;0;0;0.371057;237;237;168;1;
22.0667;22.1;-0.154607;0.981419;-0.113639;0;0;-0.768697;233;233;174;1;
22.1;22.1333;-0.0768955;-0.985291;-0.152608;0;0;0.285186;225;225;169;1;
22.1333;22.1667;0.947981;-0.303474;0.0960989;0;0;0.00796556;233;233;167;1;
22.1667;22.2;0.749682;0.655202;-0.0932072;0;0;-0.0267944;236;236;178;1;
22.2;22.2333;0.575711;0.813989;0.0773265;0;0;0.032899;225;225;175;1;
22.2333;22.2667;0.735755;0.675926;0.0422998;0;0;-0.0695347;222;222;169;1;
22.2667;22.3;-0.599985;-0.796417;0.0757453;0;0;-0.0265475;227;227;173;1;
22.3;22.3333;0.995888;0.0900563;0.00983629;0;0;0.000278476;229;229;169;1;
22.3333;22.3667;0.814582;0.579453;-0.0262864;0;0;-0.00541248;232;232;178;1;
22.3667;22.4;-0.148387;0.988548;0.0274524;0;0;-1.15405;250;250;162;1;
22.4;22.4333;0.193943;-0.912752;0.359542;0;0;0.551593;255;255;182;1;
22.4333;22.4667;-0.0481599;0.803717;-0.593059;0;0;-0.374684;246;246;187;1;
22.4667;22.5;0.984084;0.0661564;0.164931;0;0;0.00420115;242;242;180;1;
22.5;22.5333;-0.890554;0.448739;-0.0744836;0;0;0.0354937;225;225;180;1;
22.5333;22.5667;0.929278;-0.369347;0.00492991;0;0;-0.0268723;226;226;165;1;
22.5667;22.6;0.845868;0.512483;0.14788;0;0;0.0267662;218;218;158;1;
22.6;22.6333;0.928073;0.370604;0.0365194;0;0;-0.000278479;229;229;171;1;
22.6333;22.6667;0.995608;0.0923236;0.015519;0;0;0.00396282;213;213;167;1;
22.6667;22.7;0.823547;-0.567244;-0.00200749;0;0;-0.0242513;216;216;163;1;
22.7;22.7333;-0.911794;0.408568;0.0412773;0;0;-0.00867261;216;216;162;1;
22.7333;22.7667;0.622172;0.780977;-0.0545649;0;0;0.0796509;215;215;165;1;
22.7667;22.8;0.266852;0.959689;-0.0882406;0;0;-0.272395;218;218;145;1;
22.8;22.8333;0.939604;-0.341964;0.0143146;0;0;-0.0020843;221;221;165;1;
22.8333;22.8667;0.265178;-0.937375;0.22585;0;0;0.297699;204;204;156;1;
22.8667;22.9;-0.0265552;-0.993406;0.111532;0;0;0.198766;213;213;154;1;
22.9;22.9333;-0.115709;0.975046;-0.189466;0;0;-0.30734;206;206;158;1;
22.9333;22.9667;-0.386498;0.916942;0.0991832;0;0;0.0654689;225;225;168;1;
22.9667;23;0.780419;-0.624992;-0.0182017;0;0;-0.0692236;234;234;170;1;
23;23.0333;-0.209878;0.975948;-0.0589598;0;0;0.433576;219;219;165;1;
23.0333;23.0667;0.625871;0.779767;-0.0157472;0;0;-0.0119721;227;227;168;1;
23.0667;23.1;0.754312;-0.64126;0.140706;0;0;-0.056441;229;229;174;1;
23.1;23.1333;0.408043;-0.912963;0.000809001;0;0;-0.0921834;236;236;172;1;
23.1333;23.1667;0.986524;0.151296;0.0622951;0;0;0.00136441;214;214;153;1;
23.1667;23.2;0.89063;0.445607;-0.0906257;0;0;-0.007803;221;221;142;1;
23.2;23.2333;0.459325;-0.885953;0.064092;0;0;0.235294;243;243;173;1;
23.2333;23.2667;0.931752;0.362161;0.0260456;0;0;-0.0156809;235;235;168;1;
23.2667;23.3;-0.91139;0.399508;0.0988057;0;0;0.00393771;219;219;160;1;
23.3;23.3333;-0.0977557;-0.995092;0.0153327;0;0;0.0337785;211;211;161;1;
23.3333;23.3667;-0.0457302;0.958517;-0.281342;0;0;-0.295077;202;202;153;1;
23.3667;23.4;0.976276;-0.200502;0.0817533;0;0;-0.00830645;210;210;149;1;
23.4;23.4333;-0.353578;-0.931101;-0.0896322;0;0;-0.0587696;199;199;152;1;
23.4333;23.4667;0.966681;0.242834;0.0809867;0;0;-0.0119422;215;215;159;1;
23.4667;23.5;0.980185;-0.11289;0.162766;0;0;-0.0204251;222;222;167;1;
23.5;23.5333;-0.954677;-0.281764;-0.0959207;0;0;-0.00695962;222;222;168;1;
23.5333;23.5667;-0.99519;0.0961813;-0.018598;0;0;-0.0128448;234;234;171;1;
23.5667;23.6;0.081981;-0.990298;0.112197;0;0;1.0297;214;214;138;1;
23.6;23.6333;0.998512;0.00160442;0.054517;0;0;-0.0281271;218;218;166;1;
23.6333;23.6667;-0.556304;0.750166;-0.35746;0;0;-0.00918345;228;228;174;1;
23.6667;23.7;-0.870311;0.457766;-0.181684;0;0;0.0238081;216;216;160;1;
23.7;23.7333;-0.965488;0.260447;-0.000965403;0;0;-0.0173169;220;220;160;1;
23.7333;23.7667;0.990471;0.0907543;-0.103589;0;0;0.013045;218;218;169;1;
23.7667;23.8;-0.811963;0.583389;0.0193431;0;0;-0.0129217;228;228;164;1;
23.8;23.8333;-0.979414;-0.199695;-0.0295021;0;0;0.000754733;208;208;161;1;
23.8333;23.8667;0.989955;0.138134;0.030138;0;0;0.00204286;231;231;170;1;
23.8667;23.9;-0.981538;-0.165878;-0.095228;0;0;-0.006028;221;221;167;1;
23.9;23.9333;-0.996386;0.0755519;0.038828;0;0;0.00265672;220;220;164;1;
23.9333;23.9667;-0.283482;0.919947;-0.270806;0;0;-0.585102;214;214;158;1;
23.9667;24;0.938918;-0.313762;-0.141374;0;0;-0.0500299;214;214;128;1;
24;24.0333;0.238804;0.93398;0.265809;0;0;0.160727;214;214;156;1;
24.0333;24.0667;-0.0217717;0.997627;-0.0653165;0;0;-0.747852;217;217;157;1;
24.0667;24.1;0.963931;0.265666;0.0161117;0;0;0.00186481;210;210;154;1;
24.1;24.1333;0.0813455;0.992347;-0.092899;0;0;-0.178138;211;211;150;1;
24.1333;24.1667;-0.953776;-0.274336;-0.122687;0;0;-0.00545853;203;203;151;1;
24.1667;24.2;0.981137;-0.144021;0.128951;0;0;0.0248116;209;209;150;1;
24.2;24.2333;0.983099;0.18157;0.0234246;0;0;-0.0113741;211;211;151;1;
24.2333;24.2667;-0.994111;0.0788;-0.0743839;0;0;-0.011626;220;220;166;1;
24.2667;24.3;0.980121;-0.186679;0.0671825;0;0;0.0163293;220;220;163;1;
24.3;24.3333;-0.87786;-0.478905;0.00344509;0;0;0.0291677;212;212;162;1;
24.3333;24.3667;0.975399;-0.210609;0.0651189;0;0;-0.0130016;239;239;175;1;
24.3667;24.4;0.99209;-0.104128;0.0701062;0;0;-0.00989421;236;236;155;1;
24.4;24.4333;-0.943033;-0.32403;-0.0754602;0;0;-0.030294;222;222;165;1;
24.4333;24.4667;-0.987972;-0.154228;-0.0111938;0;0;-0.000687014;232;232;170;1;
24.4667;24.5;-0.893361;-0.445234;-0.0606077;0;0;0.0290092;224;224;164;1;
24.5;24.5333;-0.148595;0.987092;0.0597435;0;0;-0.92679;229;229;175;1;
24.5333;24.5667;0.131334;0.955404;-0.264489;0;0;0.536541;221;221;166;1;
24.5667;24.6;-0.317682;0.921789;-0.222224;0;0;0.0618395;223;223;173;1;
24.6;24.6333;-0.914065;-0.398788;0.0738438;0;0;-0.0031462;230;230;174;1;
24.6333;24.6667;0.937416;-0.348092;0.00909136;0;0;0.023896;233;233;168;1;
24.6667;24.7;-0.99787;0.0433408;-0.0487507;0;0;-0.00725169;228;228;163;1;
24.7;24.7333;0.986835;0.149008;0.0628802;0;0;0.0016793;228;228;155;1;
24.7333;24.7667;-0.890339;0.454435;-0.0280148;0;0;0.0925644;225;225;163;1;
24.7667;24.8;-0.239464;0.970813;-0.0133669;0;0;-3.07008;223;223;140;1;
24.8;24.8333;0.963159;-0.268847;-0.00673589;0;0;-0.0102483;225;225;161;1;
24.8333;24.8667;0.314227;0.910742;-0.267976;0;0;0.223975;226;226;161;1;
24.8667;24.9;0.991863;-0.0870857;0.0928659;0;0;-0.00909885;226;226;161;1;
24.9;24.9333;0.922013;-0.3776;-0.085504;0;0;-0.0647043;229;229;169;1;
24.9333;24.9667;0.983616;-0.179867;-0.012114;0;0;-0.00296627;231;231;172;1;
24.9667;25;0.90504;0.409642;0.114439;0;0;-0.0341234;229;229;170;1;
25;25.0333;0.950156;0.293288;-0.105763;0;0;-0.0179928;227;227;158;1;
25.0333;25.0667;0.944258;0.327518;0.0333076;0;0;0.000877486;230;230;166;1;
25.0667;25.1;0.979528;-0.200593;0.0169268;0;0;-0.000614632;230;230;167;1;
25.1;25.1333;0.836527;0.539862;-0.0936528;0;0;-0.0355997;227;227;171;1;
25.1333;25.1667;-0.0938582;-0.99323;-0.0684509;0;0;0.280136;232;232;177;1;
25.1667;25.2;0.990526;-0.137182;0.00622027;0;0;0.0188589;229;229;130;1;
25.2;25.2333;0.931035;0.362797;-0.039394;0;0;-0.000912288;209;209;151;1;
25.2333;25.2667;0.762369;0.647021;-0.0125197;0;0;0.101966;203;203;146;1;
25.2667;25.3;-0.971313;-0.232922;-0.0479481;0;0;0.00572321;199;199;138;1;
25.3;25.3333;0.0305149;0.96803;0.24897;0;0;0.181712;199;199;143;1;
25.3333;25.3667;-0.943693;-0.327485;-0.0468759;0;0;0.0406218;194;194;142;1;
25.3667;25.4;0.348127;-0.900506;0.260569;0;0;0.513952;199;199;138;1;
25.4;25.4333;0.959874;0.279036;-0.0279428;0;0;-0.0187079;196;196;142;1;
25.4333;25.4667;-0.937424;0.322888;-0.130302;0;0;-0.0426715;202;202;152;1;
25.4667;25.5;0.777468;0.582695;-0.236665;0;0;0.00967266;201;201;144;1;
25.5;25.5333;0.908992;0.415328;-0.0351618;0;0;-0.0204717;207;207;145;1;
25.5333;25.5667;-0.932754;0.357539;-0.0462155;0;0;-0.0434582;188;188;140;1;
25.5667;25.6;-0.99997;0.00759213;-0.0013734;0;0;0.0117795;205;205;132;1;
25.6;25.6333;-0.0578812;0.966627;-0.249562;0;0;0.752806;212;212;153;1;
25.6333;25.6667;-0.999585;-0.0252875;0.0137636;0;0;0.00258242;205;205;152;1;
25.6667;25.7;-0.983067;-0.171678;0.0640719;0;0;-0.00696064;210;210;154;1;
25.7;25.7333;-0.998525;0.0517667;0.0163595;0;0;-0.0330608;203;203;126;1;
25.7333;25.7667;0.993173;0.0172616;-0.115367;0;0;-0.00793547;187;187;148;1;
25.7667;25.8;0.999735;0.0227674;-0.00351582;0;0;-0.000121502;211;211;151;1;
25.8;25.8333;0.872901;0.47747;-0.100333;0;0;-0.0222003;215;215;160;1;
25.8333;25.8667;0.998589;-0.051118;0.0143641;0;0;-0.0126423;223;223;154;1;
25.8667;25.9;0.11302;0.885353;-0.450972;0;0;0.508087;208;208;142;1;
25.9;25.9333;-0.920281;-0.38882;-0.0436098;0;0;0.00821871;196;196;141;1;
25.9333;25.9667;-0.319724;0.940859;-0.11208;0;0;-1.86674;212;212;164;1;
25.9667;26;-0.996097;0.0875904;0.0109076;0;0;-0.0238245;209;209;137;1;
26;26.0333;0.993989;0.10944;0.00301646;0;0;-0.015196;229;229;154;1;
26.0333;26.0667;-0.835351;-0.549717;0;0;0;-0.0317656;215;215;155;1;
26.0667;26.1;0.91087;-0.412693;-0.000568372;0;0;-0.00455966;205;205;149;1;
26.1;26.1333;0.953825;-0.299007;0.0285082;0;0;-0.0452775;206;206;150;1;
26.1333;26.1667;0.496612;0.867834;-0.0154903;0;0;-0.0559383;217;217;152;1;
26.1667;26.2;0.99752;0.0507038;0.0488145;0;0;0.0245116;220;220;153;1;
26.2;26.2333;-0.532935;0.846135;0.00598805;0;0;-0.149122;207;207;152;1;
26.2333;26.2667;0.990853;-0.133362;0.0205873;0;0;-0.0289735;199;199;149;1;
26.2667;26.3;0.1611;-0.986537;-0.0281358;0;0;-0.798137;215;215;161;1;
26.3;26.3333;-0.980815;-0.194687;0.00996059;0;0;-0.00306508;212;212;149;1;
26.3333;26.3667;-0.98142;0.188843;-0.033974;0;0;0.000884759;204;204;149;1;
26.3667;26.4;0.907993;0.418597;-0.0180407;0;0;-0.162887;204;204;127;1;
26.4;26.4333;0.988023;-0.128362;0.0856336;0;0;0.00733042;213;213;144;1;
26.4333;26.4667;-0.964155;0.265278;-0.00570984;0;0;-0.0362368;198;198;135;1;
26.4667;26.5;0.495828;0.86807;0.024691;0;0;0.0704859;208;208;150;1;
26.5;26.5333;0.781767;0.618513;-0.079265;0;0;0.0319809;191;191;134;1;
26.5333;26.5667;0.912009;0.398687;-0.0963743;0;0;-0.0185861;206;206;150;1;
26.5667;26.6;0.899671;0.433802;-0.0490708;0;0;-0.045938;214;214;146;1;
26.6;26.6333;-0.948388;0.31663;-0.0174649;0;0;0.00629428;195;195;127;1;
26.6333;26.6667;0.946722;0.307752;-0.0948972;0;0;0.0086929;190;190;131;1;
26.6667;26.7;-0.938482;-0.334593;0.0854379;0;0;-0.0125313;186;186;129;1;
26.7;26.7333;-0.781036;0.597656;-0.18108;0;0;-0.00236127;192;192;137;1;
26.7333;26.7667;0.303181;-0.886564;0.349408;0;0;0.217297;188;188;131;1;
26.7667;26.8;0.521163;-0.843317;0.131172;0;0;1.121;190;190;121;1;
26.8;26.8333;-0.6493;0.618384;-0.442731;0;0;-0.0486618;209;209;140;1;
26.8333;26.8667;0.350295;-0.934072;0.0693096;0;0;-0.597573;189;189;126;1;
26.8667;26.9;-0.999686;-0.00690683;-0.024095;0;0;0.00675911;183;183;120;1;
26.9;26.9333;-0.995406;0.0882082;-0.0372376;0;0;-0.0214511;190;190;132;1;
26.9333;26.9667;-0.155491;0.986746;-0.0464279;0;0;-1.26165;190;190;137;1;
26.9667;27;-0.567908;-0.820721;0.0624354;0;0;0.122257;198;198;136;1;
27;27.0333;0.9986;-0.048248;-0.0217042;0;0;-0.000692902;194;194;135;1;
27.0333;27.0667;-0.641737;-0.733746;0.223138;0;0;0.12333;210;210;145;1;
27.0667;27.1;0.659849;0.735313;-0.154641;0;0;-0.061194;201;201;137;1;
27.1;27.1333;-0.810471;-0.580718;0.0768358;0;0;-0.0334552;209;209;143;1;
27.1333;27.1667;0.988833;0.140881;-0.0485944;0;0;0.00750452;201;201;131;1;
27.1667;27.2;0.401857;-0.91352;0.0631835;0;0;-0.544124;198;198;119;1;
27.2;27.2333;0.967608;0.250962;0.0274306;0;0;-0.00144884;188;188;128;1;
27.2333;27.2667;0.389592;-0.879208;0.274247;0;0;-0.189535;185;185;121;1;
27.2667;27.3;0.963196;0.265342;0.0429862;0;0;0.000557882;188;188;131;1;
27.3;27.3333;0.617985;0.783022;-0.0705092;0;0;0.145228;205;205;130;1;
27.3333;27.3667;-0.963047;0.192417;0.188455;0;0;-0.0142539;187;187;115;1;
27.3667;27.4;0.972317;0.230682;-0.0372133;0;0;-0.0192496;181;181;117;1;
27.4;27.4333;0.994322;0.105359;0.014913;0;0;-0.0550864;181;181;113;1;
27.4333;27.4667;0.101468;0.993434;-0.0528505;0;0;-0.327232;192;192;116;1;
27.4667;27.5;0.963107;0.268933;-0.00999922;0;0;-0.0223763;190;190;123;1;
27.5;27.5333;0.984756;0.155221;0.0785012;0;0;-0.0195221;185;185;118;1;
27.5333;27.5667;0.517655;0.840165;-0.161727;0;0;0.28574;200;200;130;1;
27.5667;27.6;0.997327;0.0730052;-0.00313029;0;0;-0.0397315;204;204;124;1;
27.6;27.6333;-0.881351;0.466003;0.077855;0;0;-0.144033;203;203;133;1;
27.6333;27.6667;0.745514;0.65453;-0.125696;0;0;0.133846;184;184;132;1;
27.6667;27.7;0.184866;-0.967652;0.171682;0;0;0.658435;185;185;137;1;
27.7;27.7333;-0.976295;0.211435;0.0463009;0;0;-0.0419082;182;182;128;1;
27.7333;27.7667;0.83329;0.548799;-0.0666988;0;0;0.0536539;191;191;144;1;
27.7667;27.8;0.994555;0.102713;-0.017644;0;0;-0.0309973;178;178;130;1;
27.8;27.8333;-0.143478;-0.988918;0.0381491;0;0;0.652613;182;182;137;1;
27.8333;27.8667;0.966951;-0.249156;-0.0540964;0;0;0.0056881;185;185;134;1;
27.8667;27.9;0.710999;0.703155;-0.00738558;0;0;-0.0124288;178;178;126;1;
27.9;27.9333;-0.855118;-0.505879;0.113401;0;0;-0.0640929;178;178;126;1;
27.9333;27.9667;-0.831162;0.553042;0.057581;0;0;-0.0188089;165;165;118;1;
27.9667;28;-0.415285;-0.907093;0.0687009;0;0;0.645361;168;168;113;1;
28;28.0333;0.585585;0.809374;-0.0447685;0;0;-0.128102;179;179;131;1;
28.0333;28.0667;0.974672;-0.198123;-0.103741;0;0;0.0218305;178;178;126;1;
28.0667;28.1;-0.260089;0.957108;-0.127665;0;0;-0.453674;176;176;124;1;
28.1;28.1333;-0.402411;-0.91521;0.021348;0;0;0.202037;184;184;143;1;
28.1333;28.1667;-0.933559;-0.344952;0.0973476;0;0;0.0111305;184;184;136;1;
28.1667;28.2;0.0944355;-0.99553;0.0013083;0;0;-0.209945;183;183;140;1;
28.2;28.2333;0.998882;0.0375301;0.028759;0;0;-0.0103902;187;187;128;1;
28.2333;28.2667;0.929993;-0.367393;0.0116062;0;0;0.0063314;181;181;132;1;
28.2667;28.3;0.982834;0.184097;0.0120366;0;0;-0.0179365;195;195;138;1;
28.3;28.3333;0.999244;0.0326281;-0.0211494;0;0;-0.00911182;190;190;135;1;
28.3333;28.3667;-0.855202;0.478156;-0.199989;0;0;0.0100144;171;171;123;1;
28.3667;28.4;-0.442675;-0.851712;0.280403;0;0;0.473848;179;179;109;1;
28.4;28.4333;-0.968416;0.235826;0.0809707;0;0;-0.0192335;171;171;131;1;
28.4333;28.4667;-0.0970492;-0.995068;0.0205003;0;0;0.351868;178;178;127;1;
28.4667;28.5;0.624358;0.774476;-0.101802;0;0;0.0205317;169;169;126;1;
28.5;28.5333;-0.994834;0.100025;0.0173201;0;0;0.00323901;165;165;117;1;
28.5333;28.5667;-0.0943389;0.99283;-0.0734089;0;0;0.618052;169;169;120;1;
28.5667;28.6;-0.920396;-0.390883;0.00908299;0;0;-0.00833012;171;171;125;1;
28.6;28.6333;0.99151;-0.10808;0.0722904;0;0;0.0103492;173;173;129;1;
28.6333;28.6667;-0.983821;0.165226;0.0692586;0;0;-0.0106473;164;164;123;1;
28.6667;28.7;0.180138;0.971004;-0.157167;0;0;0.167041;167;167;113;1;
28.7;28.7333;0.287738;-0.942285;0.171189;0;0;-0.410489;169;169;119;1;
28.7333;28.7667;0.729438;0.683192;-0.0341712;0;0;0.0978992;175;175;127;1;
28.7667;28.8;-0.997857;0.0642921;-0.0121819;0;0;-0.0276321;183;183;112;1;
28.8;28.8333;0.455201;-0.880739;0.130732;0;0;-0.139082;172;172;121;1;
28.8333;28.8667;0.218863;0.9757;-0.0104474;0;0;-0.293646;164;164;121;1;
28.8667;28.9;0.85759;-0.484022;-0.173962;0;0;-0.0134219;150;150;100;1;
28.9;28.9333;0.982734;0.170472;-0.0719178;0;0;-0.000581836;161;161;120;1;
28.9333;28.9667;0.740346;0.665843;-0.0924201;0;0;-0.00237978;164;164;115;1;
28.9667;29;0.4751;0.87992;0.00459062;0;0;-0.127464;166;166;111;1;
29;29.0333;-0.999929;-0.00521765;0.0107134;0;0;0.000593806;184;184;127;1;
29.0333;29.0667;-0.972335;-0.233506;0.00630408;0;0;-0.0116827;169;169;120;1;
29.0667;29.1;-0.988307;-0.144942;0.0473327;0;0;-0.0406383;181;181;127;1;
29.1;29.1333;-0.993721;-0.0305241;0.107638;0;0;-0.0452726;184;184;133;1;
29.1333;29.1667;-0.369248;-0.928528;0.0386363;0;0;0.169743;178;178;137;1;
29.1667;29.2;-0.999518;0.0283992;0.0125028;0;0;0.0223229;195;195;120;1;
29.2;29.2333;0.997821;0.016205;0.063954;0;0;-0.0193796;177;177;120;1;
29.2333;29.2667;0;0;0;0;0;0;179;0;0;0;
29.2667;29.3;0;0;0;0;0;0;0;0;0;0;
29.3;29.3333;0;0;0;0;0;0;0;0;0;0;
29.3333;29.3667;0;0;0;0;0;0;0;0;0;0;
29.3667;29.4;0;0;0;0;0;0;0;0;0;0;
29.4;29.4333;0;0;0;0;0;0;0;0;0;0;
29.4333;29.4667;0;0;0;0;0;0;0;0;0;0;
29.4667;29.5;0;0;0;0;0;0;0;0;0;0;
29.5;29.5333;0;0;0;0;0;0;0;0;0;0;
29.5333;29.5667;0;0;0;0;0;0;0;0;0;0;
29.5667;29.6;0;0;0;0;0;0;0;0;0;0;
29.6;29.6333;0;0;0;0;0;0;0;0;0;0;
29.6333;29.6667;0;0;0;0;0;0;0;0;0;0;
29.6667;29.7;0;0;0;0;0;0;0;0;0;0;
29.7;29.7333;0;0;0;0;0;0;0;0;0;0;
