length=;983;
t1;t2;x;y;yaw;numCorners;numMatches;numInliers;estValid;
1417781579.93700003623962402344;1417781580.04999995231628417969;0.419;-0.675;0.054;1000;262;244;1;
1417781580.04999995231628417969;1417781580.16300010681152343750;0.378;-0.315;-0.020;1000;270;237;1;
1417781580.16300010681152343750;1417781580.27699995040893554688;0.307;-0.232;0.011;1000;293;265;1;
1417781580.27699995040893554688;1417781580.39000010490417480469;0.287;-0.292;0.019;1000;323;299;1;
1417781580.39000010490417480469;1417781580.50399994850158691406;0.398;0.012;-0.022;1000;337;303;1;
1417781580.50399994850158691406;1417781580.61700010299682617188;0.336;-0.098;0.036;1000;359;320;1;
1417781580.61700010299682617188;1417781580.73000001907348632812;0.534;-0.189;0.077;1000;381;357;1;
1417781580.73000001907348632812;1417781580.84400010108947753906;0.312;0.288;-0.001;1000;383;356;1;
1417781580.84400010108947753906;1417781580.95700001716613769531;0.345;0.366;-0.017;1000;415;397;1;
1417781580.95700001716613769531;1417781581.06999993324279785156;0.427;0.027;0.033;1000;407;368;1;
1417781581.06999993324279785156;1417781581.18400001525878906250;0.349;0.257;0.017;1000;420;388;1;
1417781581.18400001525878906250;1417781581.29699993133544921875;0.472;0.349;-0.038;1000;446;419;1;
1417781581.29699993133544921875;1417781581.41100001335144042969;0.435;-0.021;0.028;1000;487;412;1;
1417781581.41100001335144042969;1417781581.52399992942810058594;0.445;0.115;-0.001;1000;433;383;1;
1417781581.52399992942810058594;1417781581.63700008392333984375;0.441;-0.246;0.051;1000;450;409;1;
1417781581.63700008392333984375;1417781581.75099992752075195312;0.431;0.032;-0.031;1000;464;432;1;
1417781581.75099992752075195312;1417781581.86599993705749511719;0.422;-0.065;-0.008;1000;485;452;1;
1417781581.86599993705749511719;1417781581.98000001907348632812;0.513;-0.071;-0.008;1000;491;454;1;
1417781581.98000001907348632812;1417781582.09400010108947753906;0.446;-0.165;0.002;1000;516;475;1;
1417781582.09400010108947753906;1417781582.20700001716613769531;0.404;-0.471;0.044;1000;512;468;1;
1417781582.20700001716613769531;1417781582.32100009918212890625;0.406;-0.449;0.054;1000;519;481;1;
1417781582.32100009918212890625;1417781582.43499994277954101562;0.414;-0.338;0.026;1000;515;472;1;
1417781582.43499994277954101562;1417781582.54999995231628417969;0.419;-0.391;0.033;1000;508;465;1;
1417781582.54999995231628417969;1417781582.66400003433227539062;0.407;-0.085;0.002;1000;513;474;1;
1417781582.66400003433227539062;1417781582.77800011634826660156;0.443;-0.171;0.013;1000;524;481;1;
1417781582.77800011634826660156;1417781582.89199995994567871094;0.451;0.008;-0.018;1000;536;473;1;
1417781582.89199995994567871094;1417781583.00699996948242187500;0.487;-0.229;0.021;1000;528;475;1;
1417781583.00699996948242187500;1417781583.12100005149841308594;0.476;0.178;-0.039;1000;526;478;1;
1417781583.12100005149841308594;1417781583.23499989509582519531;0.421;-0.048;0.011;1000;516;467;1;
1417781583.23499989509582519531;1417781583.34999990463256835938;0.456;-0.177;0.030;1000;537;496;1;
1417781583.34999990463256835938;1417781583.46499991416931152344;0.428;0.074;-0.026;1000;521;472;1;
1417781583.46499991416931152344;1417781583.57999992370605468750;0.428;0.032;0.007;1000;526;474;1;
1417781583.57999992370605468750;1417781583.69499993324279785156;0.456;0.175;-0.038;1000;520;464;1;
1417781583.69499993324279785156;1417781583.80900001525878906250;0.478;0.236;-0.051;1000;524;473;1;
1417781583.80900001525878906250;1417781583.92400002479553222656;0.459;0.001;-0.001;1000;522;469;1;
1417781583.92400002479553222656;1417781584.03900003433227539062;0.479;0.117;-0.039;1000;521;473;1;
1417781584.03900003433227539062;1417781584.15400004386901855469;0.425;-0.008;-0.020;1000;498;446;1;
1417781584.15400004386901855469;1417781584.27099990844726562500;0.490;-0.056;-0.012;1000;485;453;1;
1417781584.27099990844726562500;1417781584.38599991798400878906;0.461;-0.105;0.015;1000;498;456;1;
1417781584.38599991798400878906;1417781584.50099992752075195312;0.448;-0.153;0.019;1000;495;445;1;
1417781584.50099992752075195312;1417781584.61599993705749511719;0.421;-0.377;0.050;1000;495;447;1;
1417781584.61599993705749511719;1417781584.73000001907348632812;0.439;-0.172;0.009;1000;517;472;1;
1417781584.73000001907348632812;1417781584.84500002861022949219;0.412;-0.462;0.072;1000;497;455;1;
1417781584.84500002861022949219;1417781584.96000003814697265625;0.361;-0.349;0.056;1000;501;453;1;
1417781584.96000003814697265625;1417781585.07500004768371582031;0.378;-0.501;0.096;1000;500;445;1;
1417781585.07500004768371582031;1417781585.19000005722045898438;0.451;-0.197;0.038;1000;504;453;1;
1417781585.19000005722045898438;1417781585.30500006675720214844;0.372;-0.318;0.066;1000;504;457;1;
1417781585.30500006675720214844;1417781585.42000007629394531250;0.433;-0.098;0.020;998;528;474;1;
1417781585.42000007629394531250;1417781585.53500008583068847656;0.372;-0.109;0.030;972;491;443;1;
1417781585.53500008583068847656;1417781585.65199995040893554688;0.353;0.118;-0.023;998;490;443;1;
1417781585.65199995040893554688;1417781585.76699995994567871094;0.303;0.105;-0.021;1000;496;448;1;
1417781585.76699995994567871094;1417781585.88199996948242187500;0.358;0.218;-0.038;1000;485;439;1;
1417781585.88199996948242187500;1417781585.99799990653991699219;0.380;0.234;-0.049;1000;492;442;1;
1417781585.99799990653991699219;1417781586.11299991607666015625;0.347;0.157;-0.026;1000;500;434;1;
1417781586.11299991607666015625;1417781586.22900009155273437500;0.370;0.146;-0.044;1000;474;429;1;
1417781586.22900009155273437500;1417781586.34400010108947753906;0.334;0.131;-0.036;1000;479;426;1;
1417781586.34400010108947753906;1417781586.45900011062622070312;0.342;0.039;-0.021;971;475;431;1;
1417781586.45900011062622070312;1417781586.57500004768371582031;0.312;0.162;-0.036;1000;486;430;1;
1417781586.57500004768371582031;1417781586.69000005722045898438;0.330;0.027;-0.005;925;471;416;1;
1417781586.69000005722045898438;1417781586.80500006675720214844;0.371;-0.007;-0.005;982;471;423;1;
1417781586.80500006675720214844;1417781586.92100000381469726562;0.361;-0.080;0.027;1000;487;422;1;
1417781586.92100000381469726562;1417781587.03600001335144042969;0.367;-0.098;0.029;940;464;417;1;
1417781587.03600001335144042969;1417781587.15100002288818359375;0.349;-0.246;0.063;873;449;404;1;
1417781587.15100002288818359375;1417781587.26699995994567871094;0.277;-0.315;0.090;973;464;418;1;
1417781587.26699995994567871094;1417781587.38299989700317382812;0.320;-0.301;0.092;921;442;384;1;
1417781587.38299989700317382812;1417781587.49900007247924804688;0.279;-0.337;0.097;845;441;383;1;
1417781587.49900007247924804688;1417781587.61400008201599121094;0.337;-0.272;0.103;936;437;393;1;
1417781587.61400008201599121094;1417781587.73000001907348632812;0.336;-0.277;0.091;853;428;370;1;
1417781587.73000001907348632812;1417781587.84500002861022949219;0.270;-0.155;0.067;834;410;363;1;
1417781587.84500002861022949219;1417781587.96099996566772460938;0.258;-0.124;0.065;850;420;373;1;
1417781587.96099996566772460938;1417781588.07599997520446777344;0.312;-0.024;0.025;845;426;384;1;
1417781588.07599997520446777344;1417781588.19199991226196289062;0.270;-0.150;0.052;801;422;367;1;
1417781588.19199991226196289062;1417781588.30800008773803710938;0.267;0.084;-0.014;804;404;356;1;
1417781588.30800008773803710938;1417781588.42300009727478027344;0.248;0.086;-0.007;894;421;374;1;
1417781588.42300009727478027344;1417781588.53900003433227539062;0.224;-0.057;0.026;807;406;354;1;
1417781588.53900003433227539062;1417781588.65400004386901855469;0.266;-0.079;0.007;821;400;344;1;
1417781588.65400004386901855469;1417781588.76999998092651367188;0.250;0.165;-0.042;788;418;349;1;
1417781588.76999998092651367188;1417781588.88499999046325683594;0.221;0.094;-0.033;814;395;339;1;
1417781588.88499999046325683594;1417781589.00500011444091796875;0.276;0.161;-0.056;677;354;308;1;
1417781589.00500011444091796875;1417781589.12100005149841308594;0.260;-0.047;-0.001;698;375;322;1;
1417781589.12100005149841308594;1417781589.23600006103515625000;0.261;0.115;-0.035;769;370;325;1;
1417781589.23600006103515625000;1417781589.35199999809265136719;0.252;-0.094;0.022;708;366;304;1;
1417781589.35199999809265136719;1417781589.46700000762939453125;0.262;0.020;0.019;641;339;303;1;
1417781589.46700000762939453125;1417781589.58299994468688964844;0.270;-0.103;0.086;723;355;293;1;
1417781589.58299994468688964844;1417781589.69899988174438476562;0.246;0.147;0.045;694;322;278;1;
1417781589.69899988174438476562;1417781589.81399989128112792969;0.334;-0.019;0.137;721;347;313;1;
1417781589.81399989128112792969;1417781589.93000006675720214844;0.251;0.200;0.125;765;344;307;1;
1417781589.93000006675720214844;1417781590.04600000381469726562;0.364;0.070;0.243;700;327;300;1;
1417781590.04600000381469726562;1417781590.16100001335144042969;0.295;-0.091;0.362;718;333;303;1;
1417781590.16100001335144042969;1417781590.27699995040893554688;0.236;0.099;0.388;730;317;286;1;
1417781590.27699995040893554688;1417781590.39299988746643066406;0.349;-0.384;0.665;704;329;304;1;
1417781590.39299988746643066406;1417781590.50900006294250488281;0.428;0.424;0.593;575;298;284;1;
1417781590.50900006294250488281;1417781590.62500000000000000000;0.391;-0.545;1.010;589;304;260;1;
1417781590.62500000000000000000;1417781590.74000000953674316406;-0.019;0.121;0.934;609;303;268;1;
1417781590.74000000953674316406;1417781590.85599994659423828125;0.336;0.447;0.934;560;299;241;1;
1417781590.85599994659423828125;1417781590.97099995613098144531;0.307;-0.002;1.165;497;286;238;1;
1417781590.97099995613098144531;1417781591.08699989318847656250;0.218;0.800;1.045;490;267;222;1;
1417781591.08699989318847656250;1417781591.20300006866455078125;0.262;0.651;1.120;563;276;227;1;
1417781591.20300006866455078125;1417781591.31800007820129394531;0.313;0.494;1.183;550;287;234;1;
1417781591.31800007820129394531;1417781591.43400001525878906250;0.263;-1.010;1.750;590;284;227;1;
1417781591.43400001525878906250;1417781591.54900002479553222656;0.459;1.729;0.936;662;282;276;1;
1417781591.54900002479553222656;1417781591.66499996185302734375;0.094;-0.182;1.596;612;282;231;1;
1417781591.66499996185302734375;1417781591.77999997138977050781;0.062;-1.602;1.933;563;273;224;1;
1417781591.77999997138977050781;1417781591.89599990844726562500;0.222;0.621;1.368;549;272;222;1;
1417781591.89599990844726562500;1417781592.01200008392333984375;0.044;0.061;1.423;703;305;244;1;
1417781592.01200008392333984375;1417781592.12700009346008300781;0.011;-1.219;1.766;657;288;235;1;
1417781592.12700009346008300781;1417781592.24300003051757812500;0.083;-1.250;1.588;523;286;238;1;
1417781592.24300003051757812500;1417781592.35800004005432128906;-0.018;-0.761;1.510;626;322;257;1;
1417781592.35800004005432128906;1417781592.47499990463256835938;0.284;-1.526;1.609;735;319;256;1;
1417781592.47499990463256835938;1417781592.59100008010864257812;0.238;-0.675;1.325;764;332;280;1;
1417781592.59100008010864257812;1417781592.70700001716613769531;0.112;-1.182;1.337;855;330;266;1;
1417781592.70700001716613769531;1417781592.82299995422363281250;-0.200;-1.119;1.281;773;348;281;1;
1417781592.82299995422363281250;1417781592.93799996376037597656;0.060;-1.003;1.144;765;344;309;1;
1417781592.93799996376037597656;1417781593.05399990081787109375;0.138;-0.334;0.874;666;351;312;1;
1417781593.05399990081787109375;1417781593.17000007629394531250;0.414;-0.929;0.922;635;341;298;1;
1417781593.17000007629394531250;1417781593.28500008583068847656;0.036;-0.069;0.623;666;360;316;1;
1417781593.28500008583068847656;1417781593.40100002288818359375;0.082;0.133;0.504;719;371;355;1;
1417781593.40100002288818359375;1417781593.51600003242492675781;0.195;0.038;0.428;881;397;350;1;
1417781593.51600003242492675781;1417781593.63199996948242187500;-0.002;0.424;0.265;818;408;397;1;
1417781593.63199996948242187500;1417781593.74799990653991699219;0.076;0.961;0.075;701;376;362;1;
1417781593.74799990653991699219;1417781593.86299991607666015625;-0.011;0.924;0.078;751;399;372;1;
1417781593.86299991607666015625;1417781593.97900009155273437500;0.007;0.843;0.095;686;397;375;1;
1417781593.97900009155273437500;1417781594.09400010108947753906;0.082;0.777;0.074;828;440;416;1;
1417781594.09400010108947753906;1417781594.21000003814697265625;0.143;0.555;0.114;803;420;409;1;
1417781594.21000003814697265625;1417781594.32500004768371582031;-0.006;0.693;0.121;745;437;400;1;
1417781594.32500004768371582031;1417781594.44099998474121093750;0.040;0.043;0.261;756;422;393;1;
1417781594.44099998474121093750;1417781594.55599999427795410156;0.165;0.442;0.170;895;464;438;1;
1417781594.55599999427795410156;1417781594.67100000381469726562;0.017;0.090;0.249;816;447;421;1;
1417781594.67100000381469726562;1417781594.78699994087219238281;0.039;0.203;0.233;924;448;405;1;
1417781594.78699994087219238281;1417781594.90199995040893554688;0.000;0.140;0.217;972;459;413;1;
1417781594.90199995040893554688;1417781595.01799988746643066406;0.034;-0.033;0.256;966;475;449;1;
1417781595.01799988746643066406;1417781595.13299989700317382812;0.135;-0.019;0.219;1000;483;445;1;
1417781595.13299989700317382812;1417781595.24900007247924804688;0.123;-0.303;0.267;918;472;439;1;
1417781595.24900007247924804688;1417781595.36400008201599121094;0.096;-0.129;0.224;900;485;458;1;
1417781595.36400008201599121094;1417781595.48000001907348632812;0.052;-0.051;0.185;1000;482;447;1;
1417781595.48000001907348632812;1417781595.59500002861022949219;0.082;-0.065;0.169;1000;463;425;1;
1417781595.59500002861022949219;1417781595.71099996566772460938;-0.039;-0.106;0.186;974;476;441;1;
1417781595.71099996566772460938;1417781595.82599997520446777344;0.030;0.042;0.136;1000;496;464;1;
1417781595.82599997520446777344;1417781595.94099998474121093750;0.068;-0.114;0.138;1000;481;440;1;
1417781595.94099998474121093750;1417781596.05599999427795410156;0.016;0.184;0.085;1000;489;446;1;
1417781596.05599999427795410156;1417781596.17199993133544921875;0.059;0.197;0.067;1000;494;448;1;
1417781596.17199993133544921875;1417781596.28699994087219238281;0.089;0.343;0.043;1000;503;454;1;
1417781596.28699994087219238281;1417781596.40300011634826660156;-0.010;0.204;0.057;1000;512;473;1;
1417781596.40300011634826660156;1417781596.51799988746643066406;0.043;0.448;0.024;1000;497;444;1;
1417781596.51799988746643066406;1417781596.63400006294250488281;-0.070;0.482;0.033;1000;506;473;1;
1417781596.63400006294250488281;1417781596.74900007247924804688;-0.004;0.145;0.097;1000;522;479;1;
1417781596.74900007247924804688;1417781596.86400008201599121094;-0.027;0.345;0.044;1000;541;475;1;
1417781596.86400008201599121094;1417781596.98000001907348632812;0.111;0.320;0.053;1000;498;472;1;
1417781596.98000001907348632812;1417781597.09500002861022949219;0.094;0.263;0.072;1000;506;469;1;
1417781597.09500002861022949219;1417781597.21099996566772460938;0.038;0.338;0.071;1000;483;446;1;
1417781597.21099996566772460938;1417781597.32599997520446777344;-0.010;0.267;0.084;854;474;438;1;
1417781597.32599997520446777344;1417781597.44199991226196289062;0.062;0.109;0.141;837;477;436;1;
1417781597.44199991226196289062;1417781597.55800008773803710938;0.093;0.048;0.172;779;462;427;1;
1417781597.55800008773803710938;1417781597.67300009727478027344;0.061;0.186;0.169;835;469;448;1;
1417781597.67300009727478027344;1417781597.78900003433227539062;0.077;-0.462;0.359;908;500;460;1;
1417781597.78900003433227539062;1417781597.90400004386901855469;-0.043;-0.603;0.367;870;514;495;1;
1417781597.90400004386901855469;1417781598.01999998092651367188;0.073;0.252;0.234;661;445;431;1;
1417781598.01999998092651367188;1417781598.13499999046325683594;0.046;-0.496;0.473;650;451;434;1;
1417781598.13499999046325683594;1417781598.25099992752075195312;0.039;0.321;0.366;752;469;466;1;
1417781598.25099992752075195312;1417781598.36599993705749511719;-0.004;-0.634;0.710;842;488;453;1;
1417781598.36599993705749511719;1417781598.48099994659423828125;0.054;-0.194;0.688;772;456;430;1;
1417781598.48099994659423828125;1417781598.59699988365173339844;0.068;-0.408;0.859;901;480;438;1;
1417781598.59699988365173339844;1417781598.71199989318847656250;-0.120;0.178;0.782;927;492;456;1;
1417781598.71199989318847656250;1417781598.82899999618530273438;0.094;-0.322;1.036;777;464;437;1;
1417781598.82899999618530273438;1417781598.94400000572204589844;0.031;0.221;0.896;923;490;439;1;
1417781598.94400000572204589844;1417781599.05500006675720214844;-0.081;0.325;0.930;869;498;444;1;
1417781599.05500006675720214844;1417781599.17000007629394531250;0.252;0.104;0.953;1000;502;470;1;
1417781599.17000007629394531250;1417781599.28600001335144042969;0.141;0.234;0.969;1000;513;457;1;
1417781599.28600001335144042969;1417781599.40100002288818359375;0.092;0.754;0.890;1000;494;444;1;
1417781599.40100002288818359375;1417781599.51600003242492675781;0.252;0.266;0.942;1000;521;496;1;
1417781599.51600003242492675781;1417781599.63199996948242187500;0.080;-0.191;1.106;975;526;452;1;
1417781599.63199996948242187500;1417781599.74699997901916503906;0.304;-0.269;1.035;888;480;430;1;
1417781599.74699997901916503906;1417781599.86199998855590820312;0.016;-0.149;0.994;983;529;460;1;
1417781599.86199998855590820312;1417781599.97699999809265136719;0.306;-0.139;0.950;929;507;453;1;
1417781599.97699999809265136719;1417781600.09299993515014648438;0.015;-0.118;0.889;837;482;434;1;
1417781600.09299993515014648438;1417781600.20799994468688964844;0.112;-0.558;0.977;1000;504;479;1;
1417781600.20799994468688964844;1417781600.32299995422363281250;0.028;-0.286;0.836;1000;513;471;1;
1417781600.32299995422363281250;1417781600.43799996376037597656;-0.123;-0.221;0.764;996;518;487;1;
1417781600.43799996376037597656;1417781600.55299997329711914062;0.113;-0.002;0.661;1000;494;479;1;
1417781600.55299997329711914062;1417781600.66799998283386230469;0.056;0.357;0.608;792;467;437;1;
1417781600.66799998283386230469;1417781600.78299999237060546875;0.195;-0.828;0.829;828;480;451;1;
1417781600.78299999237060546875;1417781600.89800000190734863281;0.096;-0.474;0.659;770;474;444;1;
1417781600.89800000190734863281;1417781601.01300001144409179688;0.167;-0.367;0.679;743;460;440;1;
1417781601.01300001144409179688;1417781601.13000011444091796875;-0.051;-0.198;0.617;677;443;425;1;
1417781601.13000011444091796875;1417781601.24600005149841308594;0.007;-0.112;0.589;753;467;451;1;
1417781601.24600005149841308594;1417781601.36100006103515625000;0.065;-0.051;0.505;985;534;520;1;
1417781601.36100006103515625000;1417781601.47600007057189941406;0.093;0.127;0.489;854;489;463;1;
1417781601.47600007057189941406;1417781601.59100008010864257812;0.068;-0.139;0.437;911;511;498;1;
1417781601.59100008010864257812;1417781601.70600008964538574219;0.144;0.178;0.358;745;478;451;1;
1417781601.70600008964538574219;1417781601.82100009918212890625;0.069;0.372;0.249;851;497;473;1;
1417781601.82100009918212890625;1417781601.93600010871887207031;0.062;0.645;0.131;962;509;490;1;
1417781601.93600010871887207031;1417781602.05200004577636718750;0.023;0.203;0.166;916;508;472;1;
1417781602.05200004577636718750;1417781602.16700005531311035156;-0.102;0.354;0.089;876;512;486;1;
1417781602.16700005531311035156;1417781602.28200006484985351562;-0.037;0.215;0.063;927;514;464;1;
1417781602.28200006484985351562;1417781602.39700007438659667969;-0.087;0.181;0.030;889;514;471;1;
1417781602.39700007438659667969;1417781602.51200008392333984375;-0.009;-0.072;0.026;881;512;466;1;
1417781602.51200008392333984375;1417781602.62700009346008300781;-0.095;-0.001;-0.068;833;511;474;1;
1417781602.62700009346008300781;1417781602.74200010299682617188;-0.141;-0.162;-0.086;845;513;480;1;
1417781602.74200010299682617188;1417781602.85800004005432128906;-0.121;-0.297;-0.138;632;481;445;1;
1417781602.85800004005432128906;1417781602.97300004959106445312;-0.133;-0.177;-0.292;714;456;441;1;
1417781602.97300004959106445312;1417781603.08800005912780761719;-0.069;-0.015;-0.494;778;485;462;1;
1417781603.08800005912780761719;1417781603.20300006866455078125;-0.113;-0.521;-0.557;907;508;478;1;
1417781603.20300006866455078125;1417781603.31800007820129394531;-0.205;0.104;-0.882;951;515;464;1;
1417781603.31800007820129394531;1417781603.43300008773803710938;-0.242;0.149;-0.982;995;517;470;1;
1417781603.43300008773803710938;1417781603.54800009727478027344;0.075;0.005;-1.161;879;504;455;1;
1417781603.54800009727478027344;1417781603.66300010681152343750;-0.194;-0.742;-1.150;923;513;459;1;
1417781603.66300010681152343750;1417781603.77800011634826660156;0.088;-0.073;-1.464;919;494;437;1;
1417781603.77800011634826660156;1417781603.89400005340576171875;-0.027;-0.228;-1.514;1000;503;440;1;
1417781603.89400005340576171875;1417781604.00900006294250488281;0.063;-0.095;-1.764;799;462;408;1;
1417781604.00900006294250488281;1417781604.12400007247924804688;-0.193;-0.313;-1.797;866;474;423;1;
1417781604.12400007247924804688;1417781604.23900008201599121094;-0.133;-0.593;-1.789;985;511;440;1;
1417781604.23900008201599121094;1417781604.35400009155273437500;-0.037;-0.041;-1.986;881;493;423;1;
1417781604.35400009155273437500;1417781604.47099995613098144531;-0.164;-0.771;-1.830;611;423;387;1;
1417781604.47099995613098144531;1417781604.58599996566772460938;-0.153;-0.200;-1.951;1000;505;434;1;
1417781604.58599996566772460938;1417781604.70099997520446777344;-0.126;-0.060;-1.961;935;500;429;1;
1417781604.70099997520446777344;1417781604.81699991226196289062;-0.031;-0.710;-1.923;938;509;428;1;
1417781604.81699991226196289062;1417781604.93199992179870605469;-0.472;1.018;-2.186;949;486;422;1;
1417781604.93199992179870605469;1417781605.04699993133544921875;-0.453;1.305;-2.240;1000;486;416;1;
1417781605.04699993133544921875;1417781605.16199994087219238281;-0.036;-0.446;-1.943;1000;484;415;1;
1417781605.16199994087219238281;1417781605.27699995040893554688;0.160;-0.717;-1.917;791;459;397;1;
1417781605.27699995040893554688;1417781605.39199995994567871094;-0.125;0.140;-2.070;839;470;401;1;
1417781605.39199995994567871094;1417781605.50699996948242187500;-0.104;-0.698;-1.975;1000;514;418;1;
1417781605.50699996948242187500;1417781605.62199997901916503906;-0.193;-0.256;-1.999;996;476;411;1;
1417781605.62199997901916503906;1417781605.73699998855590820312;0.059;0.417;-2.255;1000;501;425;1;
1417781605.73699998855590820312;1417781605.85199999809265136719;-0.125;0.309;-2.115;1000;498;429;1;
1417781605.85199999809265136719;1417781605.96700000762939453125;-0.273;-1.280;-1.792;1000;500;439;1;
1417781605.96700000762939453125;1417781606.08200001716613769531;0.017;-0.296;-2.008;1000;516;437;1;
1417781606.08200001716613769531;1417781606.19700002670288085938;-0.161;-0.694;-1.948;1000;500;430;1;
1417781606.19700002670288085938;1417781606.31200003623962402344;0.074;-0.162;-2.056;1000;486;411;1;
1417781606.31200003623962402344;1417781606.42700004577636718750;-0.212;0.605;-2.093;1000;497;428;1;
1417781606.42700004577636718750;1417781606.54099988937377929688;0.037;-0.343;-1.806;1000;508;442;1;
1417781606.54099988937377929688;1417781606.65599989891052246094;-0.268;-1.788;-1.483;1000;495;442;1;
1417781606.65599989891052246094;1417781606.77099990844726562500;-0.004;-0.716;-1.629;1000;500;432;1;
1417781606.77099990844726562500;1417781606.88499999046325683594;-0.174;-0.952;-1.490;1000;501;441;1;
1417781606.88499999046325683594;1417781607.00000000000000000000;-0.194;0.658;-1.819;1000;502;440;1;
1417781607.00000000000000000000;1417781607.11400008201599121094;0.002;1.008;-1.768;1000;507;446;1;
1417781607.11400008201599121094;1417781607.22799992561340332031;0.042;-0.316;-1.485;1000;523;452;1;
1417781607.22799992561340332031;1417781607.34200000762939453125;-0.080;0.680;-1.688;1000;506;432;1;
1417781607.34200000762939453125;1417781607.45600008964538574219;-0.072;-1.025;-1.316;1000;493;432;1;
1417781607.45600008964538574219;1417781607.57100009918212890625;-0.101;-0.664;-1.420;1000;494;433;1;
1417781607.57100009918212890625;1417781607.68499994277954101562;0.074;0.893;-1.654;1000;497;437;1;
1417781607.68499994277954101562;1417781607.79999995231628417969;0.177;0.547;-1.609;1000;495;427;1;
1417781607.79999995231628417969;1417781607.91400003433227539062;0.183;0.160;-1.495;1000;471;430;1;
1417781607.91400003433227539062;1417781608.02800011634826660156;-0.024;-0.833;-1.365;1000;512;450;1;
1417781608.02800011634826660156;1417781608.14299988746643066406;-0.022;0.070;-1.552;1000;477;409;1;
1417781608.14299988746643066406;1417781608.25600004196166992188;-0.245;0.013;-1.550;1000;495;428;1;
1417781608.25600004196166992188;1417781608.37100005149841308594;-0.340;-1.016;-1.411;1000;503;433;1;
1417781608.37100005149841308594;1417781608.48499989509582519531;-0.024;0.342;-1.619;1000;501;428;1;
1417781608.48499989509582519531;1417781608.59899997711181640625;0.069;0.319;-1.657;1000;488;425;1;
1417781608.59899997711181640625;1417781608.71300005912780761719;0.295;-0.048;-1.595;1000;486;426;1;
1417781608.71300005912780761719;1417781608.82699990272521972656;-0.137;2.234;-2.095;1000;497;420;1;
1417781608.82699990272521972656;1417781608.94099998474121093750;-0.040;-0.621;-1.487;1000;491;417;1;
1417781608.94099998474121093750;1417781609.05500006675720214844;0.073;0.403;-1.784;1000;489;423;1;
1417781609.05500006675720214844;1417781609.16899991035461425781;0.171;0.066;-1.647;1000;496;438;1;
1417781609.16899991035461425781;1417781609.28399991989135742188;-0.095;0.826;-1.739;1000;506;437;1;
1417781609.28399991989135742188;1417781609.39800000190734863281;-0.092;0.094;-1.690;1000;475;413;1;
1417781609.39800000190734863281;1417781609.51200008392333984375;-0.024;-0.295;-1.501;1000;493;428;1;
1417781609.51200008392333984375;1417781609.62599992752075195312;-0.065;-0.753;-1.345;1000;500;446;1;
1417781609.62599992752075195312;1417781609.74300003051757812500;0.113;-0.272;-1.422;1000;493;424;1;
1417781609.74300003051757812500;1417781609.85800004005432128906;0.205;0.255;-1.445;1000;506;446;1;
1417781609.85800004005432128906;1417781609.97199988365173339844;0.013;-0.084;-1.391;1000;489;430;1;
1417781609.97199988365173339844;1417781610.08599996566772460938;0.118;-0.585;-1.110;1000;491;448;1;
1417781610.08599996566772460938;1417781610.20000004768371582031;0.091;-0.153;-1.088;1000;513;466;1;
1417781610.20000004768371582031;1417781610.31399989128112792969;0.155;0.047;-1.070;1000;514;472;1;
1417781610.31399989128112792969;1417781610.42799997329711914062;0.115;0.495;-1.081;1000;520;469;1;
1417781610.42799997329711914062;1417781610.54200005531311035156;-0.007;0.231;-1.027;1000;509;479;1;
1417781610.54200005531311035156;1417781610.65599989891052246094;0.223;0.732;-0.951;1000;507;459;1;
1417781610.65599989891052246094;1417781610.77099990844726562500;0.052;0.197;-0.821;1000;510;494;1;
1417781610.77099990844726562500;1417781610.88599991798400878906;0.129;0.425;-0.915;1000;488;463;1;
1417781610.88599991798400878906;1417781611.00000000000000000000;0.151;0.660;-0.941;1000;504;477;1;
1417781611.00000000000000000000;1417781611.11400008201599121094;0.020;0.701;-0.828;1000;518;490;1;
1417781611.11400008201599121094;1417781611.22900009155273437500;0.143;0.383;-0.717;1000;514;502;1;
1417781611.22900009155273437500;1417781611.34299993515014648438;0.187;0.235;-0.656;1000;511;495;1;
1417781611.34299993515014648438;1417781611.45700001716613769531;0.073;-0.225;-0.538;1000;539;538;1;
1417781611.45700001716613769531;1417781611.57100009918212890625;0.044;0.297;-0.591;1000;533;529;1;
1417781611.57100009918212890625;1417781611.68600010871887207031;0.296;0.303;-0.608;1000;513;496;1;
1417781611.68600010871887207031;1417781611.79999995231628417969;0.333;0.337;-0.642;1000;535;507;1;
1417781611.79999995231628417969;1417781611.91400003433227539062;0.094;-0.065;-0.489;1000;522;514;1;
1417781611.91400003433227539062;1417781612.02900004386901855469;0.442;-0.235;-0.497;1000;527;512;1;
1417781612.02900004386901855469;1417781612.14400005340576171875;-0.004;-0.011;-0.488;1000;531;496;1;
1417781612.14400005340576171875;1417781612.25799989700317382812;0.057;0.416;-0.547;1000;516;502;1;
1417781612.25799989700317382812;1417781612.37199997901916503906;0.182;-0.241;-0.357;1000;527;515;1;
1417781612.37199997901916503906;1417781612.48699998855590820312;0.292;-0.188;-0.368;1000;517;505;1;
1417781612.48699998855590820312;1417781612.60199999809265136719;0.036;-0.178;-0.340;1000;529;499;1;
1417781612.60199999809265136719;1417781612.71600008010864257812;0.000;-0.088;-0.303;1000;512;495;1;
1417781612.71600008010864257812;1417781612.82999992370605468750;0.103;-0.811;-0.178;1000;512;495;1;
1417781612.82999992370605468750;1417781612.94400000572204589844;0.097;-0.436;-0.202;1000;528;503;1;
1417781612.94400000572204589844;1417781613.05900001525878906250;0.029;0.101;-0.276;1000;522;508;1;
1417781613.05900001525878906250;1417781613.17300009727478027344;0.048;-0.434;-0.187;1000;520;501;1;
1417781613.17300009727478027344;1417781613.28699994087219238281;0.064;0.050;-0.280;1000;507;484;1;
1417781613.28699994087219238281;1417781613.40300011634826660156;0.085;0.228;-0.308;1000;544;509;1;
1417781613.40300011634826660156;1417781613.51699995994567871094;0.169;-0.116;-0.194;1000;509;478;1;
1417781613.51699995994567871094;1417781613.63100004196166992188;0.075;-0.252;-0.200;1000;521;502;1;
1417781613.63100004196166992188;1417781613.74600005149841308594;0.189;0.067;-0.267;1000;514;477;1;
1417781613.74600005149841308594;1417781613.85999989509582519531;0.190;-0.366;-0.201;1000;548;516;1;
1417781613.85999989509582519531;1417781613.97499990463256835938;0.191;-0.272;-0.241;1000;531;514;1;
1417781613.97499990463256835938;1417781614.08899998664855957031;0.280;-0.273;-0.320;1000;528;511;1;
1417781614.08899998664855957031;1417781614.20499992370605468750;0.169;-0.224;-0.364;1000;532;517;1;
1417781614.20499992370605468750;1417781614.31900000572204589844;0.212;-0.637;-0.368;1000;499;476;1;
1417781614.31900000572204589844;1417781614.43400001525878906250;0.115;0.567;-0.613;1000;496;473;1;
1417781614.43400001525878906250;1417781614.54800009727478027344;0.170;-0.966;-0.301;1000;534;525;1;
1417781614.54800009727478027344;1417781614.66300010681152343750;0.149;-0.693;-0.381;1000;513;508;1;
1417781614.66300010681152343750;1417781614.77699995040893554688;0.275;0.089;-0.500;1000;515;480;1;
1417781614.77699995040893554688;1417781614.89199995994567871094;0.201;0.561;-0.644;1000;518;494;1;
1417781614.89199995994567871094;1417781615.00699996948242187500;0.114;0.170;-0.625;1000;522;490;1;
1417781615.00699996948242187500;1417781615.12199997901916503906;0.219;0.275;-0.702;1000;546;506;1;
1417781615.12199997901916503906;1417781615.23600006103515625000;0.204;0.130;-0.655;1000;534;488;1;
1417781615.23600006103515625000;1417781615.35100007057189941406;-0.050;-0.037;-0.608;1000;519;483;1;
1417781615.35100007057189941406;1417781615.46600008010864257812;-0.024;-0.063;-0.625;1000;523;492;1;
1417781615.46600008010864257812;1417781615.58100008964538574219;0.288;-0.573;-0.456;1000;529;524;1;
1417781615.58100008964538574219;1417781615.69499993324279785156;0.149;0.519;-0.612;1000;522;490;1;
1417781615.69499993324279785156;1417781615.80999994277954101562;0.011;0.177;-0.523;1000;516;503;1;
1417781615.80999994277954101562;1417781615.92499995231628417969;0.029;0.429;-0.612;1000;530;494;1;
1417781615.92499995231628417969;1417781616.03999996185302734375;0.138;-0.197;-0.427;1000;519;511;1;
1417781616.03999996185302734375;1417781616.15499997138977050781;0.250;0.201;-0.520;1000;520;493;1;
1417781616.15499997138977050781;1417781616.26999998092651367188;0.242;0.418;-0.477;1000;523;512;1;
1417781616.26999998092651367188;1417781616.38499999046325683594;0.165;-0.283;-0.437;1000;521;503;1;
1417781616.38499999046325683594;1417781616.50000000000000000000;0.166;-0.171;-0.623;1000;502;471;1;
1417781616.50000000000000000000;1417781616.61500000953674316406;-0.029;0.545;-0.728;1000;513;486;1;
1417781616.61500000953674316406;1417781616.72900009155273437500;0.343;0.579;-0.876;1000;509;487;1;
1417781616.72900009155273437500;1417781616.84500002861022949219;0.127;0.187;-0.930;1000;494;445;1;
1417781616.84500002861022949219;1417781616.95900011062622070312;0.036;0.073;-1.140;1000;506;451;1;
1417781616.95900011062622070312;1417781617.07500004768371582031;0.236;-0.328;-1.258;1000;517;461;1;
1417781617.07500004768371582031;1417781617.19000005722045898438;-0.019;-0.064;-1.361;1000;504;446;1;
1417781617.19000005722045898438;1417781617.30500006675720214844;0.162;0.295;-1.591;1000;515;449;1;
1417781617.30500006675720214844;1417781617.42000007629394531250;0.525;0.382;-1.791;1000;524;458;1;
1417781617.42000007629394531250;1417781617.53500008583068847656;-0.010;0.713;-1.968;1000;511;435;1;
1417781617.53500008583068847656;1417781617.65000009536743164062;0.250;-0.015;-1.811;1000;495;428;1;
1417781617.65000009536743164062;1417781617.76500010490417480469;-0.101;0.091;-1.913;1000;511;442;1;
1417781617.76500010490417480469;1417781617.88000011444091796875;0.164;-0.570;-1.732;1000;501;437;1;
1417781617.88000011444091796875;1417781617.99399995803833007812;0.056;-0.312;-1.752;1000;482;419;1;
1417781617.99399995803833007812;1417781618.10899996757507324219;0.056;0.227;-1.752;1000;489;425;1;
1417781618.10899996757507324219;1417781618.22399997711181640625;0.325;-0.165;-1.555;1000;485;421;1;
1417781618.22399997711181640625;1417781618.33899998664855957031;0.118;-0.290;-1.385;1000;504;444;1;
1417781618.33899998664855957031;1417781618.45300006866455078125;0.260;-0.180;-1.323;1000;517;445;1;
1417781618.45300006866455078125;1417781618.56800007820129394531;-0.165;0.592;-1.293;1000;518;497;1;
1417781618.56800007820129394531;1417781618.68199992179870605469;0.077;0.142;-1.165;1000;506;443;1;
1417781618.68199992179870605469;1417781618.79699993133544921875;0.235;0.153;-1.155;1000;532;472;1;
1417781618.79699993133544921875;1417781618.91100001335144042969;0.004;0.007;-1.049;1000;539;491;1;
1417781618.91100001335144042969;1417781619.02600002288818359375;0.163;1.980;-1.221;1000;516;494;1;
1417781619.02600002288818359375;1417781619.14100003242492675781;-0.102;0.271;-0.836;1000;528;484;1;
1417781619.14100003242492675781;1417781619.25500011444091796875;-0.036;0.605;-0.853;1000;531;518;1;
1417781619.25500011444091796875;1417781619.36999988555908203125;0.064;0.321;-0.718;1000;530;504;1;
1417781619.36999988555908203125;1417781619.48399996757507324219;0.011;-0.145;-0.517;1000;546;541;1;
1417781619.48399996757507324219;1417781619.59800004959106445312;0.237;0.312;-0.532;1000;532;512;1;
1417781619.59800004959106445312;1417781619.71300005912780761719;0.177;0.220;-0.413;1000;515;490;1;
1417781619.71300005912780761719;1417781619.82699990272521972656;0.038;0.017;-0.365;1000;523;499;1;
1417781619.82699990272521972656;1417781619.94099998474121093750;0.058;-0.145;-0.384;1000;511;495;1;
1417781619.94099998474121093750;1417781620.05500006675720214844;0.102;0.220;-0.489;1000;508;473;1;
1417781620.05500006675720214844;1417781620.17000007629394531250;0.112;-0.475;-0.335;1000;521;505;1;
1417781620.17000007629394531250;1417781620.28399991989135742188;0.056;-0.209;-0.384;1000;501;475;1;
1417781620.28399991989135742188;1417781620.39800000190734863281;-0.044;0.252;-0.436;1000;510;502;1;
1417781620.39800000190734863281;1417781620.51300001144409179688;0.037;-0.151;-0.343;1000;496;478;1;
1417781620.51300001144409179688;1417781620.62700009346008300781;0.106;0.189;-0.353;1000;508;492;1;
1417781620.62700009346008300781;1417781620.74099993705749511719;-0.008;-0.044;-0.294;1000;497;485;1;
1417781620.74099993705749511719;1417781620.85500001907348632812;0.017;-0.096;-0.254;1000;502;471;1;
1417781620.85500001907348632812;1417781620.96900010108947753906;0.187;-0.375;-0.209;1000;502;499;1;
1417781620.96900010108947753906;1417781621.08299994468688964844;0.082;-0.194;-0.202;1000;520;506;1;
1417781621.08299994468688964844;1417781621.19700002670288085938;0.066;0.342;-0.257;1000;496;471;1;
1417781621.19700002670288085938;1417781621.31100010871887207031;0.120;-0.110;-0.129;1000;530;490;1;
1417781621.31100010871887207031;1417781621.42499995231628417969;0.070;-0.009;-0.125;1000;504;464;1;
1417781621.42499995231628417969;1417781621.53900003433227539062;0.115;-0.064;-0.069;1000;494;448;1;
1417781621.53900003433227539062;1417781621.65199995040893554688;0.058;0.014;-0.050;1000;503;453;1;
1417781621.65199995040893554688;1417781621.76600003242492675781;0.098;0.111;-0.043;1000;520;458;1;
1417781621.76600003242492675781;1417781621.88000011444091796875;0.061;0.237;-0.026;1000;498;444;1;
1417781621.88000011444091796875;1417781621.99300003051757812500;0.073;0.035;0.039;1000;498;437;1;
1417781621.99300003051757812500;1417781622.10700011253356933594;0.032;0.152;0.078;1000;493;445;1;
1417781622.10700011253356933594;1417781622.22000002861022949219;0.014;0.314;0.096;1000;487;465;1;
1417781622.22000002861022949219;1417781622.33500003814697265625;0.082;0.024;0.200;1000;505;464;1;
1417781622.33500003814697265625;1417781622.44799995422363281250;0.060;0.450;0.146;1000;491;467;1;
1417781622.44799995422363281250;1417781622.56299996376037597656;0.067;0.317;0.234;1000;492;486;1;
1417781622.56299996376037597656;1417781622.67600011825561523438;0.183;0.434;0.273;1000;501;495;1;
1417781622.67600011825561523438;1417781622.78999996185302734375;-0.048;0.221;0.447;1000;516;502;1;
1417781622.78999996185302734375;1417781622.90400004386901855469;0.058;0.476;0.426;1000;507;504;1;
1417781622.90400004386901855469;1417781623.01799988746643066406;0.112;-0.416;0.778;1000;502;469;1;
1417781623.01799988746643066406;1417781623.13199996948242187500;0.027;0.019;0.898;1000;504;471;1;
1417781623.13199996948242187500;1417781623.24600005149841308594;0.049;-0.010;0.924;1000;529;473;1;
1417781623.24600005149841308594;1417781623.35999989509582519531;0.126;0.206;0.957;1000;509;447;1;
1417781623.35999989509582519531;1417781623.47499990463256835938;0.109;0.137;1.102;1000;502;452;1;
1417781623.47499990463256835938;1417781623.58899998664855957031;-0.075;-0.227;1.232;1000;515;464;1;
1417781623.58899998664855957031;1417781623.70300006866455078125;0.007;-0.398;1.280;1000;524;465;1;
1417781623.70300006866455078125;1417781623.81699991226196289062;0.167;-0.176;1.248;1000;528;464;1;
1417781623.81699991226196289062;1417781623.93099999427795410156;0.009;1.079;1.009;1000;541;496;1;
1417781623.93099999427795410156;1417781624.04600000381469726562;0.060;0.573;0.991;1000;527;484;1;
1417781624.04600000381469726562;1417781624.16100001335144042969;0.097;-0.218;1.082;1000;514;466;1;
1417781624.16100001335144042969;1417781624.27600002288818359375;-0.224;0.007;0.935;1000;535;509;1;
1417781624.27600002288818359375;1417781624.39100003242492675781;0.053;0.636;0.679;1000;532;529;1;
1417781624.39100003242492675781;1417781624.50600004196166992188;0.074;0.834;0.667;1000;511;500;1;
1417781624.50600004196166992188;1417781624.61999988555908203125;-0.007;0.075;0.645;1000;517;504;1;
1417781624.61999988555908203125;1417781624.73499989509582519531;0.219;-0.466;0.805;1000;518;489;1;
1417781624.73499989509582519531;1417781624.84999990463256835938;-0.276;-1.443;0.968;1000;523;503;1;
1417781624.84999990463256835938;1417781624.96499991416931152344;0.082;-0.801;0.770;1000;508;493;1;
1417781624.96499991416931152344;1417781625.08200001716613769531;0.088;-0.772;0.749;1000;484;459;1;
1417781625.08200001716613769531;1417781625.19700002670288085938;0.144;-1.295;0.732;1000;511;484;1;
1417781625.19700002670288085938;1417781625.31200003623962402344;-0.025;-0.908;0.710;1000;512;487;1;
1417781625.31200003623962402344;1417781625.42700004577636718750;0.009;-0.173;0.464;1000;509;500;1;
1417781625.42700004577636718750;1417781625.54200005531311035156;0.035;0.628;0.354;1000;514;510;1;
1417781625.54200005531311035156;1417781625.65700006484985351562;0.142;-0.421;0.534;1000;530;503;1;
1417781625.65700006484985351562;1417781625.77200007438659667969;0.134;0.656;0.288;1000;541;528;1;
1417781625.77200007438659667969;1417781625.88800001144409179688;0.225;0.267;0.310;1000;530;508;1;
1417781625.88800001144409179688;1417781626.00300002098083496094;0.022;0.581;0.266;1000;514;499;1;
1417781626.00300002098083496094;1417781626.11800003051757812500;0.109;0.208;0.341;1000;487;466;1;
1417781626.11800003051757812500;1417781626.23399996757507324219;0.042;0.641;0.174;1000;514;500;1;
1417781626.23399996757507324219;1417781626.34899997711181640625;0.087;0.650;0.173;1000;494;478;1;
1417781626.34899997711181640625;1417781626.46399998664855957031;0.077;0.430;0.184;1000;497;480;1;
1417781626.46399998664855957031;1417781626.57899999618530273438;0.025;0.901;0.102;1000;520;493;1;
1417781626.57899999618530273438;1417781626.69400000572204589844;0.173;0.650;0.106;1000;523;495;1;
1417781626.69400000572204589844;1417781626.80900001525878906250;0.154;0.844;0.041;1000;499;471;1;
1417781626.80900001525878906250;1417781626.92499995231628417969;0.103;0.747;0.055;1000;510;495;1;
1417781626.92499995231628417969;1417781627.03999996185302734375;0.183;0.379;0.087;1000;497;452;1;
1417781627.03999996185302734375;1417781627.15499997138977050781;0.219;0.314;0.101;1000;482;455;1;
1417781627.15499997138977050781;1417781627.27099990844726562500;0.273;0.482;0.060;1000;488;439;1;
1417781627.27099990844726562500;1417781627.38599991798400878906;0.318;0.427;0.049;1000;497;460;1;
1417781627.38599991798400878906;1417781627.50200009346008300781;0.317;0.125;0.110;1000;499;452;1;
1417781627.50200009346008300781;1417781627.61700010299682617188;0.350;0.289;0.048;1000;487;443;1;
1417781627.61700010299682617188;1417781627.73200011253356933594;0.393;0.083;0.101;977;465;421;1;
1417781627.73200011253356933594;1417781627.84800004959106445312;0.396;0.312;0.008;1000;504;458;1;
1417781627.84800004959106445312;1417781627.96399998664855957031;0.461;0.066;0.078;1000;493;425;1;
1417781627.96399998664855957031;1417781628.07899999618530273438;0.462;0.144;0.058;1000;489;434;1;
1417781628.07899999618530273438;1417781628.19400000572204589844;0.488;0.246;0.032;952;490;444;1;
1417781628.19400000572204589844;1417781628.30999994277954101562;0.584;-0.015;0.052;1000;476;416;1;
1417781628.30999994277954101562;1417781628.42499995231628417969;0.518;0.045;0.018;965;486;429;1;
1417781628.42499995231628417969;1417781628.53999996185302734375;0.609;0.101;0.014;1000;481;427;1;
1417781628.53999996185302734375;1417781628.65599989891052246094;0.655;-0.009;0.031;986;462;420;1;
1417781628.65599989891052246094;1417781628.77099990844726562500;0.693;0.186;-0.026;954;488;429;1;
1417781628.77099990844726562500;1417781628.88700008392333984375;0.770;0.314;-0.074;818;423;389;1;
1417781628.88700008392333984375;1417781629.00699996948242187500;0.820;-0.001;-0.038;903;440;392;1;
1417781629.00699996948242187500;1417781629.12199997901916503906;0.770;0.232;-0.068;813;406;372;1;
1417781629.12199997901916503906;1417781629.23799991607666015625;0.836;0.255;-0.122;702;379;347;1;
1417781629.23799991607666015625;1417781629.35400009155273437500;0.870;0.164;-0.122;761;405;382;1;
1417781629.35400009155273437500;1417781629.46900010108947753906;0.933;0.217;-0.141;810;399;378;1;
1417781629.46900010108947753906;1417781629.58500003814697265625;0.866;-0.168;-0.044;797;392;376;1;
1417781629.58500003814697265625;1417781629.70000004768371582031;0.992;-0.047;-0.044;784;385;352;1;
1417781629.70000004768371582031;1417781629.81599998474121093750;1.021;-0.327;0.033;829;394;357;1;
1417781629.81599998474121093750;1417781629.93199992179870605469;0.983;-0.695;0.172;877;371;331;1;
1417781629.93199992179870605469;1417781630.04699993133544921875;1.043;-0.683;0.219;860;387;369;1;
1417781630.04699993133544921875;1417781630.16300010681152343750;0.965;-1.148;0.374;814;380;371;1;
1417781630.16300010681152343750;1417781630.27800011634826660156;0.876;-0.838;0.406;793;360;327;1;
1417781630.27800011634826660156;1417781630.39400005340576171875;0.953;-0.989;0.438;799;358;337;1;
1417781630.39400005340576171875;1417781630.50999999046325683594;0.963;-0.923;0.474;713;340;331;1;
1417781630.50999999046325683594;1417781630.62500000000000000000;0.725;-0.693;0.374;772;342;314;1;
1417781630.62500000000000000000;1417781630.74099993705749511719;0.650;-0.563;0.295;803;342;330;1;
1417781630.74099993705749511719;1417781630.85700011253356933594;0.684;-0.536;0.234;741;344;302;1;
1417781630.85700011253356933594;1417781630.97199988365173339844;0.815;-0.252;0.117;613;323;290;1;
1417781630.97199988365173339844;1417781631.08800005912780761719;0.741;-0.023;0.007;593;308;266;1;
1417781631.08800005912780761719;1417781631.20399999618530273438;0.849;0.267;-0.150;615;315;279;1;
1417781631.20399999618530273438;1417781631.31999993324279785156;0.738;0.268;-0.225;587;314;270;1;
1417781631.31999993324279785156;1417781631.43499994277954101562;0.750;0.330;-0.320;532;306;260;1;
1417781631.43499994277954101562;1417781631.55100011825561523438;0.730;0.817;-0.498;467;263;233;1;
1417781631.55100011825561523438;1417781631.66700005531311035156;0.716;0.813;-0.502;453;257;238;1;
1417781631.66700005531311035156;1417781631.78200006484985351562;0.810;0.828;-0.535;462;262;238;1;
1417781631.78200006484985351562;1417781631.89800000190734863281;0.580;0.930;-0.601;646;297;264;1;
1417781631.89800000190734863281;1417781632.01399993896484375000;0.622;1.073;-0.594;606;285;253;1;
1417781632.01399993896484375000;1417781632.12899994850158691406;0.646;0.398;-0.373;611;293;271;1;
1417781632.12899994850158691406;1417781632.24499988555908203125;0.494;0.333;-0.243;663;292;279;1;
1417781632.24499988555908203125;1417781632.35999989509582519531;0.547;0.288;-0.197;628;282;246;1;
1417781632.35999989509582519531;1417781632.47699999809265136719;0.636;-0.037;-0.057;499;247;204;1;
1417781632.47699999809265136719;1417781632.59200000762939453125;0.601;-0.108;0.031;464;247;217;1;
1417781632.59200000762939453125;1417781632.70799994468688964844;0.658;-0.292;0.132;554;289;215;1;
1417781632.70799994468688964844;1417781632.82299995422363281250;0.711;-0.295;0.176;624;265;228;1;
1417781632.82299995422363281250;1417781632.93899989128112792969;0.633;-0.424;0.265;576;258;229;1;
1417781632.93899989128112792969;1417781633.05399990081787109375;0.633;-0.326;0.285;525;231;218;1;
1417781633.05399990081787109375;1417781633.17000007629394531250;0.467;-0.813;0.454;493;230;202;1;
1417781633.17000007629394531250;1417781633.28500008583068847656;0.512;-0.191;0.284;515;220;200;1;
1417781633.28500008583068847656;1417781633.40100002288818359375;0.520;-0.449;0.324;470;238;207;1;
1417781633.40100002288818359375;1417781633.51600003242492675781;0.601;-0.156;0.186;457;208;178;1;
1417781633.51600003242492675781;1417781633.63100004196166992188;0.668;-0.091;0.144;521;219;187;1;
1417781633.63100004196166992188;1417781633.74600005149841308594;0.510;-0.006;0.036;627;238;188;1;
1417781633.74600005149841308594;1417781633.86199998855590820312;0.559;0.081;-0.003;664;229;186;1;
1417781633.86199998855590820312;1417781633.97699999809265136719;0.461;-0.163;0.045;599;229;171;1;
1417781633.97699999809265136719;1417781634.09200000762939453125;0.464;-0.143;-0.011;630;227;180;1;
1417781634.09200000762939453125;1417781634.20700001716613769531;0.394;-0.080;-0.074;604;209;168;1;
1417781634.20700001716613769531;1417781634.32200002670288085938;0.377;0.295;-0.235;575;219;165;1;
1417781634.32200002670288085938;1417781634.43700003623962402344;0.333;0.150;-0.211;478;206;172;1;
1417781634.43700003623962402344;1417781634.55200004577636718750;0.270;0.156;-0.243;512;202;165;1;
1417781634.55200004577636718750;1417781634.66700005531311035156;0.125;0.118;-0.226;576;217;185;1;
1417781634.66700005531311035156;1417781634.78200006484985351562;0.181;0.162;-0.266;500;208;176;1;
1417781634.78200006484985351562;1417781634.89700007438659667969;0.149;0.408;-0.306;563;230;192;1;
1417781634.89700007438659667969;1417781635.01200008392333984375;0.133;0.095;-0.191;545;226;190;1;
1417781635.01200008392333984375;1417781635.12800002098083496094;0.111;-0.129;-0.153;411;205;178;1;
1417781635.12800002098083496094;1417781635.24399995803833007812;0.155;0.050;-0.152;395;226;200;1;
1417781635.24399995803833007812;1417781635.35899996757507324219;-0.022;-0.229;-0.068;516;234;204;1;
1417781635.35899996757507324219;1417781635.47399997711181640625;0.075;-0.111;-0.088;594;269;253;1;
1417781635.47399997711181640625;1417781635.58999991416931152344;-0.036;-0.031;-0.094;475;259;225;1;
1417781635.58999991416931152344;1417781635.70600008964538574219;-0.077;0.009;-0.077;554;294;259;1;
1417781635.70600008964538574219;1417781635.82200002670288085938;-0.058;-0.438;0.070;670;311;285;1;
1417781635.82200002670288085938;1417781635.93700003623962402344;-0.120;-0.399;0.051;615;343;308;1;
1417781635.93700003623962402344;1417781636.05299997329711914062;-0.159;-0.028;-0.080;588;355;325;1;
1417781636.05299997329711914062;1417781636.16799998283386230469;-0.168;-0.454;0.001;688;374;349;1;
1417781636.16799998283386230469;1417781636.28399991989135742188;-0.203;-0.116;-0.051;849;413;378;1;
1417781636.28399991989135742188;1417781636.39899992942810058594;-0.286;0.030;-0.125;909;447;419;1;
1417781636.39899992942810058594;1417781636.51500010490417480469;-0.293;-0.080;-0.107;900;444;416;1;
1417781636.51500010490417480469;1417781636.63000011444091796875;-0.279;-0.031;-0.074;1000;500;449;1;
1417781636.63000011444091796875;1417781636.74499988555908203125;-0.298;0.040;-0.098;1000;480;438;1;
1417781636.74499988555908203125;1417781636.86100006103515625000;-0.323;-0.190;-0.040;1000;474;433;1;
1417781636.86100006103515625000;1417781636.97600007057189941406;-0.462;-0.106;-0.057;1000;492;472;1;
1417781636.97600007057189941406;1417781637.09100008010864257812;-0.367;0.084;-0.062;1000;498;452;1;
1417781637.09100008010864257812;1417781637.20600008964538574219;-0.395;0.150;-0.050;1000;520;481;1;
1417781637.20600008964538574219;1417781637.32100009918212890625;-0.356;0.593;-0.077;1000;506;471;1;
1417781637.32100009918212890625;1417781637.43499994277954101562;-0.379;0.347;0.007;1000;518;493;1;
1417781637.43499994277954101562;1417781637.54999995231628417969;-0.355;0.773;-0.043;1000;518;490;1;
1417781637.54999995231628417969;1417781637.66400003433227539062;-0.399;0.738;-0.044;1000;524;498;1;
1417781637.66400003433227539062;1417781637.77800011634826660156;-0.397;0.739;-0.039;1000;495;475;1;
1417781637.77800011634826660156;1417781637.89199995994567871094;-0.441;0.514;-0.002;1000;475;442;1;
1417781637.89199995994567871094;1417781638.00500011444091796875;-0.294;0.388;-0.002;1000;453;407;1;
1417781638.00500011444091796875;1417781638.11899995803833007812;-0.254;0.140;0.013;1000;426;386;1;
1417781638.11899995803833007812;1417781638.23200011253356933594;-0.266;-0.366;0.062;1000;474;393;1;
1417781638.23200011253356933594;1417781638.34599995613098144531;-0.303;-0.246;0.006;1000;425;385;1;
1417781638.34599995613098144531;1417781638.45900011062622070312;-0.336;-0.165;-0.062;1000;403;365;1;
1417781638.45900011062622070312;1417781638.57200002670288085938;-0.319;-1.025;0.062;1000;408;377;1;
1417781638.57200002670288085938;1417781638.68600010871887207031;-0.235;-0.564;-0.061;1000;371;336;1;
1417781638.68600010871887207031;1417781638.79900002479553222656;-0.265;-0.338;-0.050;1000;365;347;1;
1417781638.79900002479553222656;1417781638.91199994087219238281;-0.265;-0.983;0.018;1000;347;332;1;
1417781638.91199994087219238281;1417781639.02099990844726562500;-0.224;-0.186;-0.110;1000;336;296;1;
1417781639.02099990844726562500;1417781639.13400006294250488281;-0.283;-0.419;-0.015;1000;322;296;1;
1417781639.13400006294250488281;1417781639.24699997901916503906;-0.263;-0.072;-0.070;1000;305;279;1;
1417781639.24699997901916503906;1417781639.36100006103515625000;-0.256;-0.041;-0.022;1000;277;250;1;
1417781639.36100006103515625000;1417781639.47399997711181640625;-0.240;0.287;-0.044;1000;290;255;1;
1417781639.47399997711181640625;1417781639.58800005912780761719;-0.259;0.368;-0.008;1000;260;219;1;
1417781639.58800005912780761719;1417781639.70099997520446777344;-0.258;0.131;0.088;1000;264;230;1;
1417781639.70099997520446777344;1417781639.81399989128112792969;-0.240;0.626;0.023;1000;239;225;1;
1417781639.81399989128112792969;1417781639.92799997329711914062;-0.267;0.133;0.144;1000;240;222;1;
1417781639.92799997329711914062;1417781640.04099988937377929688;-0.266;-0.323;0.238;1000;220;212;1;
1417781640.04099988937377929688;1417781640.15400004386901855469;-0.299;1.653;-0.142;1000;191;188;1;
1417781640.15400004386901855469;1417781640.26799988746643066406;-0.212;0.405;0.080;1000;210;201;1;
1417781640.26799988746643066406;1417781640.38100004196166992188;-0.325;0.366;0.064;1000;166;160;1;
1417781640.38100004196166992188;1417781640.49399995803833007812;-0.115;0.084;0.028;1000;162;152;1;
1417781640.49399995803833007812;1417781640.60700011253356933594;-0.122;0.633;-0.100;1000;185;166;1;
1417781640.60700011253356933594;1417781640.72000002861022949219;-0.065;0.454;-0.096;1000;179;159;1;
1417781640.72000002861022949219;1417781640.83599996566772460938;-0.185;0.027;-0.015;1000;167;137;1;
1417781640.83599996566772460938;1417781640.94899988174438476562;-0.039;0.188;-0.113;1000;191;173;1;
1417781640.94899988174438476562;1417781641.06399989128112792969;-0.114;0.046;-0.111;1000;175;166;1;
1417781641.06399989128112792969;1417781641.17799997329711914062;0.320;1.145;-0.198;1000;205;188;1;
1417781641.17799997329711914062;1417781641.29099988937377929688;-0.192;0.014;-0.143;1000;172;164;1;
1417781641.29099988937377929688;1417781641.40499997138977050781;-0.054;0.062;-0.123;1000;180;169;1;
1417781641.40499997138977050781;1417781641.51900005340576171875;-0.121;0.007;-0.088;1000;188;184;1;
1417781641.51900005340576171875;1417781641.63199996948242187500;-0.008;-0.655;0.014;1000;201;186;1;
1417781641.63199996948242187500;1417781641.74499988555908203125;-0.133;-0.144;-0.031;1000;208;180;1;
1417781641.74499988555908203125;1417781641.85800004005432128906;-0.153;-0.061;-0.038;1000;204;173;1;
1417781641.85800004005432128906;1417781641.97199988365173339844;-0.144;-0.100;0.014;1000;222;186;1;
1417781641.97199988365173339844;1417781642.08500003814697265625;-0.334;0.760;-0.097;1000;231;206;1;
1417781642.08500003814697265625;1417781642.19899988174438476562;-0.175;0.196;0.043;1000;272;238;1;
1417781642.19899988174438476562;1417781642.31200003623962402344;-0.194;0.285;0.016;1000;255;208;1;
1417781642.31200003623962402344;1417781642.42600011825561523438;-0.142;0.285;0.053;1000;247;214;1;
1417781642.42600011825561523438;1417781642.53999996185302734375;-0.184;0.633;-0.010;1000;268;229;1;
1417781642.53999996185302734375;1417781642.65300011634826660156;-0.230;0.255;0.076;1000;278;256;1;
1417781642.65300011634826660156;1417781642.76699995994567871094;-0.209;-0.195;0.111;1000;287;258;1;
1417781642.76699995994567871094;1417781642.88000011444091796875;-0.098;0.216;0.061;1000;300;249;1;
1417781642.88000011444091796875;1417781642.99499988555908203125;-0.081;0.659;-0.051;1000;286;268;1;
1417781642.99499988555908203125;1417781643.10800004005432128906;-0.082;0.165;-0.011;1000;309;267;1;
1417781643.10800004005432128906;1417781643.22300004959106445312;-0.071;0.118;-0.024;1000;351;311;1;
1417781643.22300004959106445312;1417781643.33699989318847656250;-0.095;-0.260;0.014;1000;331;286;1;
1417781643.33699989318847656250;1417781643.44899988174438476562;-0.052;-0.001;-0.063;1000;348;304;1;
1417781643.44899988174438476562;1417781643.56299996376037597656;-0.064;-0.221;-0.007;1000;356;325;1;
1417781643.56299996376037597656;1417781643.67600011825561523438;-0.078;-0.239;-0.022;1000;365;333;1;
1417781643.67600011825561523438;1417781643.78999996185302734375;-0.104;-0.241;-0.034;1000;370;324;1;
1417781643.78999996185302734375;1417781643.90300011634826660156;-0.138;-0.311;-0.027;1000;401;378;1;
1417781643.90300011634826660156;1417781644.01699995994567871094;-0.071;-0.312;-0.022;1000;386;353;1;
1417781644.01699995994567871094;1417781644.13000011444091796875;-0.044;-0.296;-0.004;1000;393;375;1;
1417781644.13000011444091796875;1417781644.24300003051757812500;0.047;-0.053;-0.046;1000;403;378;1;
1417781644.24300003051757812500;1417781644.35599994659423828125;0.011;-0.164;-0.006;1000;432;384;1;
1417781644.35599994659423828125;1417781644.47099995613098144531;-0.086;-0.204;0.028;1000;414;359;1;
1417781644.47099995613098144531;1417781644.58400011062622070312;-0.117;0.168;-0.050;1000;423;392;1;
1417781644.58400011062622070312;1417781644.69799995422363281250;-0.145;0.122;-0.018;1000;459;417;1;
1417781644.69799995422363281250;1417781644.81100010871887207031;-0.094;-0.023;0.020;1000;461;400;1;
1417781644.81100010871887207031;1417781644.92499995231628417969;-0.087;0.366;-0.038;1000;454;414;1;
1417781644.92499995231628417969;1417781645.03800010681152343750;0.015;0.270;-0.028;1000;486;452;1;
1417781645.03800010681152343750;1417781645.15199995040893554688;-0.127;0.016;0.011;1000;518;468;1;
1417781645.15199995040893554688;1417781645.26600003242492675781;-0.150;0.269;-0.014;1000;505;468;1;
1417781645.26600003242492675781;1417781645.38000011444091796875;-0.060;0.042;0.010;1000;511;452;1;
1417781645.38000011444091796875;1417781645.49399995803833007812;-0.076;0.185;-0.016;1000;512;465;1;
1417781645.49399995803833007812;1417781645.60800004005432128906;-0.092;-0.089;0.008;1000;524;481;1;
1417781645.60800004005432128906;1417781645.72399997711181640625;-0.111;-0.105;-0.004;1000;520;479;1;
1417781645.72399997711181640625;1417781645.83899998664855957031;-0.026;0.056;-0.037;1000;533;488;1;
1417781645.83899998664855957031;1417781645.95300006866455078125;-0.131;-0.178;0.003;1000;522;472;1;
1417781645.95300006866455078125;1417781646.06699991226196289062;-0.077;-0.251;-0.004;1000;506;462;1;
1417781646.06699991226196289062;1417781646.18199992179870605469;-0.023;-0.057;-0.011;1000;525;477;1;
1417781646.18199992179870605469;1417781646.29600000381469726562;-0.089;-0.061;-0.021;1000;517;475;1;
1417781646.29600000381469726562;1417781646.41100001335144042969;-0.067;-0.327;0.030;1000;514;455;1;
1417781646.41100001335144042969;1417781646.52600002288818359375;-0.045;-0.203;-0.006;1000;509;469;1;
1417781646.52600002288818359375;1417781646.64000010490417480469;-0.092;-0.255;0.024;1000;485;445;1;
1417781646.64000010490417480469;1417781646.75500011444091796875;-0.073;-0.160;0.005;1000;497;441;1;
1417781646.75500011444091796875;1417781646.87199997901916503906;-0.080;-0.058;-0.006;1000;517;474;1;
1417781646.87199997901916503906;1417781646.98699998855590820312;-0.154;-0.043;0.024;1000;503;473;1;
1417781646.98699998855590820312;1417781647.10199999809265136719;-0.100;0.020;-0.020;1000;498;445;1;
1417781647.10199999809265136719;1417781647.21700000762939453125;-0.070;-0.002;-0.011;1000;524;462;1;
1417781647.21700000762939453125;1417781647.33299994468688964844;0.005;0.085;-0.038;1000;498;466;1;
1417781647.33299994468688964844;1417781647.44799995422363281250;-0.131;0.176;-0.051;1000;490;433;1;
1417781647.44799995422363281250;1417781647.56500005722045898438;-0.074;0.164;-0.055;924;468;436;1;
1417781647.56500005722045898438;1417781647.68000006675720214844;-0.034;0.196;-0.065;868;461;415;1;
1417781647.68000006675720214844;1417781647.79600000381469726562;-0.064;0.046;-0.035;944;477;423;1;
1417781647.79600000381469726562;1417781647.91100001335144042969;-0.059;0.263;-0.079;947;470;430;1;
1417781647.91100001335144042969;1417781648.02699995040893554688;-0.081;0.144;-0.068;914;458;398;1;
1417781648.02699995040893554688;1417781648.14199995994567871094;-0.095;-0.003;-0.024;818;445;405;1;
1417781648.14199995994567871094;1417781648.25699996948242187500;-0.046;0.031;-0.036;804;440;387;1;
1417781648.25699996948242187500;1417781648.37299990653991699219;-0.035;-0.037;-0.017;858;431;385;1;
1417781648.37299990653991699219;1417781648.48799991607666015625;-0.050;0.051;-0.032;873;433;398;1;
1417781648.48799991607666015625;1417781648.60400009155273437500;-0.102;-0.133;0.011;864;427;378;1;
1417781648.60400009155273437500;1417781648.71900010108947753906;-0.088;-0.112;0.010;911;424;374;1;
1417781648.71900010108947753906;1417781648.83500003814697265625;-0.089;-0.173;0.031;914;413;360;1;
1417781648.83500003814697265625;1417781648.95000004768371582031;-0.058;-0.207;0.040;872;416;360;1;
1417781648.95000004768371582031;1417781649.06599998474121093750;-0.132;-0.191;0.046;918;393;336;1;
1417781649.06599998474121093750;1417781649.18199992179870605469;-0.080;-0.204;0.053;749;394;322;1;
1417781649.18199992179870605469;1417781649.29800009727478027344;-0.141;-0.234;0.070;799;366;317;1;
1417781649.29800009727478027344;1417781649.41300010681152343750;-0.107;0.036;0.017;790;357;311;1;
1417781649.41300010681152343750;1417781649.52900004386901855469;-0.116;-0.019;0.004;752;350;308;1;
1417781649.52900004386901855469;1417781649.64499998092651367188;-0.076;-0.150;0.043;706;325;269;1;
1417781649.64499998092651367188;1417781649.75999999046325683594;-0.117;0.054;-0.027;603;319;275;1;
1417781649.75999999046325683594;1417781649.87599992752075195312;-0.135;0.118;-0.049;639;310;271;1;
1417781649.87599992752075195312;1417781649.99099993705749511719;-0.095;0.090;-0.043;702;312;267;1;
1417781649.99099993705749511719;1417781650.10700011253356933594;-0.079;0.047;-0.059;693;302;252;1;
1417781650.10700011253356933594;1417781650.22300004959106445312;-0.104;0.234;-0.095;678;286;239;1;
1417781650.22300004959106445312;1417781650.33800005912780761719;-0.099;0.254;-0.126;604;283;233;1;
1417781650.33800005912780761719;1417781650.45399999618530273438;-0.113;-0.048;-0.018;515;271;225;1;
1417781650.45399999618530273438;1417781650.57200002670288085938;-0.095;0.127;-0.092;532;272;226;1;
1417781650.57200002670288085938;1417781650.68700003623962402344;-0.025;0.128;-0.086;611;273;216;1;
1417781650.68700003623962402344;1417781650.80299997329711914062;-0.071;0.054;-0.045;605;244;205;1;
1417781650.80299997329711914062;1417781650.91799998283386230469;-0.029;0.023;-0.055;534;252;192;1;
1417781650.91799998283386230469;1417781651.03399991989135742188;-0.074;0.076;-0.068;515;244;196;1;
1417781651.03399991989135742188;1417781651.14899992942810058594;-0.057;-0.069;-0.016;492;268;180;1;
1417781651.14899992942810058594;1417781651.26500010490417480469;-0.111;0.084;-0.042;490;225;191;1;
1417781651.26500010490417480469;1417781651.38000011444091796875;-0.059;-0.096;0.020;480;212;164;1;
1417781651.38000011444091796875;1417781651.49499988555908203125;-0.088;0.016;-0.005;470;204;165;1;
1417781651.49499988555908203125;1417781651.60999989509582519531;-0.077;0.026;0.022;475;207;166;1;
1417781651.60999989509582519531;1417781651.72499990463256835938;-0.029;-0.179;0.084;536;219;167;1;
1417781651.72499990463256835938;1417781651.83999991416931152344;-0.050;-0.077;0.047;462;203;163;1;
1417781651.83999991416931152344;1417781651.95499992370605468750;-0.088;-0.070;0.094;433;191;152;1;
1417781651.95499992370605468750;1417781652.06999993324279785156;-0.116;0.041;0.017;434;194;155;1;
1417781652.06999993324279785156;1417781652.18499994277954101562;-0.025;-0.013;0.033;440;184;136;1;
1417781652.18499994277954101562;1417781652.29999995231628417969;-0.109;-0.268;0.093;381;166;125;1;
1417781652.29999995231628417969;1417781652.41499996185302734375;-0.070;-0.078;0.050;339;162;122;1;
1417781652.41499996185302734375;1417781652.52999997138977050781;-0.106;-0.163;0.035;317;160;129;1;
1417781652.52999997138977050781;1417781652.64499998092651367188;-0.070;0.076;-0.056;366;150;117;1;
1417781652.64499998092651367188;1417781652.75999999046325683594;-0.050;0.014;-0.038;424;159;118;1;
1417781652.75999999046325683594;1417781652.87500000000000000000;-0.082;0.099;-0.067;520;176;135;1;
1417781652.87500000000000000000;1417781652.99000000953674316406;-0.064;-0.054;-0.024;554;165;111;1;
1417781652.99000000953674316406;1417781653.10400009155273437500;-0.057;0.151;-0.108;584;181;142;1;
1417781653.10400009155273437500;1417781653.21900010108947753906;-0.073;0.070;-0.097;607;169;135;1;
1417781653.21900010108947753906;1417781653.33299994468688964844;-0.106;0.180;-0.099;593;173;131;1;
1417781653.33299994468688964844;1417781653.44799995422363281250;-0.120;-0.140;0.014;540;160;116;1;
1417781653.44799995422363281250;1417781653.56200003623962402344;-0.043;-0.015;-0.028;447;143;100;1;
1417781653.56200003623962402344;1417781653.67700004577636718750;1.273;-0.699;0.056;430;194;188;1;
1417781653.67700004577636718750;1417781653.79099988937377929688;-0.062;0.213;-0.116;343;123;94;1;
1417781653.79099988937377929688;1417781653.90599989891052246094;-0.099;-0.101;0.023;323;123;82;1;
1417781653.90599989891052246094;1417781654.02099990844726562500;-0.045;-0.079;0.016;334;115;82;1;
1417781654.02099990844726562500;1417781654.13599991798400878906;-0.042;0.049;-0.007;374;125;88;1;
1417781654.13599991798400878906;1417781654.25000000000000000000;-0.031;0.155;-0.034;391;131;82;1;
1417781654.25000000000000000000;1417781654.36400008201599121094;-0.078;-0.035;0.051;384;122;82;1;
1417781654.36400008201599121094;1417781654.47900009155273437500;-0.041;-0.127;0.069;432;132;78;1;
1417781654.47900009155273437500;1417781654.59299993515014648438;-0.084;-0.050;0.049;401;126;92;1;
1417781654.59299993515014648438;1417781654.70700001716613769531;-0.135;0.219;-0.048;454;142;120;1;
1417781654.70700001716613769531;1417781654.82200002670288085938;-0.044;0.069;0.001;484;129;87;1;
1417781654.82200002670288085938;1417781654.93600010871887207031;-0.089;0.022;0.007;463;145;111;1;
1417781654.93600010871887207031;1417781655.04999995231628417969;-0.080;-0.110;0.090;402;117;76;1;
1417781655.04999995231628417969;1417781655.16400003433227539062;-0.090;-0.180;0.096;493;124;98;1;
1417781655.16400003433227539062;1417781655.27800011634826660156;-0.062;-0.012;0.034;552;131;106;1;
1417781655.27800011634826660156;1417781655.39299988746643066406;-0.057;0.162;-0.052;554;139;111;1;
1417781655.39299988746643066406;1417781655.50699996948242187500;-0.157;0.298;-0.088;544;136;95;1;
1417781655.50699996948242187500;1417781655.62100005149841308594;-0.107;0.045;-0.051;492;127;100;1;
1417781655.62100005149841308594;1417781655.73499989509582519531;-0.124;-0.171;0.063;456;121;101;1;
1417781655.73499989509582519531;1417781655.84899997711181640625;-0.082;0.094;-0.042;415;120;77;1;
1417781655.84899997711181640625;1417781655.96399998664855957031;-0.081;0.279;-0.108;407;128;82;1;
1417781655.96399998664855957031;1417781656.07699990272521972656;-0.079;-0.013;0.005;404;125;98;1;
1417781656.07699990272521972656;1417781656.19099998474121093750;-0.127;0.023;0.007;449;125;94;1;
1417781656.19099998474121093750;1417781656.30500006675720214844;-0.174;-0.116;0.022;456;122;106;1;
1417781656.30500006675720214844;1417781656.42000007629394531250;-0.023;0.288;-0.083;468;122;90;1;
1417781656.42000007629394531250;1417781656.53399991989135742188;-0.109;0.215;-0.053;512;132;87;1;
1417781656.53399991989135742188;1417781656.64800000190734863281;-0.077;-0.141;0.070;499;143;143;1;
1417781656.64800000190734863281;1417781656.76200008392333984375;-0.085;0.069;-0.008;480;125;116;1;
1417781656.76200008392333984375;1417781656.87599992752075195312;-0.087;0.093;-0.026;422;118;104;1;
1417781656.87599992752075195312;1417781656.99000000953674316406;-0.024;0.157;0.011;507;133;121;1;
1417781656.99000000953674316406;1417781657.10400009155273437500;0.155;0.304;-0.064;513;136;132;1;
1417781657.10400009155273437500;1417781657.21799993515014648438;-0.037;0.190;-0.008;453;121;84;1;
1417781657.21799993515014648438;1417781657.33200001716613769531;-0.059;0.080;0.022;457;125;108;1;
1417781657.33200001716613769531;1417781657.44700002670288085938;-0.077;-0.192;0.156;479;120;81;1;
1417781657.44700002670288085938;1417781657.56100010871887207031;0.708;-0.254;0.170;604;149;149;1;
1417781657.56100010871887207031;1417781657.67499995231628417969;-0.089;0.195;-0.001;623;138;122;1;
1417781657.67499995231628417969;1417781657.78999996185302734375;-0.181;0.195;0.023;541;137;118;1;
1417781657.78999996185302734375;1417781657.90400004386901855469;-0.020;0.047;0.036;442;117;96;1;
1417781657.90400004386901855469;1417781658.01799988746643066406;-0.079;0.097;-0.038;553;132;115;1;
1417781658.01799988746643066406;1417781658.13199996948242187500;-0.038;-0.247;0.136;401;119;93;1;
1417781658.13199996948242187500;1417781658.24699997901916503906;-0.022;0.455;-0.136;399;133;132;1;
1417781658.24699997901916503906;1417781658.36100006103515625000;-0.099;0.154;0.017;471;128;88;1;
1417781658.36100006103515625000;1417781658.47499990463256835938;-0.232;0.035;-0.053;458;137;133;1;
1417781658.47499990463256835938;1417781658.58999991416931152344;-0.062;0.256;-0.049;527;131;107;1;
1417781658.58999991416931152344;1417781658.70399999618530273438;0.638;1.312;-0.435;490;138;138;1;
1417781658.70399999618530273438;1417781658.81800007820129394531;-0.097;-0.206;0.105;411;117;81;1;
1417781658.81800007820129394531;1417781658.93400001525878906250;-0.389;0.205;-0.075;465;131;129;1;
1417781658.93400001525878906250;1417781659.04800009727478027344;-0.120;0.113;-0.076;521;132;105;1;
1417781659.04800009727478027344;1417781659.16199994087219238281;-0.170;-0.151;0.090;467;122;88;1;
1417781659.16199994087219238281;1417781659.27699995040893554688;-0.133;-0.170;0.103;534;138;103;1;
1417781659.27699995040893554688;1417781659.39100003242492675781;0.343;0.190;-0.032;560;142;141;1;
1417781659.39100003242492675781;1417781659.50600004196166992188;-0.064;-0.095;0.079;472;132;100;1;
1417781659.50600004196166992188;1417781659.61999988555908203125;-0.154;-0.042;0.056;480;132;100;1;
1417781659.61999988555908203125;1417781659.73499989509582519531;-0.071;0.080;0.057;429;127;108;1;
1417781659.73499989509582519531;1417781659.84999990463256835938;-0.034;0.082;0.034;464;133;112;1;
1417781659.84999990463256835938;1417781659.96399998664855957031;-0.035;-0.293;0.199;303;123;95;1;
1417781659.96399998664855957031;1417781660.07899999618530273438;-0.109;-0.091;0.133;446;125;91;1;
1417781660.07899999618530273438;1417781660.19400000572204589844;-0.097;0.068;0.081;570;159;114;1;
1417781660.19400000572204589844;1417781660.30800008773803710938;0.016;-0.246;0.156;452;150;123;1;
1417781660.30800008773803710938;1417781660.42300009727478027344;-0.118;0.030;0.083;473;153;120;1;
1417781660.42300009727478027344;1417781660.53800010681152343750;-0.115;0.406;-0.077;515;161;123;1;
1417781660.53800010681152343750;1417781660.65199995040893554688;-0.129;0.190;0.004;505;154;129;1;
1417781660.65199995040893554688;1417781660.76699995994567871094;-0.061;-0.233;0.143;453;148;108;1;
1417781660.76699995994567871094;1417781660.88199996948242187500;-0.093;-0.203;0.150;514;154;126;1;
1417781660.88199996948242187500;1417781660.99799990653991699219;-0.094;0.109;-0.013;521;158;130;1;
1417781660.99799990653991699219;1417781661.11199998855590820312;-0.101;0.581;-0.152;486;159;142;1;
1417781661.11199998855590820312;1417781661.22799992561340332031;-0.020;0.024;0.055;477;163;116;1;
1417781661.22799992561340332031;1417781661.34299993515014648438;-0.108;-0.121;0.102;573;179;130;1;
1417781661.34299993515014648438;1417781661.45799994468688964844;-0.114;0.216;-0.026;536;177;124;1;
1417781661.45799994468688964844;1417781661.57299995422363281250;-0.081;-0.007;0.022;583;168;135;1;
1417781661.57299995422363281250;1417781661.68799996376037597656;-0.135;0.050;0.050;526;175;128;1;
1417781661.68799996376037597656;1417781661.80299997329711914062;-0.051;-0.098;0.031;426;160;142;1;
1417781661.80299997329711914062;1417781661.91799998283386230469;-0.131;-0.286;0.114;495;170;121;1;
1417781661.91799998283386230469;1417781662.03399991989135742188;-0.097;0.141;0.010;431;173;149;1;
1417781662.03399991989135742188;1417781662.14899992942810058594;0.012;0.111;0.028;544;215;170;1;
1417781662.14899992942810058594;1417781662.26399993896484375000;-0.110;-0.157;0.106;408;174;136;1;
1417781662.26399993896484375000;1417781662.37899994850158691406;-0.135;-0.076;0.055;477;191;158;1;
1417781662.37899994850158691406;1417781662.49600005149841308594;-0.122;-0.135;0.089;594;192;159;1;
1417781662.49600005149841308594;1417781662.61199998855590820312;-0.097;-0.204;0.119;610;203;148;1;
1417781662.61199998855590820312;1417781662.72699999809265136719;-0.105;0.181;0.017;618;191;152;1;
1417781662.72699999809265136719;1417781662.84299993515014648438;-0.096;0.159;0.024;490;186;146;1;
1417781662.84299993515014648438;1417781662.95799994468688964844;-0.095;-0.070;0.105;540;199;157;1;
1417781662.95799994468688964844;1417781663.07399988174438476562;0.047;-0.152;0.103;498;191;158;1;
1417781663.07399988174438476562;1417781663.18899989128112792969;-0.145;0.114;0.030;468;221;170;1;
1417781663.18899989128112792969;1417781663.30500006675720214844;-0.112;-0.089;0.091;620;223;166;1;
1417781663.30500006675720214844;1417781663.42100000381469726562;-0.071;-0.215;0.132;535;213;158;1;
1417781663.42100000381469726562;1417781663.53600001335144042969;-0.057;0.018;0.038;535;206;167;1;
1417781663.53600001335144042969;1417781663.65199995040893554688;-0.154;0.022;0.036;475;213;164;1;
1417781663.65199995040893554688;1417781663.76699995994567871094;-0.009;-0.122;0.078;470;221;166;1;
1417781663.76699995994567871094;1417781663.88299989700317382812;-0.070;0.177;0.005;532;215;179;1;
1417781663.88299989700317382812;1417781663.99900007247924804688;-0.066;0.081;0.029;592;229;179;1;
1417781663.99900007247924804688;1417781664.11500000953674316406;-0.096;-0.247;0.117;431;218;178;1;
1417781664.11500000953674316406;1417781664.23099994659423828125;-0.047;0.079;0.020;354;203;180;1;
1417781664.23099994659423828125;1417781664.34599995613098144531;-0.122;0.081;-0.003;474;232;187;1;
1417781664.34599995613098144531;1417781664.46199989318847656250;-0.102;0.028;0.018;612;244;203;1;
1417781664.46199989318847656250;1417781664.57699990272521972656;-0.064;-0.191;0.088;652;244;200;1;
1417781664.57699990272521972656;1417781664.69300007820129394531;-0.097;0.046;0.010;603;250;209;1;
1417781664.69300007820129394531;1417781664.80800008773803710938;-0.144;0.088;0.019;649;256;210;1;
1417781664.80800008773803710938;1417781664.92400002479553222656;-0.075;-0.004;0.041;657;261;210;1;
1417781664.92400002479553222656;1417781665.03999996185302734375;-0.046;-0.139;0.085;664;256;216;1;
1417781665.03999996185302734375;1417781665.15499997138977050781;-0.067;0.069;0.035;696;276;230;1;
1417781665.15499997138977050781;1417781665.27099990844726562500;-0.070;-0.250;0.127;714;279;226;1;
1417781665.27099990844726562500;1417781665.38599991798400878906;-0.074;-0.086;0.061;781;282;221;1;
1417781665.38599991798400878906;1417781665.50200009346008300781;-0.122;-0.139;0.083;742;290;245;1;
1417781665.50200009346008300781;1417781665.61700010299682617188;-0.043;-0.126;0.102;733;298;252;1;
1417781665.61700010299682617188;1417781665.73300004005432128906;-0.097;-0.166;0.085;799;297;243;1;
1417781665.73300004005432128906;1417781665.84800004959106445312;-0.076;-0.064;0.076;763;301;249;1;
1417781665.84800004959106445312;1417781665.96399998664855957031;-0.097;-0.028;0.048;558;281;232;1;
1417781665.96399998664855957031;1417781666.07999992370605468750;-0.098;-0.041;0.065;639;290;239;1;
1417781666.07999992370605468750;1417781666.19499993324279785156;-0.106;0.076;0.023;628;289;239;1;
1417781666.19499993324279785156;1417781666.31100010871887207031;-0.081;0.054;0.053;672;299;258;1;
1417781666.31100010871887207031;1417781666.42700004577636718750;-0.020;0.129;0.020;729;313;249;1;
1417781666.42700004577636718750;1417781666.54200005531311035156;-0.092;0.109;0.012;809;303;255;1;
1417781666.54200005531311035156;1417781666.65799999237060546875;-0.084;0.091;0.024;642;304;260;1;
1417781666.65799999237060546875;1417781666.77300000190734863281;-0.046;-0.121;0.051;567;299;253;1;
1417781666.77300000190734863281;1417781666.88899993896484375000;-0.041;-0.076;0.055;723;326;273;1;
1417781666.88899993896484375000;1417781667.00500011444091796875;-0.089;0.053;0.033;677;301;261;1;
1417781667.00500011444091796875;1417781667.11999988555908203125;-0.090;-0.307;0.120;654;318;293;1;
1417781667.11999988555908203125;1417781667.23600006103515625000;-0.068;0.109;0.013;663;316;279;1;
1417781667.23600006103515625000;1417781667.35100007057189941406;-0.086;-0.049;0.042;704;321;268;1;
1417781667.35100007057189941406;1417781667.46799993515014648438;-0.047;-0.012;0.037;794;348;298;1;
1417781667.46799993515014648438;1417781667.58299994468688964844;0.017;0.091;0.013;808;348;291;1;
1417781667.58299994468688964844;1417781667.69899988174438476562;-0.158;-0.130;0.058;828;379;300;1;
1417781667.69899988174438476562;1417781667.81399989128112792969;-0.082;-0.072;0.025;804;358;305;1;
1417781667.81399989128112792969;1417781667.93000006675720214844;-0.063;0.109;-0.006;812;350;306;1;
1417781667.93000006675720214844;1417781668.04500007629394531250;-0.051;0.078;0.011;780;357;311;1;
1417781668.04500007629394531250;1417781668.16000008583068847656;-0.066;0.016;0.024;829;366;311;1;
1417781668.16000008583068847656;1417781668.27600002288818359375;-0.029;0.062;0.019;854;352;295;1;
1417781668.27600002288818359375;1417781668.39100003242492675781;-0.120;0.009;0.032;953;385;327;1;
1417781668.39100003242492675781;1417781668.50699996948242187500;-0.133;0.145;-0.012;925;365;315;1;
1417781668.50699996948242187500;1417781668.62199997901916503906;-0.092;0.059;0.016;917;391;330;1;
1417781668.62199997901916503906;1417781668.73699998855590820312;-0.083;0.034;0.025;928;397;347;1;
1417781668.73699998855590820312;1417781668.85299992561340332031;-0.033;0.055;0.013;988;404;358;1;
1417781668.85299992561340332031;1417781668.96799993515014648438;-0.056;-0.065;0.039;944;402;336;1;
1417781668.96799993515014648438;1417781669.08400011062622070312;-0.110;0.024;0.011;830;403;338;1;
1417781669.08400011062622070312;1417781669.19899988174438476562;-0.102;0.060;0.021;801;388;331;1;
1417781669.19899988174438476562;1417781669.31500005722045898438;-0.045;0.006;0.027;743;376;322;1;
1417781669.31500005722045898438;1417781669.43000006675720214844;-0.102;-0.171;0.060;840;382;330;1;
1417781669.43000006675720214844;1417781669.54600000381469726562;-0.063;-0.095;0.050;930;413;359;1;
1417781669.54600000381469726562;1417781669.66199994087219238281;-0.103;0.252;-0.026;867;413;366;1;
1417781669.66199994087219238281;1417781669.77699995040893554688;-0.071;0.035;0.017;930;404;351;1;
1417781669.77699995040893554688;1417781669.89299988746643066406;-0.091;0.068;0.004;927;418;355;1;
1417781669.89299988746643066406;1417781670.00799989700317382812;-0.029;0.190;-0.028;935;413;366;1;
1417781670.00799989700317382812;1417781670.12400007247924804688;-0.061;-0.033;0.023;971;427;376;1;
1417781670.12400007247924804688;1417781670.23900008201599121094;-0.034;-0.020;0.025;992;418;369;1;
1417781670.23900008201599121094;1417781670.35400009155273437500;-0.132;-0.011;0.029;969;402;354;1;
1417781670.35400009155273437500;1417781670.47000002861022949219;-0.115;0.225;-0.023;1000;434;358;1;
1417781670.47000002861022949219;1417781670.58500003814697265625;-0.090;0.005;0.015;1000;425;376;1;
1417781670.58500003814697265625;1417781670.70099997520446777344;-0.098;0.103;0.001;949;430;388;1;
1417781670.70099997520446777344;1417781670.81599998474121093750;-0.115;0.135;-0.003;929;443;386;1;
1417781670.81599998474121093750;1417781670.93099999427795410156;-0.022;-0.109;0.037;923;420;369;1;
1417781670.93099999427795410156;1417781671.04699993133544921875;-0.086;-0.047;0.020;958;424;372;1;
1417781671.04699993133544921875;1417781671.16199994087219238281;-0.099;-0.102;0.034;1000;447;386;1;
1417781671.16199994087219238281;1417781671.27699995040893554688;-0.058;-0.173;0.061;1000;441;394;1;
1417781671.27699995040893554688;1417781671.39299988746643066406;-0.087;0.048;0.027;948;438;389;1;
1417781671.39299988746643066406;1417781671.50799989700317382812;-0.044;0.045;0.009;1000;444;408;1;
1417781671.50799989700317382812;1417781671.62299990653991699219;-0.100;-0.005;0.023;1000;429;379;1;
1417781671.62299990653991699219;1417781671.73799991607666015625;-0.123;-0.036;0.015;974;448;395;1;
1417781671.73799991607666015625;1417781671.85400009155273437500;-0.066;0.176;-0.006;1000;459;393;1;
1417781671.85400009155273437500;1417781671.96900010108947753906;-0.047;-0.099;0.036;1000;455;394;1;
1417781671.96900010108947753906;1417781672.08400011062622070312;-0.112;0.050;0.002;1000;446;397;1;
1417781672.08400011062622070312;1417781672.19899988174438476562;-0.107;0.144;-0.009;1000;446;400;1;
1417781672.19899988174438476562;1417781672.31399989128112792969;-0.051;0.009;0.018;994;465;417;1;
1417781672.31399989128112792969;1417781672.42899990081787109375;-0.050;0.036;0.004;1000;481;418;1;
1417781672.42899990081787109375;1417781672.54500007629394531250;-0.083;-0.059;0.023;1000;459;406;1;
1417781672.54500007629394531250;1417781672.66100001335144042969;-0.101;-0.031;0.024;1000;470;424;1;
1417781672.66100001335144042969;1417781672.77600002288818359375;-0.064;-0.244;0.052;1000;480;414;1;
1417781672.77600002288818359375;1417781672.89100003242492675781;-0.117;0.097;-0.010;1000;462;405;1;
1417781672.89100003242492675781;1417781673.00600004196166992188;-0.051;0.077;0.004;1000;488;429;1;
1417781673.00600004196166992188;1417781673.12100005149841308594;-0.090;0.036;0.012;1000;457;401;1;
1417781673.12100005149841308594;1417781673.23600006103515625000;-0.053;-0.119;0.025;1000;482;423;1;
1417781673.23600006103515625000;1417781673.35299992561340332031;-0.099;-0.055;0.025;1000;485;411;1;
1417781673.35299992561340332031;1417781673.46799993515014648438;-0.117;-0.155;0.052;1000;479;414;1;
1417781673.46799993515014648438;1417781673.58299994468688964844;-0.077;0.074;-0.007;1000;474;429;1;
1417781673.58299994468688964844;1417781673.69799995422363281250;-0.041;-0.146;0.039;1000;486;413;1;
1417781673.69799995422363281250;1417781673.81299996376037597656;-0.057;-0.117;0.032;1000;466;414;1;
1417781673.81299996376037597656;1417781673.92700004577636718750;-0.086;-0.023;0.004;1000;492;428;1;
1417781673.92700004577636718750;1417781674.04200005531311035156;-0.013;-0.245;0.066;1000;479;421;1;
1417781674.04200005531311035156;1417781674.15799999237060546875;-0.107;-0.060;0.021;1000;474;410;1;
1417781674.15799999237060546875;1417781674.27300000190734863281;-0.086;-0.165;0.044;1000;490;441;1;
1417781674.27300000190734863281;1417781674.38800001144409179688;-0.001;0.127;-0.021;1000;482;427;1;
1417781674.38800001144409179688;1417781674.50300002098083496094;-0.085;0.020;0.005;1000;481;420;1;
1417781674.50300002098083496094;1417781674.61800003051757812500;-0.054;-0.123;0.024;1000;496;436;1;
1417781674.61800003051757812500;1417781674.73300004005432128906;-0.106;-0.005;0.012;1000;479;436;1;
1417781674.73300004005432128906;1417781674.84800004959106445312;-0.076;0.106;-0.030;1000;491;442;1;
1417781674.84800004959106445312;1417781674.96300005912780761719;-0.025;0.014;-0.007;1000;484;431;1;
1417781674.96300005912780761719;1417781675.07800006866455078125;-0.075;-0.092;0.018;1000;491;434;1;
1417781675.07800006866455078125;1417781675.19300007820129394531;-0.095;0.151;-0.036;1000;490;434;1;
1417781675.19300007820129394531;1417781675.30800008773803710938;-0.062;-0.085;0.009;1000;481;428;1;
1417781675.30800008773803710938;1417781675.42400002479553222656;-0.103;0.015;-0.004;1000;499;443;1;
1417781675.42400002479553222656;1417781675.53800010681152343750;-0.051;-0.105;0.020;1000;501;436;1;
1417781675.53800010681152343750;1417781675.65300011634826660156;-0.096;0.127;-0.031;1000;493;437;1;
1417781675.65300011634826660156;1417781675.76799988746643066406;-0.067;0.125;-0.014;1000;477;442;1;
1417781675.76799988746643066406;1417781675.88299989700317382812;-0.069;0.029;0.002;1000;488;447;1;
1417781675.88299989700317382812;1417781675.99799990653991699219;-0.109;-0.029;-0.008;1000;495;438;1;
1417781675.99799990653991699219;1417781676.11299991607666015625;-0.061;-0.203;0.037;1000;504;437;1;
1417781676.11299991607666015625;1417781676.22799992561340332031;-0.064;0.164;-0.030;1000;486;445;1;
1417781676.22799992561340332031;1417781676.34299993515014648438;-0.105;-0.149;0.024;1000;509;443;1;
1417781676.34299993515014648438;1417781676.45900011062622070312;-0.044;-0.013;0.009;1000;484;438;1;
1417781676.45900011062622070312;1417781676.57399988174438476562;-0.072;-0.145;0.019;1000;513;445;1;
1417781676.57399988174438476562;1417781676.68799996376037597656;-0.131;-0.132;0.017;997;512;448;1;
1417781676.68799996376037597656;1417781676.80299997329711914062;0.008;-0.136;0.015;1000;498;439;1;
1417781676.80299997329711914062;1417781676.91799998283386230469;-0.089;0.101;-0.037;1000;494;447;1;
1417781676.91799998283386230469;1417781677.03299999237060546875;-0.100;-0.046;-0.000;1000;504;460;1;
1417781677.03299999237060546875;1417781677.14800000190734863281;-0.074;0.010;-0.016;1000;505;453;1;
1417781677.14800000190734863281;1417781677.26300001144409179688;-0.059;-0.092;0.002;1000;505;447;1;
1417781677.26300001144409179688;1417781677.37800002098083496094;-0.021;-0.073;0.013;1000;499;451;1;
1417781677.37800002098083496094;1417781677.49300003051757812500;-0.075;0.069;-0.035;1000;515;469;1;
1417781677.49300003051757812500;1417781677.60800004005432128906;-0.035;0.033;-0.013;1000;507;458;1;
1417781677.60800004005432128906;1417781677.72300004959106445312;-0.016;-0.013;-0.009;1000;524;463;1;
1417781677.72300004959106445312;1417781677.83800005912780761719;-0.112;0.024;-0.028;1000;527;469;1;
1417781677.83800005912780761719;1417781677.95300006866455078125;-0.041;0.057;-0.019;1000;512;459;1;
1417781677.95300006866455078125;1417781678.06800007820129394531;-0.103;0.029;-0.040;1000;523;465;1;
1417781678.06800007820129394531;1417781678.18300008773803710938;-0.093;0.067;-0.050;1000;514;469;1;
1417781678.18300008773803710938;1417781678.29699993133544921875;-0.038;-0.168;0.025;1000;507;462;1;
1417781678.29699993133544921875;1417781678.41199994087219238281;-0.113;0.255;-0.082;1000;499;462;1;
1417781678.41199994087219238281;1417781678.52699995040893554688;-0.072;0.093;-0.028;1000;515;453;1;
1417781678.52699995040893554688;1417781678.64199995994567871094;-0.051;-0.140;-0.009;1000;527;468;1;
1417781678.64199995994567871094;1417781678.75699996948242187500;-0.067;0.025;-0.025;1000;527;468;1;
1417781678.75699996948242187500;1417781678.87199997901916503906;-0.111;-0.183;0.009;1000;508;451;1;
1417781678.87199997901916503906;1417781678.98600006103515625000;-0.020;-0.047;-0.016;1000;520;465;1;
1417781678.98600006103515625000;1417781679.09999990463256835938;-0.057;0.137;-0.057;1000;485;438;1;
1417781679.09999990463256835938;1417781679.21499991416931152344;-0.076;-0.242;0.015;1000;509;461;1;
1417781679.21499991416931152344;1417781679.32999992370605468750;-0.050;-0.056;-0.021;1000;528;464;1;
1417781679.32999992370605468750;1417781679.44499993324279785156;-0.053;0.216;-0.069;1000;515;473;1;
1417781679.44499993324279785156;1417781679.55999994277954101562;-0.058;-0.117;0.013;1000;531;470;1;
1417781679.55999994277954101562;1417781679.67499995231628417969;-0.144;-0.066;-0.031;1000;543;495;1;
1417781679.67499995231628417969;1417781679.78999996185302734375;-0.071;-0.206;0.005;1000;517;468;1;
1417781679.78999996185302734375;1417781679.90499997138977050781;-0.070;-0.175;0.010;1000;525;467;1;
1417781679.90499997138977050781;1417781680.01999998092651367188;-0.026;-0.155;0.005;1000;517;461;1;
1417781680.01999998092651367188;1417781680.13499999046325683594;-0.031;-0.115;0.004;1000;526;477;1;
1417781680.13499999046325683594;1417781680.25000000000000000000;-0.048;-0.015;-0.020;1000;519;462;1;
1417781680.25000000000000000000;1417781680.36500000953674316406;-0.076;-0.243;0.034;1000;536;475;1;
1417781680.36500000953674316406;1417781680.48000001907348632812;-0.101;-0.084;-0.014;1000;522;477;1;
1417781680.48000001907348632812;1417781680.59500002861022949219;-0.012;-0.073;-0.008;1000;514;472;1;
1417781680.59500002861022949219;1417781680.71000003814697265625;-0.134;-0.024;-0.041;1000;521;464;1;
1417781680.71000003814697265625;1417781680.82500004768371582031;-0.056;-0.132;-0.007;1000;538;484;1;
1417781680.82500004768371582031;1417781680.94000005722045898438;-0.107;-0.185;0.005;1000;526;484;1;
1417781680.94000005722045898438;1417781681.05500006675720214844;-0.075;0.077;-0.046;1000;538;476;1;
1417781681.05500006675720214844;1417781681.17000007629394531250;-0.049;0.047;-0.042;1000;516;462;1;
1417781681.17000007629394531250;1417781681.28500008583068847656;-0.039;0.099;-0.047;1000;536;482;1;
1417781681.28500008583068847656;1417781681.39899992942810058594;-0.047;-0.090;-0.032;1000;531;493;1;
1417781681.39899992942810058594;1417781681.51399993896484375000;-0.070;-0.056;-0.020;1000;545;488;1;
1417781681.51399993896484375000;1417781681.62899994850158691406;-0.013;-0.083;-0.013;1000;525;489;1;
1417781681.62899994850158691406;1417781681.74399995803833007812;-0.138;0.019;-0.028;1000;527;485;1;
1417781681.74399995803833007812;1417781681.85899996757507324219;-0.046;-0.165;-0.007;1000;524;472;1;
1417781681.85899996757507324219;1417781681.97399997711181640625;-0.038;0.026;-0.036;1000;541;492;1;
1417781681.97399997711181640625;1417781682.08999991416931152344;-0.044;0.262;-0.073;1000;534;485;1;
1417781682.08999991416931152344;1417781682.20499992370605468750;-0.083;0.017;-0.026;1000;528;469;1;
1417781682.20499992370605468750;1417781682.31900000572204589844;-0.076;0.142;-0.058;1000;539;483;1;
1417781682.31900000572204589844;1417781682.43400001525878906250;0.038;-0.028;-0.019;1000;540;501;1;
1417781682.43400001525878906250;1417781682.54999995231628417969;-0.057;0.122;-0.047;1000;534;493;1;
1417781682.54999995231628417969;1417781682.66499996185302734375;-0.031;0.108;-0.045;1000;538;493;1;
1417781682.66499996185302734375;1417781682.77999997138977050781;-0.069;0.134;-0.053;1000;546;506;1;
1417781682.77999997138977050781;1417781682.89499998092651367188;-0.032;-0.102;-0.006;1000;538;482;1;
1417781682.89499998092651367188;1417781683.00999999046325683594;0.001;-0.133;-0.012;1000;552;495;1;
1417781683.00999999046325683594;1417781683.12500000000000000000;-0.068;-0.162;0.001;1000;539;492;1;
1417781683.12500000000000000000;1417781683.24000000953674316406;-0.067;-0.087;-0.020;1000;521;477;1;
1417781683.24000000953674316406;1417781683.35500001907348632812;-0.091;0.167;-0.071;1000;542;496;1;
1417781683.35500001907348632812;1417781683.47000002861022949219;-0.006;-0.061;-0.035;1000;534;482;1;
1417781683.47000002861022949219;1417781683.58400011062622070312;-0.031;0.064;-0.045;1000;532;492;1;
1417781683.58400011062622070312;1417781683.69899988174438476562;-0.092;-0.019;-0.040;1000;560;511;1;
1417781683.69899988174438476562;1417781683.81399989128112792969;-0.016;-0.094;-0.004;1000;557;504;1;
1417781683.81399989128112792969;1417781683.92899990081787109375;-0.031;0.149;-0.076;1000;538;491;1;
1417781683.92899990081787109375;1417781684.04399991035461425781;-0.033;0.191;-0.070;1000;554;504;1;
1417781684.04399991035461425781;1417781684.15799999237060546875;-0.158;-0.190;-0.002;1000;554;519;1;
1417781684.15799999237060546875;1417781684.27300000190734863281;-0.007;0.019;-0.044;1000;524;475;1;
1417781684.27300000190734863281;1417781684.38800001144409179688;-0.095;-0.038;-0.044;1000;545;488;1;
1417781684.38800001144409179688;1417781684.50200009346008300781;-0.053;0.063;-0.043;1000;554;513;1;
1417781684.50200009346008300781;1417781684.61700010299682617188;-0.104;0.142;-0.062;1000;539;483;1;
1417781684.61700010299682617188;1417781684.73200011253356933594;-0.068;0.005;-0.036;1000;536;483;1;
1417781684.73200011253356933594;1417781684.84699988365173339844;-0.098;0.047;-0.031;1000;569;519;1;
1417781684.84699988365173339844;1417781684.96099996566772460938;-0.099;0.026;-0.036;1000;556;508;1;
1417781684.96099996566772460938;1417781685.07500004768371582031;-0.088;0.188;-0.076;1000;561;522;1;
1417781685.07500004768371582031;1417781685.19000005722045898438;-0.068;0.020;-0.026;1000;549;494;1;
1417781685.19000005722045898438;1417781685.30399990081787109375;-0.023;-0.018;-0.051;1000;563;525;1;
1417781685.30399990081787109375;1417781685.41899991035461425781;-0.075;-0.105;-0.007;1000;560;518;1;
1417781685.41899991035461425781;1417781685.53299999237060546875;-0.095;0.098;-0.038;1000;551;520;1;
1417781685.53299999237060546875;1417781685.64800000190734863281;-0.042;0.293;-0.077;1000;560;526;1;
1417781685.64800000190734863281;1417781685.76200008392333984375;-0.032;0.172;-0.051;1000;589;539;1;
1417781685.76200008392333984375;1417781685.87700009346008300781;-0.049;-0.171;-0.001;1000;552;512;1;
1417781685.87700009346008300781;1417781685.99099993705749511719;-0.036;0.250;-0.089;1000;551;508;1;
1417781685.99099993705749511719;1417781686.10599994659423828125;0.023;0.056;-0.039;1000;564;521;1;
1417781686.10599994659423828125;1417781686.22000002861022949219;-0.088;-0.012;-0.019;1000;555;526;1;
1417781686.22000002861022949219;1417781686.33500003814697265625;-0.016;0.048;-0.045;1000;568;539;1;
1417781686.33500003814697265625;1417781686.44899988174438476562;-0.030;0.034;-0.035;1000;556;536;1;
1417781686.44899988174438476562;1417781686.56299996376037597656;-0.053;0.097;-0.052;1000;536;499;1;
1417781686.56299996376037597656;1417781686.67799997329711914062;-0.114;-0.376;0.034;1000;556;513;1;
1417781686.67799997329711914062;1417781686.79200005531311035156;0.015;-0.143;-0.006;1000;564;512;1;
1417781686.79200005531311035156;1417781686.90700006484985351562;-0.005;-0.005;-0.045;1000;554;509;1;
1417781686.90700006484985351562;1417781687.02099990844726562500;-0.079;-0.024;-0.023;1000;522;480;1;
1417781687.02099990844726562500;1417781687.13499999046325683594;-0.012;0.050;-0.042;1000;540;493;1;
1417781687.13499999046325683594;1417781687.25000000000000000000;-0.095;0.058;-0.048;1000;543;504;1;
1417781687.25000000000000000000;1417781687.36400008201599121094;-0.038;-0.231;0.016;1000;554;503;1;
1417781687.36400008201599121094;1417781687.47900009155273437500;-0.026;0.145;-0.058;1000;557;511;1;
1417781687.47900009155273437500;1417781687.59400010108947753906;-0.030;0.398;-0.114;1000;568;529;1;
1417781687.59400010108947753906;1417781687.70900011062622070312;-0.074;0.083;-0.041;1000;533;486;1;
1417781687.70900011062622070312;1417781687.82399988174438476562;-0.082;-0.116;-0.014;1000;560;511;1;
1417781687.82399988174438476562;1417781687.93899989128112792969;0.016;-0.169;-0.009;1000;559;526;1;
1417781687.93899989128112792969;1417781688.05299997329711914062;-0.054;-0.171;-0.000;1000;557;520;1;
1417781688.05299997329711914062;1417781688.16700005531311035156;-0.134;-0.133;-0.024;1000;533;500;1;
1417781688.16700005531311035156;1417781688.28099989891052246094;-0.022;0.319;-0.081;1000;552;514;1;
1417781688.28099989891052246094;1417781688.39499998092651367188;-0.072;-0.159;0.000;1000;548;500;1;
1417781688.39499998092651367188;1417781688.50900006294250488281;-0.017;-0.228;0.012;1000;549;509;1;
1417781688.50900006294250488281;1417781688.62400007247924804688;-0.080;-0.099;-0.014;1000;553;509;1;
1417781688.62400007247924804688;1417781688.73799991607666015625;-0.028;0.098;-0.050;1000;557;510;1;
1417781688.73799991607666015625;1417781688.85199999809265136719;-0.046;0.019;-0.037;1000;540;495;1;
1417781688.85199999809265136719;1417781688.96600008010864257812;-0.047;-0.016;-0.027;1000;546;502;1;
1417781688.96600008010864257812;1417781689.07999992370605468750;-0.121;0.093;-0.048;1000;551;507;1;
1417781689.07999992370605468750;1417781689.19400000572204589844;-0.072;-0.323;0.022;1000;539;492;1;
1417781689.19400000572204589844;1417781689.30800008773803710938;-0.033;0.092;-0.052;1000;560;512;1;
1417781689.30800008773803710938;1417781689.42199993133544921875;-0.080;-0.094;-0.021;1000;546;507;1;
1417781689.42199993133544921875;1417781689.53600001335144042969;-0.041;-0.087;-0.005;1000;560;512;1;
1417781689.53600001335144042969;1417781689.65000009536743164062;-0.081;0.062;-0.024;1000;552;510;1;
1417781689.65000009536743164062;1417781689.76399993896484375000;0.006;0.021;-0.035;1000;547;514;1;
1417781689.76399993896484375000;1417781689.87800002098083496094;-0.038;0.058;-0.039;1000;548;499;1;
1417781689.87800002098083496094;1417781689.99300003051757812500;-0.029;-0.115;-0.011;1000;563;515;1;
1417781689.99300003051757812500;1417781690.10700011253356933594;0.002;-0.016;-0.022;1000;558;507;1;
1417781690.10700011253356933594;1417781690.22099995613098144531;-0.064;0.147;-0.060;1000;555;500;1;
1417781690.22099995613098144531;1417781690.33500003814697265625;-0.036;0.052;-0.030;1000;555;508;1;
1417781690.33500003814697265625;1417781690.44799995422363281250;-0.045;0.088;-0.040;1000;553;512;1;
1417781690.44799995422363281250;1417781690.56200003623962402344;-0.035;0.101;-0.048;1000;568;516;1;
1417781690.56200003623962402344;1417781690.67700004577636718750;-0.015;0.135;-0.056;1000;539;497;1;
1417781690.67700004577636718750;1417781690.79099988937377929688;-0.110;-0.064;-0.024;1000;555;505;1;
1417781690.79099988937377929688;1417781690.90499997138977050781;-0.045;-0.055;-0.018;1000;547;501;1;
1417781690.90499997138977050781;1417781691.01799988746643066406;-0.026;0.160;-0.041;1000;566;518;1;
1417781691.01799988746643066406;1417781691.13199996948242187500;-0.012;-0.073;-0.012;1000;562;506;1;
1417781691.13199996948242187500;1417781691.24600005149841308594;-0.100;-0.035;-0.017;1000;555;518;1;
1417781691.24600005149841308594;1417781691.35999989509582519531;-0.091;-0.021;-0.034;1000;541;497;1;
1417781691.35999989509582519531;1417781691.47300004959106445312;-0.055;-0.104;-0.013;1000;556;513;1;
1417781691.47300004959106445312;1417781691.58699989318847656250;-0.043;0.072;-0.026;1000;545;488;1;
1417781691.58699989318847656250;1417781691.70000004768371582031;-0.036;-0.277;0.022;1000;557;502;1;
1417781691.70000004768371582031;1417781691.81399989128112792969;-0.090;-0.115;-0.010;1000;568;528;1;
1417781691.81399989128112792969;1417781691.92700004577636718750;-0.052;-0.297;0.015;1000;562;521;1;
1417781691.92700004577636718750;1417781692.04099988937377929688;-0.077;-0.137;-0.004;1000;539;494;1;
1417781692.04099988937377929688;1417781692.15499997138977050781;-0.076;-0.111;-0.010;1000;538;503;1;
1417781692.15499997138977050781;1417781692.26799988746643066406;-0.079;0.056;-0.034;1000;548;502;1;
1417781692.26799988746643066406;1417781692.38100004196166992188;-0.064;-0.110;-0.002;1000;524;476;1;
1417781692.38100004196166992188;1417781692.49499988555908203125;-0.085;-0.038;-0.023;1000;526;486;1;
1417781692.49499988555908203125;1417781692.60899996757507324219;-0.053;-0.047;-0.008;1000;550;489;1;
1417781692.60899996757507324219;1417781692.72300004959106445312;0.000;-0.025;-0.011;1000;543;493;1;
1417781692.72300004959106445312;1417781692.83599996566772460938;-0.093;-0.284;0.023;1000;559;509;1;
