PROPERTIES:;VideoFileName=../../Videos/BlenderSimMP4s/FrontLakeIceForward.mp4;CameraType=9;videoSize=[960 x 540];videoFPS=5;videoFrameCount=199;SURFminHessian=400;SIFTthreshold=0.001;SIFTedgeThresh=100;CLAHEclipLimit=4;CLAHEtileSize=[16 x 16];fx_new=1050;fy_new=1050;princPt=[479.5, 269.5];FRONT_CAMERA=1;DES_FOVX=80;BLUR_IMGS=0;ROBUST_EST=4;PROCESS_00FRAME=0;THRESHOLD_JUMPS=1;MAX_ROT=30;

frame1;frame2;vidOF_x_rot;vidOF_y_rot;vidOF_z_rot;vidOF_x_sum;vidOF_y_sum;vidOF_z_sum;vidSURF_x_rot;vidSURF_y_rot;vidSURF_z_rot;vidSURF_x_sum;vidSURF_y_sum;vidSURF_z_sum;vidSIFT_x_rot;vidSIFT_y_rot;vidSIFT_z_rot;vidSIFT_x_sum;vidSIFT_y_sum;vidSIFT_z_sum;vidHARRIS_x_rot;vidHARRIS_y_rot;vidHARRIS_z_rot;vidHARRIS_x_sum;vidHARRIS_y_sum;vidHARRIS_z_sum;vidOFtranslMat_x;vidOFtranslMat_y;vidOFtranslMat_z;vidSURFtranslMat_x;vidSURFtranslMat_y;vidSURFtranslMat_z;vidSIFTtranslMat_x;vidSIFTtranslMat_y;vidSIFTtranslMat_z;vidHARRIStranslMat_x;vidHARRIStranslMat_y;vidHARRIStranslMat_z;vidOFglobalSum_x;vidOFglobalSum_y;vidOFglobalSum_z;vidOFglobalSum_roll;vidOFglobalSum_pitch;vidOFglobalSum_yaw;vidSURFglobalSum_x;vidSURFglobalSum_y;vidSURFglobalSum_z;vidSURFglobalSum_roll;vidSURFglobalSum_pitch;vidSURFglobalSum_yaw;vidSIFTglobalSum_x;vidSIFTglobalSum_y;vidSIFTglobalSum_z;vidSIFTglobalSum_roll;vidSIFTglobalSum_pitch;vidSIFTglobalSum_yaw;vidHARRISglobalSum_x;vidHARRISglobalSum_y;vidHARRISglobalSum_z;vidHARRISglobalSum_roll;vidHARRISglobalSum_pitch;vidHARRISglobalSum_yaw;vidOFcorners2;vidOFmatches;vidOFinliers;vidSURFcorners2;vidSURFmatches;vidSURFinliers;vidSIFTcorners2;vidSIFTmatches;vidSIFTinliers;vidHARRIScorners2;vidHARRISmatches;vidHARRISinliers;OF_EstValid;SURF_EstValid;SIFT_EstValid;HARRIS_EstValid;
0;1;0;0;0.0317993;0;0;0.0317993;0;0;0.318236;0;0;0.318236;0;0;-0.597774;0;0;-0.597774;0;0;0.189981;0;0;0.189981;0.99959;-0.0278827;0.00654237;0.969458;-0.222116;-0.104;0.931342;0.285871;-0.225567;0.996664;-0.0702249;-0.0415863;0.999605;-0.0273279;0.00654237;0;0;0.0317993;0.970677;-0.216728;-0.104;0;0;0.318236;0.934273;0.276139;-0.225567;0;0;-0.597774;0.996891;-0.0669198;-0.0415863;0;0;0.189981;735;734;597;124;124;73;1001;1001;812;1000;1000;622;1;1;1;1;
1;2;0;0;0.0100571;0;0;0.0418564;0;0;0.0454365;0;0;0.363672;0;0;0.80794;0;0;0.210166;0;0;0.0782982;0;0;0.268279;0.999767;-0.00603861;0.0207168;0.989434;-0.129174;-0.0658408;0.895159;-0.384381;-0.225701;0.991814;-0.111427;-0.0623645;1.99938;-0.0326362;0.0272591;0;0;0.0418564;1.96091;-0.339619;-0.16984;0;0;0.363672;1.83084;-0.104956;-0.451268;0;0;0.210166;1.98922;-0.173702;-0.103951;0;0;0.268279;772;769;648;118;118;78;1000;1000;743;1000;1000;617;1;1;1;1;
2;3;0;0;-0.00731629;0;0;0.0345401;0;0;-4.94777;0;0;-4.58409;0;0;-0.503388;0;0;-0.293222;0;0;0.0809683;0;0;0.349248;0.99995;0.00971535;0.00233568;0.0710391;0.997175;-0.0244175;0.914193;0.334639;-0.228622;0.993063;-0.116914;0.0125541;2.99932;-0.022318;0.0295948;0;0;0.0345401;2.11142;0.648689;-0.194258;0;0;-4.58409;2.74673;0.225;-0.67989;0;0;-0.293222;2.98297;-0.28456;-0.0913967;0;0;0.349248;802;800;609;124;124;75;1001;1001;757;1000;1000;637;1;1;1;1;
3;4;0;0;-0.0512037;0;0;-0.0166636;0;0;0.0678379;0;0;-4.51625;0;0;-0.657738;0;0;-0.95096;0;0;-2.07215;0;0;-1.7229;0.999417;0.0341235;0.00133741;0.97188;-0.219645;-0.0848782;0.899667;0.372994;-0.22688;0.739097;0.64663;-0.188692;3.99875;0.0115148;0.0309322;0;0;-0.0166636;3.06299;0.353198;-0.279136;0;0;-4.51625;3.65246;0.583012;-0.90677;0;0;-0.95096;3.74118;0.339556;-0.280089;0;0;-1.7229;770;767;679;113;113;72;1000;1000;791;1000;1000;631;1;1;1;1;
4;5;0;0;-0.0302776;0;0;-0.0469412;0;0;0.395042;0;0;-4.12121;0;0;-0.755601;0;0;-1.70656;0;0;-0.276746;0;0;-1.99965;0.999587;0.0176255;-0.0226797;0.928491;-0.329216;-0.171815;0.8955;0.386278;-0.221063;0.957906;0.0990584;0.269451;4.99835;0.0283214;0.00825256;0;0;-0.0469412;3.96542;-0.041895;-0.450951;0;0;-4.12121;4.55907;0.94245;-1.12783;0;0;-1.70656;4.70196;0.405129;-0.0106376;0;0;-1.99965;802;801;698;127;127;80;1000;1000;786;1000;1000;623;1;1;1;1;
5;6;0;0;0.0275598;0;0;-0.0193813;0;0;-1.62522;0;0;-5.74644;0;0;-0.111553;0;0;-1.81811;0;0;0.0909298;0;0;-1.90872;0.999247;-0.0293893;0.0253195;0.700445;0.713537;0.0155294;-0.895974;-0.38704;0.217785;0.987932;-0.141129;-0.0638243;5.99759;-0.00140588;0.033572;0;0;-0.0193813;4.73379;0.597924;-0.435422;0;0;-5.74644;3.65127;0.584032;-0.910048;0;0;-1.81811;5.68464;0.231174;-0.074462;0;0;-1.90872;757;746;630;122;122;81;1000;1000;813;1000;1000;595;1;1;1;1;
6;7;0;0;-0.0356312;0;0;-0.0550126;0;0;-0.562421;0;0;-6.30886;0;0;-0.463465;0;0;-2.28158;0;0;0.151345;0;0;-1.75737;0.999612;0.0272563;-0.00574263;0.91912;0.380959;-0.100445;0.972933;0.0312048;-0.228969;0.997195;-0.0486782;-0.0568598;6.99722;0.0248906;0.0278294;0;0;-0.0550126;5.6892;0.875576;-0.535867;0;0;-6.30886;4.62467;0.576479;-1.13902;0;0;-2.28158;6.67987;0.151937;-0.131322;0;0;-1.75737;801;795;565;133;133;85;1000;1000;814;1000;1000;655;1;1;1;1;
7;8;0;0;-0.0234841;0;0;-0.0784966;0;0;0.0474419;0;0;-6.26142;0;0;-0.631992;0;0;-2.91357;0;0;1.01639;0;0;-0.740982;0.999984;0.00224566;0.00528088;0.983357;0.119101;-0.137202;0.916944;0.333608;-0.218904;0.845616;-0.489993;-0.211756;7.99721;0.0257663;0.0331103;0;0;-0.0784966;6.67968;0.886717;-0.673069;0;0;-6.26142;5.55739;0.863047;-1.35792;0;0;-2.91357;7.51908;-0.348951;-0.343078;0;0;-0.740982;783;783;631;125;125;79;1000;1000;835;1000;1000;657;1;1;1;1;
8;9;0;0;-0.0331952;0;0;-0.111692;0;0;-0.575119;0;0;-6.83653;0;0;0.508223;0;0;-2.40535;0;0;-0.00682438;0;0;-0.747806;0.999373;0.0275195;-0.0222792;0.90963;0.385412;-0.155019;0.905899;-0.379922;-0.187098;0.998126;-0.0536969;0.0293489;8.99663;0.0513375;0.0108311;0;0;-0.111692;7.62872;1.16111;-0.828087;0;0;-6.83653;6.44654;0.445441;-1.54502;0;0;-2.40535;8.51642;-0.41567;-0.313729;0;0;-0.747806;823;823;678;119;119;71;1000;1000;827;1000;1000;670;1;1;1;1;
9;10;0;0;-0.0136176;0;0;-0.125309;0;0;-0.0565555;0;0;-6.89309;0;0;0.355891;0;0;-2.04946;0;0;0.0992522;0;0;-0.648554;0.999646;0.00852403;-0.0252193;0.979613;0.181333;-0.0864661;0.901717;-0.381137;-0.204062;0.988225;-0.138208;-0.0656517;9.9963;0.0576753;-0.0143882;0;0;-0.125309;8.62302;1.22356;-0.914554;0;0;-6.89309;7.33405;0.0323004;-1.74908;0;0;-2.04946;9.50302;-0.565056;-0.379381;0;0;-0.648554;763;763;648;119;119;74;1000;1000;845;1000;1000;613;1;1;1;1;
10;11;0;0;-0.00328224;0;0;-0.128592;0;0;-2.0683;0;0;-8.96139;0;0;0.643698;0;0;-1.40576;0;0;0.166913;0;0;-0.48164;0.999929;-0.00562114;-0.0104889;0.639117;0.767503;-0.049677;0.898782;-0.383066;-0.213192;0.995912;-0.0629907;-0.0647456;10.9962;0.0498099;-0.0248771;0;0;-0.128592;9.37389;1.88214;-0.964231;0;0;-8.96139;8.22317;-0.3727;-1.96227;0;0;-1.40576;10.4984;-0.636416;-0.444126;0;0;-0.48164;848;842;693;147;147;96;1000;1000;750;1000;1000;694;1;1;1;1;
11;12;0;0;0.0450594;0;0;-0.0835322;0;0;-0.0908025;0;0;-9.05219;0;0;-0.457125;0;0;-1.86288;0;0;0.0337344;0;0;-0.447906;0.999259;-0.0382035;0.00473845;0.984927;0.152489;-0.0816395;0.894225;0.390717;-0.218407;0.996988;-0.0478201;0.0610628;11.9954;0.0101497;-0.0201386;0;0;-0.0835322;10.3705;1.87777;-1.04587;0;0;-9.05219;9.12962;-0.0112589;-2.18068;0;0;-1.86288;11.4949;-0.692028;-0.383064;0;0;-0.447906;800;800;673;130;130;86;1000;1000;739;1000;1000;626;1;1;1;1;
12;13;0;0;-0.0224575;0;0;-0.10599;0;0;0.933226;0;0;-8.11897;0;0;0.686323;0;0;-1.17656;0;0;-0.0763614;0;0;-0.524267;0.999513;0.0301055;-0.00826112;0.872281;-0.474995;-0.116211;0.88873;-0.40498;-0.214828;0.997356;0.072614;-0.00279352;12.995;0.0384061;-0.0283997;0;0;-0.10599;11.167;1.28434;-1.16208;0;0;-8.11897;10.0098;-0.434402;-2.39551;0;0;-1.17656;12.4929;-0.628543;-0.385857;0;0;-0.524267;865;863;720;141;141;85;1000;1000;770;1000;1000;661;1;1;1;1;
13;14;0;0;-0.0222782;0;0;-0.128268;0;0;-1.5565;0;0;-9.67547;0;0;-0.652403;0;0;-1.82896;0;0;0.0618719;0;0;-0.462395;0.999963;0.00621434;-0.006018;0.70929;0.689582;-0.146234;0.884786;0.410582;-0.220402;0.997545;-0.0620463;-0.03248;13.995;0.0423818;-0.0344177;0;0;-0.128268;11.9821;1.84491;-1.30831;0;0;-9.67547;10.9073;-0.0522681;-2.61591;0;0;-1.82896;13.4899;-0.698638;-0.418337;0;0;-0.462395;883;880;747;135;135;93;1000;1000;764;1000;1000;631;1;1;1;1;
14;15;0;0;-0.0179267;0;0;-0.146195;0;0;-0.207549;0;0;-9.88302;0;0;0.168656;0;0;-1.66031;0;0;-0.0456336;0;0;-0.508029;0.999875;0.000416328;0.0158029;0.971591;0.227824;-0.0640835;0.91658;-0.330101;-0.22564;0.998977;0.0319877;0.0319566;14.9948;0.0402469;-0.0186148;0;0;-0.146195;12.9784;1.90259;-1.3724;0;0;-9.88302;11.8139;-0.408787;-2.84155;0;0;-1.66031;14.4892;-0.675509;-0.38638;0;0;-0.508029;917;916;773;135;135;87;1001;1001;735;1000;1000;667;1;1;1;1;
15;16;0;0;-0.0504054;0;0;-0.1966;0;0;-0.0919409;0;0;-9.97496;0;0;-0.172437;0;0;-1.83274;0;0;0.14045;0;0;-0.367579;0.999262;0.0357932;0.013922;0.99024;0.132588;-0.0429566;0.918472;0.32559;-0.2245;0.993525;-0.113611;0.000339787;15.9942;0.0726112;-0.00469282;0;0;-0.1966;13.9766;1.86165;-1.41536;0;0;-9.97496;12.7423;-0.112738;-3.06605;0;0;-1.83274;15.4819;-0.795492;-0.386041;0;0;-0.367579;883;879;698;134;134;85;1001;1001;766;1000;1000;640;1;1;1;1;
16;17;0;0;0.00660851;0;0;-0.189992;0;0;-0.145711;0;0;-10.1207;0;0;-0.854029;0;0;-2.68677;0;0;1.44119;0;0;1.07361;0.999804;-0.0144069;0.0135739;0.986277;0.153268;-0.0613757;0.903177;0.380344;-0.199022;0.779124;-0.619691;-0.0946004;16.994;0.054889;0.0088811;0;0;-0.189992;14.9745;1.83922;-1.47673;0;0;-10.1207;13.6623;0.224851;-3.26507;0;0;-2.68677;16.2725;-1.40048;-0.480641;0;0;1.07361;947;938;788;130;130;79;1000;1000;805;1000;1000;671;1;1;1;1;
17;18;0;0;-0.00707708;0;0;-0.197069;0;0;0.159701;0;0;-9.96097;0;0;-0.82391;0;0;-3.51068;0;0;0.147738;0;0;1.22135;0.999972;-0.00187086;0.00723157;0.997313;-0.0207896;-0.070242;0.880023;0.423194;-0.215561;0.998147;-0.049636;-0.0352079;17.9939;0.0495788;0.0161127;0;0;-0.197069;15.9532;1.64623;-1.54697;0;0;-9.96097;14.5666;0.593363;-3.48063;0;0;-3.51068;17.2715;-1.42882;-0.515849;0;0;1.22135;880;865;716;126;126;88;1000;1000;791;1000;1000;644;1;1;1;1;
18;19;0;0;0.031929;0;0;-0.16514;0;0;0.228158;0;0;-9.73281;0;0;-0.595677;0;0;-4.10636;0;0;-0.267768;0;0;0.95358;0.999903;-0.0138878;0.00138135;0.996905;0.0261244;-0.0741519;0.924863;0.307671;-0.223534;0.991278;0.129588;0.0239698;18.9938;0.0328091;0.017494;0;0;-0.16514;16.9401;1.50345;-1.62112;0;0;-9.73281;15.5112;0.834016;-3.70417;0;0;-4.10636;18.2605;-1.28276;-0.491879;0;0;0.95358;914;914;813;143;143;92;1000;1000;717;1000;1000;656;1;1;1;1;
19;20;0;0;0.0326641;0;0;-0.132475;0;0;-0.138919;0;0;-9.87173;0;0;-1.07202;0;0;-5.17838;0;0;-0.312955;0;0;0.640625;0.999697;-0.0245612;-0.00154998;0.979826;0.182713;-0.0809778;0.859396;0.463194;-0.216542;0.976815;0.170523;0.129436;19.9934;0.00593654;0.0159441;0;0;-0.132475;17.9368;1.51547;-1.7021;0;0;-9.87173;16.4088;1.21775;-3.92071;0;0;-5.17838;19.2353;-1.10132;-0.362443;0;0;0.640625;863;863;770;149;149;99;1000;1000;731;1000;1000;617;1;1;1;1;
20;21;0;0;-0.0878956;0;0;-0.220371;0;0;-0.100464;0;0;-9.97219;0;0;0.574325;0;0;-4.60406;0;0;-0.0267852;0;0;0.61384;0.998838;0.0445011;0.0184887;0.996085;0.0818333;-0.0334398;0.900739;-0.376898;-0.215909;0.997676;0.0674983;0.0093504;20.9924;0.0465956;0.0344327;0;0;-0.220371;18.932;1.42358;-1.73554;0;0;-9.97219;17.2764;0.76977;-4.13662;0;0;-4.60406;20.2322;-1.02314;-0.353093;0;0;0.61384;868;862;797;148;148;83;1000;1000;816;1000;1000;672;1;1;1;1;
21;22;0;0;-0.0404783;0;0;-0.260849;0;0;0.100367;0;0;-9.87183;0;0;0.476229;0;0;-4.12783;0;0;0.0313274;0;0;0.645167;0.999621;0.0198663;0.0190609;0.991573;-0.0987902;-0.0838045;0.936297;-0.279673;-0.21244;0.997433;-0.0247794;-0.0671821;21.9921;0.0619108;0.0534937;0;0;-0.260849;19.8919;1.15625;-1.81935;0;0;-9.87183;18.1902;0.423426;-4.34906;0;0;-4.12783;21.2299;-1.03669;-0.420275;0;0;0.645167;848;841;767;152;152;99;1000;1000;785;1000;1000;666;1;1;1;1;
22;23;0;0;0.0278566;0;0;-0.232993;0;0;-1.79857;0;0;-11.6704;0;0;-0.835044;0;0;-4.96287;0;0;0.0901541;0;0;0.735321;0.999781;-0.0146737;0.0149215;0.710068;0.689965;-0.140541;0.885246;0.419269;-0.201378;0.997679;-0.0647465;-0.0210743;22.9918;0.0431715;0.0684151;0;0;-0.232993;20.7269;1.68832;-1.95989;0;0;-11.6704;19.1084;0.76454;-4.55044;0;0;-4.96287;22.2283;-1.08863;-0.441349;0;0;0.735321;867;859;739;148;148;95;1000;1000;746;1000;1000;708;1;1;1;1;
23;24;0;0;-0.00456838;0;0;-0.237561;0;0;-1.27564;0;0;-12.946;0;0;-0.369927;0;0;-5.3328;0;0;0.0818188;0;0;0.81714;0.999962;-0.00455613;0.00741964;0.605577;0.789407;-0.100562;0.96028;0.196074;-0.198537;0.99675;-0.0448752;0.0668938;23.9918;0.0344694;0.0758348;0;0;-0.237561;21.4939;2.32199;-2.06045;0;0;-12.946;20.0827;0.870516;-4.74898;0;0;-5.3328;23.2256;-1.11928;-0.374455;0;0;0.81714;788;787;695;147;147;95;1000;1000;648;1000;1000;678;1;1;1;1;
24;25;0;0;0.0596384;0;0;-0.177923;0;0;-0.0370035;0;0;-12.983;0;0;-0.177779;0;0;-5.51058;0;0;-0.466386;0;0;0.350754;0.999506;-0.0306855;0.00682656;0.991505;0.0979994;-0.0855224;0.9713;-0.0274239;-0.236271;0.962663;0.250666;0.102207;24.9912;0.000680242;0.0826613;0;0;-0.177923;22.4821;2.19473;-2.14597;0;0;-12.983;21.0469;0.749945;-4.98525;0;0;-5.51058;24.1867;-0.862727;-0.272248;0;0;0.350754;843;843;755;173;173;107;1000;1000;736;1000;1000;702;1;1;1;1;
25;26;0;0;0.0225924;0;0;-0.15533;0;0;1.03586;0;0;-11.9472;0;0;-0.17991;0;0;-5.69049;0;0;0.0055591;0;0;0.356313;0.999952;-0.00859873;-0.00475707;0.833253;-0.535265;-0.13849;0.967944;0.090882;-0.234145;0.999416;0.0341671;0.000300204;25.9911;-0.0106293;0.0779043;0;0;-0.15533;23.1865;1.49857;-2.28446;0;0;-11.9472;22.0191;0.744404;-5.21939;0;0;-5.69049;25.1859;-0.822345;-0.271948;0;0;0.356313;836;836;740;188;188;113;1000;1000;704;1000;1000;683;1;1;1;1;
26;27;0;0;0.0364637;0;0;-0.118867;0;0;1.2955;0;0;-10.6517;0;0;-0.317699;0;0;-6.00819;0;0;0.0539854;0;0;0.410298;0.999644;-0.0201167;0.017527;0.761074;-0.624791;-0.174363;0.961058;0.135799;-0.240678;0.998274;-0.0286469;-0.0512591;26.9907;-0.0328198;0.0954313;0;0;-0.118867;23.819;0.743867;-2.45883;0;0;-10.6517;22.9891;0.778862;-5.46007;0;0;-6.00819;26.1844;-0.843843;-0.323207;0;0;0.410298;812;811;723;237;237;160;1000;1000;665;1000;1000;653;1;1;1;1;
27;28;0;0;-0.00586767;0;0;-0.124734;0;0;-1.01353;0;0;-11.6652;0;0;-0.388804;0;0;-6.39699;0;0;0.11561;0;0;0.525909;0.999997;0.00223632;-0.00129792;0.81129;0.553113;-0.189406;0.96557;0.0888755;-0.244493;0.998112;-0.0563018;-0.024558;27.9907;-0.0327605;0.0941333;0;0;-0.124734;24.7253;1.12152;-2.64823;0;0;-11.6652;23.9585;0.759603;-5.70456;0;0;-6.39699;27.1829;-0.890981;-0.347765;0;0;0.525909;760;757;665;205;205;139;1000;1000;717;1000;1000;607;1;1;1;1;
28;29;0;0;0.00172217;0;0;-0.123012;0;0;-4.10071;0;0;-15.7659;0;0;-0.271545;0;0;-6.66854;0;0;0.00164114;0;0;0.52755;0.99999;0.00343206;0.00303564;0.466896;0.883722;0.0323028;0.945636;0.233309;-0.22658;0.995897;0.00997874;-0.0899456;28.9907;-0.0314754;0.097169;0;0;-0.123012;25.4148;1.84514;-2.61593;0;0;-15.7659;24.9249;0.881522;-5.93114;0;0;-6.66854;28.1787;-0.871833;-0.43771;0;0;0.52755;791;786;693;225;225;142;1000;1000;814;1000;1000;628;1;1;1;1;
29;30;0;0;0.0414017;0;0;-0.0816104;0;0;-6.08804;0;0;-21.854;0;0;-0.107623;0;0;-6.77616;0;0;0.206434;0;0;0.733983;0.999785;-0.0164152;-0.0126466;0.249992;0.967473;-0.0387238;0.969385;-0.00685392;-0.24545;0.97069;-0.0957984;0.220419;29.9904;-0.0493147;0.0845224;0;0;-0.0816104;26.0069;2.65002;-2.65465;0;0;-21.854;25.8867;0.760338;-6.17659;0;0;-6.77616;29.1505;-0.955189;-0.217292;0;0;0.733983;802;790;710;233;233;157;1000;1000;744;1000;1000;624;1;1;1;1;
30;31;0;0;-0.0159343;0;0;-0.0975448;0;0;-0.0284272;0;0;-21.8824;0;0;-0.72778;0;0;-7.50394;0;0;0.197981;0;0;0.931965;0.999978;0.00104079;-0.00654359;-0.938651;-0.262823;0.22329;0.946284;0.226873;-0.230381;0.993988;-0.0984966;-0.0478096;30.9904;-0.0499763;0.0779788;0;0;-0.0975448;25.038;2.75598;-2.43136;0;0;-21.8824;26.8545;0.861688;-6.40697;0;0;-7.50394;30.146;-1.03751;-0.265101;0;0;0.931965;770;770;660;206;206;139;1000;1000;793;1000;1000;638;1;1;1;1;
31;32;0;0;-0.027298;0;0;-0.124843;0;0;-3.05704;0;0;-24.9394;0;0;0.286822;0;0;-7.21712;0;0;0.176504;0;0;1.10847;0.999848;0.0119837;-0.012652;0.252063;0.96757;-0.0164915;0.967424;0.0784529;-0.240698;0.958828;-0.185043;-0.215427;31.9903;-0.0401712;0.0653268;0;0;-0.124843;25.6745;3.52704;-2.44785;0;0;-24.9394;27.8241;0.817982;-6.64767;0;0;-7.21712;31.1082;-1.20396;-0.480528;0;0;1.10847;742;742;666;209;209;137;1000;1000;773;1000;1000;635;1;1;1;1;
32;33;0;0;0.00537849;0;0;-0.119464;0;0;-0.636045;0;0;-25.5755;0;0;-0.717407;0;0;-7.93453;0;0;-0.169519;0;0;0.93895;0.999706;-0.00735706;-0.0231246;0.894333;0.40274;-0.194855;0.934726;0.268234;-0.233104;0.98654;0.0900383;-0.136501;32.99;-0.0496127;0.0422022;0;0;-0.119464;26.6551;3.50423;-2.64271;0;0;-25.5755;28.7869;0.954617;-6.88078;0;0;-7.93453;32.0932;-1.09777;-0.617029;0;0;0.93895;815;815;651;217;217;137;1000;1000;772;1000;1000;632;1;1;1;1;
33;34;0;0;0.0520935;0;0;-0.0673707;0;0;-0.973559;0;0;-26.549;0;0;-1.63735;0;0;-9.57188;0;0;0.0920232;0;0;1.03097;0.999639;-0.0263214;-0.00545578;0.754385;0.640091;-0.145556;0.91697;0.325647;-0.230476;0.999402;-0.017449;-0.0298494;33.9896;-0.0771096;0.0367465;0;0;-0.0673707;27.616;3.73965;-2.78827;0;0;-26.549;29.7452;1.12325;-7.11125;0;0;-9.57188;33.0927;-1.09724;-0.646879;0;0;1.03097;774;773;613;188;188;124;1000;1000;826;1000;1000;599;1;1;1;1;
34;35;0;0;0.0339203;0;0;-0.0334504;0;0;0.501702;0;0;-26.0473;0;0;-0.261867;0;0;-9.83374;0;0;0.239725;0;0;1.2707;0.999693;-0.0246345;0.00248221;0.930053;-0.337488;-0.145272;0.946273;0.230022;-0.227282;0.984403;-0.145405;-0.0990386;34.9893;-0.102328;0.0392287;0;0;-0.0334504;28.3034;3.02804;-2.93354;0;0;-26.0473;30.7169;1.18828;-7.33854;0;0;-9.83374;34.0801;-1.22078;-0.745917;0;0;1.2707;843;839;727;200;200;130;1000;1000;776;1000;1000;634;1;1;1;1;
35;36;0;0;-0.0168663;0;0;-0.0503166;0;0;-1.32277;0;0;-27.3701;0;0;-0.116455;0;0;-9.9502;0;0;-4.37711;0;0;-3.10641;0.999988;0.00481034;0;0.783463;0.595036;-0.179215;0.932711;0.278132;-0.229549;0.547132;0.818147;-0.176868;35.9893;-0.0983955;0.0391802;0;0;-0.0503166;29.2727;3.19628;-3.11275;0;0;-27.3701;31.6836;1.30106;-7.56808;0;0;-9.9502;34.6708;-0.43348;-0.922785;0;0;-3.10641;705;705;595;184;184;123;1000;1000;779;1000;1000;666;1;1;1;1;
36;37;0;0;-0.0154883;0;0;-0.065805;0;0;-0.327589;0;0;-27.6977;0;0;1.06503;0;0;-8.88517;0;0;-0.104351;0;0;-3.21076;0.999888;0.013574;0.00637228;0.99436;0.087692;-0.0596537;0.635727;-0.75757;-0.148117;0.999593;0.0168726;-0.0230156;36.9892;-0.0859699;0.0455525;0;0;-0.065805;30.1939;2.81174;-3.17241;0;0;-27.6977;32.1947;0.454394;-7.7162;0;0;-8.88517;35.6697;-0.47262;-0.945801;0;0;-3.21076;793;790;679;197;197;118;1000;1000;751;1000;1000;642;1;1;1;1;
37;38;0;0;-0.00482307;0;0;-0.0706281;0;0;-1.67131;0;0;-29.369;0;0;-0.887657;0;0;-9.77283;0;0;0.102273;0;0;-3.10849;0.99997;-0.00593326;0.00489124;0.658623;0.75228;-0.0170553;0.877948;0.418437;-0.232634;0.99853;-0.0397969;-0.0367902;37.9891;-0.0931358;0.0504437;0;0;-0.0706281;31.1368;3.14432;-3.18946;0;0;-29.369;33.131;0.717733;-7.94884;0;0;-9.77283;36.6646;-0.566505;-0.982591;0;0;-3.10849;721;721;623;196;196;128;1000;1000;748;1000;1000;585;1;1;1;1;
38;39;0;0;-0.0125897;0;0;-0.0832178;0;0;0.0155048;0;0;-29.3535;0;0;0.313882;0;0;-9.45895;0;0;-0.334185;0;0;-3.44267;0.999932;-0.00134082;0.0115838;0.998196;-0.0412717;-0.0436142;0.948714;-0.213344;-0.233295;0.982975;0.166516;-0.0776732;38.9891;-0.0959289;0.0620276;0;0;-0.0832178;31.9866;2.61904;-3.23308;0;0;-29.3535;34.0317;0.351378;-8.18213;0;0;-9.45895;37.6558;-0.459318;-1.06026;0;0;-3.44267;842;840;749;185;185;113;1000;1000;724;1000;1000;665;1;1;1;1;
39;40;0;0;0.0158244;0;0;-0.0673934;0;0;0.745763;0;0;-28.6077;0;0;0.158715;0;0;-9.30023;0;0;0.111761;0;0;-3.33091;0.999919;-0.00704738;-0.0106009;0.907939;-0.402583;-0.116508;0.926845;-0.297739;-0.228715;0.998235;-0.0454416;-0.0382274;39.989;-0.104152;0.0514267;0;0;-0.0673934;32.591;1.83087;-3.34958;0;0;-28.6077;34.8983;-0.0922325;-8.41085;0;0;-9.30023;38.6497;-0.562682;-1.09849;0;0;-3.33091;762;761;635;193;193;125;1000;1000;663;1000;1000;612;1;1;1;1;
40;41;0;0;0.00526238;0;0;-0.062131;0;0;0.129317;0;0;-28.4784;0;0;-0.350415;0;0;-9.65065;0;0;0.233714;0;0;-3.0972;0.999984;-0.00326752;0.00458986;0.98664;-0.149724;-0.0642216;0.907516;0.355663;-0.223427;0.992819;-0.000869915;-0.119624;40.9889;-0.108504;0.0560166;0;0;-0.062131;33.3868;1.22881;-3.4138;0;0;-28.4784;35.8526;0.106261;-8.63427;0;0;-9.65065;39.6411;-0.617193;-1.21812;0;0;-3.0972;782;782;674;195;195;114;1000;1000;744;1000;1000;637;1;1;1;1;
41;42;0;0;0.0677167;0;0;0.00558576;0;0;0.0419428;0;0;-28.4365;0;0;-0.2781;0;0;-9.92875;0;0;-1.26862;0;0;-4.36581;0.999303;-0.037259;-0.00245912;0.990239;-0.0800837;-0.11408;0.942916;0.241396;-0.229428;0.779028;0.591363;-0.208339;41.9883;-0.145666;0.0535574;0;0;0.00558576;34.2195;0.68685;-3.52788;0;0;-28.4365;36.823;0.181461;-8.8637;0;0;-9.92875;40.4628;-0.0868491;-1.42645;0;0;-4.36581;655;651;553;193;193;118;1000;1000;777;1000;1000;628;1;1;1;1;
42;43;0;0;-0.0146685;0;0;-0.00908278;0;0;0.0380702;0;0;-28.3984;0;0;0.406193;0;0;-9.52255;0;0;-0.485319;0;0;-4.85113;0.999944;0.00077834;-0.0105861;0.99969;-0.0161758;0.0189246;0.942214;-0.27362;-0.193299;0.963239;0.24548;-0.109137;42.9882;-0.145046;0.0429714;0;0;-0.00908278;35.0912;0.197169;-3.50896;0;0;-28.3984;37.7069;-0.244265;-9.057;0;0;-9.52255;41.4434;0.0762936;-1.53559;0;0;-4.85113;735;716;650;203;203;133;1002;1002;728;1000;1000;664;1;1;1;1;
43;44;0;0;-0.0342312;0;0;-0.043314;0;0;2.78249;0;0;-25.6159;0;0;0.474631;0;0;-9.04792;0;0;-0.0158854;0;0;-4.86702;0.999913;0.0126874;0.00354954;0.504651;-0.852224;-0.137992;0.886747;-0.404223;-0.224242;0.997969;0.0491633;0.0405014;43.9881;-0.133115;0.0465209;0;0;-0.043314;35.1778;-0.789471;-3.64695;0;0;-25.6159;38.5191;-0.782908;-9.28124;0;0;-9.04792;42.4419;0.0406086;-1.49509;0;0;-4.86702;648;645;593;205;205;150;1000;1000;720;1000;1000;621;1;1;1;1;
44;45;0;0;-0.0593143;0;0;-0.102628;0;0;0.172875;0;0;-25.443;0;0;0.404583;0;0;-8.64334;0;0;-1.74373;0;0;-6.61074;0.9993;0.0298169;-0.022576;0.991948;-0.115318;-0.0523458;0.947302;-0.246325;-0.204801;0.640488;0.692451;-0.332095;44.9875;-0.105088;0.0239449;0;0;-0.102628;36.024;-1.31976;-3.6993;0;0;-25.443;39.4186;-1.1688;-9.48604;0;0;-8.64334;43.1579;0.65472;-1.82718;0;0;-6.61074;582;577;512;231;231;157;1000;1000;681;1000;1000;686;1;1;1;1;
45;46;0;0;0.00863674;0;0;-0.0939915;0;0;0.311152;0;0;-25.1319;0;0;0.410764;0;0;-8.23258;0;0;-0.244637;0;0;-6.85538;0.999977;-0.00677844;0.000960568;0.990577;-0.12443;-0.057226;0.950354;-0.237593;-0.200939;0.980997;0.165915;-0.100586;45.9874;-0.113507;0.0249054;0;0;-0.0939915;36.8679;-1.85311;-3.75652;0;0;-25.1319;40.3251;-1.54003;-9.68698;0;0;-8.23258;44.1517;0.702354;-1.92777;0;0;-6.85538;523;522;493;232;232;146;1001;1001;734;1000;1000;662;1;1;1;1;
46;47;0;0;0.0305636;0;0;-0.063428;0;0;-0.0911593;0;0;-25.223;0;0;0.45294;0;0;-7.77964;0;0;0.232874;0;0;-6.62251;0.999866;-0.0161917;-0.00258244;0.996223;0.0550978;-0.0671135;0.9354;-0.283404;-0.211447;0.98866;-0.141996;0.0488822;46.9873;-0.130805;0.022323;0;0;-0.063428;37.7926;-2.2278;-3.82364;0;0;-25.223;41.2136;-1.94744;-9.89843;0;0;-7.77964;45.1174;0.447286;-1.87889;0;0;-6.62251;628;628;590;231;231;154;1000;1000;676;1000;1000;650;1;1;1;1;
47;48;0;0;0.0303389;0;0;-0.033089;0;0;-2.08523;0;0;-27.3083;0;0;0.532501;0;0;-7.24713;0;0;-2.53245;0;0;-9.15496;0.999079;-0.0240573;-0.0355211;0.671017;0.740722;-0.0326536;0.932645;-0.281335;-0.225883;0.452182;0.880982;-0.139292;47.9863;-0.155439;-0.0131981;0;0;-0.033089;38.7287;-1.87748;-3.85629;0;0;-27.3083;42.1033;-2.34418;-10.1243;0;0;-7.24713;45.704;1.2451;-2.01818;0;0;-9.15496;589;589;535;234;234;157;1000;1000;717;1000;1000;652;1;1;1;1;
48;49;0;0;-0.0110737;0;0;-0.0441627;0;0;-0.694788;0;0;-28.0031;0;0;0.433542;0;0;-6.81359;0;0;0.298841;0;0;-8.85612;0.999936;0.00282786;-0.0109735;0.921099;0.384492;-0.0611662;0.929667;-0.288873;-0.228631;0.982841;-0.159883;-0.0919876;48.9863;-0.153382;-0.0241716;0;0;-0.0441627;39.7225;-1.97047;-3.91746;0;0;-28.0031;42.9921;-2.74131;-10.3529;0;0;-6.81359;46.6505;0.935812;-2.11017;0;0;-8.85612;629;629;560;248;248;172;1000;1000;696;1000;1000;685;1;1;1;1;
49;50;0;0;0.0312535;0;0;-0.0129092;0;0;-0.268606;0;0;-28.2717;0;0;0.499619;0;0;-6.31397;0;0;0.533274;0;0;-8.32284;0.999666;-0.0257163;0.00254574;0.975178;0.221376;0.00441309;0.935292;-0.267174;-0.232051;0.930147;-0.289331;-0.226085;49.9859;-0.179324;-0.0216258;0;0;-0.0129092;40.6862;-2.2374;-3.91304;0;0;-28.2717;43.8923;-3.10972;-10.585;0;0;-6.31397;47.5289;0.514889;-2.33625;0;0;-8.32284;560;549;472;215;215;132;1000;1000;725;923;923;632;1;1;1;1;
50;51;0;0;-0.00159845;0;0;-0.0145077;0;0;-0.12025;0;0;-28.3919;0;0;0.408797;0;0;-5.90518;0;0;0.179321;0;0;-8.14352;0.999963;0.00111791;-0.00850041;0.996657;0.0208517;-0.0789958;0.938764;-0.264748;-0.220521;0.989223;-0.127648;0.0717257;50.9859;-0.178459;-0.0301262;0;0;-0.0145077;41.5729;-2.69297;-3.99204;0;0;-28.3919;44.7989;-3.46965;-10.8055;0;0;-5.90518;48.4901;0.248402;-2.26453;0;0;-8.14352;666;663;569;224;224;140;1000;1000;741;1000;1000;684;1;1;1;1;
51;52;0;0;-0.0162551;0;0;-0.0307627;0;0;0.490767;0;0;-27.9012;0;0;0.38817;0;0;-5.51701;0;0;-0.0778544;0;0;-8.22138;0.999538;0.00354059;-0.0301889;0.95328;-0.296554;-0.0575636;0.933325;-0.276872;-0.228575;0.982036;0.0179416;0.187837;51.9854;-0.175455;-0.0603152;0;0;-0.0307627;42.2766;-3.40113;-4.0496;0;0;-27.9012;45.7013;-3.83497;-11.0341;0;0;-5.51701;49.4646;0.12573;-2.07669;0;0;-8.22138;628;624;547;187;187;115;1000;1000;737;1000;1000;647;1;1;1;1;
52;53;0;0;-0.00744971;0;0;-0.0382124;0;0;0.408936;0;0;-27.4922;0;0;0.62033;0;0;-4.89668;0;0;-0.219758;0;0;-8.44113;0.999634;0.00527689;0.0265166;0.958954;-0.273054;-0.0764792;0.918078;-0.333769;-0.213848;0.984313;0.171293;0.0422736;52.9851;-0.170845;-0.0337986;0;0;-0.0382124;43.0012;-4.08603;-4.12608;0;0;-27.4922;46.5875;-4.24588;-11.2479;0;0;-4.89668;50.4634;0.150676;-2.03442;0;0;-8.44113;682;674;598;163;163;107;1000;1000;728;1000;1000;648;1;1;1;1;
53;54;0;0;0.137786;0;0;0.0995737;0;0;6.62268;0;0;-20.8695;0;0;0.410152;0;0;-4.48652;0;0;0.399961;0;0;-8.04117;0.996903;-0.0740059;-0.0265889;0.378929;-0.914786;-0.139923;0.938826;-0.258807;-0.227212;0.975096;-0.21087;-0.0687164;53.9821;-0.243118;-0.0603875;0;0;0.0995737;43.0294;-5.0758;-4.26601;0;0;-20.8695;47.5032;-4.57734;-11.4751;0;0;-4.48652;51.3994;-0.194521;-2.10313;0;0;-8.04117;620;620;501;181;181;125;1000;1000;770;1000;1000;658;1;1;1;1;
54;55;0;0;-0.0934514;0;0;0.00612227;0;0;0.441334;0;0;-20.4282;0;0;0.766724;0;0;-3.7198;0;0;0.124437;0;0;-7.91674;0.997791;0.0612902;0.0256317;0.900842;-0.370459;-0.226373;0.924853;-0.306793;-0.224778;0.999688;-0.0237857;0.00763218;54.9799;-0.181721;-0.0347558;0;0;0.00612227;43.7442;-5.73738;-4.49238;0;0;-20.4282;48.4062;-4.94349;-11.6999;0;0;-3.7198;52.3863;-0.355771;-2.0955;0;0;-7.91674;671;657;567;189;189;127;1000;1000;740;1000;1000;686;1;1;1;1;
55;56;0;0;-0.00884487;0;0;-0.00272261;0;0;-0.557192;0;0;-20.9854;0;0;0.627831;0;0;-3.09197;0;0;0.378161;0;0;-7.53858;0.999981;0.005991;0.00136628;0.901683;0.377678;0.210539;0.944561;-0.237472;-0.22674;0.974369;-0.169406;-0.148006;55.9799;-0.175778;-0.0333896;0;0;-0.00272261;44.7214;-5.70767;-4.28184;0;0;-20.9854;49.3366;-5.23156;-11.9267;0;0;-3.09197;53.33;-0.651544;-2.24351;0;0;-7.53858;550;547;474;163;163;100;1000;1000;774;1000;1000;673;1;1;1;1;
56;57;0;0;-0.0255642;0;0;-0.0282868;0;0;-0.0791024;0;0;-21.0645;0;0;0.431764;0;0;-2.6602;0;0;0.210222;0;0;-7.32835;0.999839;0.0100558;-0.0148507;0.987568;0.146463;-0.0570882;0.939977;-0.255623;-0.226053;0.987768;-0.104278;-0.115935;56.9797;-0.166216;-0.0482403;0;0;-0.0282868;45.6956;-5.92595;-4.33893;0;0;-21.0645;50.2637;-5.53054;-12.1527;0;0;-2.6602;54.2964;-0.880966;-2.35944;0;0;-7.32835;724;711;645;165;165;97;1000;1000;804;1000;1000;656;1;1;1;1;
57;58;0;0;0.0166585;0;0;-0.0116283;0;0;-0.146573;0;0;-21.2111;0;0;0.159505;0;0;-2.5007;0;0;-0.0524769;0;0;-7.38083;0.999685;0.00468213;0.0246648;0.991096;0.122;-0.0533393;0.953517;-0.1854;-0.237554;0.995881;0.0522602;-0.0740962;57.9794;-0.161737;-0.0235755;0;0;-0.0116283;46.6637;-6.1708;-4.39227;0;0;-21.2111;51.2082;-5.75736;-12.3903;0;0;-2.5007;55.2908;-0.957073;-2.43354;0;0;-7.38083;603;573;505;142;142;92;1000;1000;788;1000;1000;616;1;1;1;1;
58;59;0;0;-0.0262884;0;0;-0.0379167;0;0;0.133055;0;0;-21.078;0;0;0.136927;0;0;-2.36377;0;0;-2.01734;0;0;-9.39817;0.999871;0.0132208;0.00909741;0.992708;-0.0954684;-0.0736002;0.946597;-0.236061;-0.219614;0.6036;0.785282;-0.137839;58.9793;-0.149177;-0.0144781;0;0;-0.0379167;47.5556;-6.61689;-4.46587;0;0;-21.078;52.1443;-6.03226;-12.6099;0;0;-2.36377;56.0145;-0.280897;-2.57138;0;0;-9.39817;639;628;583;143;143;86;1000;1000;799;1000;1000;694;1;1;1;1;
59;60;0;0;-0.0540961;0;0;-0.0920128;0;0;-0.398737;0;0;-21.4767;0;0;-1.43413;0;0;-3.79791;0;0;0.17654;0;0;-9.22163;0.999179;0.0328477;0.0237254;0.936826;0.344051;-0.0631348;-0.972221;-0.0154171;0.233557;0.994782;-0.0934288;-0.0409859;59.9785;-0.117934;0.00924732;0;0;-0.0920128;48.5534;-6.63972;-4.529;0;0;-21.4767;51.1732;-5.98325;-12.3763;0;0;-3.79791;56.9814;-0.532536;-2.61236;0;0;-9.22163;444;443;423;154;154;99;1001;1001;792;836;836;534;1;1;1;1;
60;61;0;0;-0.0103957;0;0;-0.102408;0;0;-0.147686;0;0;-21.6244;0;0;0.25037;0;0;-3.54754;0;0;0.259703;0;0;-8.96193;0.999885;0.0130716;-0.00762404;0.988166;0.147301;-0.0427802;0.937205;-0.269778;-0.221057;0.991862;-0.115111;-0.0544034;60.9784;-0.10665;0.00162328;0;0;-0.102408;49.5263;-6.86695;-4.57178;0;0;-21.6244;52.0919;-6.3105;-12.5974;0;0;-3.54754;57.9433;-0.800752;-2.66677;0;0;-8.96193;626;626;569;152;152;103;1000;1000;790;1000;1000;656;1;1;1;1;
61;62;0;0;0.0293879;0;0;-0.0730205;0;0;-0.730566;0;0;-22.355;0;0;0.342558;0;0;-3.20498;0;0;-0.56608;0;0;-9.52801;0.999992;0;0.00389364;0.896194;0.429538;-0.111059;0.934101;-0.271362;-0.231986;0.904009;0.368623;-0.216529;61.9784;-0.107879;0.00551692;0;0;-0.0730205;50.5185;-6.81056;-4.68284;0;0;-22.355;53.0093;-6.63366;-12.8294;0;0;-3.20498;58.8958;-0.586854;-2.8833;0;0;-9.52801;561;547;449;159;159;94;1000;1000;801;1000;1000;624;1;1;1;1;
62;63;0;0;0.0101329;0;0;-0.0628876;0;0;-1.27204;0;0;-23.627;0;0;0.638416;0;0;-2.56656;0;0;0.358179;0;0;-9.16983;0.999898;-0.0140867;0.00235455;0.781436;0.619141;-0.0775995;0.896531;-0.381282;-0.225512;0.975741;-0.184716;-0.117516;62.9783;-0.123063;0.00787147;0;0;-0.0628876;51.4826;-6.5565;-4.76044;0;0;-23.627;53.8879;-7.05471;-13.0549;0;0;-2.56656;59.8297;-0.924705;-3.00081;0;0;-9.16983;670;669;603;156;156;96;1000;1000;788;1000;1000;611;1;1;1;1;
63;64;0;0;0.0543936;0;0;-0.00849403;0;0;-0.30815;0;0;-23.9352;0;0;0.334133;0;0;-2.23243;0;0;0.142914;0;0;-9.02691;0.999927;-0.00895367;-0.00805772;0.94975;0.30608;-0.0655029;0.90901;-0.348185;-0.22906;0.992155;-0.0170556;-0.123841;63.9782;-0.132165;-0.00018625;0;0;-0.00849403;52.4748;-6.66206;-4.82594;0;0;-23.9352;54.7827;-7.43804;-13.2839;0;0;-2.23243;60.8068;-1.09722;-3.12465;0;0;-9.02691;723;719;654;109;109;62;1000;1000;749;1000;1000;614;1;1;1;1;
64;65;0;0;-0.0263813;0;0;-0.0348754;0;0;-0.289618;0;0;-24.2248;0;0;1.26268;0;0;-0.969748;0;0;0.904596;0;0;-8.12232;0.999857;0.0162198;-0.00470067;0.954475;0.286556;-0.0828407;-0.930821;-0.28795;0.225072;0.860632;-0.451526;-0.235451;64.9781;-0.116554;-0.00488692;0;0;-0.0348754;53.4628;-6.79237;-4.90878;0;0;-24.2248;53.8471;-7.71019;-13.0589;0;0;-0.969748;61.595;-1.66581;-3.3601;0;0;-8.12232;901;899;810;116;116;73;1000;1000;865;1000;1000;676;1;1;1;1;
65;66;0;0;-0.0602443;0;0;-0.0951197;0;0;-0.120933;0;0;-24.3457;0;0;6.91969;0;0;5.94994;0;0;-0.381635;0;0;-8.50395;0.999477;0.0308916;-0.00959673;0.963445;0.233213;-0.131858;-0.0183893;-0.999831;-0.000782064;0.975335;0.188456;-0.114915;65.9776;-0.0873216;-0.0144837;0;0;-0.0951197;54.4367;-6.97707;-5.04064;0;0;-24.3457;53.9324;-8.70654;-13.0597;0;0;5.94994;62.5875;-1.62366;-3.47502;0;0;-8.50395;825;804;693;123;123;78;1000;1000;928;1000;1000;625;1;1;1;1;
66;67;0;0;0.0170193;0;0;-0.0781004;0;0;0.159689;0;0;-24.1861;0;0;0.870235;0;0;6.82018;0;0;0.193461;0;0;-8.31049;0.999915;-0.0103844;0.00782135;0.975377;-0.196003;-0.101108;0.853925;-0.474049;-0.214686;0.984793;-0.143842;-0.0974239;66.9775;-0.0990689;-0.0066623;0;0;-0.0781004;55.2462;-7.55548;-5.14175;0;0;-24.1861;54.8366;-9.07583;-13.2743;0;0;6.82018;63.5412;-1.90833;-3.57244;0;0;-8.31049;925;916;802;149;149;101;1000;1000;841;1000;1000;656;1;1;1;1;
67;68;0;0;0.0305002;0;0;-0.0476002;0;0;0.562773;0;0;-23.6233;0;0;0.510459;0;0;7.33064;0;0;-0.18265;0;0;-8.49314;0.999815;-0.0174571;-0.00801815;0.872991;-0.47155;-0.124608;0.909936;-0.352296;-0.218871;0.994111;0.103971;-0.0305463;67.9773;-0.117357;-0.0146804;0;0;-0.0476002;55.8571;-8.33734;-5.26636;0;0;-23.6233;55.7841;-9.30915;-13.4932;0;0;7.33064;64.5398;-1.95232;-3.60299;0;0;-8.49314;934;933;777;155;155;103;1000;1000;810;1000;1000;650;1;1;1;1;
68;69;0;0;0.0119998;0;0;-0.0356004;0;0;0.850714;0;0;-22.7726;0;0;0.980472;0;0;8.31111;0;0;-0.408769;0;0;-8.90191;0.999888;-0.0126885;0.00788132;0.760107;-0.63166;-0.152457;0.876897;-0.432788;-0.209158;0.975977;0.206541;0.0693456;68.9772;-0.130666;-0.00679913;0;0;-0.0356004;56.3134;-9.21398;-5.41882;0;0;-22.7726;56.7143;-9.61064;-13.7024;0;0;8.31111;65.5359;-1.89929;-3.53364;0;0;-8.90191;936;934;784;150;150;93;1000;1000;845;1000;1000;670;1;1;1;1;
69;70;0;0;0.000485549;0;0;-0.0351148;0;0;0.0521453;0;0;-22.7204;0;0;0.23105;0;0;8.54216;0;0;0.601248;0;0;-8.30066;0.999995;0.000573603;0.00307926;0.979482;-0.131715;-0.152533;-0.914169;0.338117;0.223545;0.915204;-0.369023;-0.161936;69.9772;-0.130706;-0.00371986;0;0;-0.0351148;57.166;-9.71379;-5.57135;0;0;-22.7204;55.7601;-9.41206;-13.4788;0;0;8.54216;66.3883;-2.39657;-3.69558;0;0;-8.30066;883;883;785;125;125;83;1002;1002;807;1000;1000;650;1;1;1;1;
70;71;0;0;-0.0361499;0;0;-0.0712647;0;0;-0.962265;0;0;-23.6827;0;0;0.712668;0;0;9.25483;0;0;-0.104094;0;0;-8.40476;0.999835;0.0181338;0.000487343;0.857642;0.511272;-0.0552341;-0.941714;0.263435;0.209228;0.998343;0.0538201;-0.0203458;70.9771;-0.113816;-0.00323252;0;0;-0.0712647;58.1568;-9.59006;-5.62658;0;0;-23.6827;54.7882;-9.3035;-13.2696;0;0;9.25483;67.3838;-2.48925;-3.71592;0;0;-8.40476;909;908;806;141;141;90;1000;1000;793;1000;1000;686;1;1;1;1;
71;72;0;0;0.00288255;0;0;-0.0683822;0;0;-1.29395;0;0;-24.9766;0;0;0.184628;0;0;9.43946;0;0;0.411434;0;0;-7.99332;0.999991;0.00113266;-0.00398713;0.732031;0.681114;0.0146561;0.962232;-0.170898;-0.211906;0.969598;-0.230578;-0.0819365;71.977;-0.113876;-0.00721965;0;0;-0.0683822;59.108;-9.28175;-5.61193;0;0;-24.9766;55.7655;-9.31428;-13.4815;0;0;9.43946;68.3119;-2.85242;-3.79786;0;0;-7.99332;808;807;693;136;136;83;1000;1000;775;1000;1000;688;1;1;1;1;
72;73;0;0;-0.067263;0;0;-0.135645;0;0;0.245393;0;0;-24.7312;0;0;0.629606;0;0;10.0691;0;0;0.296921;0;0;-7.6964;0.999073;0.0406443;0.0141995;0.969854;-0.213509;-0.11746;0.892672;-0.398714;-0.210153;0.986146;-0.142059;-0.0856502;72.9762;-0.0755974;0.00697988;0;0;-0.135645;59.8996;-9.88142;-5.72939;0;0;-24.7312;56.7141;-9.55078;-13.6917;0;0;10.0691;69.2701;-3.12527;-3.88351;0;0;-7.6964;851;847;688;179;179;103;1000;1000;739;1000;1000;705;1;1;1;1;
73;74;0;0;0.0263866;0;0;-0.109259;0;0;-1.75593;0;0;-26.4872;0;0;0.506433;0;0;10.5755;0;0;0.295835;0;0;-7.40057;0.999814;-0.0179069;0.00722149;0.746282;0.661556;-0.0735347;0.898831;-0.377446;-0.222793;0.988138;-0.149379;-0.0356202;73.976;-0.0954108;0.0142014;0;0;-0.109259;60.8626;-9.62215;-5.80292;0;0;-26.4872;57.6669;-9.75685;-13.9145;0;0;10.5755;70.2308;-3.40068;-3.91913;0;0;-7.40057;766;765;715;156;156;99;1000;1000;728;1000;1000;676;1;1;1;1;
74;75;0;0;0.0117634;0;0;-0.0974951;0;0;3.02412;0;0;-23.4631;0;0;0.641808;0;0;11.2173;0;0;-0.344399;0;0;-7.74497;0.999847;-0.0144651;0.0097994;0.433273;-0.901131;0.0154162;0.899411;-0.375807;-0.223223;0.00292977;0.0454448;-0.998963;74.9758;-0.111577;0.0240008;0;0;-0.0974951;60.9012;-10.6213;-5.78751;0;0;-23.4631;58.6223;-9.95051;-14.1377;0;0;11.2173;70.2398;-3.35604;-4.91809;0;0;-7.74497;818;818;751;177;177;112;1000;1000;735;1000;1000;661;1;1;1;1;
75;76;0;0;0.00671647;0;0;-0.0907787;0;0;-1.80391;0;0;-25.267;0;0;0.390236;0;0;11.6075;0;0;0.064255;0;0;-7.68071;0.999982;-0.00540187;-0.00266189;0.76628;0.639896;-0.05786;0.937288;-0.266904;-0.224172;0.999793;-0.0133183;-0.0153546;75.9758;-0.118563;0.0213389;0;0;-0.0907787;61.8673;-10.3697;-5.84537;0;0;-25.267;59.5941;-10.0234;-14.3618;0;0;11.6075;71.2289;-3.50287;-4.93345;0;0;-7.68071;812;786;726;190;190;118;1000;1000;710;1000;1000;667;1;1;1;1;
76;77;0;0;0.013661;0;0;-0.0771177;0;0;1.64956;0;0;-23.6174;0;0;0.293971;0;0;11.9015;0;0;0.329182;0;0;-7.35153;0.999905;0.00354493;-0.0133562;0.732251;-0.659717;-0.169059;0.931702;-0.284341;-0.226013;0.971291;-0.199137;-0.130147;76.9757;-0.116364;0.00798267;0;0;-0.0771177;62.2739;-11.2675;-6.01443;0;0;-23.6174;60.5644;-10.1095;-14.5879;0;0;11.9015;72.1667;-3.82465;-5.0636;0;0;-7.35153;885;877;808;210;210;141;1001;1001;706;1000;1000;715;1;1;1;1;
77;78;0;0;0.0252733;0;0;-0.0518444;0;0;-0.273499;0;0;-23.8909;0;0;0.335599;0;0;12.2371;0;0;0.110057;0;0;-7.24147;0.999133;-0.02461;0.0335887;0.956368;0.258147;-0.136823;0.927663;-0.289914;-0.235351;0.991467;-0.0491144;-0.120752;77.9748;-0.141878;0.0415714;0;0;-0.0518444;63.2529;-11.4188;-6.15125;0;0;-23.8909;61.5325;-10.1962;-14.8232;0;0;12.2371;73.144;-3.99835;-5.18435;0;0;-7.24147;738;737;625;204;204;126;1000;1000;725;1000;1000;701;1;1;1;1;
78;79;0;0;-0.017981;0;0;-0.0698254;0;0;4.9894;0;0;-18.9015;0;0;0.364007;0;0;12.6011;0;0;0.0572663;0;0;-7.18421;0.999957;0.0051472;-0.00773071;0.308433;-0.950448;-0.0389488;0.920012;-0.331377;-0.209208;0.999733;0.00790844;-0.0216903;78.9748;-0.13795;0.0338407;0;0;-0.0698254;63.2368;-12.4179;-6.1902;0;0;-18.9015;62.5026;-10.3188;-15.0324;0;0;12.6011;74.1369;-4.11553;-5.20604;0;0;-7.18421;839;836;748;244;244;161;1000;1000;722;1000;1000;711;1;1;1;1;
79;80;0;0;0.0127601;0;0;-0.0570653;0;0;2.88113;0;0;-16.0204;0;0;0.219971;0;0;12.8211;0;0;-0.105528;0;0;-7.28973;0.99994;-0.0109662;-0.000579642;0.44813;-0.892373;-0.0533863;-0.8927;0.393724;0.219244;0.994622;0.0895961;-0.0519511;79.9747;-0.149912;0.0332611;0;0;-0.0570653;63.4213;-13.3993;-6.24358;0;0;-16.0204;61.5448;-10.133;-14.8132;0;0;12.8211;75.1349;-4.15286;-5.25799;0;0;-7.28973;812;812;709;208;208;137;1000;1000;774;1000;1000;672;1;1;1;1;
80;81;0;0;0.0101551;0;0;-0.0469101;0;0;-1.02454;0;0;-17.0449;0;0;-0.501694;0;0;12.3194;0;0;0.0206477;0;0;-7.26909;0.999903;-0.0087024;0.0109067;0.839274;0.536446;-0.0885731;0.933761;0.274928;-0.229139;0.986184;-0.106168;-0.127157;80.9746;-0.159433;0.0441678;0;0;-0.0469101;64.3809;-13.1324;-6.33216;0;0;-17.0449;62.3984;-9.6652;-15.0423;0;0;12.3194;76.0997;-4.38296;-5.38515;0;0;-7.26909;864;859;761;226;226;152;1000;1000;783;1000;1000;700;1;1;1;1;
81;82;0;0;0.00395949;0;0;-0.0429506;0;0;1.7271;0;0;-15.3178;0;0;-0.360215;0;0;11.9592;0;0;-0.216965;0;0;-7.48605;0.999825;0.000313466;-0.0186789;0.804731;-0.590772;-0.0582734;0.955801;0.169901;-0.239954;0.989131;0.1029;0.105035;81.9744;-0.159869;0.0254889;0;0;-0.0429506;65.001;-13.9148;-6.39043;0;0;-15.3178;63.2982;-9.30093;-15.2823;0;0;11.9592;77.0938;-4.4098;-5.28011;0;0;-7.48605;794;790;690;210;210;143;1000;1000;768;1000;1000;669;1;1;1;1;
82;83;0;0;0.00146047;0;0;-0.0414902;0;0;1.46126;0;0;-13.8566;0;0;-0.356373;0;0;11.6028;0;0;0.037989;0;0;-7.44806;0.999986;-0.000976345;-0.00525202;0.805502;-0.576212;-0.138371;0.924178;0.304665;-0.23038;-0.0545302;-0.0142974;-0.99841;82.9744;-0.16157;0.0202369;0;0;-0.0414902;65.6451;-14.6672;-6.5288;0;0;-13.8566;64.1422;-8.81662;-15.5126;0;0;11.6028;77.0379;-4.41691;-6.27852;0;0;-7.44806;859;856;775;251;251;162;1000;1000;768;1000;1000;650;1;1;1;1;
83;84;0;0;0.0101117;0;0;-0.0313784;0;0;-1.43017;0;0;-15.2867;0;0;-0.533471;0;0;11.0693;0;0;0.254485;0;0;-7.19358;0.999945;-0.0103802;0.00121594;0.826474;0.544644;-0.14249;0.907845;0.353058;-0.226203;0.99201;-0.126144;0.00195955;83.9743;-0.172497;0.0214528;0;0;-0.0313784;66.5859;-14.3597;-6.67129;0;0;-15.2867;64.9654;-8.29583;-15.7389;0;0;11.0693;78.0063;-4.66628;-6.27656;0;0;-7.19358;843;828;748;203;203;136;1000;1000;760;1000;1000;665;1;1;1;1;
84;85;0;0;0.0299535;0;0;-0.00142494;0;0;1.77997;0;0;-13.5067;0;0;-0.34264;0;0;10.7267;0;0;0.0528654;0;0;-7.14071;0.999935;-0.00966155;0.00598734;0.796263;-0.587089;-0.145919;0.886951;0.402487;-0.226542;0.996827;-0.0732092;-0.0312455;84.9743;-0.182184;0.0274402;0;0;-0.00142494;67.223;-15.1165;-6.81721;0;0;-13.5067;65.762;-7.73529;-15.9654;0;0;10.7267;78.9863;-4.86284;-6.30781;0;0;-7.14071;847;847;769;206;206;150;1002;1002;723;1000;1000;633;1;1;1;1;
85;86;0;0;0.029716;0;0;0.0282911;0;0;0.237123;0;0;-13.2696;0;0;-0.147932;0;0;10.5788;0;0;0.530752;0;0;-6.60996;0.999708;-0.0240647;-0.00224795;0.984969;-0.158591;-0.0684517;0.976449;-0.0594662;-0.207391;0.937881;-0.313413;-0.148836;85.974;-0.205755;0.0251922;0;0;0.0282911;68.1453;-15.4969;-6.88566;0;0;-13.2696;66.7327;-7.61448;-16.1728;0;0;10.5788;79.8819;-5.28213;-6.45664;0;0;-6.60996;818;816;649;180;180;115;1000;1000;765;1000;1000;647;1;1;1;1;
86;87;0;0;-0.0336889;0;0;-0.00539779;0;0;-0.210972;0;0;-13.4806;0;0;0.763889;0;0;11.3427;0;0;-0.0927034;0;0;-6.70266;0.999596;0.013917;0.0247953;0.986412;0.051886;-0.155881;0.896808;-0.393503;-0.202214;0.992967;0.0934086;-0.0727387;86.9736;-0.191932;0.0499875;0;0;-0.00539779;69.1166;-15.6764;-7.04154;0;0;-13.4806;67.6894;-7.82392;-16.375;0;0;11.3427;80.8789;-5.30525;-6.52938;0;0;-6.70266;931;930;740;188;188;120;1000;1000;825;1000;1000;678;1;1;1;1;
87;88;0;0;-0.0509407;0;0;-0.0563385;0;0;1.9071;0;0;-11.5735;0;0;-0.102112;0;0;11.2405;0;0;0.355651;0;0;-6.34701;0.999393;0.0326094;0.0122431;0.776691;-0.622916;-0.09342;0.970165;0.182496;-0.159612;0.984191;-0.176391;0.0159545;87.973;-0.160305;0.0622306;0;0;-0.0563385;69.7525;-16.4425;-7.13496;0;0;-11.5735;68.6054;-7.45581;-16.5346;0;0;11.2405;81.8376;-5.58937;-6.51343;0;0;-6.34701;880;880;712;190;190;136;1001;1001;701;1000;1000;658;1;1;1;1;
88;89;0;0;-0.0318927;0;0;-0.0882311;0;0;1.30449;0;0;-10.269;0;0;-0.295804;0;0;10.9447;0;0;0.0650878;0;0;-6.28193;0.9995;0.0152634;0.0276804;0.833668;-0.531045;-0.15162;0.964482;0.21159;-0.158129;0.997492;0.0156539;0.0690324;88.9725;-0.146581;0.0899109;0;0;-0.0882311;70.4782;-17.1137;-7.28658;0;0;-10.269;69.5122;-7.06495;-16.6927;0;0;10.9447;82.8308;-5.68295;-6.44439;0;0;-6.28193;923;922;714;208;208;141;1000;1000;683;1000;1000;682;1;1;1;1;
89;90;0;0;0.0457842;0;0;-0.0424469;0;0;4.56008;0;0;-5.70892;0;0;0.0763757;0;0;11.0211;0;0;0.2794;0;0;-6.00253;0.999539;-0.0262301;-0.0152934;0.307208;-0.95145;-0.0191071;0.964045;0.203724;-0.170628;0.981661;-0.184126;-0.0493837;89.9721;-0.173552;0.0746176;0;0;-0.0424469;70.6892;-18.091;-7.30569;0;0;-5.70892;70.4195;-6.68069;-16.8634;0;0;11.0211;83.7878;-5.96872;-6.49378;0;0;-6.00253;920;919;775;206;206;149;1000;1000;732;1000;1000;677;1;1;1;1;
90;91;0;0;-0.0152306;0;0;-0.0576775;0;0;-0.0526096;0;0;-5.76153;0;0;-0.186938;0;0;10.8342;0;0;0.0722269;0;0;-5.9303;0.999477;0.0114766;0.0302324;0.992955;0.0934903;-0.0727962;0.968204;0.184586;-0.168843;0.998362;-0.0445724;-0.0358687;90.9715;-0.163081;0.10485;0;0;-0.0576775;71.6865;-18.0976;-7.37849;0;0;-5.76153;71.3357;-6.3174;-17.0322;0;0;10.8342;84.7762;-6.11621;-6.52965;0;0;-5.9303;874;867;748;217;217;138;1000;1000;668;1000;1000;700;1;1;1;1;
91;92;0;0;0.0292354;0;0;-0.0284422;0;0;1.7572;0;0;-4.00433;0;0;-0.272692;0;0;10.5615;0;0;0.13329;0;0;-5.79701;0.999678;-0.0245545;-0.00644872;0.745727;-0.646176;-0.162318;0.957655;0.232401;-0.169961;0.991755;-0.124375;0.0308809;91.9712;-0.188132;0.0984013;0;0;-0.0284422;72.3853;-18.7943;-7.5408;0;0;-4.00433;72.2346;-5.91341;-17.2022;0;0;10.5615;85.7504;-6.34012;-6.49877;0;0;-5.79701;867;856;746;185;185;126;1000;1000;698;1000;1000;648;1;1;1;1;
92;93;0;0;-0.017189;0;0;-0.0456312;0;0;3.90275;0;0;-0.101588;0;0;0.852953;0;0;11.4144;0;0;0.443987;0;0;-5.35302;0.999884;0.00978227;0.0116885;0.432518;-0.90096;-0.0346394;0.910893;-0.354252;-0.211613;0.959638;-0.199082;-0.198648;92.9711;-0.179146;0.11009;0;0;-0.0456312;72.8162;-19.696;-7.57544;0;0;-0.101588;73.1975;-6.08038;-17.4138;0;0;11.4144;86.6872;-6.62786;-6.69741;0;0;-5.35302;828;818;716;191;191;128;1000;1000;648;1000;1000;681;1;1;1;1;
93;94;0;0;0.0968556;0;0;0.0512244;0;0;3.07657;0;0;2.97499;0;0;-0.860818;0;0;10.5536;0;0;-0.171034;0;0;-5.52405;0.997816;-0.0582977;-0.0310657;0.57801;-0.814212;0.0544443;0.90263;0.372265;-0.216049;0.993341;0.100016;0.0571901;93.969;-0.236552;0.0790241;0;0;0.0512244;73.4357;-20.4791;-7.521;0;0;2.97499;74.0167;-5.54909;-17.6298;0;0;10.5536;87.6856;-6.62393;-6.64022;0;0;-5.52405;772;769;699;206;206;138;1001;1001;576;1000;1000;679;1;1;1;1;
94;95;0;0;-0.0196189;0;0;0.0316055;0;0;-0.927553;0;0;2.04743;0;0;0.823033;0;0;11.3767;0;0;0.046005;0;0;-5.47805;0.999997;0.00104595;0.00223365;0.855117;0.503313;-0.124304;0.918149;-0.331976;-0.216319;0.997956;-0.055288;-0.0320506;94.969;-0.234954;0.0812577;0;0;0.0316055;74.2723;-19.9456;-7.6453;0;0;2.04743;74.9823;-5.69343;-17.8462;0;0;11.3767;88.6737;-6.77423;-6.67227;0;0;-5.47805;761;757;687;205;205;137;1001;1001;641;1000;1000;677;1;1;1;1;
95;96;0;0;0.0122421;0;0;0.0438477;0;0;4.88894;0;0;6.93637;0;0;0.738994;0;0;12.1156;0;0;0.930333;0;0;-4.54772;0.999826;-0.00767739;0.0170257;0.306277;-0.951448;0.0306868;0.927604;-0.300334;-0.222148;0.895356;-0.396711;-0.20238;95.9688;-0.241866;0.0982834;0;0;0.0438477;74.6913;-20.8531;-7.61462;0;0;6.93637;75.9523;-5.79239;-18.0683;0;0;12.1156;89.5348;-7.24069;-6.87465;0;0;-4.54772;617;607;480;201;201;129;1000;1000;633;1000;1000;659;1;1;1;1;
96;97;0;0;-0.0244091;0;0;0.0194386;0;0;-7.00875;0;0;-0.0723722;0;0;0.0716804;0;0;12.1873;0;0;0.765657;0;0;-3.78206;0.999825;0.0180397;0.00505082;0.179864;0.982873;0.0401161;0.969841;-0.0865367;-0.227858;0.896136;-0.380598;-0.228223;96.9686;-0.223487;0.103334;0;0;0.0194386;74.8724;-19.8704;-7.5745;0;0;-0.0723722;76.9186;-5.67223;-18.2962;0;0;12.1873;90.4039;-7.67957;-7.10288;0;0;-3.78206;842;838;754;228;228;161;1000;1000;628;1000;1000;693;1;1;1;1;
97;98;0;0;0.0236341;0;0;0.0430727;0;0;-1.6336;0;0;-1.70597;0;0;-0.375337;0;0;11.812;0;0;0.432622;0;0;-3.34944;0.999935;-0.0104747;0.00455625;0.776104;0.6296;-0.0355994;0.947887;0.246257;-0.202159;0.965516;-0.216178;-0.145071;97.9686;-0.23321;0.107891;0;0;0.0430727;75.6669;-19.2642;-7.6101;0;0;-1.70597;77.796;-5.23716;-18.4983;0;0;11.812;91.3551;-7.95179;-7.24795;0;0;-3.34944;699;699;636;183;183;122;1000;1000;670;1000;1000;645;1;1;1;1;
98;99;0;0;0.00934917;0;0;0.0524219;0;0;-1.11346;0;0;-2.81943;0;0;-0.51858;0;0;11.2934;0;0;0.293174;0;0;-3.05626;0.999995;0.00323823;0;0.816167;0.528899;-0.232675;0.932974;0.287693;-0.216314;0.968;-0.171408;-0.183289;98.9686;-0.229057;0.107952;0;0;0.0524219;76.5081;-18.7761;-7.84277;0;0;-2.81943;78.6545;-4.77233;-18.7146;0;0;11.2934;92.3126;-8.17456;-7.43124;0;0;-3.05626;799;788;698;199;199;142;1000;1000;625;1000;1000;675;1;1;1;1;
99;100;0;0;0.0938449;0;0;0.146267;0;0;-1.29621;0;0;-4.11563;0;0;-0.699488;0;0;10.5939;0;0;0.445767;0;0;-2.6105;0.998803;-0.0460551;0.0164895;0.846419;0.483437;-0.223301;0.909206;0.347266;-0.229675;0.914169;-0.319947;-0.248856;99.9675;-0.272562;0.124442;0;0;0.146267;77.387;-18.3547;-8.06607;0;0;-4.11563;79.4844;-4.26382;-18.9443;0;0;10.5939;93.2113;-8.53581;-7.68009;0;0;-2.6105;653;652;567;183;183;121;1000;1000;591;1000;1000;697;1;1;1;1;
100;101;0;0;0.00860848;0;0;0.154875;0;0;2.72992;0;0;-1.38572;0;0;6.14822;0;0;16.7421;0;0;0.345131;0;0;-2.26537;0.999857;-0.0167788;0.00208378;0.570689;-0.82114;0.00662313;0.228004;-0.973436;-0.0208807;0.953136;-0.216966;-0.210851;100.967;-0.286638;0.126525;0;0;0.154875;77.9377;-19.1894;-8.05945;0;0;-1.38572;79.9831;-5.13032;-18.9652;0;0;16.7421;94.1551;-8.79028;-7.89094;0;0;-2.26537;747;736;674;200;200;128;1000;1000;580;1000;1000;679;1;1;1;1;
101;102;0;0;0.00306085;0;0;0.157936;0;0;-0.403062;0;0;-1.78878;0;0;0.573796;0;0;17.3159;0;0;-0.142712;0;0;-2.40808;0.999918;0.00408665;-0.012127;0.964583;0.186566;-0.186473;0.903655;-0.366811;-0.221036;0.987826;0.0919535;0.125478;101.967;-0.279796;0.114398;0;0;0.157936;78.9076;-19.033;-8.24592;0;0;-1.78878;80.955;-5.21154;-19.1862;0;0;17.3159;95.1459;-8.73992;-7.76547;0;0;-2.40808;561;543;456;175;175;112;1000;1000;685;1000;1000;619;1;1;1;1;
102;103;0;0;0.0322624;0;0;0.190199;0;0;-0.586046;0;0;-2.37482;0;0;0.430853;0;0;17.7468;0;0;-0.125106;0;0;-2.53318;0.999717;-0.0127315;-0.0200758;0.891735;0.389074;-0.231151;0.960689;-0.135067;-0.242558;-0.0187373;0.0134832;-0.999734;102.967;-0.289208;0.0943226;0;0;0.190199;79.8147;-18.6812;-8.47708;0;0;-2.37482;81.9112;-5.04735;-19.4288;0;0;17.7468;95.1278;-8.72562;-8.7652;0;0;-2.53318;627;625;517;175;175;131;1001;1001;760;1000;1000;628;1;1;1;1;
103;104;0;0;-0.00152277;0;0;0.188676;0;0;-4.20657;0;0;-6.58139;0;0;-0.535355;0;0;17.2114;0;0;0.313385;0;0;-2.2198;0.999795;0.0047957;-0.0196852;0.261467;0.962544;-0.0717186;0.938816;0.254899;-0.231626;0.980726;-0.160366;-0.111625;103.967;-0.28112;0.0746375;0;0;0.188676;80.1848;-17.755;-8.54879;0;0;-6.58139;82.7325;-4.52607;-19.6604;0;0;17.2114;96.1015;-8.92385;-8.87683;0;0;-2.2198;523;521;475;167;167;114;1000;1000;838;1000;1000;610;1;1;1;1;
104;105;0;0;0.0220203;0;0;0.210696;0;0;0.0330737;0;0;-6.54832;0;0;0.454725;0;0;17.6662;0;0;0.15435;0;0;-2.06545;0.999755;-0.00899525;0.0202245;0.987776;-0.113242;-0.107116;0.933523;-0.275803;-0.229057;0.993815;-0.0666087;-0.0888519;104.967;-0.286439;0.094862;0;0;0.210696;81.1532;-17.9801;-8.65591;0;0;-6.54832;83.7057;-4.50557;-19.8895;0;0;17.6662;97.0923;-9.02623;-8.96568;0;0;-2.06545;685;681;617;171;171;107;1001;1001;754;1000;1000;652;1;1;1;1;
105;106;0;0;0.00243911;0;0;0.213135;0;0;-0.0364912;0;0;-6.58481;0;0;-0.373865;0;0;17.2923;0;0;0.0631876;0;0;-2.00226;0.999997;-0.00230878;0.000852191;0.989019;0.108189;-0.100678;0.946896;0.214837;-0.239233;0.993442;-0.0375788;0.107987;105.967;-0.285028;0.0957141;0;0;0.213135;82.1481;-17.9861;-8.75659;0;0;-6.58481;84.5459;-4.01898;-20.1287;0;0;17.2923;98.0838;-9.0985;-8.85769;0;0;-2.00226;628;624;524;141;141;88;1000;1000;753;1000;1000;579;1;1;1;1;
106;107;0;0;-0.027695;0;0;0.18544;0;0;1.39677;0;0;-5.18804;0;0;0.357672;0;0;17.65;0;0;0.138391;0;0;-1.86387;0.9994;0.0173718;0.0299494;0.85632;-0.504092;-0.112282;0.926822;-0.303249;-0.221453;0.992532;-0.0912028;0.0810105;106.966;-0.264422;0.125664;0;0;0.18544;82.9553;-18.5655;-8.86887;0;0;-5.18804;85.5211;-4.02694;-20.3501;0;0;17.65;99.0729;-9.22194;-8.77668;0;0;-1.86387;868;853;755;153;153;96;1000;1000;772;1000;1000;626;1;1;1;1;
107;108;0;0;0.0691551;0;0;0.254595;0;0;-1.43917;0;0;-6.62722;0;0;-0.248444;0;0;17.4015;0;0;-0.0141976;0;0;-1.87807;0.997938;-0.0614374;-0.0185699;0.864633;0.486085;-0.127009;0.931686;0.281875;-0.229144;0.994505;0.0273836;-0.101046;107.964;-0.321424;0.107094;0;0;0.254595;83.8703;-18.1825;-8.99588;0;0;-6.62722;86.3258;-3.47933;-20.5793;0;0;17.4015;100.068;-9.22716;-8.87773;0;0;-1.87807;959;920;760;118;118;75;1000;1000;805;1000;1000;619;1;1;1;1;
108;109;0;0;0.0256965;0;0;0.280292;0;0;1.12443;0;0;-5.50279;0;0;-0.589861;0;0;16.8117;0;0;-0.442543;0;0;-2.32061;0.999804;-0.0171002;0.0100055;0.791448;-0.603873;-0.0945854;0.957664;0.170667;-0.231845;0.966705;0.253522;0.0347463;108.964;-0.333633;0.117099;0;0;0.280292;84.6001;-18.8595;-9.09047;0;0;-5.50279;87.1932;-3.03898;-20.8111;0;0;16.8117;101.044;-9.01299;-8.84298;0;0;-2.32061;933;932;834;132;132;85;1000;1000;797;1000;1000;643;1;1;1;1;
109;110;0;0;0.0150778;0;0;0.29537;0;0;0.486055;0;0;-5.01674;0;0;0.71379;0;0;17.5255;0;0;-0.402918;0;0;-2.72353;0.999429;0.00194805;0.0337327;0.944483;-0.307177;-0.116595;0.88916;-0.416509;-0.18951;0.969272;0.0876311;-0.229854;109.963;-0.326533;0.150832;0;0;0.29537;85.5141;-19.2481;-9.20706;0;0;-5.01674;88.1665;-3.1684;-21.0006;0;0;17.5255;102.016;-8.97151;-9.07283;0;0;-2.72353;858;856;712;111;111;81;1001;1001;783;1000;1000;658;1;1;1;1;
110;111;0;0;-0.0686961;0;0;0.226673;0;0;-0.061155;0;0;-5.07789;0;0;0.389167;0;0;17.9146;0;0;0.018867;0;0;-2.70466;0.999457;0.03112;-0.0108188;0.992424;0.0471642;-0.113448;0.949005;-0.23132;-0.214198;0.97974;-0.044863;-0.195182;110.963;-0.291459;0.140013;0;0;0.226673;86.5069;-19.2889;-9.32051;0;0;-5.07789;89.1407;-3.09659;-21.2148;0;0;17.9146;102.993;-9.06256;-9.26802;0;0;-2.70466;874;874;731;145;145;97;1000;1000;758;1000;1000;667;1;1;1;1;
111;112;0;0;-0.0229182;0;0;0.203755;0;0;4.53554;0;0;-0.542355;0;0;0.115794;0;0;18.0304;0;0;0.185191;0;0;-2.51947;0.999839;0.0125671;0.0128142;0.123315;-0.989243;-0.078687;0.970215;-0.0783925;-0.229211;0.986969;-0.100505;-0.125664;111.963;-0.275336;0.152827;0;0;0.203755;86.6208;-20.2793;-9.3992;0;0;-0.542355;90.0875;-2.87083;-21.4441;0;0;18.0304;103.974;-9.20635;-9.39368;0;0;-2.51947;799;797;719;137;137;89;1000;1000;763;1000;1000;647;1;1;1;1;
112;113;0;0;-0.0281864;0;0;0.175569;0;0;1.48657;0;0;0.944211;0;0;0.688973;0;0;18.7194;0;0;-0.0542608;0;0;-2.57373;0.999808;0.0177751;0.00824458;0.678343;-0.717327;-0.159034;0.901461;-0.387801;-0.192298;0.993284;0.0234182;0.113304;112.962;-0.254498;0.161072;0;0;0.175569;87.3109;-20.9853;-9.55823;0;0;0.944211;91.0657;-2.94881;-21.6364;0;0;18.7194;104.968;-9.22756;-9.28037;0;0;-2.57373;775;769;684;159;159;113;1000;1000;736;1000;1000;673;1;1;1;1;
113;114;0;0;0.0310433;0;0;0.206612;0;0;1.69824;0;0;2.64246;0;0;0.449096;0;0;19.1685;0;0;-0.282405;0;0;-2.85614;0.99966;-0.0186198;-0.0182473;0.480679;-0.865072;-0.143521;0.939965;-0.256859;-0.224698;0.987704;0.144139;0.0605412;113.962;-0.269513;0.142824;0;0;0.206612;87.8309;-21.8273;-9.70175;0;0;2.64246;92.0379;-2.88279;-21.8611;0;0;19.1685;105.961;-9.13282;-9.21983;0;0;-2.85614;682;681;611;156;156;103;1002;1002;790;1000;1000;644;1;1;1;1;
114;115;0;0;0.0131733;0;0;0.219786;0;0;1.47622;0;0;4.11867;0;0;0.839817;0;0;20.0083;0;0;-0.591552;0;0;-3.44769;0.999635;-0.00327549;0.0268245;0.74228;-0.658298;-0.125151;0.880447;-0.415286;-0.228803;0.914457;0.285131;0.287174;114.962;-0.268954;0.169649;0;0;0.219786;88.6186;-22.4306;-9.8269;0;0;4.11867;93.0073;-2.97176;-22.0899;0;0;20.0083;106.891;-8.9032;-8.93266;0;0;-3.44769;774;774;728;147;147;88;1000;1000;659;1000;1000;654;1;1;1;1;
115;116;0;0;0.0548369;0;0;0.274622;0;0;1.53305;0;0;5.65172;0;0;0.626849;0;0;20.6352;0;0;1.93706;0;0;-1.51063;0.999054;-0.0346774;-0.0262443;0.655081;-0.741183;-0.146689;0.905358;-0.368515;-0.211005;0.764211;-0.625378;-0.157744;115.961;-0.298842;0.143405;0;0;0.274622;89.3435;-23.1037;-9.97359;0;0;5.65172;93.9845;-2.99757;-22.3009;0;0;20.6352;107.639;-9.5485;-9.0904;0;0;-1.51063;712;711;632;133;133;88;1000;1000;840;1000;1000;620;1;1;1;1;
116;117;0;0;-0.0502649;0;0;0.224358;0;0;1.33715;0;0;6.98887;0;0;0.704715;0;0;21.3399;0;0;1.76632;0;0;0.255692;0.999649;0.0254407;-0.00735399;0.62278;-0.778909;-0.0737974;0.892922;-0.391909;-0.22158;0.755788;-0.638861;-0.143673;116.96;-0.269487;0.136051;0;0;0.224358;90.0564;-23.801;-10.0474;0;0;6.98887;94.9588;-3.03768;-22.5224;0;0;21.3399;108.397;-10.184;-9.23408;0;0;0.255692;821;819;753;131;131;97;1000;1000;727;1000;1000;658;1;1;1;1;
117;118;0;0;-0.0115142;0;0;0.212843;0;0;5.28898;0;0;12.2779;0;0;0.429301;0;0;21.7692;0;0;0.257161;0;0;0.512853;0.999907;-0.0101809;0.00903034;-0.0136469;-0.999391;0.0321188;0.902014;-0.378865;-0.206958;-0.088996;-0.0253343;-0.99571;117.96;-0.275954;0.145081;0;0;0.212843;90.2556;-24.7805;-10.0153;0;0;12.2779;95.937;-3.055;-22.7294;0;0;21.7692;108.309;-10.2101;-10.2298;0;0;0.512853;773;771;684;143;143;96;1000;1000;770;1000;1000;575;1;1;1;1;
118;119;0;0;0.0137558;0;0;0.226599;0;0;1.60901;0;0;13.8869;0;0;0.485407;0;0;22.2546;0;0;-0.0571224;0;0;0.455731;0.999953;0.00316967;-0.00914813;0.727483;-0.684279;-0.0503133;0.912159;-0.348765;-0.215244;0.9957;0.0654745;-0.0655258;118.96;-0.268829;0.135933;0;0;0.226599;91.126;-25.2701;-10.0656;0;0;13.8869;96.9133;-3.03233;-22.9446;0;0;22.2546;109.304;-10.1367;-10.2953;0;0;0.455731;773;772;670;146;146;90;1000;1000;779;1000;1000;654;1;1;1;1;
119;120;0;0;0.0231764;0;0;0.249776;0;0;-0.0279643;0;0;13.8589;0;0;0.0667925;0;0;22.3214;0;0;-0.328106;0;0;0.127625;0.999935;-0.0110315;-0.00275527;0.997196;-0.00263007;-0.0747894;-0.902249;0.370796;0.220129;0.988425;0.151712;0;119.96;-0.275501;0.133178;0;0;0.249776;92.0948;-25.0338;-10.1404;0;0;13.8589;95.9378;-3.03199;-22.7245;0;0;22.3214;110.292;-9.98281;-10.2953;0;0;0.127625;719;710;625;142;142;89;1000;1000;757;1000;1000;615;1;1;1;1;
120;121;0;0;0.00910513;0;0;0.258881;0;0;0.861303;0;0;14.7202;0;0;0.532648;0;0;22.854;0;0;0.0025636;0;0;0.130189;0.999944;-0.00806218;-0.0068901;0.859516;-0.497638;-0.116575;0.897709;-0.380201;-0.222633;0.997987;-0.0394924;-0.0496122;120.96;-0.279045;0.126288;0;0;0.258881;93.0526;-25.2967;-10.2569;0;0;14.7202;96.9127;-3.03369;-22.9471;0;0;22.854;111.29;-10.02;-10.3449;0;0;0.130189;750;749;654;149;149;100;1000;1000;737;1000;1000;641;1;1;1;1;
121;122;0;0;0.0751889;0;0;0.33407;0;0;0.956568;0;0;15.6768;0;0;0.502258;0;0;23.3563;0;0;1.16347;0;0;1.29366;0.999136;-0.0378897;-0.0170759;0.857362;-0.514453;-0.0163889;0.898092;-0.394289;-0.194851;0.851798;-0.502182;-0.149176;121.96;-0.311109;0.109212;0;0;0.33407;94.0171;-25.5604;-10.2733;0;0;15.6768;97.8935;-3.03962;-23.142;0;0;23.3563;112.153;-10.5029;-10.4941;0;0;1.29366;613;609;511;124;124;79;1000;1000;805;1000;1000;624;1;1;1;1;
122;123;0;0;-0.096703;0;0;0.237367;0;0;0.0359226;0;0;15.7127;0;0;-0.318084;0;0;23.0382;0;0;-0.0678237;0;0;1.22584;0.998997;0.0445734;-0.00429907;0.991684;-0.0550251;-0.116343;0.94868;0.201422;-0.243796;0.988621;0.0471519;0.142846;122.958;-0.262397;0.104913;0;0;0.237367;94.9866;-25.3448;-10.3897;0;0;15.7127;98.6877;-2.48301;-23.3858;0;0;23.0382;113.14;-10.4346;-10.3512;0;0;1.22584;606;599;506;148;148;95;1000;1000;746;1000;1000;649;1;1;1;1;
123;124;0;0;0.0186009;0;0;0.255968;0;0;3.02285;0;0;18.7355;0;0;-1.11038;0;0;21.9278;0;0;0.188882;0;0;1.41472;0.999529;-0.00700956;0.0298879;0.562464;-0.826328;-0.0285615;0.704604;0.682395;-0.194602;0.968811;-0.159088;-0.18999;123.958;-0.264941;0.134801;0;0;0.255968;95.7847;-25.9467;-10.4182;0;0;18.7355;99.0865;-1.58685;-23.5804;0;0;21.9278;114.113;-10.5697;-10.5412;0;0;1.41472;463;463;368;130;130;93;1000;1000;752;914;914;604;1;1;1;1;
124;125;0;0;-0.0129955;0;0;0.242972;0;0;-0.340129;0;0;18.3954;0;0;-1.17647;0;0;20.7513;0;0;-0.149911;0;0;1.26481;0.999804;0.00228868;0.0196499;0.98329;0.143137;-0.112481;0.953641;0.187808;-0.235151;0.974019;0.0769331;-0.212999;124.958;-0.258413;0.15445;0;0;0.242972;96.6725;-25.5005;-10.5307;0;0;18.3954;99.9117;-1.07334;-23.8155;0;0;20.7513;115.085;-10.4713;-10.7542;0;0;1.26481;584;584;485;145;145;101;1000;1000;751;1000;1000;663;1;1;1;1;
125;126;0;0;0.0402291;0;0;0.283201;0;0;-0.614195;0;0;17.7812;0;0;0.443877;0;0;21.1952;0;0;1.97622;0;0;3.24103;0.999657;-0.0244545;0.00932534;0.904565;0.405398;-0.131964;0.966785;-0.173434;-0.187741;0.733005;-0.664968;-0.143257;125.957;-0.277926;0.163776;0;0;0.283201;97.4101;-24.8383;-10.6627;0;0;17.7812;100.876;-0.885503;-24.0033;0;0;21.1952;115.854;-11.0937;-10.8975;0;0;3.24103;549;547;441;159;159;118;1000;1000;784;1000;1000;629;1;1;1;1;
126;127;0;0;0.0704606;0;0;0.353662;0;0;0.443327;0;0;18.2245;0;0;-0.0503475;0;0;21.1449;0;0;0.112031;0;0;3.35306;0.998978;-0.0380195;0.0244287;0.929163;-0.33245;-0.161659;0.971289;-0.135863;-0.195292;0.982988;-0.0763283;0.167056;126.957;-0.309779;0.188204;0;0;0.353662;98.3966;-24.8635;-10.8243;0;0;18.2245;101.831;-0.661848;-24.1986;0;0;21.1449;116.84;-11.1124;-10.7304;0;0;3.35306;611;607;532;147;147;103;1000;1000;806;1000;1000;644;1;1;1;1;
127;128;0;0;-0.0177216;0;0;0.33594;0;0;-0.401444;0;0;17.8231;0;0;0.204193;0;0;21.3491;0;0;1.81076;0;0;5.16382;0.999758;0.0176519;-0.0131328;0.943735;0.300341;-0.138416;0.966729;-0.162926;-0.197205;0.684979;-0.714349;-0.143212;127.956;-0.286265;0.175072;0;0;0.33594;99.2031;-24.2887;-10.9628;0;0;17.8231;102.79;-0.461657;-24.3958;0;0;21.3491;117.586;-11.7622;-10.8736;0;0;5.16382;622;622;541;138;138;95;1000;1000;797;1000;1000;678;1;1;1;1;
128;129;0;0;-0.037454;0;0;0.298486;0;0;-4.02128;0;0;13.8018;0;0;-0.318033;0;0;21.031;0;0;0.236995;0;0;5.40082;0.999605;0.0264906;0.009349;0.571935;0.81849;-0.054454;0.97095;-0.132276;-0.199395;0.986299;-0.131863;-0.0991244;128.956;-0.254567;0.184421;0;0;0.298486;99.5633;-23.3574;-11.0172;0;0;13.8018;103.744;-0.236673;-24.5952;0;0;21.031;118.581;-11.8007;-10.9728;0;0;5.40082;539;539;460;138;138;100;1000;1000;796;1000;1000;675;1;1;1;1;
129;130;0;0;0.0275655;0;0;0.326052;0;0;-2.6684;0;0;11.1334;0;0;0.256665;0;0;21.2877;0;0;0.383719;0;0;5.78454;0.99983;-0.016067;-0.00904426;0.789406;0.606787;-0.0929952;0.948875;-0.234662;-0.211117;0.971368;-0.228222;-0.0660252;129.956;-0.264945;0.175376;0;0;0.326052;100.221;-22.6096;-11.1102;0;0;11.1334;104.714;-0.110834;-24.8063;0;0;21.2877;119.57;-11.9298;-11.0388;0;0;5.78454;582;582;497;157;157;105;1000;1000;835;1000;1000;628;1;1;1;1;
130;131;0;0;0.0277812;0;0;0.353833;0;0;-1.95497;0;0;9.17845;0;0;0.160691;0;0;21.4484;0;0;-0.120287;0;0;5.66425;0.999819;-0.0167437;0.00899225;0.669576;0.74238;-0.0232302;0.97302;-0.0959632;-0.209816;0.996579;0.00718673;-0.0823344;130.956;-0.275514;0.184369;0;0;0.353833;100.763;-21.7699;-11.1334;0;0;9.17845;105.654;0.155646;-25.0161;0;0;21.4484;120.561;-11.8243;-11.1211;0;0;5.66425;740;740;598;159;159;120;1000;1000;689;1000;1000;714;1;1;1;1;
131;132;0;0;0.0125618;0;0;0.366395;0;0;1.24163;0;0;10.4201;0;0;-0.177955;0;0;21.2704;0;0;0.521864;0;0;6.18611;0.999747;-0.00108774;-0.0224525;0.710296;-0.686885;-0.153846;0.970894;-0.101792;-0.216802;0.938723;-0.311673;-0.147172;131.955;-0.270208;0.161916;0;0;0.366395;101.586;-22.317;-11.2873;0;0;10.4201;106.596;0.413;-25.2329;0;0;21.2704;121.528;-12.033;-11.2683;0;0;6.18611;657;657;592;174;174;128;1000;1000;769;1000;1000;658;1;1;1;1;
132;133;0;0;0.00281309;0;0;0.369208;0;0;0.079257;0;0;10.4993;0;0;-0.410963;0;0;20.8595;0;0;0.198996;0;0;6.38511;0.99993;0.00672136;0.00977947;0.977488;-0.137605;-0.159941;0.96989;-0.0923403;-0.225358;0.989598;-0.0902236;-0.112049;132.955;-0.257044;0.171696;0;0;0.369208;102.572;-22.2742;-11.4472;0;0;10.4993;107.535;0.672067;-25.4583;0;0;20.8595;122.522;-12.0126;-11.3803;0;0;6.38511;584;580;521;167;167;99;1000;1000;763;937;937;605;1;1;1;1;
133;134;0;0;0.0112996;0;0;0.380507;0;0;1.62599;0;0;12.1253;0;0;1.00237;0;0;21.8618;0;0;0.207162;0;0;6.59227;0.999974;-0.00630197;0.00353915;0.847073;-0.513373;-0.137534;-0.964608;0.129896;0.229476;0.986335;-0.127097;-0.104833;133.955;-0.256705;0.175235;0;0;0.380507;103.508;-22.5982;-11.5848;0;0;12.1253;106.592;0.433431;-25.2288;0;0;21.8618;123.516;-12.0257;-11.4852;0;0;6.59227;558;556;529;187;187;119;1001;1001;822;880;880;531;1;1;1;1;
134;135;0;0;0.0351639;0;0;0.415671;0;0;0.0601405;0;0;12.1855;0;0;0.214629;0;0;22.0765;0;0;0.0457567;0;0;6.63803;0.999975;-0.00458614;-0.00543565;0.98484;-0.0795846;-0.154129;0.949652;-0.207332;-0.234894;0.988696;-0.0831198;-0.124782;134.955;-0.254036;0.169799;0;0;0.415671;104.488;-22.4681;-11.7389;0;0;12.1855;107.549;0.598221;-25.4637;0;0;22.0765;124.508;-11.9939;-11.61;0;0;6.63803;442;442;408;140;140;79;1000;1000;806;722;722;448;1;1;1;1;
135;136;0;0;-0.0274714;0;0;0.3882;0;0;-0.384423;0;0;11.801;0;0;0.908671;0;0;22.9851;0;0;2.27283;0;0;8.91086;0.999858;0.0157676;0.00592262;0.895911;0.411997;-0.166137;0.957912;-0.159621;-0.238591;0.725444;-0.686742;-0.0460027;135.955;-0.231494;0.175722;0;0;0.3882;105.28;-21.8816;-11.905;0;0;11.801;108.494;0.82533;-25.7023;0;0;22.9851;125.331;-12.56;-11.656;0;0;8.91086;586;583;531;126;126;72;1000;1000;761;1000;1000;669;1;1;1;1;
136;137;0;0;0.042265;0;0;0.430465;0;0;0.0967882;0;0;11.8978;0;0;0.856274;0;0;23.8414;0;0;-1.44318;0;0;7.46767;0.999534;-0.0282046;0.0116562;0.999245;-0.0137595;-0.0363227;0.948938;-0.20645;-0.238528;0.697453;0.690721;-0.190953;136.955;-0.252189;0.187378;0;0;0.430465;106.261;-21.689;-11.9414;0;0;11.8978;109.445;1.02006;-25.9408;0;0;23.8414;125.932;-11.7845;-11.8469;0;0;7.46767;606;578;536;111;111;60;1000;1000;794;1000;1000;679;1;1;1;1;
137;138;0;0;0.0280681;0;0;0.458533;0;0;-0.990218;0;0;10.9076;0;0;-0.389832;0;0;23.4516;0;0;-0.331054;0;0;7.13662;0.99991;-0.0123182;-0.00523534;0.870129;0.47959;-0.113444;0.951486;0.227866;-0.206766;0.972917;0.181974;-0.14254;137.955;-0.256504;0.182143;0;0;0.458533;107.025;-21.0534;-12.0548;0;0;10.9076;110.227;1.60777;-26.1476;0;0;23.4516;126.875;-11.4831;-11.9894;0;0;7.13662;823;818;721;105;105;63;1000;1000;866;1000;1000;665;1;1;1;1;
138;139;0;0;-0.0496636;0;0;0.408869;0;0;-1.44368;0;0;9.46392;0;0;0.747961;0;0;24.1995;0;0;-0.218133;0;0;6.91849;0.999543;0.0273624;0.0128825;0.705622;0.692592;-0.149713;0.955888;-0.172995;-0.237382;0.996247;0.0850551;0.0160546;138.954;-0.22201;0.195025;0;0;0.408869;107.607;-20.2543;-12.2045;0;0;9.46392;111.17;1.84182;-26.385;0;0;24.1995;127.854;-11.2786;-11.9734;0;0;6.91849;917;917;820;102;102;63;1000;1000;738;1000;1000;652;1;1;1;1;
139;140;0;0;-0.0216085;0;0;0.387261;0;0;-1.97688;0;0;7.48705;0;0;-0.540862;0;0;23.6587;0;0;-1.37621;0;0;5.54228;0.99983;0.0181742;0.00306942;0.716219;0.677012;-0.169368;0.944486;0.258577;-0.202692;0.75678;0.612882;-0.227289;139.954;-0.197078;0.198095;0;0;0.387261;108.229;-19.4897;-12.3739;0;0;7.48705;111.931;2.45767;-26.5877;0;0;23.6587;128.548;-10.5955;-12.2007;0;0;5.54228;919;918;823;119;119;73;1000;1000;676;1000;1000;694;1;1;1;1;
140;141;0;0;0.0204374;0;0;0.407698;0;0;0.029719;0;0;7.51677;0;0;-0.731758;0;0;22.9269;0;0;0.0448338;0;0;5.58711;0.999859;-0.0158425;0.00554551;0.983238;0.113118;-0.142996;0.896547;0.384199;-0.220441;0.997906;-0.00582245;-0.0644189;140.953;-0.205806;0.20364;0;0;0.407698;109.189;-19.2489;-12.5169;0;0;7.51677;112.607;3.16077;-26.8081;0;0;22.9269;129.542;-10.5042;-12.2651;0;0;5.58711;886;885;797;150;150;93;1000;1000;740;1000;1000;665;1;1;1;1;
141;142;0;0;0.0199434;0;0;0.427642;0;0;0.275118;0;0;7.79188;0;0;-0.468898;0;0;22.458;0;0;-1.65506;0;0;3.93205;0.999979;0.000734244;0.00645462;0.963688;-0.245043;-0.106105;0.941617;0.243923;-0.232075;0.771656;0.601759;-0.205995;141.953;-0.197608;0.210095;0;0;0.427642;110.177;-19.361;-12.623;0;0;7.79188;113.384;3.7459;-27.0402;0;0;22.458;130.27;-9.85091;-12.4711;0;0;3.93205;905;904;795;146;146;89;1000;1000;726;1000;1000;650;1;1;1;1;
142;143;0;0;0.0403338;0;0;0.467975;0;0;-2.84806;0;0;4.94383;0;0;-0.487034;0;0;21.971;0;0;-0.297477;0;0;3.63458;0.99967;-0.0235774;0.0102187;0.527267;0.847425;-0.0621362;0.880692;0.415683;-0.227134;0.985911;0.143609;-0.0857665;142.953;-0.21302;0.220313;0;0;0.467975;110.629;-18.4713;-12.6851;0;0;4.94383;114.046;4.46089;-27.2673;0;0;21.971;131.245;-9.64509;-12.5569;0;0;3.63458;863;857;741;170;170;110;1000;1000;689;1000;1000;641;1;1;1;1;
143;144;0;0;-0.0578082;0;0;0.410167;0;0;-0.121436;0;0;4.82239;0;0;-0.522203;0;0;21.4488;0;0;-0.792416;0;0;2.84216;0.999473;0.0322592;0.00350604;0.971581;0.187667;-0.144264;-0.953252;-0.205657;0.221394;0.857135;0.460951;-0.229878;143.952;-0.173606;0.223819;0;0;0.410167;111.581;-18.2027;-12.8294;0;0;4.82239;113.234;3.92091;-27.0459;0;0;21.4488;132.078;-9.14221;-12.7867;0;0;2.84216;707;707;570;137;137;84;1000;1000;854;1000;1000;664;1;1;1;1;
144;145;0;0;0.0125749;0;0;0.422742;0;0;0.503975;0;0;5.32637;0;0;0.474191;0;0;21.923;0;0;-0.528852;0;0;2.31331;0.999914;-0.012968;-0.00179297;0.920072;-0.386312;-0.0650507;-0.697576;-0.696017;0.170143;0.957312;0.260668;-0.124925;144.952;-0.179197;0.222026;0;0;0.422742;112.533;-18.5019;-12.8944;0;0;5.32637;112.846;3.01477;-26.8758;0;0;21.923;133.024;-8.84311;-12.9117;0;0;2.31331;739;739;591;150;150;98;1000;1000;832;1000;1000;670;1;1;1;1;
145;146;0;0;-0.0269875;0;0;0.395755;0;0;0.0953345;0;0;5.4217;0;0;-0.567271;0;0;21.3557;0;0;0.456039;0;0;2.76935;0.999859;0.00918212;-0.0140623;0.985688;0.125002;-0.11311;0.93042;0.298727;-0.212323;-0.072463;-0.0413275;-0.996515;145.952;-0.163108;0.207964;0;0;0.395755;113.503;-18.2843;-13.0075;0;0;5.4217;113.604;3.63181;-27.0881;0;0;21.3557;132.954;-8.88789;-13.9082;0;0;2.76935;794;791;651;146;146;98;1000;1000;762;1000;1000;627;1;1;1;1;
146;147;0;0;-0.0407513;0;0;0.355003;0;0;-5.3477;0;0;0.0740004;0;0;-0.852359;0;0;20.5033;0;0;0.120181;0;0;2.88953;0.999642;0.0264814;-0.00385174;0.254529;0.962663;-0.0921719;0.906443;0.363853;-0.21441;0.991739;-0.0470246;0.119342;146.952;-0.130434;0.204112;0;0;0.355003;113.756;-17.3213;-13.0997;0;0;0.0740004;114.326;4.2901;-27.3025;0;0;20.5033;133.947;-8.88486;-13.7888;0;0;2.88953;831;830;722;153;153;101;1000;1000;844;1000;1000;644;1;1;1;1;
147;148;0;0;-0.0450107;0;0;0.309993;0;0;-2.33678;0;0;-2.26278;0;0;-1.17937;0;0;19.324;0;0;0.186369;0;0;3.0759;0.999378;0.0296483;-0.0191182;0.430428;0.895299;-0.114768;-0.949994;-0.212799;0.228534;0.996993;-0.0773037;0.00535458;147.951;-0.095379;0.184994;0;0;0.309993;114.222;-16.4437;-13.2145;0;0;-2.26278;113.5;3.77493;-27.074;0;0;19.324;134.947;-8.90856;-13.7835;0;0;3.0759;735;735;635;148;148;94;1000;1000;819;1000;1000;654;1;1;1;1;
148;149;0;0;-0.0295779;0;0;0.280415;0;0;-0.200392;0;0;-2.46317;0;0;-1.20811;0;0;18.1159;0;0;-0.135762;0;0;2.94014;0.999842;0.0176472;-0.00207051;0.983801;0.142315;-0.109006;-0.935768;-0.266846;0.230502;0.0117209;0.0133686;-0.999842;148.951;-0.0728386;0.182924;0;0;0.280415;115.211;-16.3438;-13.3235;0;0;-2.46317;112.693;3.23035;-26.8435;0;0;18.1159;134.958;-8.8946;-14.7833;0;0;2.94014;823;821;707;148;148;87;1000;1000;819;1000;1000;675;1;1;1;1;
149;150;0;0;0.0137315;0;0;0.294146;0;0;0.0224749;0;0;-2.44069;0;0;-0.814259;0;0;17.3016;0;0;-0.351554;0;0;2.58858;0.999897;-0.00451923;0.0135945;0.994828;-0.0296346;-0.0971583;0.916047;0.330053;-0.227866;-0.0353177;0.116112;-0.992608;149.951;-0.0722245;0.196518;0;0;0.294146;116.203;-16.4158;-13.4206;0;0;-2.44069;113.47;3.8179;-27.0713;0;0;17.3016;134.917;-8.78021;-15.7759;0;0;2.58858;808;805;710;120;120;76;1000;1000;763;1000;1000;618;1;1;1;1;
150;151;0;0;-0.0738738;0;0;0.220273;0;0;-7.02656;0;0;-9.46725;0;0;-0.51159;0;0;16.79;0;0;0.265652;0;0;2.85424;0.999674;0.0255167;0.000924719;0.168791;0.985189;-0.0302188;0.930017;0.286635;-0.23002;0.988062;-0.0659052;0.139251;150.95;-0.0428648;0.197443;0;0;0.220273;116.532;-15.4718;-13.4509;0;0;-9.46725;114.277;4.36096;-27.3013;0;0;16.79;135.907;-8.79683;-15.6367;0;0;2.85424;843;835;691;134;134;93;1000;1000;820;1000;1000;640;1;1;1;1;
151;152;0;0;0.0185007;0;0;0.238773;0;0;-1.62101;0;0;-11.0883;0;0;0.0626896;0;0;16.8527;0;0;0.0366211;0;0;2.89086;0.999761;-0.0216807;-0.00269191;0.73977;0.650747;-0.171081;0.972066;0.0362963;-0.231884;0.99217;-0.00990938;0.124501;151.95;-0.060379;0.194751;0;0;0.238773;117.383;-14.9755;-13.6219;0;0;-11.0883;115.197;4.67751;-27.5332;0;0;16.8527;136.899;-8.75669;-15.5122;0;0;2.89086;860;845;725;114;114;74;1000;1000;864;1000;1000;603;1;1;1;1;
152;153;0;0;0.0371747;0;0;0.275948;0;0;-0.238883;0;0;-11.3271;0;0;1.49047;0;0;18.3432;0;0;0.30495;0;0;3.19581;0.999663;-0.0228051;-0.0123651;0.976778;0.186693;-0.105119;-0.82987;-0.517139;0.209482;0.989535;-0.140724;0.0318845;152.95;-0.0783692;0.182386;0;0;0.275948;118.377;-14.9842;-13.7271;0;0;-11.3271;114.572;3.92549;-27.3237;0;0;18.3432;137.894;-8.84203;-15.4803;0;0;3.19581;805;804;647;127;127;75;1000;1000;786;1000;1000;673;1;1;1;1;
153;154;0;0;0.00982834;0;0;0.285776;0;0;0.785969;0;0;-10.5412;0;0;0.187788;0;0;18.531;0;0;-0.445298;0;0;2.75051;0.999491;-0.0315672;-0.00461303;0.909137;-0.410236;-0.071949;-0.881422;-0.422428;0.211306;0.971332;0.201426;-0.126261;153.949;-0.104951;0.177773;0;0;0.285776;119.196;-15.5539;-13.799;0;0;-10.5412;113.871;3.24483;-27.1124;0;0;18.531;138.855;-8.59422;-15.6066;0;0;2.75051;853;853;693;110;110;75;1000;1000;876;1000;1000;620;1;1;1;1;
154;155;0;0;0.00292866;0;0;0.288705;0;0;-0.860671;0;0;-11.4018;0;0;-0.111159;0;0;18.4198;0;0;-0.0580651;0;0;2.69244;0.999994;-0.00255426;0.00250643;0.846697;0.490468;-0.206267;0.92464;0.306284;-0.226342;0.99521;-0.0701333;-0.0681054;154.949;-0.102466;0.180279;0;0;0.288705;120.123;-15.2405;-14.0053;0;0;-11.4018;114.651;3.82759;-27.3388;0;0;18.4198;139.852;-8.61753;-15.6747;0;0;2.69244;868;867;722;128;128;90;1000;1000;811;1000;1000;679;1;1;1;1;
155;156;0;0;-0.0651478;0;0;0.223557;0;0;-0.849703;0;0;-12.2516;0;0;0.689223;0;0;19.109;0;0;-0.302011;0;0;2.39043;0.999074;0.0416415;-0.0107981;0.85447;0.486094;-0.183284;0.912538;-0.340251;-0.226945;0.995844;0.0899316;0.0144214;155.948;-0.0569269;0.169481;0;0;0.223557;121.061;-14.9468;-14.1886;0;0;-12.2516;115.625;3.80482;-27.5657;0;0;19.109;140.844;-8.48614;-15.6602;0;0;2.39043;800;771;600;125;125;81;1000;1000;800;1000;1000;610;1;1;1;1;
156;157;0;0;-0.0310831;0;0;0.192474;0;0;-1.99424;0;0;-14.2458;0;0;-0.93898;0;0;18.17;0;0;-0.374994;0;0;2.01544;0.999719;0.0222298;0.00824415;0.729428;0.64751;-0.220604;0.910647;0.345677;-0.226339;0.994238;0.0922192;-0.0546466;156.948;-0.0313389;0.177725;0;0;0.192474;121.927;-14.4987;-14.4092;0;0;-14.2458;116.382;4.41723;-27.7921;0;0;18.17;141.834;-8.35901;-15.7149;0;0;2.01544;845;831;715;138;138;94;1000;1000;750;1000;1000;638;1;1;1;1;
157;158;0;0;-0.0466539;0;0;0.14582;0;0;0.200152;0;0;-14.0456;0;0;5.46006;0;0;23.6301;0;0;-0.749037;0;0;1.2664;0.999034;0.0388421;-0.0205304;0.987563;-0.113366;-0.108938;-0.903291;-0.369345;0.218287;0.863911;0.44942;-0.227333;157.947;0.0100456;0.157195;0;0;0.14582;122.858;-14.8483;-14.5181;0;0;-14.0456;115.703;3.71679;-27.5738;0;0;23.6301;142.688;-7.89061;-15.9422;0;0;1.2664;855;842;735;115;115;71;1000;1000;823;1000;1000;664;1;1;1;1;
158;159;0;0;-0.0129003;0;0;0.13292;0;0;-1.28474;0;0;-15.3304;0;0;0.172896;0;0;23.803;0;0;0.280415;0;0;1.54682;0.999748;0.0124354;0.0186992;0.843398;0.491358;-0.217364;-0.91114;0.343478;0.227698;0.995533;-0.068807;-0.0646471;158.947;0.0248003;0.175894;0;0;0.13292;123.801;-14.5974;-14.7355;0;0;-15.3304;114.73;3.66332;-27.3461;0;0;23.803;143.685;-7.93252;-16.0069;0;0;1.54682;868;864;764;110;110;77;1000;1000;734;1000;1000;657;1;1;1;1;
159;160;0;0;0.000238071;0;0;0.133158;0;0;-0.297347;0;0;-15.6277;0;0;0.526299;0;0;24.3293;0;0;-0.250648;0;0;1.29617;0.999569;0.00543939;0.028844;0.966438;0.24598;-0.0741039;0.903726;-0.367741;-0.219193;0.992166;0.117936;-0.041198;159.946;0.0325628;0.204738;0;0;0.133158;124.798;-14.6209;-14.8096;0;0;-15.6277;115.705;3.70055;-27.5653;0;0;24.3293;144.674;-7.79217;-16.0481;0;0;1.29617;809;808;684;106;106;68;1000;1000;824;1000;1000;641;1;1;1;1;
160;161;0;0;-0.00686727;0;0;0.126291;0;0;0.479337;0;0;-15.1484;0;0;0.456273;0;0;24.7856;0;0;-0.216209;0;0;1.07996;0.999926;0.00992108;-0.00708776;0.941847;-0.304968;-0.141132;0.940193;-0.294233;-0.171653;0.985429;0.1534;-0.0734686;160.946;0.0446878;0.19765;0;0;0.126291;125.628;-15.1614;-14.9507;0;0;-15.1484;116.682;3.82758;-27.7369;0;0;24.7856;145.656;-7.62022;-16.1215;0;0;1.07996;892;875;743;126;126;79;1000;1000;757;1000;1000;677;1;1;1;1;
161;162;0;0;0.0191922;0;0;0.145483;0;0;0.504186;0;0;-14.6442;0;0;0.792662;0;0;25.5782;0;0;0.0669575;0;0;1.14692;0.999792;-0.0157898;-0.0129283;0.946052;-0.288109;-0.148251;0.907266;-0.357642;-0.221271;0.997812;-0.0349151;0.0561522;161.946;0.0314367;0.184722;0;0;0.145483;126.47;-15.6793;-15.099;0;0;-14.6442;117.655;3.89669;-27.9582;0;0;25.5782;146.655;-7.63516;-16.0654;0;0;1.14692;881;869;766;103;103;73;1000;1000;775;1000;1000;642;1;1;1;1;
162;163;0;0;0.013;0;0;0.158483;0;0;3.32281;0;0;-11.3214;0;0;-0.812844;0;0;24.7654;0;0;0.00857423;0;0;1.15549;0.999726;-0.0197235;-0.0126398;0.422466;-0.906352;-0.00695435;0.933519;0.275658;-0.229249;0.999198;-0.0221906;-0.0333399;162.946;0.0144785;0.172082;0;0;0.158483;126.706;-16.651;-15.1059;0;0;-11.3214;118.387;4.53805;-28.1875;0;0;24.7654;147.654;-7.63719;-16.0987;0;0;1.15549;858;855;690;127;127;92;1000;1000;691;1000;1000;716;1;1;1;1;
163;164;0;0;-0.00532353;0;0;0.153159;0;0;-0.0265554;0;0;-11.3479;0;0;-0.99413;0;0;23.7713;0;0;0.0632565;0;0;1.21875;0.999938;0.00873066;-0.00690657;0.989369;-0.0474114;-0.137478;0.962784;0.168749;-0.211118;0.999916;-0.0127012;0.00241293;163.946;0.0258821;0.165176;0;0;0.153159;127.667;-16.8921;-15.2434;0;0;-11.3479;119.2;5.08057;-28.3986;0;0;23.7713;148.654;-7.62862;-16.0963;0;0;1.21875;859;847;717;127;127;82;1000;1000;711;1000;1000;678;1;1;1;1;
164;165;0;0;-0.0169169;0;0;0.136242;0;0;-0.984175;0;0;-12.3321;0;0;-0.492548;0;0;23.2787;0;0;0.275755;0;0;1.4945;0.99991;0.011696;0.00663778;0.826326;0.562911;-0.0177964;0.91309;0.335;-0.232471;0.98923;-0.124204;-0.0774458;164.945;0.0399558;0.171814;0;0;0.136242;128.595;-16.5187;-15.2612;0;0;-12.3321;119.907;5.74915;-28.631;0;0;23.2787;149.646;-7.72699;-16.1738;0;0;1.4945;837;837;757;163;163;100;1001;1001;670;1000;1000;720;1;1;1;1;
165;166;0;0;-0.0360418;0;0;0.1002;0;0;0.302205;0;0;-12.0299;0;0;0.55738;0;0;23.8361;0;0;0.30494;0;0;1.79944;0.99995;0.008422;-0.00544487;0.960496;-0.231169;-0.154945;0.904764;-0.375645;-0.200731;0.981799;-0.141591;-0.126583;165.945;0.0501265;0.166369;0;0;0.1002;129.486;-16.945;-15.4161;0;0;-12.0299;120.886;5.77118;-28.8318;0;0;23.8361;150.632;-7.83768;-16.3003;0;0;1.79944;774;769;691;159;159;110;1001;1001;662;1000;1000;724;1;1;1;1;
166;167;0;0;-0.00998423;0;0;0.0902162;0;0;-0.322669;0;0;-12.3526;0;0;1.39283;0;0;25.2289;0;0;-0.269573;0;0;1.52987;0.999988;0.00114648;0.00466532;0.957743;0.263773;-0.114685;0.711251;-0.6864;-0.151579;0.989388;0.129183;-0.0665034;166.945;0.0528475;0.171034;0;0;0.0902162;130.478;-16.8922;-15.5308;0;0;-12.3526;121.822;5.45342;-28.9833;0;0;25.2289;151.618;-7.68212;-16.3668;0;0;1.52987;784;782;683;210;210;145;1000;1000;654;1000;1000;718;1;1;1;1;
167;168;0;0;-0.0246437;0;0;0.0655726;0;0;0.941282;0;0;-11.4113;0;0;0.652556;0;0;25.8815;0;0;1.24629;0;0;2.77616;0.999775;0.00643088;0.0202279;0.891462;-0.446897;-0.0746876;0.897921;-0.386385;-0.210818;0.843767;-0.512979;-0.157828;167.945;0.0604226;0.191262;0;0;0.0655726;131.263;-17.5066;-15.6055;0;0;-11.4113;122.799;5.49774;-29.1942;0;0;25.8815;152.485;-8.15363;-16.5247;0;0;2.77616;710;707;626;210;210;140;1000;1000;741;1000;1000;666;1;1;1;1;
168;169;0;0;0.0520524;0;0;0.117625;0;0;2.06487;0;0;-9.34644;0;0;-0.454493;0;0;25.427;0;0;0.11831;0;0;2.89447;0.998386;-0.0355762;0.0442626;0.739186;-0.670033;-0.0682646;0.965307;0.0925004;-0.244184;0.997896;-0.0606407;-0.0229553;168.944;0.0268961;0.235524;0;0;0.117625;131.884;-18.2878;-15.6738;0;0;-9.34644;123.631;5.99575;-29.4384;0;0;25.427;153.485;-8.16381;-16.5476;0;0;2.89447;720;719;654;248;248;173;1002;1002;668;1000;1000;658;1;1;1;1;
169;170;0;0;-0.0119935;0;0;0.105631;0;0;-0.119687;0;0;-9.46612;0;0;-0.0738314;0;0;25.3532;0;0;1.56783;0;0;4.46231;0.999938;0.00959189;0.00558424;0.992415;0.102701;-0.0675613;0.955784;-0.182995;-0.230197;0.816789;-0.55778;-0.147436;169.943;0.0383315;0.241109;0;0;0.105631;132.88;-18.3497;-15.7413;0;0;-9.46612;124.573;6.23964;-29.6685;0;0;25.3532;154.343;-8.65635;-16.6951;0;0;4.46231;657;652;574;218;218;143;1000;1000;648;1000;1000;662;1;1;1;1;
170;171;0;0;-0.0237266;0;0;0.0819049;0;0;0.561222;0;0;-8.9049;0;0;0.716158;0;0;26.0693;0;0;0.926005;0;0;5.38831;0.999894;0.0128605;-0.00684617;0.915981;-0.345589;-0.203829;0.911521;-0.36278;-0.193703;0.883981;-0.437192;-0.165652;170.943;0.0526213;0.234263;0;0;0.0819049;133.731;-18.8329;-15.9452;0;0;-8.9049;125.551;6.31434;-29.8623;0;0;26.0693;155.264;-9.0086;-16.8607;0;0;5.38831;715;712;627;223;223;145;1000;1000;657;1000;1000;698;1;1;1;1;
171;172;0;0;-0.00759737;0;0;0.0743076;0;0;1.78274;0;0;-7.12216;0;0;-0.298691;0;0;25.7706;0;0;0.26609;0;0;5.6544;0.999995;0.00305122;-0.000183762;0.704642;-0.705266;-0.0779751;0.968419;0.0564817;-0.242849;0.98146;-0.152679;-0.115871;171.943;0.0569694;0.234079;0;0;0.0743076;134.343;-19.6201;-16.0231;0;0;-7.12216;126.399;6.78625;-30.1051;0;0;25.7706;156.255;-9.06383;-16.9766;0;0;5.6544;657;646;529;207;207;138;1000;1000;658;1000;1000;650;1;1;1;1;
172;173;0;0;0.0315492;0;0;0.105857;0;0;0.929432;0;0;-6.19272;0;0;-1.10138;0;0;24.6692;0;0;0.0654632;0;0;5.71986;0.999782;-0.00876094;-0.0189344;0.845558;-0.52142;-0.114684;0.869282;0.44489;-0.215457;0.998388;-0.0257738;-0.0505669;172.943;0.0500557;0.215144;0;0;0.105857;135.127;-20.2297;-16.1378;0;0;-6.19272;127.003;7.55335;-30.3206;0;0;24.6692;157.251;-8.98997;-17.0272;0;0;5.71986;736;731;637;222;222;147;1000;1000;665;1000;1000;687;1;1;1;1;
173;174;0;0;-0.0113338;0;0;0.094523;0;0;0.554205;0;0;-5.63852;0;0;1.77799;0;0;26.4472;0;0;0.329952;0;0;6.04982;0.999867;0.00812258;0.0141269;0.893629;-0.404752;-0.193914;0.698613;-0.697805;-0.158138;0.984931;-0.171242;0.024235;173.943;0.0598278;0.229271;0;0;0.094523;135.977;-20.7203;-16.3317;0;0;-5.63852;127.939;7.23972;-30.4787;0;0;26.4472;158.249;-9.05646;-17.0029;0;0;6.04982;650;644;599;193;193;123;1000;1000;647;1000;1000;675;1;1;1;1;
174;175;0;0;-0.00375827;0;0;0.0907647;0;0;-0.0677849;0;0;-5.7063;0;0;0.570459;0;0;27.0177;0;0;0.17443;0;0;6.22424;0.999948;-0.00630645;0.00799097;0.991286;-0.0683372;-0.11261;0.893834;-0.388307;-0.224227;0.98121;-0.0750957;-0.177731;174.943;0.0551054;0.237262;0;0;0.0907647;136.956;-20.8869;-16.4443;0;0;-5.7063;128.912;7.29983;-30.7029;0;0;27.0177;159.233;-9.02473;-17.1806;0;0;6.22424;628;615;536;200;200;127;1000;1000;689;1000;1000;696;1;1;1;1;
175;176;0;0;0.0268506;0;0;0.117615;0;0;4.04433;0;0;-1.66197;0;0;0.497815;0;0;27.5155;0;0;0.375339;0;0;6.59958;0.999956;-0.00536026;0.00770211;0.512919;-0.855036;-0.0763432;0.928386;-0.293052;-0.228515;0.989026;-0.130028;-0.0701507;175.943;0.0517978;0.244964;0;0;0.117615;137.444;-21.7564;-16.5207;0;0;-1.66197;129.871;7.46883;-30.9314;0;0;27.5155;160.23;-9.04022;-17.2508;0;0;6.59958;484;476;399;172;172;119;1000;1000;797;1000;1000;634;1;1;1;1;
176;177;0;0;-0.0748795;0;0;0.0427358;0;0;-0.671634;0;0;-2.33361;0;0;0.377986;0;0;27.8935;0;0;-3.1576;0;0;3.44198;0.999311;0.0287784;-0.0234491;0.819675;0.540393;-0.190021;0.946186;-0.22686;-0.230798;0.408343;0.901523;-0.143221;176.942;0.0813216;0.221515;0;0;0.0427358;138.285;-21.2499;-16.7107;0;0;-2.33361;130.813;7.71098;-31.1622;0;0;27.8935;160.583;-8.11581;-17.394;0;0;3.44198;531;527;479;173;173;126;1001;1001;810;1000;1000;691;1;1;1;1;
177;178;0;0;0.0556862;0;0;0.098422;0;0;1.36145;0;0;-0.972161;0;0;0.645823;0;0;28.5393;0;0;0.114273;0;0;3.55626;0.999265;-0.0362498;-0.0124353;0.788115;-0.595527;-0.155634;0.914569;-0.337507;-0.22283;0.986195;-0.017426;-0.164667;177.941;0.0467884;0.20908;0;0;0.098422;139.063;-21.8587;-16.8663;0;0;-0.972161;131.778;7.85143;-31.3851;0;0;28.5393;161.569;-8.07203;-17.5587;0;0;3.55626;475;464;416;154;154;96;1000;1000;858;1000;1000;671;1;1;1;1;
178;179;0;0;-0.0828582;0;0;0.0155638;0;0;-1.9589;0;0;-2.93107;0;0;-0.22513;0;0;28.3142;0;0;-0.26443;0;0;3.29183;0.998965;0.0443173;-0.0102201;0.871594;0.463289;-0.160271;-0.890077;0.395986;0.225739;0.98634;0.150846;-0.0661789;178.94;0.091377;0.19886;0;0;0.0155638;139.957;-21.4406;-17.0266;0;0;-2.93107;130.806;7.77787;-31.1593;0;0;28.3142;162.545;-7.8648;-17.6249;0;0;3.29183;666;657;548;154;154;100;1000;1000;757;1000;1000;677;1;1;1;1;
179;180;0;0;0.0199261;0;0;0.0354898;0;0;-0.278701;0;0;-3.20977;0;0;-0.229498;0;0;28.0847;0;0;0.166717;0;0;3.45854;0.999839;-0.0149185;0.00995598;0.987787;0.119707;-0.0997323;-0.884187;0.411039;0.221946;0.994688;-0.0988176;-0.0288313;179.94;0.0770778;0.208816;0;0;0.0354898;140.95;-21.3763;-17.1263;0;0;-3.20977;129.833;7.72426;-30.9374;0;0;28.0847;163.544;-7.90343;-17.6537;0;0;3.45854;640;624;553;134;134;79;1000;1000;738;1000;1000;632;1;1;1;1;
180;181;0;0;0.027881;0;0;0.0633709;0;0;-0.415985;0;0;-3.62575;0;0;0.277219;0;0;28.3619;0;0;0.371863;0;0;3.83041;0.999959;-0.00897484;-0.00123564;0.968397;0.20205;-0.14623;-0.898412;-0.380027;0.220082;0.96734;-0.222687;-0.121098;180.94;0.069209;0.20758;0;0;0.0633709;141.929;-21.2359;-17.2726;0;0;-3.62575;129.223;6.96306;-30.7173;0;0;28.3619;164.524;-8.061;-17.7748;0;0;3.83041;646;608;516;146;146;95;1000;1000;822;1000;1000;654;1;1;1;1;
181;182;0;0;-0.0864126;0;0;-0.0230417;0;0;-1.65127;0;0;-5.27702;0;0;0.391402;0;0;28.7533;0;0;0.257908;0;0;4.08831;0.999121;0.0383487;-0.016928;0.711244;0.694702;-0.107332;0.935714;-0.268584;-0.228694;0.967897;-0.207058;-0.142486;181.939;0.107156;0.190652;0;0;-0.0230417;142.702;-20.6096;-17.3799;0;0;-5.27702;130.172;7.17771;-30.946;0;0;28.7533;165.504;-8.19852;-17.9173;0;0;4.08831;587;587;529;110;110;72;1000;1000;806;1000;1000;670;1;1;1;1;
182;183;0;0;-0.0545234;0;0;-0.0775651;0;0;-0.0931468;0;0;-5.37017;0;0;-0.608739;0;0;28.1446;0;0;0.0670155;0;0;4.15533;0.99924;0.034877;-0.0173855;0.994032;0.056075;-0.0935701;0.948587;0.211879;-0.235136;0.99746;-0.0381629;-0.0601422;182.939;0.14068;0.173267;0;0;-0.0775651;143.697;-20.6468;-17.4735;0;0;-5.37017;130.909;7.81199;-31.1811;0;0;28.1446;166.502;-8.16431;-17.9774;0;0;4.15533;619;619;530;144;144;87;1000;1000;754;1000;1000;726;1;1;1;1;
183;184;0;0;-0.0584629;0;0;-0.136028;0;0;-0.47911;0;0;-5.84928;0;0;-0.525283;0;0;27.6193;0;0;0.0571344;0;0;4.21246;0.99943;0.0335784;-0.00357254;0.948054;0.292747;-0.124471;0.915536;0.329787;-0.23029;0.996497;0.0117713;-0.0827985;183.938;0.171886;0.169694;0;0;-0.136028;144.669;-20.4522;-17.5979;0;0;-5.84928;131.567;8.52863;-31.4114;0;0;27.6193;167.494;-8.07937;-18.0602;0;0;4.21246;643;637;575;145;145;93;1001;1001;756;1000;1000;705;1;1;1;1;
184;185;0;0;-0.0166528;0;0;-0.152681;0;0;-0.787033;0;0;-6.63631;0;0;-0.157813;0;0;27.4615;0;0;0.278217;0;0;4.49068;0.999966;0.00394781;-0.00730784;0.872859;0.467309;-0.1405;-0.896037;0.384365;0.222217;0.986785;-0.162025;-0.00154629;184.938;0.173169;0.162386;0;0;-0.152681;145.59;-20.0889;-17.7384;0;0;-6.63631;130.595;8.45648;-31.1892;0;0;27.4615;168.491;-8.16364;-18.0618;0;0;4.49068;614;607;532;169;169;108;1000;1000;761;1000;1000;688;1;1;1;1;
185;186;0;0;-0.168857;0;0;-0.321538;0;0;-1.46865;0;0;-8.10497;0;0;0.825629;0;0;28.2871;0;0;-0.210854;0;0;4.27983;0.996176;0.0860056;-0.0153637;0.783616;0.603027;-0.149345;0.888563;-0.396677;-0.230441;0.989283;0.131823;-0.062779;185.935;0.253583;0.147023;0;0;-0.321538;146.451;-19.6024;-17.8878;0;0;-8.10497;131.565;8.52825;-31.4196;0;0;28.2871;169.468;-7.95835;-18.1245;0;0;4.27983;575;575;484;134;134;81;1000;1000;746;1000;1000;654;1;1;1;1;
186;187;0;0;-0.0622891;0;0;-0.383827;0;0;-0.357142;0;0;-8.46211;0;0;-0.290673;0;0;27.9964;0;0;-0.1053;0;0;4.17453;0.999492;0.0315093;0.00478847;0.960644;0.238139;-0.143013;0.925261;0.302396;-0.229016;0.997363;0.0651727;-0.0319316;186.934;0.278396;0.151811;0;0;-0.383827;147.437;-19.5082;-18.0308;0;0;-8.46211;132.24;9.22959;-31.6487;0;0;27.9964;170.458;-7.82075;-18.1565;0;0;4.17453;597;596;480;159;159;102;1000;1000;761;1000;1000;667;1;1;1;1;
187;188;0;0;-0.152714;0;0;-0.536541;0;0;0.57085;0;0;-7.89126;0;0;0.948473;0;0;28.9449;0;0;0.209281;0;0;4.38381;0.995772;0.0788316;-0.0471582;0.9081;-0.375799;-0.184743;0.938496;-0.283084;-0.197707;0.995407;-0.0949056;-0.0125692;187.931;0.347899;0.104653;0;0;-0.536541;148.284;-20.0051;-18.2155;0;0;-7.89126;133.198;9.43607;-31.8464;0;0;28.9449;171.457;-7.83929;-18.169;0;0;4.38381;540;537;426;138;138;96;1000;1000;863;1000;1000;647;1;1;1;1;
188;189;0;0;-0.011246;0;0;-0.547787;0;0;1.23067;0;0;-6.66059;0;0;-0.772407;0;0;28.1725;0;0;-0.535049;0;0;3.84876;0.999992;0.00191299;0.00337523;0.850807;-0.495588;-0.174698;0.947895;0.215349;-0.234778;0.943542;0.295459;-0.149773;188.931;0.340252;0.108028;0;0;-0.547787;149.072;-20.596;-18.3902;0;0;-6.66059;133.932;10.0734;-32.0811;0;0;28.1725;172.379;-7.48117;-18.3188;0;0;3.84876;524;510;433;158;158;105;1000;1000;820;1000;1000;700;1;1;1;1;
189;190;0;0;-0.0159682;0;0;-0.563755;0;0;0.323535;0;0;-6.33706;0;0;-0.415979;0;0;27.7565;0;0;-0.0879977;0;0;3.76076;0.999712;0.0156512;-0.0181902;0.955895;-0.23951;-0.169998;0.924186;0.30229;-0.233454;0.996594;0.0275616;0.0777261;189.931;0.346066;0.0898379;0;0;-0.563755;149.996;-20.9396;-18.5602;0;0;-6.33706;134.609;10.7713;-32.3146;0;0;27.7565;173.372;-7.3883;-18.2411;0;0;3.76076;528;525;455;132;132;90;1000;1000;753;1000;1000;656;1;1;1;1;
190;191;0;0;0.0943313;0;0;-0.469424;0;0;0.0960359;0;0;-6.24102;0;0;0.442231;0;0;28.1987;0;0;-0.23405;0;0;3.52671;0.998575;-0.0484412;0.0224077;0.965786;-0.194034;-0.17207;0.93443;-0.268961;-0.233452;0.988808;0.13235;-0.0688671;190.929;0.289445;0.112246;0;0;-0.469424;150.935;-21.2375;-18.7323;0;0;-6.24102;135.56;10.9759;-32.5481;0;0;28.1987;174.35;-7.19537;-18.31;0;0;3.52671;519;515;405;163;163;103;1000;1000;747;1000;1000;675;1;1;1;1;
191;192;0;0;0.00972515;0;0;-0.459699;0;0;-0.211151;0;0;-6.45217;0;0;1.05373;0;0;29.2525;0;0;0.205738;0;0;3.73245;0.999944;-0.0103326;-0.00214687;0.972529;0.15853;-0.170457;0.888988;-0.405448;-0.212867;-0.0624428;-0.0300876;-0.997595;191.929;0.27109;0.110099;0;0;-0.459699;151.919;-21.1892;-18.9028;0;0;-6.45217;136.534;11.0565;-32.7609;0;0;29.2525;174.29;-7.22946;-19.3076;0;0;3.73245;461;459;387;150;150;100;1000;1000;856;1000;1000;633;1;1;1;1;
192;193;0;0;0.129324;0;0;-0.330375;0;0;4.94833;0;0;-1.50384;0;0;0.603269;0;0;29.8557;0;0;0.486728;0;0;4.21918;0.996606;-0.0706358;0.0422703;0.0676217;-0.996353;-0.052047;0.910805;-0.350565;-0.218032;0.962537;-0.23894;-0.12818;192.925;0.194709;0.152369;0;0;-0.330375;151.96;-22.187;-18.9548;0;0;-1.50384;137.498;11.2059;-32.9789;0;0;29.8557;175.268;-7.39694;-19.4357;0;0;4.21918;469;468;358;169;169;117;1000;1000;832;1000;1000;684;1;1;1;1;
193;194;0;0;-0.00915758;0;0;-0.339533;0;0;-0.778899;0;0;-2.28274;0;0;0.335906;0;0;30.1917;0;0;-0.0276935;0;0;4.19148;0.999381;0.0155601;0.0315511;0.893875;0.421682;-0.152225;0.91519;-0.331806;-0.228763;0.983681;0.102072;-0.148166;193.924;0.204346;0.18392;0;0;-0.339533;152.87;-21.8013;-19.107;0;0;-2.28274;138.456;11.3793;-33.2077;0;0;30.1917;176.241;-7.22324;-19.5839;0;0;4.19148;409;405;337;160;160;118;1000;1000;746;1000;1000;637;1;1;1;1;
194;195;0;0;-0.0419952;0;0;-0.381528;0;0;-0.13218;0;0;-2.41492;0;0;0.778288;0;0;30.9699;0;0;-0.133906;0;0;4.05758;0.998732;0.0219675;0.0452912;0.957513;0.235311;-0.166724;0.918899;-0.318548;-0.232706;0.999331;0.0364795;-0.00277823;194.923;0.219663;0.229211;0;0;-0.381528;153.837;-21.6065;-19.2738;0;0;-2.41492;139.408;11.5791;-33.4404;0;0;30.9699;177.235;-7.11614;-19.5867;0;0;4.05758;386;386;285;155;155;121;1000;1000;813;1000;1000;642;1;1;1;1;
195;196;0;0;0.210882;0;0;-0.170646;0;0;-0.183868;0;0;-2.59879;0;0;0.379118;0;0;31.3491;0;0;-0.311868;0;0;3.74571;0.99087;-0.108496;0.0800383;0.968297;0.179761;-0.173455;0.881587;-0.415483;-0.224005;0.969906;0.178839;-0.165222;195.914;0.108216;0.30925;0;0;-0.170646;154.812;-21.4708;-19.4472;0;0;-2.59879;140.377;11.6829;-33.6644;0;0;31.3491;178.191;-6.87432;-19.7519;0;0;3.74571;394;393;312;152;152;106;1000;1000;741;1000;1000;651;1;1;1;1;
196;197;0;0;-0.585904;0;0;-0.75655;0;0;-0.309384;0;0;-2.90817;0;0;-11.5122;0;0;19.8368;0;0;3.59919;0;0;7.3449;0.953968;0.236846;-0.183981;-0.948661;-0.258131;0.182787;-0.841919;0.497893;0.208026;0.841475;-0.496862;-0.212245;196.871;0.332445;0.125269;0;0;-0.75655;153.852;-21.6805;-19.2644;0;0;-2.90817;139.416;11.8655;-33.4564;0;0;19.8368;179.09;-7.25953;-19.9641;0;0;7.3449;388;365;311;158;158;125;1000;1000;942;1000;1000;786;1;1;1;1;
197;198;0;0;0.126492;0;0;-0.630057;0;0;0.486523;0;0;-2.42165;0;0;1.23366;0;0;21.0705;0;0;-0.0619418;0;0;7.28296;0.99612;-0.071598;0.0511747;0.974547;0.0957991;-0.202681;0.907283;-0.356805;-0.222546;0.991716;0.00545794;-0.128337;197.866;0.249898;0.176443;0;0;-0.630057;154.829;-21.626;-19.4671;0;0;-2.42165;140.391;11.8588;-33.6789;0;0;21.0705;180.073;-7.1284;-20.0925;0;0;7.28296;339;339;246;144;144;108;1000;1000;810;1000;1000;631;1;1;1;1;
