length=;998;
t1;t2;x;y;z;roll;pitch;yaw;numCorners;numMatches;numInliers;estValid;
0;0.2;0.987172;-0.155895;-0.0344714;0;0;-0.719274;802;786;783;1;
0.2;0.4;-0.990049;0.140715;-0.00144655;0;0;-0.721507;758;751;749;1;
0.4;0.6;-0.993267;0.114173;0.0196442;0;0;-0.728583;728;720;720;1;
0.6;0.8;-0.973968;0.224081;-0.034273;0;0;-0.697153;724;713;712;1;
0.8;1;0.992273;-0.121975;-0.0227279;0;0;-0.723843;784;772;764;1;
1;1.2;-0.984507;0.1753;-0.00407531;0;0;-0.702255;728;720;717;1;
1.2;1.4;0.99519;-0.0978837;0.00383847;0;0;-0.726612;750;737;732;1;
1.4;1.6;0.995676;-0.0924668;-0.00888349;0;0;-0.727902;790;777;772;1;
1.6;1.8;0.99644;-0.0836167;-0.0107514;0;0;-0.721329;871;848;830;1;
1.8;2;0.992579;-0.121402;0.00691236;0;0;-0.693429;831;809;789;1;
2;2.2;0.997061;-0.0765914;-0.00159994;0;0;-0.716264;819;807;774;1;
2.2;2.4;0.997562;-0.0688357;0.0115097;0;0;-0.711054;790;773;743;1;
2.4;2.6;0.997616;-0.0684328;0.00885621;0;0;-0.696885;788;775;754;1;
2.6;2.8;0.99904;-0.0429357;-0.00864077;0;0;-0.718463;850;829;797;1;
2.8;3;0.999545;-0.0290024;0.00832572;0;0;-0.716706;855;838;812;1;
3;3.2;0.999771;-0.0190466;-0.00980018;0;0;-0.721355;834;816;784;1;
3.2;3.4;0.999869;-0.00855342;-0.013768;0;0;-0.724017;815;792;763;1;
3.4;3.6;0.99983;-0.0148364;0.010922;0;0;-0.712391;820;802;775;1;
3.6;3.8;0.999939;-0.00949212;0.00572573;0;0;-0.710296;787;756;730;1;
3.8;4;0.99999;-0.00429009;0.00106848;0;0;-0.695528;804;792;762;1;
4;4.2;0.99999;0.00457062;0;0;0;-0.700758;800;778;759;1;
4.2;4.4;0.9997;0.0243143;-0.00303817;0;0;-0.715484;788;770;747;1;
4.4;4.6;0.999728;0.0219198;-0.00792803;0;0;-0.710652;829;808;782;1;
4.6;4.8;0.999464;0.0319273;0.00718498;0;0;-0.704981;805;778;762;1;
4.8;5;0.999333;0.0362056;0.00475985;0;0;-0.706816;796;779;760;1;
5;5.2;0.99938;0.0347492;0.00566861;0;0;-0.677498;768;745;722;1;
5.2;5.4;0.998196;0.0599263;-0.00366689;0;0;-0.710646;777;759;735;1;
5.4;5.6;0.996808;0.0795203;0.00707985;0;0;-0.735369;772;753;730;1;
5.6;5.8;0.997563;0.0695532;0.00557753;0;0;-0.715094;750;726;707;1;
5.8;6;0.995883;0.090648;0.000566662;0;0;-0.736121;752;732;703;1;
6;6.2;0.996282;0.0855325;0.0102858;0;0;-0.70387;755;735;710;1;
6.2;6.4;0.993733;0.111336;0.00998388;0;0;-0.745495;742;725;692;1;
6.4;6.6;0.996212;0.0868435;-0.00452482;0;0;-0.720875;779;755;715;1;
6.6;6.8;0.994545;0.104307;0.0010154;0;0;-0.726229;726;703;669;1;
6.8;7;0.993455;0.113973;0.00761084;0;0;-0.724847;745;716;683;1;
7;7.2;0.994584;0.103837;0.00453017;0;0;-0.712046;728;704;669;1;
7.2;7.4;0.994996;0.0998829;0.00270708;0;0;-0.700948;753;714;665;1;
7.4;7.6;0.994772;0.102023;0.00441403;0;0;-0.686414;747;715;663;1;
7.6;7.8;0.989501;0.143807;0.0144096;0;0;-0.7615;768;745;687;1;
7.8;8;0.994378;0.105854;0.00269661;0;0;-0.678314;819;792;726;1;
8;8.2;0.991904;0.126986;-0.000633541;0;0;-0.716964;844;793;729;1;
8.2;8.4;0.991052;0.132755;0.0138641;0;0;-0.728021;823;784;720;1;
8.4;8.6;0.990595;0.136806;-0.00226135;0;0;-0.745109;804;779;723;1;
8.6;8.8;0.993663;0.112315;0.00438666;0;0;-0.685215;824;791;722;1;
8.8;9;0.99241;0.12263;0.00922352;0;0;-0.710279;755;721;676;1;
9;9.2;0.994448;0.105086;-0.00542165;0;0;-0.669488;733;701;659;1;
9.2;9.4;0.990934;0.134271;-0.00457486;0;0;-0.74784;775;732;694;1;
9.4;9.6;0.990435;0.13782;0.0066516;0;0;-0.746166;741;719;676;1;
9.6;9.8;0.993696;0.111816;0.00811743;0;0;-0.708471;747;713;665;1;
9.8;10;0.993611;0.112785;-0.00403209;0;0;-0.708542;756;721;672;1;
10;10.2;0.991048;0.133428;0.00465114;0;0;-0.767729;749;733;681;1;
10.2;10.4;0.992357;0.123395;-0.000967042;0;0;-0.759691;731;703;661;1;
10.4;10.6;0.994539;0.104269;0.00458958;0;0;-0.726393;764;751;702;1;
10.6;10.8;0.995794;0.0915037;-0.00455178;0;0;-0.721;769;738;697;1;
10.8;11;0.995839;0.0911269;0.000991633;0;0;-0.724478;771;756;721;1;
11;11.2;0.997696;0.0672057;0.00930387;0;0;-0.697711;760;744;718;1;
11.2;11.4;0.998114;0.0609228;0.0075591;0;0;-0.711227;786;762;749;1;
11.4;11.6;0.998781;0.0484898;0.00921037;0;0;-0.712974;827;807;787;1;
11.6;11.8;0.999328;0.0364746;-0.0037448;0;0;-0.718593;795;777;767;1;
11.8;12;0.999449;0.0327871;-0.00516224;0;0;-0.719374;831;808;791;1;
12;12.2;0.999798;0.0191128;-0.00628202;0;0;-0.726798;817;799;782;1;
12.2;12.4;0.999963;0.00333466;0.00791123;0;0;-0.711602;828;812;788;1;
12.4;12.6;0.999973;0.00728424;-0.0012463;0;0;-0.716114;804;782;761;1;
12.6;12.8;0.99996;0.00841526;-0.00299231;0;0;-0.715093;811;773;750;1;
12.8;13;0.999992;-0.0023805;0.00314444;0;0;-0.710964;777;757;740;1;
13;13.2;0.999896;0.00767183;-0.0121838;0;0;-0.708214;815;794;781;1;
13.2;13.4;0.999664;0.0233419;-0.0112616;0;0;-0.733606;826;808;788;1;
13.4;13.6;0.999598;0.0263733;-0.0103949;0;0;-0.725927;818;799;775;1;
13.6;13.8;0.999874;0.0125224;0.00972438;0;0;-0.704246;816;802;784;1;
13.8;14;0.999864;0.0162643;-0.00290597;0;0;-0.706759;805;788;763;1;
14;14.2;0.999716;0.0185515;0.0149386;0;0;-0.713896;831;823;798;1;
14.2;14.4;0.999612;0.0276584;-0.00319625;0;0;-0.721305;809;778;756;1;
14.4;14.6;0.999146;0.0409308;-0.00573126;0;0;-0.739582;822;796;782;1;
14.6;14.8;0.999796;0.020047;-0.00247718;0;0;-0.722105;847;828;811;1;
14.8;15;0.999115;0.0420501;0.000667981;0;0;-0.739687;838;812;792;1;
15;15.2;0.999473;0.0323369;-0.00294426;0;0;-0.72341;821;800;782;1;
15.2;15.4;0.999424;0.0339243;0.000472613;0;0;-0.730318;880;852;838;1;
15.4;15.6;0.999643;0.0242078;0.0113186;0;0;-0.717454;905;886;863;1;
15.6;15.8;0.999843;0.0177083;-0.000929471;0;0;-0.707883;907;877;848;1;
15.8;16;0.999302;0.0358946;0.0103156;0;0;-0.735993;904;884;861;1;
16;16.2;0.999749;0.022267;-0.00244907;0;0;-0.724011;912;884;866;1;
16.2;16.4;0.999311;0.0360015;0.00906998;0;0;-0.723388;864;847;825;1;
16.4;16.6;0.999814;0.0151434;-0.0119171;0;0;-0.714803;879;860;848;1;
16.6;16.8;0.999409;0.0340331;0.00482976;0;0;-0.730686;912;890;872;1;
16.8;17;0.999344;0.036202;-0.000498162;0;0;-0.731328;917;895;870;1;
17;17.2;0.999749;0.0222265;-0.00284363;0;0;-0.718457;893;874;862;1;
17.2;17.4;0.999985;0.000550149;-0.0054324;0;0;-0.694568;897;877;858;1;
17.4;17.6;0.999922;-0.00900127;-0.00864393;0;0;-0.692651;900;861;844;1;
17.6;17.8;0.999597;0.028344;0.00173665;0;0;-0.738451;919;894;877;1;
17.8;18;0.999976;0.00640547;0.00249413;0;0;-0.710085;917;894;883;1;
18;18.2;0.999634;0.0253638;-0.0093618;0;0;-0.741558;890;874;858;1;
18.2;18.4;0.99997;-0.000333528;-0.00768163;0;0;-0.71737;931;912;883;1;
18.4;18.6;0.999865;0.0152464;-0.0060581;0;0;-0.731435;905;885;863;1;
18.6;18.8;0.999917;-0.0119239;0.00486802;0;0;-0.695831;935;914;892;1;
18.8;19;0.999831;0.0167899;-0.00747626;0;0;-0.736178;907;880;862;1;
19;19.2;0.999876;-0.0154857;0.00291114;0;0;-0.707196;909;892;879;1;
19.2;19.4;0.999995;0.000944333;0.00297403;0;0;-0.723312;914;897;888;1;
19.4;19.6;0.999989;-0.0021736;-0.00405956;0;0;-0.72016;867;841;832;1;
19.6;19.8;0.999971;-0.00735089;0.00191885;0;0;-0.715151;927;902;879;1;
19.8;20;0.999921;0.0109426;0.00610552;0;0;-0.744205;896;867;845;1;
20;20.2;0.99996;-0.00757242;0.00480738;0;0;-0.713831;896;868;844;1;
20.2;20.4;0.99996;-0.00857506;0.00268136;0;0;-0.727468;912;881;864;1;
20.4;20.6;0.999752;-0.0182503;-0.0127449;0;0;-0.71406;882;853;829;1;
20.6;20.8;0.999685;-0.0213556;0.0132189;0;0;-0.716089;881;853;833;1;
20.8;21;0.999835;0.00342753;0.0178448;0;0;-0.741424;837;820;795;1;
21;21.2;0.999868;-0.0161036;-0.00226059;0;0;-0.717234;851;827;802;1;
21.2;21.4;0.999569;-0.0266951;0.0122273;0;0;-0.707228;852;835;812;1;
21.4;21.6;0.999667;-0.0252246;-0.00545772;0;0;-0.7109;847;828;802;1;
21.6;21.8;0.999521;-0.0298332;0.00820058;0;0;-0.710701;838;811;797;1;
21.8;22;0.999788;-0.0203582;-0.003201;0;0;-0.708079;831;802;791;1;
22;22.2;0.999801;-0.0194576;-0.00448172;0;0;-0.717341;827;806;795;1;
22.2;22.4;0.999498;-0.0294927;-0.0115672;0;0;-0.702918;829;806;787;1;
22.4;22.6;0.999429;-0.0333715;0.00525465;0;0;-0.702764;827;804;778;1;
22.6;22.8;0.999762;-0.0217926;-0.000737783;0;0;-0.715117;834;819;808;1;
22.8;23;0.999993;0.0036546;0.00064231;0;0;-0.735692;859;843;826;1;
23;23.2;0.999659;-0.02414;-0.00999919;0;0;-0.707327;865;834;807;1;
23.2;23.4;0.999968;-0.00793588;0.000173426;0;0;-0.719839;833;806;780;1;
23.4;23.6;0.999744;-0.0222348;-0.0042382;0;0;-0.699399;862;844;833;1;
23.6;23.8;0.999778;-0.0179124;-0.0111321;0;0;-0.710801;867;834;821;1;
23.8;24;0.999943;-0.0106626;-0.00102063;0;0;-0.71194;820;796;788;1;
24;24.2;0.999823;-0.0160106;-0.00985488;0;0;-0.704185;819;802;789;1;
24.2;24.4;0.999984;0.00539928;-0.00136572;0;0;-0.733979;814;784;768;1;
24.4;24.6;0.999937;-0.0022273;-0.01101;0;0;-0.712161;820;802;785;1;
24.6;24.8;0.999992;-0.00384386;-0.00117574;0;0;-0.705941;806;786;772;1;
24.8;25;0.99989;0.00706241;-0.0130297;0;0;-0.718051;814;794;776;1;
25;25.2;0.999935;0.0112908;-0.00164076;0;0;-0.725936;822;801;780;1;
25.2;25.4;0.9998;0.0194016;-0.00485187;0;0;-0.729734;775;762;748;1;
25.4;25.6;0.999522;0.0275787;0.013979;0;0;-0.747334;809;800;770;1;
25.6;25.8;0.99979;0.0124175;0.0163199;0;0;-0.717789;780;763;758;1;
25.8;26;0.999792;0.0182313;-0.0090929;0;0;-0.718218;816;805;783;1;
26;26.2;0.99986;0.015897;0.00527531;0;0;-0.715032;793;775;758;1;
26.2;26.4;0.999843;0.0176911;-0.00138222;0;0;-0.71409;824;809;782;1;
26.4;26.6;0.999782;0.0177284;-0.0110291;0;0;-0.71887;796;779;742;1;
26.6;26.8;0.99985;0.0168953;-0.00386932;0;0;-0.719911;748;728;703;1;
26.8;27;0.999263;0.0368765;-0.0106135;0;0;-0.73515;802;766;732;1;
27;27.2;0.999631;0.0270072;-0.00301547;0;0;-0.721999;780;745;710;1;
27.2;27.4;0.999369;0.0352496;0.00438148;0;0;-0.734283;758;744;707;1;
27.4;27.6;0.999129;0.0369572;-0.0193662;0;0;-0.742364;750;719;690;1;
27.6;27.8;0.999626;0.0271129;0.00345441;0;0;-0.729887;752;722;698;1;
27.8;28;0.999628;0.0271899;-0.00189457;0;0;-0.726595;778;740;707;1;
28;28.2;0.998618;0.0521655;-0.00640431;0;0;-0.757038;714;679;652;1;
28.2;28.4;0.999913;0.0079382;-0.0105166;0;0;-0.700179;718;693;677;1;
28.4;28.6;0.99929;0.0375314;-0.00338592;0;0;-0.746785;737;722;707;1;
28.6;28.8;0.999629;0.0141008;-0.0233063;0;0;-0.712096;749;717;691;1;
28.8;29;0.999714;0.0229758;0.00660917;0;0;-0.718113;756;732;711;1;
29;29.2;0.999889;0.00529175;-0.0139399;0;0;-0.70282;747;732;709;1;
29.2;29.4;0.999917;0.0105332;-0.00736707;0;0;-0.706943;762;749;737;1;
29.4;29.6;0.999926;0.0108926;0.00548477;0;0;-0.717655;723;711;696;1;
29.6;29.8;0.999316;-0.0197001;-0.0313055;0;0;-0.651198;740;714;697;1;
29.8;30;0.999924;0.00329442;-0.011894;0;0;-0.705171;714;691;680;1;
30;30.2;0.999839;0.0179081;0.00103035;0;0;-0.728567;734;706;687;1;
30.2;30.4;0.999979;0.00473494;0.00445904;0;0;-0.715267;715;690;672;1;
30.4;30.6;0.999779;-0.0208145;-0.00298511;0;0;-0.682148;691;661;635;1;
30.6;30.8;0.999949;0.00149077;-0.00997366;0;0;-0.712204;669;641;625;1;
30.8;31;0.999906;-0.000770166;0.0137137;0;0;-0.721689;668;626;595;1;
31;31.2;0.999784;0.020722;0.00126623;0;0;-0.747993;662;638;604;1;
31.2;31.4;0.999986;0.00519831;-0.0012683;0;0;-0.734131;627;591;565;1;
31.4;31.6;0.999944;-0.00369449;-0.00995393;0;0;-0.720063;658;627;594;1;
31.6;31.8;0.999892;-0.0142527;-0.00369529;0;0;-0.698613;649;623;599;1;
31.8;32;0.99995;0.00111034;0.00991514;0;0;-0.724431;666;629;592;1;
32;32.2;0.99982;0.00919762;0.0165856;0;0;-0.75573;680;660;619;1;
32.2;32.4;0.999897;0.0134511;0.00494178;0;0;-0.761209;660;637;614;1;
32.4;32.6;0.999829;-0.0166007;-0.00820196;0;0;-0.722829;660;640;619;1;
32.6;32.8;0.999985;0.00409412;-0.00376579;0;0;-0.744418;660;646;606;1;
32.8;33;0.999721;-0.0235826;-0.00131733;0;0;-0.695566;611;602;583;1;
33;33.2;0.998345;-0.0539654;-0.0198607;0;0;-0.639872;647;630;613;1;
33.2;33.4;0.99992;-0.0125319;0.00178511;0;0;-0.71619;633;614;597;1;
33.4;33.6;0.999659;-0.0253736;0.00613371;0;0;-0.709069;629;600;592;1;
33.6;33.8;0.999789;-0.0127484;0.0161347;0;0;-0.720383;609;590;564;1;
33.8;34;0.99997;-0.00415514;0.00651889;0;0;-0.741875;601;567;546;1;
34;34.2;0.999528;-0.0306604;0.00166665;0;0;-0.708085;550;532;507;1;
34.2;34.4;0.999899;-0.0139834;0.00269051;0;0;-0.718498;541;518;486;1;
34.4;34.6;0.999743;0;-0.0226522;0;0;-0.746217;520;498;471;1;
34.6;34.8;0.999737;-0.0218771;-0.00690367;0;0;-0.718218;505;486;461;1;
34.8;35;0.999758;0.000162476;0.0219803;0;0;-0.736988;476;457;423;1;
35;35.2;0.99954;-0.0302825;0.001552;0;0;-0.684803;476;456;430;1;
35.2;35.4;0.999967;-0.00318837;-0.00741366;0;0;-0.746208;437;421;387;1;
35.4;35.6;0.997338;-0.0701429;-0.019925;0;0;-0.627314;428;420;398;1;
35.6;35.8;0.998899;0.0464001;0.0068458;0;0;-0.826796;437;425;398;1;
35.8;36;0.999803;0.0196387;-0.00278741;0;0;-0.771329;445;438;415;1;
36;36.2;0.999393;-0.0275973;-0.0212833;0;0;-0.704709;462;440;428;1;
36.2;36.4;0.999742;-0.018029;-0.0137999;0;0;-0.708338;451;447;435;1;
36.4;36.6;0.999945;-0.00636239;-0.00829751;0;0;-0.722542;456;447;439;1;
36.6;36.8;0.996887;0.0768997;0.0173816;0;0;-0.861737;448;435;428;1;
36.8;37;0.999724;-0.0203515;-0.0117589;0;0;-0.695527;458;448;434;1;
37;37.2;0.999308;-0.0295365;-0.0226024;0;0;-0.66872;463;449;431;1;
37.2;37.4;0.999943;-0.00160364;-0.010578;0;0;-0.714108;457;447;432;1;
37.4;37.6;0.999964;0.00014267;-0.00846314;0;0;-0.741035;464;447;433;1;
37.6;37.8;0.999958;-0.00916441;0.00100062;0;0;-0.725759;455;442;424;1;
37.8;38;0.999908;0.00151457;0.0134664;0;0;-0.735745;426;411;395;1;
38;38.2;0.999239;-0.0370026;-0.012316;0;0;-0.69733;436;419;395;1;
38.2;38.4;0.999534;-0.030337;0.00352229;0;0;-0.701482;428;409;396;1;
38.4;38.6;0.999671;-0.0250457;0.00561574;0;0;-0.734924;401;379;348;1;
38.6;38.8;0.999353;-0.0351662;0.00749229;0;0;-0.732627;423;394;373;1;
38.8;39;0.99865;-0.0519036;-0.00204538;0;0;-0.708095;417;384;365;1;
39;39.2;0.997236;-0.0730806;-0.0133883;0;0;-0.6925;399;375;343;1;
39.2;39.4;0.999101;-0.041655;-0.00783418;0;0;-0.750657;400;379;347;1;
39.4;39.6;0.998935;-0.0460917;0.00232426;0;0;-0.747075;430;410;350;1;
39.6;39.8;0.996985;-0.0775922;0.000543569;0;0;-0.718069;399;383;358;1;
39.8;40;0.998022;-0.0628495;0.00127169;0;0;-0.74507;414;392;355;1;
40;40.2;0.994986;-0.100004;0.00162397;0;0;-0.70289;418;398;373;1;
40.2;40.4;0.996327;-0.0844996;0.0138586;0;0;-0.722377;438;421;392;1;
40.4;40.6;0.996274;-0.0852561;0.0129988;0;0;-0.737108;451;438;415;1;
40.6;40.8;0.996105;-0.0879766;0.00587612;0;0;-0.734717;475;462;445;1;
40.8;41;0.994419;-0.1055;0.000735251;0;0;-0.724706;450;443;432;1;
41;41.2;0.99348;-0.112205;0.0202081;0;0;-0.71578;459;454;442;1;
41.2;41.4;0.995448;-0.0931614;0.0201219;0;0;-0.736409;439;427;415;1;
41.4;41.6;0.993537;-0.113212;0.00821176;0;0;-0.729182;437;433;415;1;
41.6;41.8;0.98904;-0.147493;-0.00674972;0;0;-0.692307;447;438;414;1;
41.8;42;0.991678;-0.128523;0.00746133;0;0;-0.706288;423;410;382;1;
42;42.2;0.994851;-0.100241;0.0149636;0;0;-0.759323;440;415;385;1;
42.2;42.4;0.992292;-0.123108;-0.0141558;0;0;-0.717234;404;391;368;1;
42.4;42.6;0.986719;-0.161594;-0.0165193;0;0;-0.669708;393;377;352;1;
42.6;42.8;0.994603;-0.101781;-0.0201225;0;0;-0.751549;409;389;350;1;
42.8;43;0.992357;-0.122136;-0.0176457;0;0;-0.716171;424;415;379;1;
43;43.2;0.992203;-0.12458;-0.00361551;0;0;-0.700225;437;425;388;1;
43.2;43.4;0.995464;-0.0941445;-0.0137251;0;0;-0.749699;411;397;371;1;
43.4;43.6;0.995001;-0.0998628;0.000678347;0;0;-0.728268;398;385;371;1;
43.6;43.8;0.995016;-0.0979196;0.0188169;0;0;-0.730356;409;408;396;1;
43.8;44;0.99752;-0.0698356;0.00874502;0;0;-0.757394;419;415;401;1;
44;44.2;0.998294;-0.0583271;0.00263577;0;0;-0.781577;423;418;407;1;
44.2;44.4;0.997953;-0.0639401;0.00103187;0;0;-0.743313;408;404;392;1;
44.4;44.6;0.995677;-0.0928432;0.00282373;0;0;-0.676193;419;411;396;1;
44.6;44.8;0.997571;-0.0696274;-0.00217762;0;0;-0.687349;411;407;397;1;
44.8;45;0.996955;-0.0776452;-0.00715275;0;0;-0.641457;408;402;382;1;
45;45.2;0.997639;-0.0682102;0.00801757;0;0;-0.633475;426;418;397;1;
45.2;45.4;0.999679;-0.0251881;0.00263538;0;0;-0.70858;422;411;391;1;
45.4;45.6;0.999979;-0.00534559;-0.00364576;0;0;-0.734543;418;403;389;1;
45.6;45.8;0.999977;0.0061438;0.0027479;0;0;-0.726105;399;389;376;1;
45.8;46;0.999756;0.0219427;-0.00264174;0;0;-0.726714;406;394;383;1;
46;46.2;0.998829;0.0476513;0.00832367;0;0;-0.740603;409;399;373;1;
46.2;46.4;0.99973;0.019778;-0.0122101;0;0;-0.662512;392;385;358;1;
46.4;46.6;0.997224;0.0744471;0.00133465;0;0;-0.727744;415;399;377;1;
46.6;46.8;0.998338;0.0569507;-0.00887028;0;0;-0.665712;426;409;370;1;
46.8;47;0.993129;0.116984;0.00299633;0;0;-0.783143;381;368;342;1;
47;47.2;0.994603;0.103702;-0.00336347;0;0;-0.689641;398;381;347;1;
47.2;47.4;0.990392;0.137933;-0.00991577;0;0;-0.718936;414;395;359;1;
47.4;47.6;0.980673;0.195634;-0.00279669;0;0;-0.792819;385;369;320;1;
47.6;47.8;0.984609;0.17477;0.000339216;0;0;-0.695973;423;406;371;1;
47.8;48;0.975751;0.218886;-0.000226466;0;0;-0.759714;430;412;371;1;
48;48.2;0.983375;0.181443;-0.00717564;0;0;-0.648873;470;455;410;1;
48.2;48.4;0.971109;0.238637;0.000366822;0;0;-0.724124;492;484;458;1;
48.4;48.6;0.970057;0.242879;-0.000239855;0;0;-0.678658;479;473;444;1;
48.6;48.8;0.950122;0.311866;0.00276546;0;0;-0.808977;495;470;441;1;
48.8;49;0.970281;0.241941;-0.00427887;0;0;-0.609192;508;492;450;1;
49;49.2;0.941967;0.335701;0.00157096;0;0;-0.722649;505;501;476;1;
49.2;49.4;0.937635;0.347617;0.00151366;0;0;-0.734988;483;471;446;1;
49.4;49.6;0.94279;0.333328;-0.00634012;0;0;-0.656859;499;482;449;1;
49.6;49.8;0.923828;0.382657;-0.0107526;0;0;-0.720439;543;532;483;1;
49.8;50;0.936659;0.350194;-0.00580752;0;0;0.762646;468;429;382;1;
50;50.2;0.960135;0.279413;-0.0083228;0;0;0.960716;462;425;357;1;
50.2;50.4;0.953173;0.302426;0.000798025;0;0;0.788984;422;382;318;1;
50.4;50.6;0.93595;0.351855;0.0140147;0;0;0.550036;475;431;332;1;
50.6;50.8;0.958996;0.283411;0.00201839;0;0;0.725483;392;348;245;1;
50.8;51;0.967835;0.251587;-0.000595809;0;0;0.762065;344;296;229;1;
51;51.2;0.968143;0.250283;0.00759424;0;0;0.749219;366;320;238;1;
51.2;51.4;0.972788;0.231629;0.00555272;0;0;0.726055;338;275;210;1;
51.4;51.6;0.984102;0.174949;-0.0305935;0;0;0.71491;321;276;212;1;
51.6;51.8;0.978313;0.206558;0.0154013;0;0;0.711415;269;194;136;1;
51.8;52;0.987054;0.160093;0.00970678;0;0;0.754272;285;216;145;1;
52;52.2;0.990085;0.139425;-0.0170944;0;0;0.711432;251;219;165;1;
52.2;52.4;0.972856;0.230985;0.0140664;0;0;0.617227;263;246;188;1;
52.4;52.6;0.998857;0.0473713;-0.00638794;0;0;0.753783;261;237;197;1;
52.6;52.8;0.997772;0.0595843;-0.030027;0;0;0.723523;307;296;244;1;
52.8;53;0.996446;0.0842225;0.00120141;0;0;0.719754;361;334;315;1;
53;53.2;0.998487;0.0537815;0.0114447;0;0;0.731616;339;317;292;1;
53.2;53.4;0.99835;0.0569883;0.0070176;0;0;0.706079;302;270;244;1;
53.4;53.6;0.999498;0.0316919;0.000583576;0;0;0.721532;275;264;242;1;
53.6;53.8;0.999334;0.0358147;0.00695285;0;0;0.702968;286;269;254;1;
53.8;54;0.995778;0.079277;0.046264;0;0;0.633492;282;268;249;1;
54;54.2;0.999799;-0.00797089;0.0183841;0;0;0.711547;256;229;216;1;
54.2;54.4;0.999176;-0.0400119;-0.00675597;0;0;0.733255;259;243;228;1;
54.4;54.6;0.999292;-0.0374299;0.00378897;0;0;0.716435;246;224;211;1;
54.6;54.8;0.99929;0.0109845;0.0360505;0;0;0.665165;220;193;187;1;
54.8;55;0.995428;-0.0952908;0.00646601;0;0;0.73791;211;193;186;1;
55;55.2;0.998504;-0.053145;0.0128702;0;0;0.712715;204;186;169;1;
55.2;55.4;0.996389;-0.0814565;-0.0239533;0;0;0.713622;169;155;144;1;
55.4;55.6;0.996163;-0.0875184;-0.000425925;0;0;0.722205;174;163;147;1;
55.6;55.8;0.994802;-0.0991934;-0.0230295;0;0;0.71395;150;131;119;1;
55.8;56;0.990822;-0.133363;0.022028;0;0;0.735441;136;126;110;1;
56;56.2;0.517461;0.854145;-0.05168;0;0;-0.66393;118;98;88;1;
56.2;56.4;0.481354;0.876493;0.00760858;0;0;-1.03942;105;55;45;1;
56.4;56.6;0.986152;-0.101566;0.131103;0;0;0.722842;86;74;68;1;
56.6;56.8;0.914108;-0.392516;0.101671;0;0;0.893566;76;75;67;1;
56.8;57;0.991528;-0.128828;0.0165968;0;0;0.72031;94;87;82;1;
57;57.2;0.994133;-0.100822;0.0391729;0;0;0.703025;88;75;72;1;
57.2;57.4;0.373217;-0.831806;0.410863;0;0;1.35293;87;75;72;1;
57.4;57.6;0.992589;-0.117238;-0.0319755;0;0;0.728271;78;72;72;1;
57.6;57.8;-0.979202;0.201787;-0.0211197;0;0;0.761555;79;77;76;1;
57.8;58;0.984244;-0.17591;0.0178936;0;0;0.732436;75;72;67;1;
58;58.2;0.99188;-0.126918;0.00817162;0;0;0.726344;74;70;70;1;
58.2;58.4;0.975399;-0.219852;0.016193;0;0;0.772243;67;64;64;1;
58.4;58.6;0.998394;-0.015005;-0.0546315;0;0;0.660037;67;65;63;1;
58.6;58.8;0.996228;-0.0818587;-0.0287943;0;0;0.674294;59;56;54;1;
58.8;59;0.995652;-0.0931506;0.00070532;0;0;0.737897;64;61;60;1;
59;59.2;0.995013;-0.0977561;-0.019808;0;0;0.716842;69;69;62;1;
59.2;59.4;0.994574;-0.104014;0.00214347;0;0;0.734956;70;68;66;1;
59.4;59.6;0.998875;-0.0473396;-0.00273931;0;0;0.686649;73;71;70;1;
59.6;59.8;0.993449;-0.110498;0.0291477;0;0;0.731927;84;83;81;1;
59.8;60;-0.996582;0.0820289;-0.00979686;0;0;0.718177;83;82;81;1;
60;60.2;0.994236;-0.107197;0.00203865;0;0;0.74276;92;90;88;1;
60.2;60.4;-0.996518;0.0753037;0.0357926;0;0;0.733039;94;94;92;1;
60.4;60.6;-0.984898;0.158111;-0.0705438;0;0;0.776476;106;102;98;1;
60.6;60.8;0.97981;-0.189736;0.0630341;0;0;0.797222;108;105;95;1;
60.8;61;0.999415;-0.0220877;-0.0261268;0;0;0.712234;109;104;99;1;
61;61.2;0.997762;-0.0652881;-0.0144672;0;0;0.739114;109;98;91;1;
61.2;61.4;0.986763;-0.156108;-0.0439102;0;0;0.885596;118;109;101;1;
61.4;61.6;0.974481;-0.201419;0.0990783;0;0;0.787316;121;116;110;1;
61.6;61.8;0.997768;0.0478888;-0.0465347;0;0;0.687422;126;121;114;1;
61.8;62;0.999485;-0.0240023;-0.0212808;0;0;0.734623;128;125;120;1;
62;62.2;0.999241;-0.00979621;-0.0376902;0;0;0.730584;132;127;123;1;
62.2;62.4;-0.997859;0.0418352;-0.0502731;0;0;0.734079;130;129;119;1;
62.4;62.6;0.953165;-0.298098;-0.0511308;0;0;1.10963;147;147;127;1;
62.6;62.8;0.995298;0.0863622;-0.0438468;0;0;0.688287;155;155;146;1;
62.8;63;0.999935;0.00227529;-0.0111598;0;0;0.716911;174;173;162;1;
63;63.2;0.999125;-0.0416827;-0.00346622;0;0;0.739816;187;187;183;1;
63.2;63.4;0.999872;-0.00583779;-0.0149029;0;0;0.722033;185;183;174;1;
63.4;63.6;0.999785;-0.0178841;-0.0104836;0;0;0.721169;188;188;184;1;
63.6;63.8;0.99935;-0.0344228;-0.0107472;0;0;0.719407;206;202;199;1;
63.8;64;0.999138;-0.0415123;0.000160451;0;0;0.737217;209;206;203;1;
64;64.2;0.999932;0.00419127;-0.0109181;0;0;0.708435;194;193;190;1;
64.2;64.4;0.998815;-0.0484951;0.00418148;0;0;0.732456;202;200;197;1;
64.4;64.6;0.999491;-0.0300723;-0.0106772;0;0;0.727316;217;217;216;1;
64.6;64.8;0.999712;-0.00346425;-0.0237408;0;0;0.713089;217;216;212;1;
64.8;65;0.999768;-0.0206768;0.00610455;0;0;0.718372;223;223;220;1;
65;65.2;0.998646;-0.0511622;-0.00945962;0;0;0.732169;232;231;226;1;
65.2;65.4;0.998424;-0.0532658;0.0176679;0;0;0.739824;240;233;232;1;
65.4;65.6;0.999475;-0.0228631;0.0229482;0;0;0.720645;226;226;216;1;
65.6;65.8;0.99978;-0.0195841;-0.00745261;0;0;0.715361;249;248;239;1;
65.8;66;0.999551;-0.0236287;-0.0184129;0;0;0.716549;262;262;259;1;
66;66.2;0.999645;-0.0245423;-0.0103858;0;0;0.7214;240;240;238;1;
66.2;66.4;0.999327;-0.036323;-0.00515287;0;0;0.729625;251;251;247;1;
66.4;66.6;0.999537;-0.02877;-0.00985549;0;0;0.718617;268;268;264;1;
66.6;66.8;0.999638;-0.0258519;-0.00748941;0;0;0.72696;285;285;284;1;
66.8;67;0.999891;-0.00758055;0.0127011;0;0;0.714365;292;290;288;1;
67;67.2;0.999991;-0.00330453;0.00262049;0;0;0.711506;293;292;292;1;
67.2;67.4;0.999719;-0.0236222;-0.00217112;0;0;0.727469;305;305;304;1;
67.4;67.6;0.999814;-0.0182267;0.00626575;0;0;0.722727;312;303;294;1;
67.6;67.8;0.999991;-0.00423988;0.000391694;0;0;0.718556;314;311;304;1;
67.8;68;0.999873;-0.000279794;-0.015905;0;0;0.716776;316;306;304;1;
68;68.2;0.999726;-0.002219;-0.023301;0;0;0.719633;339;329;326;1;
68.2;68.4;0.999471;0.0109886;-0.0306134;0;0;0.715468;335;334;330;1;
68.4;68.6;0.999637;-0.0180539;0.0199948;0;0;0.728553;341;340;336;1;
68.6;68.8;0.999481;-0.0136602;-0.0291729;0;0;0.73344;363;363;356;1;
68.8;69;0.999971;-0.00663835;0.00368619;0;0;0.726433;349;337;330;1;
69;69.2;0.999951;0.00851783;0.00505465;0;0;0.708067;363;356;348;1;
69.2;69.4;0.999988;-0.000584829;-0.00496012;0;0;0.723856;370;369;361;1;
69.4;69.6;0.999838;0.0177391;0.00301634;0;0;0.70449;389;389;376;1;
69.6;69.8;0.999855;0.00978267;-0.0139229;0;0;0.719325;394;392;387;1;
69.8;70;0.999222;0.00806434;0.0385933;0;0;0.72177;383;382;382;1;
70;70.2;0.999482;0.0136324;-0.0291671;0;0;0.715152;399;398;398;1;
70.2;70.4;0.99997;0.00604892;-0.00475217;0;0;0.722292;402;399;399;1;
70.4;70.6;0.999241;0.0314343;-0.0230067;0;0;0.709512;369;368;366;1;
70.6;70.8;0.999976;-0.00477536;0.00494205;0;0;0.724179;427;424;411;1;
70.8;71;0.999354;0.0352008;0.00724435;0;0;0.704674;424;419;409;1;
71;71.2;0.996493;0.0836742;0.000147023;0;0;0.685004;406;403;398;1;
71.2;71.4;0.999821;0.00678029;-0.0176378;0;0;0.732507;395;393;388;1;
71.4;71.6;0.99921;0.0379789;0.0117389;0;0;0.705805;401;392;383;1;
71.6;71.8;-0.999883;-0.0147017;-0.00417718;0;0;0.717081;421;410;410;1;
71.8;72;0.998996;0.0447852;-0.00106006;0;0;0.705646;431;429;428;1;
72;72.2;0.999886;-0.00215133;0.0149558;0;0;0.726647;459;453;452;1;
72.2;72.4;0.999902;-0.0114786;-0.00805952;0;0;0.734524;442;434;430;1;
72.4;72.6;0.999557;-0.0271175;0.012306;0;0;0.74587;452;448;444;1;
72.6;72.8;0.999878;0.00651313;0.0142167;0;0;0.726015;471;458;456;1;
72.8;73;0.999291;-0.0300613;-0.0226724;0;0;0.748272;498;487;486;1;
73;73.2;-0.999416;-0.0257073;0.0225098;0;0;0.716134;461;458;457;1;
73.2;73.4;-0.999335;0.0261425;0.0254242;0;0;0.739571;459;457;454;1;
73.4;73.6;0.999598;0.0262106;-0.0107714;0;0;0.71437;478;468;463;1;
73.6;73.8;-0.999978;0.00630626;0.00201587;0;0;0.732039;540;537;536;1;
73.8;74;0.999666;-0.0053971;-0.0252862;0;0;0.720366;535;527;522;1;
74;74.2;0.997831;0.0591995;-0.0287974;0;0;0.684507;541;532;529;1;
74.2;74.4;-0.99939;-0.0157774;0.0311573;0;0;0.710042;502;495;491;1;
74.4;74.6;-0.999661;-0.00577824;-0.0253925;0;0;0.716535;514;504;502;1;
74.6;74.8;-0.999648;-0.000915954;-0.0264983;0;0;0.711551;536;526;526;1;
74.8;75;0.999878;-0.0126135;-0.00919954;0;0;0.722349;526;519;514;1;
75;75.2;-0.999937;-0.0108716;-0.0027968;0;0;0.703283;555;546;546;1;
75.2;75.4;0.998886;0.0336352;-0.0330936;0;0;0.688176;586;581;581;1;
75.4;75.6;0.9995;0.0141451;0.0282779;0;0;0.697418;551;545;541;1;
75.6;75.8;0.99992;-0.0124702;0.00225546;0;0;0.714434;559;552;544;1;
75.8;76;0.998821;-0.0476705;0.00921646;0;0;0.745338;551;537;535;1;
76;76.2;0.9954;-0.0958041;-0.00027264;0;0;0.766651;571;562;558;1;
76.2;76.4;0.999937;0.0091164;0.00655675;0;0;0.69776;570;562;559;1;
76.4;76.6;-0.999647;0.0259769;0.00563153;0;0;0.728485;584;580;576;1;
76.6;76.8;0.999462;-0.0327851;-0.000695863;0;0;0.7315;617;604;602;1;
76.8;77;0.999213;-0.0340381;0.0203839;0;0;0.726999;635;626;621;1;
77;77.2;1;0;0.000196188;0;0;0.700379;630;624;622;1;
77.2;77.4;-0.998528;0.0537351;-0.00740818;0;0;0.734187;629;621;620;1;
77.4;77.6;-0.999821;-0.0185201;-0.00385167;0;0;0.686954;650;643;639;1;
77.6;77.8;0.999206;-0.0397847;-0.00217664;0;0;0.726434;648;639;636;1;
77.8;78;0.999423;-0.0338658;-0.00275365;0;0;0.72902;631;625;622;1;
78;78.2;-0.999894;-0.00788604;-0.0122701;0;0;0.702155;621;612;602;1;
78.2;78.4;0.999941;-0.00933864;0.00554569;0;0;0.707128;678;668;660;1;
78.4;78.6;0.999891;0.00152663;-0.0146979;0;0;0.704108;713;699;692;1;
78.6;78.8;0.999721;-0.0168038;-0.0165791;0;0;0.717937;691;677;665;1;
78.8;79;0.999;-0.0376882;0.0240366;0;0;0.7322;703;695;686;1;
79;79.2;0.99947;0.0280944;-0.0164435;0;0;0.684889;746;726;721;1;
79.2;79.4;0.999592;-0.0266598;-0.0102339;0;0;0.730031;716;697;689;1;
79.4;79.6;0.999981;-0.0058892;0.0016001;0;0;0.708323;669;652;647;1;
79.6;79.8;0.998951;-0.0457935;-0.000105773;0;0;0.745713;734;715;702;1;
79.8;80;0.999482;0.0248606;0.0204181;0;0;0.690783;719;705;694;1;
80;80.2;0.999873;-0.015057;-0.00517393;0;0;0.718789;719;704;699;1;
80.2;80.4;0.999945;0.00373868;-0.00978757;0;0;0.710157;707;699;697;1;
80.4;80.6;0.999957;-0.0076372;0.00530073;0;0;0.717408;757;745;733;1;
80.6;80.8;0.999827;-0.00119369;0.0185659;0;0;0.712182;743;725;707;1;
80.8;81;0.999961;-0.00784718;-0.00404678;0;0;0.724354;743;734;724;1;
81;81.2;0.99983;0.0140907;-0.0118841;0;0;0.708307;737;727;719;1;
81.2;81.4;0.999819;0.0159122;0.0103846;0;0;0.703439;717;709;700;1;
81.4;81.6;0.999674;-0.00950855;0.0236873;0;0;0.737622;705;688;675;1;
81.6;81.8;0.999816;0.0190958;-0.00163422;0;0;0.708479;751;738;731;1;
81.8;82;0.999955;0.00920925;0.00228606;0;0;0.71139;773;764;758;1;
82;82.2;0.999818;0.0141097;0.0128546;0;0;0.713759;799;786;782;1;
82.2;82.4;0.999524;0.0270708;-0.0148205;0;0;0.699115;806;794;778;1;
82.4;82.6;0.999431;0.0318151;-0.011159;0;0;0.706777;832;815;803;1;
82.6;82.8;0.999554;0.0254776;-0.0155707;0;0;0.705618;806;783;778;1;
82.8;83;0.999999;-0.00169148;-0.000362579;0;0;0.726816;822;804;797;1;
83;83.2;0.999886;0.014184;0.00522864;0;0;0.723563;766;754;745;1;
83.2;83.4;0.99949;0.0313172;0.00628724;0;0;0.706391;781;772;764;1;
83.4;83.6;0.999881;0.011388;-0.0104294;0;0;0.726484;749;736;728;1;
83.6;83.8;0.999817;0.00996285;0.0163192;0;0;0.729874;726;715;707;1;
83.8;84;0.999779;0.0203151;0.00534323;0;0;0.719138;690;682;672;1;
84;84.2;0.999342;0.0354963;0.00749078;0;0;0.707533;707;694;690;1;
84.2;84.4;0.999731;0.0230994;0.00186887;0;0;0.712877;705;698;691;1;
84.4;84.6;0.9998;0.0175325;0.00959917;0;0;0.716984;751;739;736;1;
84.6;84.8;0.999933;-0.00778556;0.00861326;0;0;0.736416;756;750;740;1;
84.8;85;0.999686;0.0219552;-0.0120876;0;0;0.712029;737;729;724;1;
85;85.2;0.999617;0.0261961;-0.00895392;0;0;0.718344;802;795;784;1;
85.2;85.4;0.999869;0.0146834;-0.00676845;0;0;0.726721;756;750;746;1;
85.4;85.6;0.99994;0.00925526;-0.00577389;0;0;0.720195;780;765;758;1;
85.6;85.8;0.999992;-0.00279171;0.00285396;0;0;0.732308;826;813;810;1;
85.8;86;0.999713;0.0188741;0.0147276;0;0;0.712818;844;835;829;1;
86;86.2;0.999894;0.0145593;0;0;0;0.71638;856;844;839;1;
86.2;86.4;0.999942;0.0096798;-0.00471647;0;0;0.718282;832;821;816;1;
86.4;86.6;0.999603;0.00916994;-0.0266501;0;0;0.716489;855;848;834;1;
86.6;86.8;0.999993;-0.00272009;0.00250875;0;0;0.723806;853;840;829;1;
86.8;87;0.99993;0.00259548;-0.0115641;0;0;0.718249;842;833;828;1;
87;87.2;0.999951;-0.00395349;0.00911156;0;0;0.718377;855;838;828;1;
87.2;87.4;0.999997;-0.00204016;0.00159189;0;0;0.726253;847;832;826;1;
87.4;87.6;0.999771;0.0187651;0.0103313;0;0;0.713072;808;795;788;1;
87.6;87.8;0.999817;-0.00168854;0.019064;0;0;0.724767;821;811;808;1;
87.8;88;0.999999;0.000382503;0.000932973;0;0;0.734136;798;785;781;1;
88;88.2;0.999911;-0.00706909;0.0113572;0;0;0.736685;834;825;815;1;
88.2;88.4;0.999204;0.0397134;0.00368477;0;0;0.710694;775;771;763;1;
88.4;88.6;0.998846;0.0470417;-0.00966188;0;0;0.707369;787;778;772;1;
88.6;88.8;0.999546;0.0300191;0.00244337;0;0;0.726111;839;827;822;1;
88.8;89;0.998474;0.0549967;0.00493392;0;0;0.714988;843;832;821;1;
89;89.2;0.997963;0.0634671;0.00653322;0;0;0.714701;851;837;829;1;
89.2;89.4;0.998011;0.0628911;0.00423127;0;0;0.720839;837;826;822;1;
89.4;89.6;0.996955;0.0779368;-0.00249245;0;0;0.706918;824;818;813;1;
89.6;89.8;0.997016;0.0771811;-0.0014609;0;0;0.711788;830;817;811;1;
89.8;90;0.994227;0.104565;0.0240585;0;0;0.701599;837;818;812;1;
90;90.2;0.997314;0.0732097;0.00239508;0;0;0.730776;845;837;825;1;
90.2;90.4;0.996126;0.0878346;0.00432339;0;0;0.72881;782;767;759;1;
90.4;90.6;0.9938;0.110936;0.00742351;0;0;0.709558;802;796;791;1;
90.6;90.8;0.994868;0.100478;0.0119015;0;0;0.728586;812;803;793;1;
90.8;91;0.993563;0.113236;0.00323743;0;0;0.720074;862;849;841;1;
91;91.2;0.993542;0.113448;-0.0018147;0;0;0.713321;846;824;813;1;
91.2;91.4;0.992486;0.121654;0.0131437;0;0;0.714708;845;829;822;1;
91.4;91.6;0.993114;0.11656;-0.0117651;0;0;0.721436;856;836;826;1;
91.6;91.8;0.992888;0.117328;-0.0201711;0;0;0.721104;817;808;803;1;
91.8;92;0.994039;0.10896;-0.00376255;0;0;0.728887;817;806;804;1;
92;92.2;0.991111;0.133013;0.00267201;0;0;0.707233;834;825;814;1;
92.2;92.4;0.99194;0.126592;-0.00552493;0;0;0.722001;839;821;810;1;
92.4;92.6;0.995055;0.0992878;-0.00260389;0;0;0.731789;848;833;824;1;
92.6;92.8;0.991855;0.126184;0.0173294;0;0;0.714316;849;834;821;1;
92.8;93;0.991864;0.126882;-0.0103651;0;0;0.719779;793;780;768;1;
93;93.2;0.992996;0.118121;-0.00247054;0;0;0.720539;779;764;755;1;
93.2;93.4;0.992891;0.118792;-0.00749615;0;0;0.709189;777;763;757;1;
93.4;93.6;0.992506;0.12218;-0.00204088;0;0;0.702497;724;714;701;1;
93.6;93.8;0.995426;0.0951026;-0.00908576;0;0;0.72494;737;728;720;1;
93.8;94;0.99509;0.0987809;0.00623889;0;0;0.715138;737;725;719;1;
94;94.2;0.997577;0.0659613;-0.0221379;0;0;0.738606;736;725;714;1;
94.2;94.4;0.99869;0.0505517;0.00791956;0;0;0.740331;707;699;687;1;
94.4;94.6;0.998575;0.0497851;-0.0192382;0;0;0.737943;691;678;673;1;
94.6;94.8;0.998157;0.058732;0.0152523;0;0;0.72022;690;674;666;1;
94.8;95;0.999184;0.039797;-0.00691033;0;0;0.730389;719;696;683;1;
95;95.2;0.999417;0.0341239;0.000952909;0;0;0.723938;691;675;665;1;
95.2;95.4;0.999825;0.0104657;-0.0155184;0;0;0.735811;665;650;645;1;
95.4;95.6;0.999953;0.00127789;-0.00961724;0;0;0.718083;692;682;673;1;
95.6;95.8;0.999956;-0.0049448;0.00796989;0;0;0.713178;661;646;636;1;
95.8;96;0.999583;-0.0221245;-0.0185825;0;0;0.727664;686;667;660;1;
96;96.2;0.999519;-0.0310142;0;0;0;0.718763;690;676;663;1;
96.2;96.4;0.998494;-0.0533801;-0.0126595;0;0;0.713931;680;665;653;1;
96.4;96.6;0.998113;-0.0604067;0.0110493;0;0;0.713789;662;647;638;1;
96.6;96.8;0.998185;-0.0601008;0.00383599;0;0;0.699185;682;675;664;1;
96.8;97;0.995187;-0.0968421;-0.0150039;0;0;0.714192;645;628;614;1;
97;97.2;0.9907;-0.135525;-0.0121207;0;0;0.728201;618;607;591;1;
97.2;97.4;0.990854;-0.134841;-0.00510113;0;0;0.709322;614;606;590;1;
97.4;97.6;0.991762;-0.127927;-0.0065934;0;0;0.696561;636;613;606;1;
97.6;97.8;0.983167;-0.182706;0.000748044;0;0;0.731462;605;594;585;1;
97.8;98;0.977701;-0.209933;-0.00529382;0;0;0.734196;584;575;572;1;
98;98.2;0.973742;-0.226857;-0.0190564;0;0;0.725783;601;593;575;1;
98.2;98.4;0.966481;-0.255778;-0.022201;0;0;0.731993;571;559;553;1;
98.4;98.6;0.963406;-0.267766;-0.0122631;0;0;0.72875;562;556;551;1;
98.6;98.8;0.962644;-0.270617;-0.00913238;0;0;0.711025;583;571;560;1;
98.8;99;0.960414;-0.278279;-0.0129106;0;0;0.706628;560;547;538;1;
99;99.2;0.951729;-0.306454;-0.0172656;0;0;0.713478;563;550;539;1;
99.2;99.4;0.943394;-0.33099;-0.0212895;0;0;0.712915;549;543;534;1;
99.4;99.6;0.933499;-0.357725;-0.0247499;0;0;0.717865;536;533;516;1;
99.6;99.8;0.920865;-0.389798;0.00802675;0;0;0.72823;526;522;513;1;
99.8;100;0.863041;-0.499683;0.0740115;0;0;-0.586903;513;513;509;1;
100;100.2;0.9358;-0.35248;-0.00599914;0;0;-0.712449;535;535;532;1;
100.2;100.4;0.952015;-0.306051;0.000890494;0;0;-0.729437;562;562;561;1;
100.4;100.6;0.949618;-0.313217;-0.0109603;0;0;-0.715467;545;543;538;1;
100.6;100.8;0.956751;-0.290674;0.0117049;0;0;-0.709258;584;583;581;1;
100.8;101;0.966232;-0.25767;-0.00138191;0;0;-0.724673;603;602;597;1;
101;101.2;0.966637;-0.256103;-0.00492905;0;0;-0.705;608;607;604;1;
101.2;101.4;0.976853;-0.213913;-0.000275251;0;0;-0.730988;605;605;602;1;
101.4;101.6;0.978872;-0.204161;-0.0113211;0;0;-0.723234;626;626;614;1;
101.6;101.8;0.981825;-0.189742;0.00423928;0;0;-0.714948;604;600;593;1;
101.8;102;0.984304;-0.174956;0.0231472;0;0;-0.708011;584;583;578;1;
102;102.2;0.989151;-0.146796;-0.00562604;0;0;-0.721061;641;640;634;1;
102.2;102.4;0.991013;-0.133764;0.00121181;0;0;-0.713326;623;623;619;1;
102.4;102.6;0.99473;-0.102494;-0.00285185;0;0;-0.722562;645;643;631;1;
102.6;102.8;0.997026;-0.0769784;-0.00377285;0;0;-0.732254;653;647;634;1;
102.8;103;0.998502;-0.0547089;0.000141419;0;0;-0.735874;665;662;650;1;
103;103.2;0.999195;-0.0365617;0.0164997;0;0;-0.729304;703;699;683;1;
103.2;103.4;0.998441;-0.0480699;0.0283592;0;0;-0.705656;715;714;696;1;
103.4;103.6;0.999654;-0.026006;0.00393422;0;0;-0.719843;723;711;697;1;
103.6;103.8;0.999765;0.0215994;0.00176887;0;0;-0.741301;762;756;736;1;
103.8;104;0.999983;0.00296201;0.00508752;0;0;-0.719849;762;745;729;1;
104;104.2;0.999202;0.0397226;0.0041169;0;0;-0.736011;783;773;752;1;
104.2;104.4;0.998372;0.0570181;-0.0011422;0;0;-0.740544;772;758;737;1;
104.4;104.6;0.999097;0.0423818;0.00298167;0;0;-0.718836;763;749;730;1;
104.6;104.8;0.999465;0.0322776;-0.00534636;0;0;-0.703873;773;752;735;1;
104.8;105;0.998132;0.0588705;-0.0163309;0;0;-0.7197;761;745;727;1;
105;105.2;0.996878;0.0782964;0.0101813;0;0;-0.717168;770;750;734;1;
105.2;105.4;0.995626;0.0876888;-0.0322349;0;0;-0.724294;777;769;743;1;
105.4;105.6;0.993845;0.109842;0.0143586;0;0;-0.733609;764;751;741;1;
105.6;105.8;0.995829;0.0903009;0.0130424;0;0;-0.712496;747;741;727;1;
105.8;106;0.996363;0.0851963;0.00174598;0;0;-0.705953;741;733;706;1;
106;106.2;0.992395;0.123068;0.00257908;0;0;-0.733394;704;686;670;1;
106.2;106.4;0.995579;0.0935182;-0.00874089;0;0;-0.695071;729;713;691;1;
106.4;106.6;0.990411;0.13814;-0.00194841;0;0;-0.736763;749;737;718;1;
106.6;106.8;0.993953;0.109782;-0.00240089;0;0;-0.71566;733;719;710;1;
106.8;107;0.993266;0.111321;-0.0320967;0;0;-0.708673;687;675;669;1;
107;107.2;0.991879;0.127002;-0.00683911;0;0;-0.722891;709;699;692;1;
107.2;107.4;0.992301;0.123638;0.00730205;0;0;-0.717416;702;695;685;1;
107.4;107.6;0.995517;0.0944989;0.00387943;0;0;-0.69885;714;701;697;1;
107.6;107.8;0.992575;0.121361;-0.00819685;0;0;-0.718029;727;720;715;1;
107.8;108;0.992294;0.12339;0.0112615;0;0;-0.723218;723;717;708;1;
108;108.2;0.992754;0.11796;0.0229207;0;0;-0.719904;750;739;731;1;
108.2;108.4;0.988673;0.149841;-0.00860991;0;0;-0.73756;725;720;708;1;
108.4;108.6;0.996415;0.0833327;-0.0146081;0;0;-0.689934;732;725;712;1;
108.6;108.8;0.993631;0.112619;-0.00374742;0;0;-0.720207;754;740;731;1;
108.8;109;0.994119;0.107525;-0.0128526;0;0;-0.716944;748;745;728;1;
109;109.2;0.995415;0.0947429;-0.0131453;0;0;-0.715116;753;742;732;1;
109.2;109.4;0.993421;0.1141;-0.00981507;0;0;-0.732309;743;737;731;1;
109.4;109.6;0.995559;0.0935668;0.0103649;0;0;-0.731938;733;725;722;1;
109.6;109.8;0.99902;0.0430677;-0.0101617;0;0;-0.687273;712;704;689;1;
109.8;110;0.994674;0.102812;-0.00731235;0;0;-0.737177;742;736;725;1;
110;110.2;0.99626;0.0862566;-0.00510102;0;0;-0.729911;705;694;680;1;
110.2;110.4;0.996574;0.0824296;-0.00681658;0;0;-0.736281;722;711;706;1;
110.4;110.6;0.9984;0.0543077;-0.0157597;0;0;-0.720041;708;695;682;1;
110.6;110.8;0.995417;0.0908079;0.0299763;0;0;-0.746914;745;731;719;1;
110.8;111;0.998903;0.0457151;-0.0101389;0;0;-0.725489;737;725;707;1;
111;111.2;0.999768;0.0130326;-0.0171359;0;0;-0.694984;770;762;743;1;
111.2;111.4;0.998843;0.0477522;-0.00576311;0;0;-0.735918;755;749;740;1;
111.4;111.6;0.999271;0.0363749;-0.011607;0;0;-0.728729;754;748;740;1;
111.6;111.8;0.999334;0.0361191;0.00518583;0;0;-0.738213;714;704;689;1;
111.8;112;0.999979;0.000860036;-0.00636108;0;0;-0.715879;742;734;726;1;
112;112.2;0.999245;-0.0194418;-0.0336361;0;0;-0.704624;715;707;699;1;
112.2;112.4;0.99979;-0.0204688;-0.000543911;0;0;-0.697424;725;718;708;1;
112.4;112.6;0.999356;-0.0349272;0.00822102;0;0;-0.688153;720;712;709;1;
112.6;112.8;0.999814;0.0106499;-0.0160528;0;0;-0.720172;727;717;708;1;
112.8;113;0.999991;0.000922559;0.00421225;0;0;-0.711577;750;736;732;1;
113;113.2;0.999482;0.0321758;-0.000608749;0;0;-0.731901;720;707;695;1;
113.2;113.4;0.99973;-0.0074949;-0.021973;0;0;-0.706354;712;701;686;1;
113.4;113.6;0.999999;0.00024798;0.000995768;0;0;-0.705169;700;687;676;1;
113.6;113.8;0.998822;0.0378407;0.0303624;0;0;-0.727999;683;674;658;1;
113.8;114;0.999884;-0.00705002;-0.0135083;0;0;-0.703458;642;633;620;1;
114;114.2;0.998934;0.0460557;0.00304662;0;0;-0.733678;706;694;684;1;
114.2;114.4;0.999591;0.0237115;0.0159895;0;0;-0.720055;658;647;638;1;
114.4;114.6;0.999668;-0.00793259;-0.0245327;0;0;-0.702166;666;651;641;1;
114.6;114.8;0.99972;0.023384;0.00353384;0;0;-0.717271;675;666;658;1;
114.8;115;0.997519;0.0611964;0.0347883;0;0;-0.738875;712;694;669;1;
115;115.2;0.999519;0.0259213;-0.0170387;0;0;-0.721313;721;705;693;1;
115.2;115.4;0.999759;-0.00276704;-0.0217953;0;0;-0.705098;658;639;622;1;
115.4;115.6;0.99994;0.00930848;0.00570616;0;0;-0.71059;667;652;639;1;
115.6;115.8;0.99628;0.0858902;-0.00698701;0;0;-0.769867;688;671;655;1;
115.8;116;0.999116;-0.015094;-0.039225;0;0;-0.691173;663;644;624;1;
116;116.2;0.999798;-0.0168429;-0.0109238;0;0;-0.688646;636;617;599;1;
116.2;116.4;0.99973;0.0231416;-0.0022332;0;0;-0.718547;638;628;602;1;
116.4;116.6;0.999658;-0.0117073;-0.0233827;0;0;-0.696788;620;609;591;1;
116.6;116.8;0.999875;0.0156328;0.00250904;0;0;-0.714842;629;613;603;1;
116.8;117;0.999931;-0.011134;-0.00368242;0;0;-0.686178;614;598;591;1;
117;117.2;0.999561;0.0257697;-0.0146101;0;0;-0.734751;626;616;600;1;
117.2;117.4;0.999786;0.0160633;0.0130575;0;0;-0.713896;604;594;579;1;
117.4;117.6;0.999477;0.0323291;0.00112157;0;0;-0.742228;571;558;554;1;
117.6;117.8;0.999222;-0.0354317;-0.017298;0;0;-0.677947;598;585;571;1;
117.8;118;0.999474;0.0255308;0.0200183;0;0;-0.735101;618;611;590;1;
118;118.2;0.999764;0.0216913;0.00108106;0;0;-0.733495;587;575;564;1;
118.2;118.4;0.999546;0.023663;0.018639;0;0;-0.736568;574;561;553;1;
118.4;118.6;0.999847;-0.00474881;-0.0168647;0;0;-0.706358;587;578;567;1;
118.6;118.8;0.999985;-0.00095743;-0.00532815;0;0;-0.721582;594;581;572;1;
118.8;119;0.999227;0.0341975;-0.0193869;0;0;-0.770721;551;537;528;1;
119;119.2;0.999567;-0.023039;-0.0182864;0;0;-0.709134;599;583;570;1;
119.2;119.4;0.999536;-0.0284372;0.0109074;0;0;-0.690501;567;552;539;1;
119.4;119.6;0.999914;0.0110576;0.00705745;0;0;-0.731906;569;546;532;1;
119.6;119.8;0.999369;-0.000524526;-0.0355089;0;0;-0.724577;580;557;543;1;
119.8;120;0.998127;-0.00476481;0.0609902;0;0;-0.725738;593;579;568;1;
120;120.2;0.999589;-0.0261334;0.0117683;0;0;-0.700301;570;559;547;1;
120.2;120.4;0.999779;0.0183204;0.010286;0;0;-0.745055;529;519;513;1;
120.4;120.6;0.999783;-0.00323735;-0.0205676;0;0;-0.732323;519;506;486;1;
120.6;120.8;0.998907;-0.0309645;0.0350078;0;0;-0.703764;489;474;463;1;
120.8;121;0.998525;-0.0509739;0.0186978;0;0;-0.683079;552;536;517;1;
121;121.2;0.999417;-0.0335732;-0.00624924;0;0;-0.723921;588;579;562;1;
121.2;121.4;0.998222;-0.0592386;0.00665986;0;0;-0.682229;548;536;523;1;
121.4;121.6;0.999809;0.0149002;-0.0126475;0;0;-0.75067;622;603;579;1;
121.6;121.8;0.99973;-0.0227541;0.00467662;0;0;-0.714764;550;534;520;1;
121.8;122;0.999825;-0.00763918;0.0170571;0;0;-0.730169;554;538;520;1;
122;122.2;0.99999;-0.00159874;-0.00418253;0;0;-0.734453;558;539;513;1;
122.2;122.4;0.995066;-0.0914663;0.0384399;0;0;-0.661875;548;540;511;1;
122.4;122.6;0.998976;-0.0350533;-0.0285895;0;0;-0.717348;490;470;451;1;
122.6;122.8;0.999984;-0.00489043;-0.0028137;0;0;-0.730348;501;484;467;1;
122.8;123;0.999569;-0.0293081;0.00165921;0;0;-0.717364;525;511;490;1;
123;123.2;0.999779;-0.0124737;-0.0169428;0;0;-0.727853;553;536;516;1;
123.2;123.4;0.999744;-0.0207925;-0.00889194;0;0;-0.716041;554;545;522;1;
123.4;123.6;0.999609;-0.0258587;0.0106569;0;0;-0.695816;500;494;476;1;
123.6;123.8;0.999359;-0.0120737;0.0337028;0;0;-0.723836;515;506;497;1;
123.8;124;0.999705;-0.0178732;0.0164234;0;0;-0.70594;544;531;514;1;
124;124.2;0.998619;-0.0467742;0.0239104;0;0;-0.675286;577;569;547;1;
124.2;124.4;0.999402;0.0334643;-0.00867829;0;0;-0.754406;603;593;572;1;
124.4;124.6;0.999948;-0.00809213;-0.00620312;0;0;-0.710226;575;565;549;1;
124.6;124.8;0.999972;0.00689299;0.00274316;0;0;-0.714808;582;576;543;1;
124.8;125;0.999839;0.00960684;-0.015171;0;0;-0.722795;599;580;552;1;
125;125.2;0.999674;0.00968742;-0.0236194;0;0;-0.722608;622;612;584;1;
125.2;125.4;0.99998;0.00359835;0.00523511;0;0;-0.721836;594;581;552;1;
125.4;125.6;0.999618;0.0270365;-0.00565778;0;0;-0.719165;619;600;580;1;
125.6;125.8;0.999966;-0.00175159;0.00802598;0;0;-0.715837;629;612;598;1;
125.8;126;0.999704;0.0231275;0.00759385;0;0;-0.727782;660;649;637;1;
126;126.2;0.999819;0.0184765;-0.00464172;0;0;-0.719073;649;633;616;1;
126.2;126.4;0.999936;0.0109946;0.00252124;0;0;-0.71541;647;631;609;1;
126.4;126.6;0.999942;0.00414778;-0.00996584;0;0;-0.709644;663;646;630;1;
126.6;126.8;0.999568;0.0293412;-0.00152802;0;0;-0.720191;673;661;639;1;
126.8;127;0.999071;0.0428592;0.00439647;0;0;-0.735208;682;670;638;1;
127;127.2;0.99999;-0.00424117;0.00146132;0;0;-0.705176;715;702;664;1;
127.2;127.4;0.998598;0.052625;-0.00568871;0;0;-0.724221;730;704;678;1;
127.4;127.6;0.999436;0.00975486;-0.0321481;0;0;-0.714207;732;704;691;1;
127.6;127.8;0.999553;0.029731;-0.00328392;0;0;-0.726019;707;695;676;1;
127.8;128;0.999854;0.0148442;-0.00846994;0;0;-0.718888;705;691;678;1;
128;128.2;0.999604;0.027441;0.00617379;0;0;-0.720389;720;707;688;1;
128.2;128.4;0.999865;0.0131393;-0.00987163;0;0;-0.715686;714;697;671;1;
128.4;128.6;0.99914;0.0412913;-0.00380047;0;0;-0.732587;699;688;663;1;
128.6;128.8;0.999965;0.00784716;-0.00272421;0;0;-0.70453;725;712;683;1;
128.8;129;0.999669;0.0246027;-0.00753361;0;0;-0.724151;711;701;687;1;
129;129.2;0.999777;0.00732759;0.0198214;0;0;-0.710042;690;683;659;1;
129.2;129.4;1;-0.000271059;-0.000657252;0;0;-0.710686;725;719;688;1;
129.4;129.6;0.99993;-0.00129405;-0.0117429;0;0;-0.708544;717;711;692;1;
129.6;129.8;0.999486;0.0311585;-0.0075031;0;0;-0.728303;748;739;728;1;
129.8;130;0.999954;-0.00359353;0.00892246;0;0;-0.715169;766;762;744;1;
130;130.2;0.999681;0.024211;-0.00724273;0;0;-0.726687;758;749;732;1;
130.2;130.4;0.999766;0.0189904;0.0103179;0;0;-0.726703;785;771;755;1;
130.4;130.6;0.999939;0.010946;-0.00176235;0;0;-0.727534;787;779;765;1;
130.6;130.8;0.999432;0.03069;0.0139238;0;0;-0.739555;776;770;762;1;
130.8;131;0.999939;0.00732071;0.00828812;0;0;-0.724248;751;741;730;1;
131;131.2;0.999997;0.00241749;0.000529391;0;0;-0.722114;770;765;756;1;
131.2;131.4;0.999894;0.00160417;-0.0144442;0;0;-0.717236;761;751;743;1;
131.4;131.6;0.999844;-0.0101819;-0.0144059;0;0;-0.712687;768;751;737;1;
131.6;131.8;0.999794;0.0196731;0.00499901;0;0;-0.736272;768;754;736;1;
131.8;132;0.99991;-0.0129866;-0.00323994;0;0;-0.716879;753;744;727;1;
132;132.2;0.999859;0.0140698;-0.00919229;0;0;-0.734218;756;743;712;1;
132.2;132.4;0.999855;0.0145524;-0.00884887;0;0;-0.732867;758;739;719;1;
132.4;132.6;0.998981;-0.0415196;-0.0177185;0;0;-0.702155;792;783;741;1;
132.6;132.8;0.999942;0.000892926;0.0107235;0;0;-0.72971;794;784;745;1;
132.8;133;0.999836;-0.0134353;0.0121554;0;0;-0.714367;798;787;759;1;
133;133.2;0.999652;0.0184825;0.0188465;0;0;-0.735556;800;792;774;1;
133.2;133.4;0.999404;-0.00840886;0.03347;0;0;-0.724632;834;824;804;1;
133.4;133.6;0.99965;-0.019656;-0.0176929;0;0;-0.720222;834;827;804;1;
133.6;133.8;0.999781;-0.00761324;0.0194978;0;0;-0.727177;846;835;814;1;
133.8;134;0.999858;-0.0118482;0.0120023;0;0;-0.726015;858;847;821;1;
134;134.2;0.999866;-0.0128939;0.0100783;0;0;-0.720995;872;859;840;1;
134.2;134.4;0.999917;-0.0111892;0.00646292;0;0;-0.724657;866;859;836;1;
134.4;134.6;0.999942;-0.0025366;0.0104239;0;0;-0.724018;887;881;855;1;
134.6;134.8;0.999732;-0.0224462;0.0056436;0;0;-0.714905;886;877;857;1;
134.8;135;0.99967;-0.0219984;0.0132607;0;0;-0.718946;890;881;860;1;
135;135.2;0.999858;-0.0155275;-0.00651689;0;0;-0.719217;914;906;899;1;
135.2;135.4;0.999881;-0.0151461;0.00298809;0;0;-0.721328;920;918;914;1;
135.4;135.6;0.999753;-0.0217439;-0.00465327;0;0;-0.717154;925;917;914;1;
135.6;135.8;0.999864;-0.0164493;-0.000804454;0;0;-0.717577;908;900;889;1;
135.8;136;0.999852;0.00389156;0.01673;0;0;-0.726614;903;895;889;1;
136;136.2;0.999814;-0.0137064;-0.013533;0;0;-0.718875;877;865;860;1;
136.2;136.4;0.999874;-0.00742852;0.014063;0;0;-0.718121;874;863;854;1;
136.4;136.6;0.999928;0.000102033;-0.0120085;0;0;-0.72199;856;852;844;1;
136.6;136.8;0.999953;-0.00706259;-0.00666079;0;0;-0.718605;877;871;865;1;
136.8;137;0.999978;0.00660114;-0.000729344;0;0;-0.72355;853;847;842;1;
137;137.2;0.999941;0.00107851;0.0108177;0;0;-0.715738;853;844;837;1;
137.2;137.4;0.996769;0.0387493;0.0703528;0;0;-0.739657;843;835;828;1;
137.4;137.6;0.999884;-0.00645057;-0.0138014;0;0;-0.720492;861;856;844;1;
137.6;137.8;0.999985;-0.00545704;-0.00105304;0;0;-0.723819;860;857;854;1;
137.8;138;0.99965;-0.021111;0.0159386;0;0;-0.719861;868;864;862;1;
138;138.2;0.999757;-0.0192472;0.0107439;0;0;-0.722424;856;852;850;1;
138.2;138.4;0.999893;-0.0120753;-0.0083066;0;0;-0.724246;859;852;844;1;
138.4;138.6;0.999782;-0.0208062;-0.00195834;0;0;-0.728769;857;853;843;1;
138.6;138.8;0.998941;-0.041633;0.019581;0;0;-0.720288;867;858;854;1;
138.8;139;0.998429;-0.0560171;0.00139894;0;0;-0.713148;854;846;839;1;
139;139.2;0.997991;-0.0621161;-0.0124852;0;0;-0.714783;866;858;850;1;
139.2;139.4;0.996721;-0.0807379;-0.00534554;0;0;-0.707203;874;864;850;1;
139.4;139.6;0.99609;-0.0803261;0.0367766;0;0;-0.710695;878;870;861;1;
139.6;139.8;0.995939;-0.0896364;-0.00837395;0;0;-0.708858;889;881;877;1;
139.8;140;0.997012;-0.0746038;0.0200211;0;0;-0.721988;880;873;867;1;
140;140.2;0.996463;-0.083772;0.00662265;0;0;-0.719173;898;887;880;1;
140.2;140.4;0.996131;-0.0857741;-0.0191172;0;0;-0.722697;862;857;854;1;
140.4;140.6;0.994402;-0.105558;-0.00472174;0;0;-0.716536;880;871;867;1;
140.6;140.8;0.996454;-0.0840805;-0.00300297;0;0;-0.729874;875;866;860;1;
140.8;141;0.992948;-0.117946;0.0119869;0;0;-0.713807;890;879;876;1;
141;141.2;0.993687;-0.111694;0.0105053;0;0;-0.719181;868;859;855;1;
141.2;141.4;0.994699;-0.101864;-0.01406;0;0;-0.726812;878;868;860;1;
141.4;141.6;0.991818;-0.126645;0.0160344;0;0;-0.712979;855;850;848;1;
141.6;141.8;0.991856;-0.127299;-0.00411697;0;0;-0.717767;863;852;845;1;
141.8;142;0.99306;-0.117475;0.00557832;0;0;-0.721389;862;853;847;1;
142;142.2;0.993224;-0.11615;0.0038938;0;0;-0.724168;858;851;845;1;
142.2;142.4;0.99336;-0.115015;-0.00282397;0;0;-0.72383;860;853;847;1;
142.4;142.6;0.992705;-0.12056;0.00139066;0;0;-0.720127;856;851;836;1;
142.6;142.8;0.99433;-0.106222;0.00500507;0;0;-0.724034;857;852;844;1;
142.8;143;-0.993958;0.109557;-0.00667345;0;0;-0.72215;872;863;860;1;
143;143.2;-0.994042;0.10888;-0.00505276;0;0;-0.721716;875;863;852;1;
143.2;143.4;-0.994606;0.103723;-0.000282449;0;0;-0.721662;882;870;866;1;
143.4;143.6;0.994691;-0.102866;0.00300306;0;0;-0.721851;867;854;847;1;
143.6;143.8;0.995455;-0.0952265;-0.0006186;0;0;-0.724105;886;877;872;1;
143.8;144;0.994901;-0.100717;0.00530107;0;0;-0.722464;861;851;846;1;
144;144.2;0.996471;-0.0793402;0.0273861;0;0;-0.723333;859;844;836;1;
144.2;144.4;0.997095;-0.0758066;0.00742747;0;0;-0.716843;847;831;822;1;
144.4;144.6;0.996757;-0.0796621;0.0113349;0;0;-0.712523;850;840;829;1;
144.6;144.8;0.99862;-0.0499152;-0.016298;0;0;-0.724789;842;835;829;1;
144.8;145;0.998995;-0.0434908;-0.010798;0;0;-0.720303;827;825;804;1;
145;145.2;0.999694;-0.0247335;-0.000698022;0;0;-0.727102;829;823;809;1;
145.2;145.4;0.999583;-0.0254837;0.0135562;0;0;-0.721706;822;813;800;1;
145.4;145.6;0.99996;-0.00232969;0.00858441;0;0;-0.727402;834;819;812;1;
145.6;145.8;0.999473;-0.0237914;0.0220883;0;0;-0.702666;825;811;803;1;
145.8;146;0.999611;0.0268513;-0.00759895;0;0;-0.722949;821;812;797;1;
146;146.2;0.999485;0.0320818;-0.000829222;0;0;-0.719849;830;820;810;1;
146.2;146.4;0.999295;0.0360701;-0.0103857;0;0;-0.713269;824;818;805;1;
146.4;146.6;0.997132;0.0756598;-0.00166742;0;0;-0.722337;824;814;802;1;
146.6;146.8;0.99603;0.0890127;-0.000339776;0;0;-0.725021;833;824;801;1;
146.8;147;0.995572;0.0909947;0.0235678;0;0;-0.716743;840;833;814;1;
147;147.2;0.992857;0.117019;-0.0232779;0;0;-0.720259;838;831;803;1;
147.2;147.4;0.990434;0.137333;0.0134035;0;0;-0.722339;840;833;793;1;
147.4;147.6;0.990124;0.140045;0.00643273;0;0;-0.71004;818;811;786;1;
147.6;147.8;0.985526;0.169098;0.0119852;0;0;-0.716835;816;812;796;1;
147.8;148;0.981292;0.192077;0.0131643;0;0;-0.7165;838;833;806;1;
148;148.2;0.979564;0.201101;0.00352196;0;0;-0.713178;835;826;802;1;
148.2;148.4;0.97678;0.213895;-0.0122184;0;0;-0.704793;826;822;787;1;
148.4;148.6;0.968382;0.249472;-0.00031981;0;0;-0.715743;815;814;791;1;
148.6;148.8;0.961637;0.274325;-0.000476726;0;0;-0.720781;828;820;798;1;
148.8;149;0.951864;0.306066;0.0166811;0;0;-0.725711;841;836;810;1;
149;149.2;0.945708;0.324772;0.012635;0;0;-0.725678;834;834;811;1;
149.2;149.4;0.940944;0.338429;-0.00944407;0;0;-0.72474;817;815;793;1;
149.4;149.6;0.935643;0.352917;0.00465394;0;0;-0.718434;812;811;779;1;
149.6;149.8;0.927526;0.373729;0.00474094;0;0;-0.714986;814;806;772;1;
149.8;150;0.937973;0.346655;0.00604253;0;0;0.731347;806;780;746;1;
150;150.2;0.943828;0.330378;0.00627919;0;0;0.728477;829;810;775;1;
150.2;150.4;0.947258;0.320434;-0.00495298;0;0;0.720922;817;800;774;1;
150.4;150.6;0.951557;0.307443;0.00415578;0;0;0.718797;833;821;795;1;
150.6;150.8;0.955379;0.294289;0.025399;0;0;0.709574;858;842;831;1;
150.8;151;0.964903;0.262576;0.00410317;0;0;0.718036;873;849;841;1;
151;151.2;-0.969755;-0.244046;-0.00407502;0;0;0.72095;869;860;848;1;
151.2;151.4;0.974214;0.225623;0.00103397;0;0;0.721405;850;827;821;1;
151.4;151.6;0.97597;0.217903;0.00118293;0;0;0.713014;854;842;834;1;
151.6;151.8;0.982471;0.185485;-0.0185804;0;0;0.727279;869;848;843;1;
151.8;152;0.988275;0.152642;-0.00352263;0;0;0.731804;852;833;826;1;
152;152.2;0.991743;0.127094;-0.0171154;0;0;0.7319;854;838;829;1;
152.2;152.4;0.989095;0.146618;0.0139289;0;0;0.709851;864;847;839;1;
152.4;152.6;0.994516;0.104522;-0.0036558;0;0;0.719662;859;847;830;1;
152.6;152.8;0.994479;0.104781;-0.00563773;0;0;0.709267;878;856;849;1;
152.8;153;0.998003;0.0631634;0.00059492;0;0;0.729146;865;854;852;1;
153;153.2;0.998024;0.062655;-0.00466316;0;0;0.71225;860;841;837;1;
153.2;153.4;0.999654;0.025178;0.00756569;0;0;0.728592;850;843;840;1;
153.4;153.6;0.999726;0.0169915;0.016094;0;0;0.727811;860;848;844;1;
153.6;153.8;0.999792;0.0186559;0.0081801;0;0;0.715072;858;844;840;1;
153.8;154;0.999945;-0.00842573;0.00627195;0;0;0.718914;846;837;835;1;
154;154.2;0.999665;-0.0241072;0.00946991;0;0;0.721136;839;833;825;1;
154.2;154.4;0.999655;-0.0260531;0.00329706;0;0;0.714443;842;831;827;1;
154.4;154.6;0.998609;-0.0508352;-0.0139842;0;0;0.722885;857;847;846;1;
154.6;154.8;0.997295;-0.0727765;-0.010353;0;0;0.732206;843;836;831;1;
154.8;155;0.998711;-0.0500402;0.00849296;0;0;0.712187;845;839;830;1;
155;155.2;-0.997388;0.0714683;-0.0104694;0;0;0.717363;836;828;826;1;
155.2;155.4;-0.997031;0.0755416;-0.0149444;0;0;0.71612;834;824;821;1;
155.4;155.6;0.995557;-0.0913258;0.0229231;0;0;0.724426;828;825;819;1;
155.6;155.8;0.994073;-0.108685;-0.00256987;0;0;0.725284;828;821;820;1;
155.8;156;-0.994775;0.101977;0.00491867;0;0;0.714966;816;811;809;1;
156;156.2;0.99346;-0.112674;-0.0184801;0;0;0.716144;816;812;807;1;
156.2;156.4;0.993391;-0.114094;0.0125369;0;0;0.722721;824;816;805;1;
156.4;156.6;0.992024;-0.125999;-0.00343086;0;0;0.723636;825;821;809;1;
156.6;156.8;0.993219;-0.116157;0.00477643;0;0;0.71405;805;799;790;1;
156.8;157;-0.994172;0.107804;0.000303258;0;0;0.713317;821;818;809;1;
157;157.2;0.992359;-0.12283;0.0116964;0;0;0.718348;824;813;808;1;
157.2;157.4;-0.992886;0.119062;0.000897199;0;0;0.718786;814;810;806;1;
157.4;157.6;0.991271;-0.131821;0.00204291;0;0;0.725029;814;808;808;1;
157.6;157.8;0.992535;-0.121437;0.0112612;0;0;0.718465;818;811;811;1;
157.8;158;-0.991339;0.129683;-0.0207033;0;0;0.726285;806;803;800;1;
158;158.2;-0.993175;0.116588;-0.00319227;0;0;0.718511;804;801;798;1;
158.2;158.4;0.993107;-0.116545;0.0124975;0;0;0.723524;798;790;786;1;
158.4;158.6;0.992851;-0.11894;0.00999107;0;0;0.723973;792;785;783;1;
158.6;158.8;0.993817;-0.110751;0.00784025;0;0;0.72161;787;783;782;1;
158.8;159;0.993773;-0.111424;0.000838099;0;0;0.726409;801;795;787;1;
159;159.2;0.989774;-0.140946;0.0219517;0;0;0.746544;778;774;771;1;
159.2;159.4;0.996902;-0.0785422;-0.00422509;0;0;0.710682;793;791;789;1;
159.4;159.6;-0.997012;0.0771054;0.00460785;0;0;0.71689;790;785;785;1;
159.6;159.8;0.994846;-0.100649;0.0122632;0;0;0.732847;791;785;784;1;
159.8;160;-0.99704;0.0762496;0.00987713;0;0;0.724092;796;795;793;1;
160;160.2;-0.997047;0.0765709;0.00587109;0;0;0.728438;787;782;780;1;
160.2;160.4;0.998459;-0.0546822;0.00944931;0;0;0.718055;802;798;794;1;
160.4;160.6;-0.998148;0.0567111;-0.0220066;0;0;0.719691;777;773;771;1;
160.6;160.8;0.998953;-0.0437244;-0.0134252;0;0;0.71786;794;791;789;1;
160.8;161;0.999633;-0.0265979;0.00516171;0;0;0.709214;801;800;798;1;
161;161.2;-0.999105;0.0407472;-0.0113889;0;0;0.72166;812;809;807;1;
161.2;161.4;-0.999749;0.0223184;-0.00211953;0;0;0.716079;809;805;803;1;
161.4;161.6;0.999927;-0.00857417;-0.0084736;0;0;0.713684;798;794;790;1;
161.6;161.8;-0.999784;0.00915573;0.0186838;0;0;0.715772;818;816;814;1;
161.8;162;0.999751;-0.0212262;0.00686536;0;0;0.726603;807;801;799;1;
162;162.2;0.9998;-0.014356;0.0139454;0;0;0.727203;819;815;808;1;
162.2;162.4;0.999747;-0.0115068;0.0193354;0;0;0.723781;826;815;813;1;
162.4;162.6;-0.99991;0.00806604;-0.0106781;0;0;0.721094;816;813;808;1;
162.6;162.8;-0.999851;0.0156979;0.00713908;0;0;0.721495;832;827;825;1;
162.8;163;-0.999913;0.0131898;0.0010037;0;0;0.723228;823;818;816;1;
163;163.2;-0.999706;0.0143636;-0.0195329;0;0;0.720406;835;834;830;1;
163.2;163.4;0.999833;-0.0162499;-0.00830607;0;0;0.718191;833;825;824;1;
163.4;163.6;-0.999717;0.0236644;0.00262178;0;0;0.721316;804;798;797;1;
163.6;163.8;0.999915;-0.0109783;0.00708219;0;0;0.713968;817;814;805;1;
163.8;164;0.999587;-0.0236457;0.0163039;0;0;0.717808;820;816;813;1;
164;164.2;0.999828;-0.0184939;0.00109672;0;0;0.719714;822;818;815;1;
164.2;164.4;-0.998412;0.0418863;-0.0376744;0;0;0.729041;828;824;820;1;
164.4;164.6;-0.9997;0.0230926;-0.00817778;0;0;0.71951;826;817;817;1;
164.6;164.8;0.999616;-0.0271723;0.00545008;0;0;0.720733;818;802;800;1;
164.8;165;-0.999458;0.0306615;-0.0120118;0;0;0.723577;839;833;821;1;
165;165.2;0.999411;-0.0341674;-0.00309567;0;0;0.723884;836;824;821;1;
165.2;165.4;0.999798;-0.0182266;-0.00843428;0;0;0.715243;836;830;828;1;
165.4;165.6;0.999575;-0.0276549;0.00922485;0;0;0.720637;835;829;820;1;
165.6;165.8;-0.999315;0.0367076;-0.0046733;0;0;0.72764;825;821;817;1;
165.8;166;-0.999611;0.0264537;-0.00883239;0;0;0.71934;858;850;839;1;
166;166.2;-0.99972;0.0219124;0.0089503;0;0;0.720939;839;833;823;1;
166.2;166.4;-0.999889;0.0110308;0.0100542;0;0;0.709796;843;839;836;1;
166.4;166.6;-0.999874;0.00858744;0.0133306;0;0;0.71321;836;833;830;1;
166.6;166.8;-0.999948;0.00869663;-0.00532138;0;0;0.709566;839;835;835;1;
166.8;167;-0.999921;0.0116774;-0.00458831;0;0;0.716224;841;834;834;1;
167;167.2;0.99998;-0.00566264;0.00273948;0;0;0.711633;848;843;842;1;
167.2;167.4;0.999913;-0.0115123;-0.00644124;0;0;0.719428;840;839;836;1;
167.4;167.6;-0.999879;0.0152449;-0.00306538;0;0;0.721151;846;845;839;1;
167.6;167.8;-0.999946;0.0101856;-0.00180788;0;0;0.716545;850;845;839;1;
167.8;168;0.999924;0.00827953;-0.00912022;0;0;0.708198;867;860;858;1;
168;168.2;-0.999913;0.0128259;0.00314718;0;0;0.720452;857;854;848;1;
168.2;168.4;-0.999959;-0.00224382;0.00871824;0;0;0.711802;850;840;833;1;
168.4;168.6;-0.999982;0.00576471;0.00138653;0;0;0.722074;868;864;861;1;
168.6;168.8;-0.999903;-0.00794738;0.0114696;0;0;0.71222;863;860;858;1;
168.8;169;0.99995;0.00891375;-0.00449653;0;0;0.711772;873;867;861;1;
169;169.2;0.999997;-0.000991692;-0.00236489;0;0;0.720681;872;864;862;1;
169.2;169.4;0.999944;0.00113604;-0.0105075;0;0;0.722284;873;868;863;1;
169.4;169.6;0.999994;0.00178834;0.00293092;0;0;0.72697;887;880;871;1;
169.6;169.8;0.999979;0.00622706;0.00188903;0;0;0.723656;880;873;862;1;
169.8;170;0.999794;0.0189041;-0.00732656;0;0;0.716391;877;867;858;1;
170;170.2;0.999938;0.00683388;-0.00874565;0;0;0.722093;872;867;856;1;
170.2;170.4;0.999708;0.0205904;0.0126612;0;0;0.717116;889;884;881;1;
170.4;170.6;0.99998;0.00630824;-0.000792573;0;0;0.723412;899;890;887;1;
170.6;170.8;0.999727;0.0185544;0.0141775;0;0;0.712826;896;887;883;1;
170.8;171;0.998926;0.0415067;0.0206133;0;0;0.709303;891;887;885;1;
171;171.2;0.999905;0.00819163;-0.0110847;0;0;0.724407;902;895;880;1;
171.2;171.4;0.999924;0.0107015;0.00604812;0;0;0.723642;911;896;887;1;
171.4;171.6;0.99995;0.0097782;-0.00216759;0;0;0.724418;899;892;883;1;
171.6;171.8;0.999707;0.0239653;0.00331838;0;0;0.716904;896;886;883;1;
171.8;172;-0.999175;-0.0344111;-0.0215549;0;0;0.7112;895;886;879;1;
172;172.2;0.999774;0.0182463;0.0109444;0;0;0.719509;908;900;890;1;
172.2;172.4;0.999995;0.00164135;-0.00273428;0;0;0.728726;914;906;900;1;
172.4;172.6;-0.999726;-0.0216696;0.00881343;0;0;0.716376;893;891;885;1;
172.6;172.8;0.999928;0.0119042;0.00134642;0;0;0.725562;907;902;898;1;
172.8;173;-0.999855;-0.010012;-0.0137527;0;0;0.724962;904;898;893;1;
173;173.2;0.999747;0.0172672;-0.0144367;0;0;0.718048;916;906;898;1;
173.2;173.4;0.999979;0.00641789;0.0010298;0;0;0.723181;926;918;908;1;
173.4;173.6;0.999864;0.0141364;-0.00846295;0;0;0.717568;919;880;871;1;
173.6;173.8;-0.999997;-0.00235349;-0.00080525;0;0;0.722452;916;912;908;1;
173.8;174;-0.999986;-0.00349424;0.00390169;0;0;0.723278;903;896;883;1;
174;174.2;-0.999821;0.0116783;-0.0149165;0;0;0.72825;904;896;894;1;
174.2;174.4;-0.999855;-0.011635;0.0124642;0;0;0.718134;908;907;904;1;
174.4;174.6;-0.999653;-0.0132407;0.0227514;0;0;0.711096;899;891;888;1;
174.6;174.8;-0.99988;0.0125907;-0.00906266;0;0;0.727324;895;892;888;1;
174.8;175;0.99995;-0.0100262;-0.000214275;0;0;0.717884;899;893;888;1;
175;175.2;0.999845;-0.0151889;0.00887769;0;0;0.72338;907;901;898;1;
175.2;175.4;-0.999789;0.0131487;0.0157908;0;0;0.7192;890;888;883;1;
175.4;175.6;0.999884;-0.0151392;0.00157234;0;0;0.721698;901;889;886;1;
175.6;175.8;0.999963;-0.000411443;0.00861488;0;0;0.711723;904;898;896;1;
175.8;176;0.99994;-0.0109628;0.000391076;0;0;0.718768;898;890;887;1;
176;176.2;-0.99939;0.0348132;0.0027277;0;0;0.729477;907;902;894;1;
176.2;176.4;0.99946;-0.0323762;-0.00558686;0;0;0.727564;899;894;886;1;
176.4;176.6;0.99998;0.00206872;0.00602549;0;0;0.706184;917;914;905;1;
176.6;176.8;0.999858;-0.0116364;-0.0121821;0;0;0.715335;912;901;898;1;
176.8;177;0.999907;-0.0134953;-0.00214934;0;0;0.712835;906;898;897;1;
177;177.2;-0.99966;0.025891;0.00317158;0;0;0.724292;913;908;905;1;
177.2;177.4;0.999834;-0.018059;-0.0024357;0;0;0.717685;907;900;897;1;
177.4;177.6;0.999851;-0.0156864;-0.00723556;0;0;0.716832;895;890;887;1;
177.6;177.8;-0.999676;0.0204595;-0.0151418;0;0;0.720037;901;893;890;1;
177.8;178;0.999423;-0.0302762;0.0154175;0;0;0.723321;895;887;883;1;
178;178.2;0.999872;-0.0144438;0.00692089;0;0;0.713986;879;876;874;1;
178.2;178.4;-0.999438;0.0279493;-0.0184899;0;0;0.72359;881;872;864;1;
178.4;178.6;0.999941;-0.00969725;0.00481322;0;0;0.710016;877;868;862;1;
178.6;178.8;0.999753;-0.0139171;0.0173102;0;0;0.717745;888;879;875;1;
178.8;179;-0.999626;0.0273043;-0.00116149;0;0;0.721888;881;876;863;1;
179;179.2;-0.999871;0.0143499;-0.00724592;0;0;0.718798;902;892;882;1;
179.2;179.4;-0.999791;0.0190601;-0.00738426;0;0;0.720635;882;877;865;1;
179.4;179.6;0.999786;-0.0126426;0.0163984;0;0;0.717107;904;893;883;1;
179.6;179.8;-0.999783;0.0195952;0.00711285;0;0;0.727552;909;899;891;1;
179.8;180;-0.999676;-0.00225642;-0.025341;0;0;0.709965;897;888;882;1;
180;180.2;0.999941;0.0107593;-0.00127181;0;0;0.705737;899;885;882;1;
180.2;180.4;0.999962;-0.00613769;0.00616272;0;0;0.714745;906;897;892;1;
180.4;180.6;0.999851;0.0140896;0.0100024;0;0;0.708448;891;884;881;1;
180.6;180.8;-0.999984;0.00033308;0.0056552;0;0;0.720049;908;899;894;1;
180.8;181;0.999749;-0.0216006;-0.00594462;0;0;0.731998;907;896;891;1;
181;181.2;0.999768;0.00656633;0.0205342;0;0;0.714114;915;905;902;1;
181.2;181.4;-0.999807;-0.00505727;-0.0189846;0;0;0.71653;924;915;902;1;
181.4;181.6;-0.999957;-0.00637599;-0.00672988;0;0;0.713933;935;931;921;1;
181.6;181.8;-0.999944;-0.0104229;0.00161799;0;0;0.713285;938;932;929;1;
181.8;182;0.999954;0.005722;-0.00767965;0;0;0.721604;944;935;932;1;
182;182.2;0.999951;-0.00144093;0.00979599;0;0;0.724293;942;933;926;1;
182.2;182.4;0.999593;0.00563667;0.0279546;0;0;0.72203;941;931;926;1;
182.4;182.6;-0.999577;-0.0242257;-0.0160747;0;0;0.709817;942;933;931;1;
182.6;182.8;0.999791;0.0201591;-0.00328822;0;0;0.711046;930;916;916;1;
182.8;183;-0.999996;-0.00171587;0.00203141;0;0;0.725289;924;916;911;1;
183;183.2;-0.999317;-0.0340547;-0.0143522;0;0;0.704027;935;926;925;1;
183.2;183.4;0.999953;0.00959962;0.00140203;0;0;0.720939;929;925;921;1;
183.4;183.6;-0.999756;-0.0216128;-0.00447985;0;0;0.714642;939;935;931;1;
183.6;183.8;0.999762;0.0162062;-0.0146086;0;0;0.718324;928;919;912;1;
183.8;184;0.999818;0.018741;0.00352662;0;0;0.71804;923;918;913;1;
184;184.2;-0.99973;-0.0227695;0.00458123;0;0;0.719482;931;923;918;1;
184.2;184.4;0.999847;0.0101148;-0.0142939;0;0;0.723999;928;922;917;1;
184.4;184.6;-0.999904;-0.00744151;0.0116717;0;0;0.725432;924;917;916;1;
184.6;184.8;-0.999885;-0.0137452;-0.00637882;0;0;0.7224;922;919;913;1;
184.8;185;-0.999814;-0.0128565;-0.0143973;0;0;0.724803;934;925;922;1;
185;185.2;0.999827;0.0185153;0.00203429;0;0;0.716324;911;901;901;1;
185.2;185.4;0.999808;0.0170529;-0.00963184;0;0;0.719106;896;887;886;1;
185.4;185.6;0.999977;0.00683662;-0.000411464;0;0;0.721486;921;910;908;1;
185.6;185.8;0.99985;0.0137574;0.0105154;0;0;0.717543;904;894;892;1;
185.8;186;-0.999847;-0.0116843;0.0130359;0;0;0.721607;915;905;904;1;
186;186.2;0.99997;0.00608284;-0.00483227;0;0;0.722457;910;905;903;1;
186.2;186.4;0.999927;0.0117999;0.00241996;0;0;0.715594;915;908;903;1;
186.4;186.6;-0.999991;0.00298707;-0.00301632;0;0;0.720356;916;910;906;1;
186.6;186.8;-0.999864;-0.0127352;-0.0105119;0;0;0.715958;910;898;898;1;
186.8;187;0.999863;0.00858137;0.014123;0;0;0.714583;917;908;906;1;
187;187.2;-0.999858;0.00323917;-0.0165217;0;0;0.721552;927;916;916;1;
187.2;187.4;-0.999936;0.00183251;0.01116;0;0;0.721512;909;900;897;1;
187.4;187.6;-0.999841;-0.0140756;-0.0109253;0;0;0.723163;911;904;897;1;
187.6;187.8;0.998662;0.0513531;0.00607864;0;0;0.709203;911;897;891;1;
187.8;188;-0.998233;-0.0586161;0.00973429;0;0;0.714703;912;906;901;1;
188;188.2;0.998757;0.0489349;0.00948244;0;0;0.726886;917;907;899;1;
188.2;188.4;-0.997039;-0.076607;-0.00663756;0;0;0.713465;923;913;906;1;
188.4;188.6;-0.99899;-0.0430903;-0.0127661;0;0;0.742427;935;931;927;1;
188.6;188.8;-0.996643;-0.0818235;-0.00263072;0;0;0.719824;944;935;935;1;
188.8;189;0.994615;0.10349;0.00550992;0;0;0.712035;950;942;939;1;
189;189.2;0.996583;0.080562;0.0182435;0;0;0.731558;927;917;916;1;
189.2;189.4;0.994015;0.109233;-0.00179561;0;0;0.717038;948;942;937;1;
189.4;189.6;0.99297;0.117352;0.0154865;0;0;0.71225;948;939;936;1;
189.6;189.8;0.993133;0.116954;-0.00279591;0;0;0.713823;953;943;939;1;
189.8;190;0.99415;0.107925;-0.0041871;0;0;0.727283;961;947;942;1;
190;190.2;0.991227;0.13179;-0.00999338;0;0;0.703829;956;949;943;1;
190.2;190.4;0.992812;0.119277;-0.00983001;0;0;0.723607;960;936;928;1;
190.4;190.6;0.994542;0.103887;-0.0096649;0;0;0.732687;937;927;926;1;
190.6;190.8;0.990911;0.134209;-0.00916013;0;0;0.709667;931;918;912;1;
190.8;191;0.992087;0.125426;0.00567361;0;0;0.719729;930;919;913;1;
191;191.2;0.992795;0.119562;-0.00790146;0;0;0.724872;931;916;913;1;
191.2;191.4;0.992403;0.122862;0.00649438;0;0;0.716874;910;900;899;1;
191.4;191.6;0.993626;0.11248;0.00741652;0;0;0.722899;902;895;890;1;
191.6;191.8;0.992277;0.123929;-0.00527252;0;0;0.715626;912;903;899;1;
191.8;192;0.992319;0.123698;-0.000873738;0;0;0.712867;903;892;888;1;
192;192.2;0.993046;0.117512;0.00709083;0;0;0.711913;907;892;889;1;
192.2;192.4;0.995706;0.0918748;-0.0113007;0;0;0.731627;909;893;888;1;
192.4;192.6;0.994643;0.103184;0.00626946;0;0;0.720862;900;889;876;1;
192.6;192.8;0.994183;0.107085;-0.0115118;0;0;0.716415;900;890;884;1;
192.8;193;0.995877;0.090682;-0.00246074;0;0;0.720191;910;894;889;1;
193;193.2;0.995712;0.0924089;-0.00420209;0;0;0.71856;898;884;883;1;
193.2;193.4;0.993202;0.116384;-0.00210536;0;0;0.691234;895;885;882;1;
193.4;193.6;0.996854;0.0783401;-0.0120621;0;0;0.718787;894;886;881;1;
193.6;193.8;0.997436;0.0710821;-0.00833301;0;0;0.720422;907;898;896;1;
193.8;194;0.997517;0.0703997;0.00185395;0;0;0.717752;888;875;872;1;
194;194.2;0.998979;0.0446489;-0.00683616;0;0;0.736905;899;885;884;1;
194.2;194.4;0.998591;0.0521451;-0.00980587;0;0;0.718111;895;882;880;1;
194.4;194.6;0.998835;0.0482347;0.00138582;0;0;0.720915;902;893;882;1;
194.6;194.8;0.99879;0.0456175;-0.0183881;0;0;0.717796;909;901;889;1;
194.8;195;0.999121;0.0417028;-0.00428995;0;0;0.711152;912;903;900;1;
195;195.2;0.999701;0.0229393;0.00841046;0;0;0.721442;888;881;875;1;
195.2;195.4;-0.999469;-0.0304113;0.0116717;0;0;0.713715;893;884;884;1;
195.4;195.6;0.999919;0.0107291;0.0067762;0;0;0.720834;881;873;869;1;
195.6;195.8;-0.999981;0.00513877;0.00341189;0;0;0.727513;886;881;880;1;
195.8;196;0.999958;0.00883927;0.0022933;0;0;0.712024;878;872;867;1;
196;196.2;0.999997;0.000481427;-0.00243638;0;0;0.710262;889;882;881;1;
196.2;196.4;0.999998;-0.00174363;0.000518528;0;0;0.707024;869;868;863;1;
196.4;196.6;-0.999755;0.0193388;-0.0107352;0;0;0.708977;884;878;873;1;
196.6;196.8;-0.998079;0.0619551;0.000726325;0;0;0.734314;878;872;867;1;
196.8;197;-0.998722;0.0492165;-0.0115129;0;0;0.72267;871;866;862;1;
197;197.2;-0.998058;0.0619461;-0.00653191;0;0;0.721479;881;874;872;1;
197.2;197.4;-0.997933;0.0617219;0.0178952;0;0;0.719109;881;876;873;1;
197.4;197.6;-0.997431;0.0709653;-0.00978126;0;0;0.715739;866;863;856;1;
197.6;197.8;-0.996627;0.0820284;-0.00233481;0;0;0.719116;887;882;876;1;
197.8;198;-0.996658;0.07787;-0.0246995;0;0;0.716573;892;887;884;1;
198;198.2;-0.99588;0.0904796;-0.00600599;0;0;0.714936;889;888;888;1;
198.2;198.4;-0.99192;0.124563;-0.024072;0;0;0.722659;885;883;877;1;
198.4;198.6;-0.993251;0.10564;-0.0478839;0;0;0.715693;875;874;870;1;
198.6;198.8;-0.992892;0.109285;-0.0471489;0;0;0.716473;879;876;872;1;
198.8;199;-0.992049;0.118347;0.04282;0;0;0.715754;884;882;879;1;
199;199.2;-0.994534;0.092628;0.0481892;0;0;0.715205;893;893;891;1;
199.2;199.4;-0.984766;0.166684;-0.0495297;0;0;0.718283;884;884;880;1;
199.4;199.6;-0.991626;0.108179;0.0705395;0;0;1.43951;918;899;894;1;
