PROPERTIES:;VideoFileName=../../Videos/BlenderSimMP4s/FrontBrashIceForward.mp4;CameraType=9;videoSize=[960 x 540];videoFPS=5;videoFrameCount=199;SURFminHessian=400;SIFTthreshold=0.001;SIFTedgeThresh=100;CLAHEclipLimit=4;CLAHEtileSize=[16 x 16];fx_new=1050;fy_new=1050;princPt=[479.5, 269.5];FRONT_CAMERA=1;DES_FOVX=80;BLUR_IMGS=0;ROBUST_EST=4;PROCESS_00FRAME=0;THRESHOLD_JUMPS=1;MAX_ROT=30;

frame1;frame2;vidOF_x_rot;vidOF_y_rot;vidOF_z_rot;vidOF_x_sum;vidOF_y_sum;vidOF_z_sum;vidSURF_x_rot;vidSURF_y_rot;vidSURF_z_rot;vidSURF_x_sum;vidSURF_y_sum;vidSURF_z_sum;vidSIFT_x_rot;vidSIFT_y_rot;vidSIFT_z_rot;vidSIFT_x_sum;vidSIFT_y_sum;vidSIFT_z_sum;vidHARRIS_x_rot;vidHARRIS_y_rot;vidHARRIS_z_rot;vidHARRIS_x_sum;vidHARRIS_y_sum;vidHARRIS_z_sum;vidOFtranslMat_x;vidOFtranslMat_y;vidOFtranslMat_z;vidSURFtranslMat_x;vidSURFtranslMat_y;vidSURFtranslMat_z;vidSIFTtranslMat_x;vidSIFTtranslMat_y;vidSIFTtranslMat_z;vidHARRIStranslMat_x;vidHARRIStranslMat_y;vidHARRIStranslMat_z;vidOFglobalSum_x;vidOFglobalSum_y;vidOFglobalSum_z;vidOFglobalSum_roll;vidOFglobalSum_pitch;vidOFglobalSum_yaw;vidSURFglobalSum_x;vidSURFglobalSum_y;vidSURFglobalSum_z;vidSURFglobalSum_roll;vidSURFglobalSum_pitch;vidSURFglobalSum_yaw;vidSIFTglobalSum_x;vidSIFTglobalSum_y;vidSIFTglobalSum_z;vidSIFTglobalSum_roll;vidSIFTglobalSum_pitch;vidSIFTglobalSum_yaw;vidHARRISglobalSum_x;vidHARRISglobalSum_y;vidHARRISglobalSum_z;vidHARRISglobalSum_roll;vidHARRISglobalSum_pitch;vidHARRISglobalSum_yaw;vidOFcorners2;vidOFmatches;vidOFinliers;vidSURFcorners2;vidSURFmatches;vidSURFinliers;vidSIFTcorners2;vidSIFTmatches;vidSIFTinliers;vidHARRIScorners2;vidHARRISmatches;vidHARRISinliers;OF_EstValid;SURF_EstValid;SIFT_EstValid;HARRIS_EstValid;
0;1;0;0;-0.0117661;0;0;-0.0117661;0;0;0.0942572;0;0;0.0942572;0;0;0.0522693;0;0;0.0522693;0;0;0.0402995;0;0;0.0402995;0.999891;0.014747;0.000462769;0.989619;-0.0872354;-0.114212;0.997078;-0.0673499;-0.0360567;0.9993;-0.00771282;0.0366069;0.999894;0.0145417;0.000462769;0;0;-0.0117661;0.989761;-0.0856073;-0.114212;0;0;0.0942572;0.997139;-0.0664403;-0.0360567;0;0;0.0522693;0.999305;-0.00700995;0.0366069;0;0;0.0402995;880;880;875;1357;1357;873;1000;1000;539;1000;1000;813;1;1;1;1;
1;2;0;0;-0.00647724;0;0;-0.0182433;0;0;0.048929;0;0;0.143186;0;0;-0.100437;0;0;-0.0481672;0;0;-0.167949;0;0;-0.127649;0.999914;0.00987053;-0.00868269;0.997341;-0.0208705;-0.0698296;0.973736;0.0675227;-0.217437;-0.0745007;0.0314563;-0.996725;1.99981;0.0240939;-0.00821992;0;0;-0.0182433;1.98715;-0.103985;-0.184041;0;0;0.143186;1.97093;0.000263854;-0.253494;0;0;-0.0481672;0.924875;0.0246123;-0.960118;0;0;-0.127649;888;885;878;1378;1378;846;1000;1000;587;1000;1000;823;1;1;1;1;
2;3;0;0;0.00535205;0;0;-0.0128913;0;0;0.0146107;0;0;0.157797;0;0;0.063796;0;0;0.0156288;0;0;-0.0361752;0;0;-0.163824;0.999886;-0.0103937;0.0109872;0.999942;-0.00884055;0.0062026;0.991793;-0.0781355;-0.101199;0.994298;0.0612571;-0.0872885;2.99969;0.0134752;0.00276728;0;0;-0.0128913;2.98711;-0.110072;-0.177839;0;0;0.157797;2.96275;-0.0776011;-0.354693;0;0;0.0156288;1.91934;0.0830261;-1.04741;0;0;-0.163824;872;872;871;1271;1271;801;1000;1000;592;1000;1000;817;1;1;1;1;
3;4;0;0;0.01565;0;0;0.00275876;0;0;-0.0490171;0;0;0.10878;0;0;-0.0527437;0;0;-0.0371149;0;0;-0.0489213;0;0;-0.212746;0.999831;-0.0183869;0.000447093;0.99834;0.0500353;-0.0285324;0.998075;0.0395217;-0.0478002;0.997417;0.0518764;0.0496769;3.99953;-0.00486355;0.00321438;0;0;0.00275876;3.98536;-0.0581412;-0.206371;0;0;0.10878;3.96085;-0.0387259;-0.402493;0;0;-0.0371149;2.91695;0.131199;-0.997729;0;0;-0.212746;872;872;858;1362;1362;810;1001;1001;572;1000;1000;823;1;1;1;1;
4;5;0;0;-0.00275367;0;0;0;0;0;0.258336;0;0;0.367116;0;0;-0.355812;0;0;-0.392927;0;0;-0.0746813;0;0;-0.287427;0.99999;-0.00250894;0.00365703;0.947891;-0.290906;-0.12991;0.925578;0.320224;-0.201897;0.992647;0.0905756;0.0803007;4.99952;-0.00737241;0.00687141;0;0;0;4.93509;-0.342968;-0.336281;0;0;0.367116;4.8886;0.275143;-0.60439;0;0;-0.392927;3.91004;0.216793;-0.917429;0;0;-0.287427;865;863;855;1344;1344;863;1000;1000;582;1000;1000;827;1;1;1;1;
5;6;0;0;0.00415421;0;0;0.00415421;0;0;-0.0430563;0;0;0.32406;0;0;0.0101714;0;0;-0.382756;0;0;-0.0205602;0;0;-0.307987;0.999955;-0.00783153;0.00536022;0.998999;0.0389983;0.0219258;0.999964;-0.00703801;-0.00479887;0.992581;0.0218966;0.119598;5.99947;-0.0151314;0.0122316;0;0;0.00415421;5.93385;-0.29832;-0.314356;0;0;0.32406;5.88849;0.261425;-0.609189;0;0;-0.382756;4.90272;0.233354;-0.79783;0;0;-0.307987;872;871;863;1363;1363;823;1000;1000;571;1000;1000;825;1;1;1;1;
6;7;0;0;0.00406055;0;0;0.00821476;0;0;0.0664278;0;0;0.390488;0;0;0.0146975;0;0;-0.368058;0;0;-0.0896608;0;0;-0.397648;0.999795;0.000397458;-0.0202486;0.989979;-0.106773;-0.0924183;0.999512;-0.015963;-0.0268652;-0.0590899;0.0112523;-0.998189;6.99927;-0.0145906;-0.00801694;0;0;0.00821476;6.92454;-0.398344;-0.406774;0;0;0.390488;6.88788;0.239042;-0.636055;0;0;-0.368058;4.84371;0.245016;-1.79602;0;0;-0.397648;850;850;840;1311;1311;839;1000;1000;602;1000;1000;834;1;1;1;1;
7;8;0;0;-0.00979177;0;0;-0.00157701;0;0;-0.0247779;0;0;0.36571;0;0;0.0586101;0;0;-0.309448;0;0;-0.111257;0;0;-0.508906;0.999851;0.0130051;-0.0113551;0.99995;0.00613659;-0.0079039;0.995434;-0.068197;-0.0667801;0.985477;0.129677;0.109631;7.99912;-0.001613;-0.0193721;0;0;-0.00157701;7.92443;-0.385825;-0.414678;0;0;0.36571;7.88293;0.16547;-0.702835;0;0;-0.309448;5.8303;0.365935;-1.68639;0;0;-0.508906;859;859;855;1344;1344;856;1000;1000;570;1000;1000;808;1;1;1;1;
8;9;0;0;-0.0124283;0;0;-0.0140053;0;0;-0.0199156;0;0;0.345794;0;0;-0.0556686;0;0;-0.365117;0;0;0.131711;0;0;-0.377195;0.999945;0.0102083;-0.00230973;-0.0272661;0.0076382;-0.999599;0.99315;0.0838743;-0.0813474;0.988727;-0.14894;0.0153224;8.99907;0.00835087;-0.0216818;0;0;-0.0140053;7.89712;-0.378352;-1.41428;0;0;0.345794;8.8766;0.243013;-0.784182;0;0;-0.365117;6.81802;0.210489;-1.67107;0;0;-0.377195;857;855;839;1380;1380;834;1000;1000;585;1000;1000;813;1;1;1;1;
9;10;0;0;-0.00342904;0;0;-0.0174344;0;0;0.0763001;0;0;0.422094;0;0;-0.00610951;0;0;-0.371226;0;0;0.0583534;0;0;-0.318841;0.999998;0.000534149;0.00194881;0.99271;-0.105973;-0.0574233;0.999159;0.0251725;-0.0323533;-0.0522965;-0.00221488;-0.998629;9.99906;0.00858073;-0.019733;0;0;-0.0174344;8.89058;-0.477009;-1.4717;0;0;0.422094;9.8759;0.261712;-0.816535;0;0;-0.371226;6.76572;0.208565;-2.6697;0;0;-0.318841;883;881;875;1375;1375;834;1000;1000;588;1000;1000;837;1;1;1;1;
10;11;0;0;0.00605487;0;0;-0.0113795;0;0;0.104365;0;0;0.526459;0;0;-0.0172669;0;0;-0.388493;0;0;0.0176864;0;0;-0.301155;0.99985;-0.0108369;-0.0135074;0.993303;-0.112637;-0.0257339;0.998944;0.035335;0.0293738;0.997408;0.0103918;0.0711996;10.9989;-0.00245479;-0.0332403;0;0;-0.0113795;9.88487;-0.580514;-1.49743;0;0;0.526459;10.8751;0.290273;-0.787162;0;0;-0.388493;7.76317;0.213715;-2.5985;0;0;-0.301155;857;857;856;1380;1380;870;1000;1000;595;1000;1000;830;1;1;1;1;
11;12;0;0;-0.00117606;0;0;-0.0125555;0;0;-0.0157598;0;0;0.5107;0;0;-0.0985466;0;0;-0.48704;0;0;0.0565102;0;0;-0.244645;0.999997;-0.00136715;0.00203731;0.999955;0.0027091;-0.00906551;0.988563;0.133637;-0.0698833;0.995724;-0.0582031;-0.0717415;11.9989;-0.00404107;-0.031203;0;0;-0.0125555;10.8848;-0.568892;-1.5065;0;0;0.5107;11.8647;0.415502;-0.857045;0;0;-0.48704;8.75863;0.15126;-2.67024;0;0;-0.244645;865;861;859;1329;1329;852;1000;1000;582;1000;1000;815;1;1;1;1;
12;13;0;0;0.0128278;0;0;0.000272303;0;0;0.0130029;0;0;0.523702;0;0;-0.182055;0;0;-0.669095;0;0;0.0931004;0;0;-0.151544;0.999612;-0.0228048;0.0159975;0.99805;-0.00410377;0.062278;0.986379;0.161561;0.0308865;0.994093;-0.105244;-0.0265096;12.9985;-0.0268411;-0.0152055;0;0;0.000272303;11.8828;-0.563873;-1.44422;0;0;0.523702;12.8529;0.565534;-0.826158;0;0;-0.669095;9.75244;0.0433879;-2.69675;0;0;-0.151544;861;861;853;1369;1369;833;1000;1000;555;1000;1000;817;1;1;1;1;
13;14;0;0;0.00758847;0;0;0.00786077;0;0;0.0250258;0;0;0.548728;0;0;-0.0474596;0;0;-0.716555;0;0;0.103523;0;0;-0.0480213;0.99987;-0.00858928;-0.0136807;0.999022;-0.0375081;-0.0234238;0.9982;0.0535413;-0.0270346;0.993974;-0.104565;-0.0329046;13.9984;-0.0352932;-0.0288862;0;0;0.00786077;12.8821;-0.591812;-1.46765;0;0;0.548728;13.8517;0.606587;-0.853193;0;0;-0.716555;10.7463;-0.0620098;-2.72965;0;0;-0.0480213;861;861;853;1354;1354;816;1000;1000;557;1000;1000;835;1;1;1;1;
14;15;0;0;0.00664778;0;0;0.0145085;0;0;-0.0591321;0;0;0.489596;0;0;-0.0738043;0;0;-0.790359;0;0;0.0952744;0;0;0.0472531;0.999911;-0.00987546;-0.00894029;0.996599;0.0749857;-0.0341793;0.996569;0.0658179;0.0501765;0.996393;-0.0779034;-0.0336398;14.9983;-0.0449155;-0.0378265;0;0;0.0145085;13.8781;-0.508313;-1.50182;0;0;0.489596;14.8491;0.658652;-0.803016;0;0;-0.790359;11.7428;-0.139091;-2.76329;0;0;0.0472531;864;864;863;1354;1354;849;1000;1000;584;1000;1000;820;1;1;1;1;
15;16;0;0;-0.00702842;0;0;0.00748013;0;0;-0.0978011;0;0;0.391795;0;0;-0.0371544;0;0;-0.827514;0;0;0.105073;0;0;0.152327;0.999892;0.0113639;0.00930372;0.995851;0.0908401;0.00534656;0.995947;0.0343639;-0.0831158;0.989413;-0.140202;-0.0374941;15.9982;-0.0334211;-0.0285227;0;0;0.00748013;14.8733;-0.410666;-1.49648;0;0;0.391795;15.8454;0.678629;-0.886132;0;0;-0.827514;12.7326;-0.276662;-2.80078;0;0;0.152327;875;875;867;1353;1353;839;1000;1000;601;1000;1000;818;1;1;1;1;
16;17;0;0;0.0127664;0;0;0.0202465;0;0;0.0092534;0;0;0.401048;0;0;-0.3975;0;0;-1.22501;0;0;-0.141139;0;0;0.0111873;0.999717;-0.0205876;-0.0119459;0.99747;0.00293626;-0.0710259;0.0695577;0.103885;-0.992154;0.991535;0.129738;0.00520235;16.9979;-0.0536554;-0.0404687;0;0;0.0202465;15.8707;-0.400747;-1.5675;0;0;0.401048;15.9172;0.781003;-1.87829;0;0;-1.22501;13.7241;-0.14673;-2.79558;0;0;0.0111873;871;871;865;1331;1331;833;1000;1000;583;1000;1000;811;1;1;1;1;
17;18;0;0;0.00285146;0;0;0.023098;0;0;0.019156;0;0;0.420204;0;0;-0.00476716;0;0;-1.22978;0;0;-0.0878411;0;0;-0.0766538;0.99994;-0.00707894;0.00833331;0.998873;-0.0305568;-0.036305;0.991182;-0.0112601;-0.132031;0.995474;0.0832294;-0.0458802;17.9979;-0.0603313;-0.0321354;0;0;0.023098;16.8698;-0.423978;-1.60381;0;0;0.420204;16.9079;0.748473;-2.01032;0;0;-1.22978;14.7197;-0.0648327;-2.84146;0;0;-0.0766538;870;870;867;1422;1422;851;1001;1001;602;1000;1000;821;1;1;1;1;
18;19;0;0;0.00186666;0;0;0.0249647;0;0;-0.0125758;0;0;0.407629;0;0;-0.2396;0;0;-1.46938;0;0;-0.0347771;0;0;-0.111431;0.999983;-0.00187708;0.00551742;0.996951;0.0177113;-0.0759963;0.0360763;0.0867632;-0.995576;0.999549;0.000523992;-0.0300233;18.9978;-0.0617726;-0.0266179;0;0;0.0249647;17.8666;-0.399174;-1.67981;0;0;0.407629;16.9462;0.834282;-3.00589;0;0;-1.46938;15.7192;-0.0662526;-2.87149;0;0;-0.111431;874;873;871;1386;1386;855;1000;1000;602;1000;1000;816;1;1;1;1;
19;20;0;0;-0.0149818;0;0;0.00998286;0;0;-0.00222002;0;0;0.405409;0;0;0.0403218;0;0;-1.42906;0;0;-0.0760515;0;0;-0.187482;0.999861;0.0165643;0.00212036;0.999262;-0.00551595;-0.0380092;0.991431;-0.0464278;-0.1221;0.993368;0.0846519;-0.0778104;19.9977;-0.0450341;-0.0244976;0;0;0.00998286;18.8658;-0.39762;-1.71781;0;0;0.405409;17.9362;0.763143;-3.12799;0;0;-1.42906;16.7128;0.0151484;-2.9493;0;0;-0.187482;893;893;886;1361;1361;821;1000;1000;576;1000;1000;814;1;1;1;1;
20;21;0;0;-0.000798597;0;0;0.00918426;0;0;0.048834;0;0;0.454242;0;0;-0.0721412;0;0;-1.5012;0;0;0.0326466;0;0;-0.154836;0.999938;0.000200564;-0.01114;0.998653;-0.0514751;-0.00657436;0.993083;0.0309549;0.113259;0.999956;-0.00602412;-0.00718474;20.9976;-0.0446733;-0.0356375;0;0;0.00918426;19.8649;-0.441176;-1.72439;0;0;0.454242;18.9297;0.768071;-3.01473;0;0;-1.5012;17.7128;0.00642202;-2.95648;0;0;-0.154836;870;869;862;1369;1369;835;1000;1000;586;1000;1000;817;1;1;1;1;
21;22;0;0;0.00230236;0;0;0.0114866;0;0;0.098291;0;0;0.552533;0;0;0.0529979;0;0;-1.4482;0;0;-0.0297172;0;0;-0.184553;0.999659;0;0.0261231;0.988363;-0.11202;-0.102909;0.996734;-0.0524914;0.0613648;0.99353;0.0417547;0.10562;21.9973;-0.0444274;-0.00951446;0;0;0.0114866;20.8543;-0.543659;-1.8273;0;0;0.552533;19.9248;0.690405;-2.95337;0;0;-1.4482;18.7064;0.0449763;-2.85086;0;0;-0.184553;860;858;853;1364;1364;847;1000;1000;561;1000;1000;815;1;1;1;1;
22;23;0;0;-0.00748001;0;0;0.00400661;0;0;-0.00518194;0;0;0.547352;0;0;0.0187212;0;0;-1.42948;0;0;-0.104029;0;0;-0.288582;0.999947;0.00932805;-0.00441941;0.999353;-0.0179052;-0.0311887;0.996314;-0.027842;-0.0811408;0.991189;0.0980682;-0.0890299;22.9972;-0.0350294;-0.0139339;0;0;0.00400661;21.8538;-0.552017;-1.85849;0;0;0.547352;20.9201;0.637718;-3.03451;0;0;-1.42948;19.6981;0.138051;-2.93989;0;0;-0.288582;865;862;859;1352;1352;813;1000;1000;552;1000;1000;832;1;1;1;1;
23;24;0;0;0.010541;0;0;0.0145476;0;0;0.0172588;0;0;0.56461;0;0;-0.00388738;0;0;-1.43337;0;0;0.0856288;0;0;-0.202953;0.999807;-0.0105268;-0.0166003;0.99772;-0.0166343;-0.0654114;0.999372;0.00244571;0.0353604;0.995849;-0.0908978;-0.00471591;23.9971;-0.0453024;-0.0305342;0;0;0.0145476;22.8516;-0.558819;-1.9239;0;0;0.56461;21.9192;0.615164;-2.99915;0;0;-1.43337;20.6936;0.0436262;-2.94461;0;0;-0.202953;849;849;833;1351;1351;815;1000;1000;579;1000;1000;817;1;1;1;1;
24;25;0;0;0.0155504;0;0;0.030098;0;0;0.0926718;0;0;0.657282;0;0;0.0312844;0;0;-1.40208;0;0;0.0766218;0;0;-0.126331;0.999543;-0.0192675;-0.0232738;0.994811;-0.0809703;-0.0616043;0.99844;-0.0291456;-0.047623;0.996458;-0.0637312;-0.0548626;24.9966;-0.0640448;-0.053808;0;0;0.030098;23.8473;-0.628372;-1.9855;0;0;0.657282;22.9167;0.561597;-3.04677;0;0;-1.40208;21.69;-0.0223019;-2.99947;0;0;-0.126331;884;884;876;1374;1374;815;1000;1000;572;1000;1000;815;1;1;1;1;
25;26;0;0;-0.0101894;0;0;0.0199086;0;0;-0.00454053;0;0;0.652742;0;0;0.0219515;0;0;-1.38013;0;0;-0.0932288;0;0;-0.21956;0.999918;0.0100975;0.00783634;0.999285;-0.000644366;0.0377902;0.99963;-0.00777191;-0.0260797;0.99264;0.0929477;-0.0776308;25.9965;-0.0535999;-0.0459717;0;0;0.0199086;24.8465;-0.617632;-1.94771;0;0;0.652742;23.9158;0.52975;-3.07285;0;0;-1.38013;22.6829;0.0668412;-3.0771;0;0;-0.21956;891;891;890;1364;1364;857;1000;1000;591;1000;1000;809;1;1;1;1;
26;27;0;0;-0.00272794;0;0;0.0171806;0;0;0.100792;0;0;0.753533;0;0;0;0;0;-1.38008;0;0;-0.0467268;0;0;-0.266287;0.99989;0.00469552;0.0140476;0.994791;-0.0946111;0.0379387;0.999353;-0.0118029;0.033966;0.997802;0.0631581;0.0200436;26.9964;-0.0486045;-0.0319241;0;0;0.0171806;25.8424;-0.699152;-1.90977;0;0;0.753533;24.9146;0.493882;-3.03889;0;0;-1.38008;23.681;0.125361;-3.05706;0;0;-0.266287;900;900;894;1372;1372;867;1000;1000;583;1000;1000;825;1;1;1;1;
27;28;0;0;-0.00113294;0;0;0.0160477;0;0;0.0302036;0;0;0.783737;0;0;-0.0578233;0;0;-1.4379;0;0;-0.103938;0;0;-0.370225;0.999926;0.00194889;-0.0120346;0.998084;-0.060545;-0.0127212;0.997106;0.0713792;-0.0261743;0.993789;0.107384;0.0291875;27.9963;-0.0463756;-0.0439587;0;0;0.0160477;26.8413;-0.746039;-1.92249;0;0;0.783737;25.9132;0.540218;-3.06506;0;0;-1.4379;24.6755;0.226322;-3.02787;0;0;-0.370225;879;879;871;1337;1337;837;1000;1000;625;1000;1000;831;1;1;1;1;
28;29;0;0;0.0105828;0;0;0.0266305;0;0;0.0137365;0;0;0.797473;0;0;-0.0485538;0;0;-1.48646;0;0;0.017218;0;0;-0.353007;0.999793;-0.00984779;0.0178182;0.996595;-0.0126975;0.0814667;0.998715;0.0440317;-0.0250822;0.999399;-0.00352478;-0.0344921;28.9961;-0.0557586;-0.0261405;0;0;0.0266305;27.8379;-0.744865;-1.84103;0;0;0.797473;26.9127;0.558327;-3.09014;0;0;-1.48646;25.6748;0.21664;-3.06236;0;0;-0.353007;895;895;892;1323;1323;802;1000;1000;612;1000;1000;834;1;1;1;1;
29;30;0;0;-0.00744994;0;0;0.0191805;0;0;0.0275465;0;0;0.82502;0;0;-0.0068932;0;0;-1.49335;0;0;-0.0954575;0;0;-0.448464;0.999946;0.0101384;0.00244228;0.999341;-0.0317923;-0.0175124;0.998993;0.0231232;0.0384419;0.992491;0.122272;-0.00340245;29.9961;-0.0452855;-0.0236982;0;0;0.0191805;28.8376;-0.762265;-1.85854;0;0;0.82502;27.912;0.555408;-3.0517;0;0;-1.49335;26.6683;0.33114;-3.06576;0;0;-0.448464;884;884;879;1377;1377;848;1001;1001;593;1000;1000;842;1;1;1;1;
30;31;0;0;-0.020554;0;0;-0.00137345;0;0;-0.075178;0;0;0.749842;0;0;-0.0735104;0;0;-1.56686;0;0;0.0353625;0;0;-0.413102;0.999855;0.0161807;-0.00533228;0.997697;0.0670353;0.0103397;0.996946;0.0647401;0.04368;0.995221;-0.00881214;0.097252;30.9959;-0.0291287;-0.0290305;0;0;-0.00137345;29.8344;-0.682178;-1.8482;0;0;0.749842;28.9103;0.592864;-3.00802;0;0;-1.56686;27.6634;0.315152;-2.96851;0;0;-0.413102;880;880;874;1376;1376;853;1000;1000;588;1000;1000;813;1;1;1;1;
31;32;0;0;-0.0125084;0;0;-0.0138819;0;0;-0.0551312;0;0;0.694711;0;0;0.0301182;0;0;-1.53674;0;0;0.0155341;0;0;-0.397568;0.999949;0.00976152;0.00253076;-0.0208486;0.00960577;-0.999736;0.997053;-0.0440691;0.0627949;0.998847;-0.0132452;0.0461445;31.9959;-0.0196094;-0.0264997;0;0;-0.0138819;29.8134;-0.672826;-2.84794;0;0;0.694711;29.9058;0.522072;-2.94522;0;0;-1.53674;28.6621;0.294977;-2.92237;0;0;-0.397568;870;868;865;1341;1341;816;1000;1000;643;1000;1000;824;1;1;1;1;
32;33;0;0;0.00437609;0;0;-0.0095058;0;0;0.061006;0;0;0.755717;0;0;-0.130658;0;0;-1.6674;0;0;-0.0185347;0;0;-0.416102;0.999936;-0.00763272;-0.00833193;0.996019;-0.0623879;-0.0636758;0.987885;0.128905;0.0864089;0.999513;0.0290854;0.0113069;32.9958;-0.027408;-0.0348317;0;0;-0.0095058;30.8102;-0.722072;-2.91161;0;0;0.755717;30.897;0.622177;-2.85882;0;0;-1.6674;29.6618;0.316802;-2.91106;0;0;-0.416102;873;871;868;1351;1351;815;1001;1001;615;1000;1000;820;1;1;1;1;
33;34;0;0;-0.00892343;0;0;-0.0184292;0;0;0.0148137;0;0;0.77053;0;0;0.0661649;0;0;-1.60124;0;0;-0.023535;0;0;-0.439637;0.999977;0.00650848;0.00187569;0.99821;-0.0130401;-0.0583638;0.915259;-0.0482234;0.399969;0.999984;0.000629994;-0.00565913;33.9958;-0.0212212;-0.032956;0;0;-0.0184292;31.8085;-0.721687;-2.96998;0;0;0.77053;31.8106;0.548397;-2.45885;0;0;-1.60124;30.6618;0.309759;-2.91672;0;0;-0.439637;888;886;882;1318;1318;836;1000;1000;583;1000;1000;824;1;1;1;1;
34;35;0;0;0.0013153;0;0;-0.0171139;0;0;-0.0257945;0;0;0.744736;0;0;-0.0231567;0;0;-1.62439;0;0;-0.00532413;0;0;-0.444962;0.999977;-0.00662262;-0.00126859;0.999684;0.0244877;0.0057429;0.999281;0.0324131;-0.019688;0.99974;-0.0152629;-0.0169353;34.9958;-0.0281425;-0.0342246;0;0;-0.0171139;32.8077;-0.684208;-2.96423;0;0;0.744736;32.8104;0.55247;-2.47854;0;0;-1.62439;31.6614;0.286733;-2.93365;0;0;-0.444962;886;885;881;1363;1363;835;1000;1000;594;1000;1000;837;1;1;1;1;
35;36;0;0;-0.0041439;0;0;-0.0212578;0;0;-0.0470202;0;0;0.697716;0;0;-0.05491;0;0;-1.6793;0;0;-0.00359451;0;0;-0.448556;0.999902;0.00652321;-0.0123472;0.999257;0.0255587;0.0288641;0.997604;0.0432282;-0.0540216;0.995959;0.0159809;-0.0883797;35.9957;-0.0219903;-0.0465718;0;0;-0.0212578;33.8066;-0.646483;-2.93537;0;0;0.697716;33.8088;0.566445;-2.53256;0;0;-1.6793;32.6574;0.294916;-3.02203;0;0;-0.448556;897;897;889;1347;1347;831;1000;1000;585;1000;1000;839;1;1;1;1;
36;37;0;0;-0.000318514;0;0;-0.0215763;0;0;0.00325837;0;0;0.700974;0;0;0.0302689;0;0;-1.64903;0;0;0.0432181;0;0;-0.405338;0.999934;0.00321535;-0.0109959;-0.0407536;-0.00241896;-0.999166;0.997247;-0.0204722;-0.0712635;0.998233;-0.0427647;-0.0412446;36.9956;-0.0191515;-0.0575677;0;0;-0.0215763;33.7659;-0.6494;-3.93454;0;0;0.700974;34.8051;0.517283;-2.60382;0;0;-1.64903;33.6553;0.245091;-3.06328;0;0;-0.405338;877;877;871;1363;1363;840;1000;1000;584;1000;1000;841;1;1;1;1;
37;38;0;0;0.00863908;0;0;-0.0129373;0;0;0.0151796;0;0;0.716154;0;0;0.00843422;0;0;-1.6406;0;0;-0.0654558;0;0;-0.470794;0.999901;-0.0138857;0.00226263;0.999625;-0.0212283;-0.0172817;0.999739;-0.0207342;0.00954779;0.995223;0.0840365;-0.0496844;37.9955;-0.033263;-0.0553051;0;0;-0.0129373;34.7657;-0.658133;-3.95182;0;0;0.716154;35.8038;0.467935;-2.59427;0;0;-1.6406;34.6512;0.320947;-3.11296;0;0;-0.470794;862;862;860;1264;1264;803;1000;1000;589;1000;1000;839;1;1;1;1;
38;39;0;0;-0.00485944;0;0;-0.0177967;0;0;0.0164975;0;0;0.732651;0;0;-0.00633986;0;0;-1.64694;0;0;-0.000174789;0;0;-0.470969;0.99984;0.0102101;-0.0147102;0.999302;-0.0344569;0.0144215;0.999774;0.0184767;0.0104859;0.997436;0.01324;0.0703232;38.9954;-0.0233634;-0.0700152;0;0;-0.0177967;35.7654;-0.679809;-3.9374;0;0;0.732651;36.8037;0.45767;-2.58379;0;0;-1.64694;35.6487;0.325988;-3.04264;0;0;-0.470969;867;867;863;1258;1258;758;1000;1000;593;1000;1000;822;1;1;1;1;
39;40;0;0;-0.00131063;0;0;-0.0191073;0;0;-0.0161202;0;0;0.716531;0;0;-0.00408917;0;0;-1.65103;0;0;0.0342655;0;0;-0.436703;0.999791;-0.00427342;0.019991;0.999748;-0.00142556;-0.0224193;0.999925;-0.00400459;-0.0116163;0.995132;-0.0328018;-0.0929328;39.9951;-0.0279702;-0.0500243;0;0;-0.0191073;36.765;-0.668732;-3.95982;0;0;0.716531;37.8031;0.424857;-2.5954;0;0;-1.65103;36.6436;0.285602;-3.13557;0;0;-0.436703;870;870;862;1255;1255;770;1000;1000;583;1000;1000;839;1;1;1;1;
40;41;0;0;0.00390228;0;0;-0.0152051;0;0;-0.0326928;0;0;0.683838;0;0;0.151781;0;0;-1.49925;0;0;-0.0916121;0;0;-0.528315;0.999949;-0.00604332;0.00806587;0.99326;0.0332965;-0.111025;0.970553;-0.157607;-0.182173;0.995309;0.0931592;0.0261121;40.9951;-0.0342789;-0.0419584;0;0;-0.0152051;37.7578;-0.623583;-4.07084;0;0;0.683838;38.7692;0.241911;-2.77758;0;0;-1.49925;37.6397;0.36958;-3.10946;0;0;-0.528315;892;889;873;1305;1305;803;1000;1000;588;1000;1000;825;1;1;1;1;
41;42;0;0;-0.00337152;0;0;-0.0185766;0;0;0.0811893;0;0;0.765027;0;0;0.0542413;0;0;-1.44501;0;0;0.0601459;0;0;-0.468169;0.999994;0.00352085;0.000246521;0.994258;-0.0876695;0.0613651;0.996712;-0.0663898;-0.0464396;0.995266;-0.0908709;-0.0344614;41.9951;-0.0310823;-0.0417119;0;0;-0.0185766;38.7532;-0.69797;-4.00948;0;0;0.765027;39.7639;0.150408;-2.82402;0;0;-1.44501;38.6342;0.27058;-3.14392;0;0;-0.468169;872;872;863;1323;1323;808;1000;1000;559;1000;1000;829;1;1;1;1;
42;43;0;0;0.00639901;0;0;-0.0121776;0;0;-0.028253;0;0;0.736774;0;0;-0.0253164;0;0;-1.47032;0;0;-0.00201772;0;0;-0.470187;0.999927;-0.00828334;-0.00884592;0.9954;0.0151983;-0.0945971;0.998835;0.0269096;-0.0400637;-0.0491832;-0.0106026;-0.998733;42.995;-0.0395782;-0.0505578;0;0;-0.0121776;39.7483;-0.669973;-4.10407;0;0;0.736774;40.7631;0.15168;-2.86408;0;0;-1.47032;38.5849;0.260381;-4.14266;0;0;-0.470187;890;889;876;1311;1311;803;1000;1000;550;1000;1000;811;1;1;1;1;
43;44;0;0;-0.00488845;0;0;-0.017066;0;0;0.0172799;0;0;0.754054;0;0;0.00793397;0;0;-1.46239;0;0;-0.0240466;0;0;-0.494234;0.999982;0.00250824;-0.00541554;0.993639;-0.0185563;-0.11107;0.999486;-0.0239446;0.0213375;0.995657;0.00166985;-0.0930806;43.995;-0.0373678;-0.0559733;0;0;-0.017066;40.7421;-0.675451;-4.21514;0;0;0.754054;41.7617;0.102235;-2.84274;0;0;-1.46239;39.5806;0.253463;-4.23574;0;0;-0.494234;856;848;834;1263;1263;788;1000;1000;582;1000;1000;823;1;1;1;1;
44;45;0;0;-0.00433074;0;0;-0.0213968;0;0;0.0433708;0;0;0.797425;0;0;-0.00752821;0;0;-1.46992;0;0;0.0057143;0;0;-0.488519;0.999913;0.00563396;0.0119154;0.994855;-0.089964;-0.0465793;0.999256;0.0100011;-0.0372552;0.99697;-0.0255114;-0.073485;44.9949;-0.0321072;-0.0440579;0;0;-0.0213968;41.7381;-0.751561;-4.26172;0;0;0.797425;42.7608;0.0866001;-2.88;0;0;-1.46992;40.5773;0.219452;-4.30922;0;0;-0.488519;855;855;844;1259;1259;788;1002;1002;572;1000;1000;829;1;1;1;1;
45;46;0;0;-0.00710181;0;0;-0.0284986;0;0;-0.0817462;0;0;0.715679;0;0;-0.0925982;0;0;-1.56251;0;0;0.0500442;0;0;-0.438475;0.999961;0.00807515;-0.00354462;0.988962;0.107722;-0.101741;0.991724;0.101816;-0.0782069;0.990897;-0.0428811;-0.127612;45.9949;-0.0245295;-0.0476026;0;0;-0.0284986;42.7256;-0.631495;-4.36346;0;0;0.715679;43.755;0.161336;-2.9582;0;0;-1.56251;41.5678;0.168989;-4.43683;0;0;-0.438475;853;853;850;1263;1263;764;1000;1000;606;1000;1000;824;1;1;1;1;
46;47;0;0;0.00390907;0;0;-0.0245895;0;0;-0.0458892;0;0;0.66979;0;0;0.00730689;0;0;-1.55521;0;0;-0.00268438;0;0;-0.44116;0.999994;-0.00343422;-0.000320239;0.999057;0.0289597;0.032338;0.998286;-0.0167797;-0.0560713;0.999627;0.0191211;-0.0194782;46.9949;-0.0283928;-0.0479228;0;0;-0.0245895;43.7243;-0.590858;-4.33112;0;0;0.66979;44.7524;0.117469;-3.01427;0;0;-1.55521;42.5676;0.180413;-4.45631;0;0;-0.44116;864;863;854;1237;1237;733;1000;1000;546;1000;1000;810;1;1;1;1;
47;48;0;0;0.00345479;0;0;-0.0211347;0;0;-0.00202257;0;0;0.667767;0;0;-0.0537004;0;0;-1.60891;0;0;0.095504;0;0;-0.345656;0.999962;-0.00610232;0.00619774;0.999906;0.0129119;-0.00463994;0.998239;0.0419524;-0.0419313;0.965548;-0.133684;0.223263;47.9948;-0.034864;-0.0417251;0;0;-0.0211347;44.724;-0.566294;-4.33576;0;0;0.667767;45.7515;0.131377;-3.05621;0;0;-1.60891;43.5323;0.0409058;-4.23305;0;0;-0.345656;848;848;848;1234;1234;764;1000;1000;538;1000;1000;856;1;1;1;1;
48;49;0;0;0.011221;0;0;-0.00991376;0;0;0.0315881;0;0;0.699355;0;0;0.131771;0;0;-1.47714;0;0;-0.0876185;0;0;-0.433274;0.999943;-0.0101079;-0.00352558;0.996483;-0.0380391;-0.0746632;0.970532;-0.128112;0.204098;0.993723;0.103871;0.0415293;48.9948;-0.045145;-0.0452506;0;0;-0.00991376;45.7209;-0.592167;-4.41043;0;0;0.699355;46.7184;-0.0217103;-2.85211;0;0;-1.47714;44.5268;0.137259;-4.19152;0;0;-0.433274;836;831;826;1308;1308;800;1000;1000;568;1000;1000;828;1;1;1;1;
49;50;0;0;-0.00775786;0;0;-0.0176716;0;0;0.0196263;0;0;0.718981;0;0;0.0546676;0;0;-1.42247;0;0;0.0672296;0;0;-0.366045;0.999979;0.00608916;0.0023463;0.999531;-0.0124444;0.0279982;0.998464;-0.0529185;-0.0164135;0.997123;-0.0717699;-0.0243975;49.9947;-0.0393642;-0.0429043;0;0;-0.0176716;46.7205;-0.592068;-4.38243;0;0;0.718981;47.7152;-0.0993985;-2.86852;0;0;-1.42247;45.5234;0.0591207;-4.21592;0;0;-0.366045;866;866;860;1240;1240;779;1000;1000;610;1000;1000;835;1;1;1;1;
50;51;0;0;0.0113008;0;0;-0.00637087;0;0;-0.0431945;0;0;0.675787;0;0;-0.0525445;0;0;-1.47501;0;0;-0.044348;0;0;-0.410393;0.999842;-0.0135415;0.0114756;0.997042;0.0410061;-0.0650113;0.996289;0.0471181;0.0720349;0.999141;0.0337844;0.0239803;50.9946;-0.0530169;-0.0314288;0;0;-0.00637087;47.717;-0.539306;-4.44744;0;0;0.675787;48.7124;-0.0779415;-2.79649;0;0;-1.47501;46.5228;0.0857478;-4.19194;0;0;-0.410393;855;855;848;1256;1256;813;1001;1001;593;1000;1000;804;1;1;1;1;
51;52;0;0;0.00901722;0;0;0.00264636;0;0;0.0572476;0;0;0.733035;0;0;-0.0857479;0;0;-1.56076;0;0;-0.022984;0;0;-0.433377;0.999876;-0.0103962;-0.0118239;0.997453;-0.0636457;-0.0321942;0.995345;0.0903076;0.0336622;0.997238;0.023933;0.0703134;51.9945;-0.0633669;-0.0432527;0;0;0.00264636;48.7151;-0.590185;-4.47963;0;0;0.733035;49.7098;-0.0147777;-2.76282;0;0;-1.56076;47.5202;0.102137;-4.12162;0;0;-0.433377;842;842;840;1252;1252;781;1000;1000;581;1000;1000;832;1;1;1;1;
52;53;0;0;0.00884227;0;0;0.0114886;0;0;-0.0274078;0;0;0.705627;0;0;-0.0510565;0;0;-1.61182;0;0;0.0168967;0;0;-0.41648;0.999865;-0.00832806;-0.0141809;0.999442;0.0231746;-0.0240407;0.9965;0.0760946;-0.0345988;0.999124;-0.0145345;0.0392467;52.9943;-0.0714945;-0.0574336;0;0;0.0114886;49.7142;-0.554704;-4.50368;0;0;0.705627;50.7081;0.0332574;-2.79742;0;0;-1.61182;48.5191;0.0803406;-4.08238;0;0;-0.41648;869;869;867;1262;1262;779;1000;1000;601;1000;1000;836;1;1;1;1;
53;54;0;0;0.00594829;0;0;0.0174369;0;0;0.0534223;0;0;0.759049;0;0;0.00607406;0;0;-1.60574;0;0;-0.011805;0;0;-0.428285;0.999967;-0.00489509;0.0065595;0.998084;-0.0543422;0.029568;0.999548;-0.00305421;-0.0298922;0.999636;0.015467;-0.022112;53.9943;-0.0760853;-0.0508741;0;0;0.0174369;50.7129;-0.595819;-4.47411;0;0;0.759049;51.7071;0.00219519;-2.82732;0;0;-1.60574;49.5189;0.088335;-4.10449;0;0;-0.428285;855;855;847;1273;1273;783;1000;1000;596;1000;1000;829;1;1;1;1;
54;55;0;0;0.00489286;0;0;0.0223298;0;0;0.0784265;0;0;0.837475;0;0;0.0870496;0;0;-1.51869;0;0;-0.0623802;0;0;-0.490665;0.999937;-0.0109645;-0.00238265;0.995065;-0.0978385;-0.0165561;0.995965;-0.0773427;0.0455196;0.994876;0.049433;-0.0881985;54.9942;-0.0866601;-0.0532567;0;0;0.0223298;51.7093;-0.679103;-4.49066;0;0;0.837475;52.7007;-0.101516;-2.7818;0;0;-1.51869;50.5141;0.129246;-4.19269;0;0;-0.490665;862;862;858;1258;1258;760;1000;1000;584;1000;1000;829;1;1;1;1;
55;56;0;0;-0.00263093;0;0;0.0196988;0;0;0.0545406;0;0;0.892016;0;0;-0.130617;0;0;-1.64931;0;0;0.157082;0;0;-0.333583;0.999964;-0.00133421;0.00840572;0.996779;-0.0746718;-0.0292656;0.0019052;0.0252921;-0.999678;0.987035;-0.140341;0.0778881;55.9942;-0.0876505;-0.044851;0;0;0.0196988;52.7071;-0.738248;-4.51993;0;0;0.892016;52.7033;-0.0762897;-3.78147;0;0;-1.64931;51.5003;-0.0168387;-4.1148;0;0;-0.333583;864;864;855;1221;1221;777;1000;1000;584;1000;1000;831;1;1;1;1;
56;57;0;0;-0.00887377;0;0;0.0108251;0;0;-0.0462275;0;0;0.845789;0;0;0.00115781;0;0;-1.64815;0;0;0.239964;0;0;-0.0936195;0.999899;0.0131106;0.00541422;0.994829;0.0509053;-0.0878872;0.985576;0.0190933;0.168152;-0.117719;-0.0267319;-0.992687;56.9941;-0.074351;-0.0394368;0;0;0.0108251;53.7011;-0.672664;-4.60782;0;0;0.845789;53.689;-0.0855511;-3.61332;0;0;-1.64815;51.3826;-0.0433782;-5.10749;0;0;-0.0936195;846;846;843;1233;1233;749;1000;1000;602;1000;1000;821;1;1;1;1;
57;58;0;0;-0.00553997;0;0;0.00528511;0;0;-0.0403092;0;0;0.805479;0;0;0.0118472;0;0;-1.63631;0;0;-0.0311369;0;0;-0.124756;0.999981;0.00343808;0.00517038;0.999374;0.0195848;-0.0294674;0.997736;-0.0197593;0.0642797;0.999738;0.0112448;0.0199467;57.9941;-0.0708207;-0.0342664;0;0;0.00528511;54.7001;-0.639032;-4.63728;0;0;0.805479;54.6858;-0.133793;-3.54904;0;0;-1.63631;52.3823;-0.0343103;-5.08754;0;0;-0.124756;831;831;828;1221;1221;741;1000;1000;572;1000;1000;823;1;1;1;1;
58;59;0;0;-0.00666457;0;0;-0.00137945;0;0;0.0266243;0;0;0.832104;0;0;0.0400068;0;0;-1.5963;0;0;0.0787523;0;0;-0.046004;0.999704;0.00775409;-0.0230723;0.995095;-0.027545;-0.0950073;0.998808;-0.043661;-0.0218144;0.99442;-0.0631616;0.0844902;58.9938;-0.0630906;-0.0573387;0;0;-0.00137945;55.6955;-0.652123;-4.73229;0;0;0.832104;55.683;-0.205261;-3.57086;0;0;-1.5963;53.3767;-0.0982703;-5.00305;0;0;-0.046004;833;830;825;1200;1200;771;1001;1001;576;1000;1000;808;1;1;1;1;
59;60;0;0;0.00335411;0;0;0.00197466;0;0;-0.00877125;0;0;0.823332;0;0;0.0797158;0;0;-1.51658;0;0;0.0507379;0;0;0.00473393;0.999831;0.00107593;0.018344;0.99809;-0.0135359;-0.0602817;0.99564;-0.0657345;0.066181;0.99598;-0.0620586;-0.0645996;59.9936;-0.0619802;-0.0389946;0;0;0.00197466;56.6937;-0.651315;-4.79257;0;0;0.823332;56.6766;-0.297323;-3.50468;0;0;-1.51658;54.3727;-0.160247;-5.06765;0;0;0.00473393;845;843;834;1180;1180;748;1000;1000;593;1000;1000;816;1;1;1;1;
60;61;0;0;0.014035;0;0;0.0160096;0;0;-0.0608087;0;0;0.762524;0;0;0.0402228;0;0;-1.47636;0;0;0.0112819;0;0;0.0160159;0.999447;-0.020831;-0.0259157;0.0538371;0.0105498;-0.998494;0.999183;-0.0404149;-0.000882857;0.999091;0.0174056;0.0389227;60.9931;-0.082532;-0.0649104;0;0;0.0160096;56.7474;-0.64005;-5.79107;0;0;0.762524;57.6744;-0.363468;-3.50556;0;0;-1.47636;55.3718;-0.142562;-5.02873;0;0;0.0160159;837;837;836;1223;1223;758;1000;1000;551;1000;1000;820;1;1;1;1;
61;62;0;0;-0.00641658;0;0;0.00959303;0;0;0.0828717;0;0;0.845395;0;0;-0.00944386;0;0;-1.48581;0;0;-0.0367117;0;0;-0.0206958;0.999875;0.00608443;0.0145628;0.993484;-0.113621;0.00893567;0.998016;0.00759543;-0.0624934;0.998844;0.0377578;-0.0297646;61.9929;-0.0762802;-0.0503475;0;0;0.00959303;57.7424;-0.739;-5.78213;0;0;0.845395;58.6723;-0.381753;-3.56805;0;0;-1.48581;56.3706;-0.105165;-5.05849;0;0;-0.0206958;826;816;808;1230;1230;748;1000;1000;589;1000;1000;824;1;1;1;1;
62;63;0;0;-0.0194061;0;0;-0.00981309;0;0;0.0254218;0;0;0.870817;0;0;-0.0895301;0;0;-1.57534;0;0;0.0742706;0;0;0.0535748;0.999861;0.0162448;-0.00379603;0.999321;-0.0368333;0.00129495;0.990509;0.105163;-0.0885054;0.996305;-0.0839568;-0.0180788;62.9928;-0.0602066;-0.0541436;0;0;-0.00981309;58.7422;-0.760641;-5.78084;0;0;0.870817;59.6653;-0.303861;-3.65656;0;0;-1.57534;57.367;-0.18819;-5.07657;0;0;0.0535748;828;827;813;1199;1199;724;1000;1000;627;1000;1000;816;1;1;1;1;
63;64;0;0;0.0115286;0;0;0.0017155;0;0;2.21716;0;0;3.08798;0;0;-0.0752493;0;0;-1.65058;0;0;-0.00810294;0;0;0.0454718;0.999863;-0.0120052;0.0114164;0.542203;-0.839716;-0.0298745;0.995897;0.0679171;-0.0598045;0.999937;0.00937795;-0.00612679;63.9927;-0.0721818;-0.0427272;0;0;0.0017155;59.3288;-1.56993;-5.81071;0;0;3.08798;60.6627;-0.264658;-3.71636;0;0;-1.65058;58.3669;-0.178018;-5.0827;0;0;0.0454718;822;822;817;1219;1219;805;1000;1000;626;1000;1000;831;1;1;1;1;
64;65;0;0;-0.00956774;0;0;-0.00785224;0;0;-0.0307875;0;0;3.05719;0;0;-0.0102129;0;0;-1.6608;0;0;0.0308673;0;0;0.0763391;0.999861;0.0110035;-0.012495;0.99861;0.0390082;-0.0354394;0.999719;0.0127203;-0.0200166;0.998522;-0.0259807;0.0477457;64.9925;-0.0613153;-0.0552223;0;0;-0.00785224;60.324;-1.47772;-5.84615;0;0;3.05719;61.6624;-0.280917;-3.73638;0;0;-1.6608;59.3655;-0.202669;-5.03495;0;0;0.0763391;821;821;818;1211;1211;766;1000;1000;607;1000;1000;844;1;1;1;1;
65;66;0;0;-0.00360473;0;0;-0.011457;0;0;-0.0631315;0;0;2.99406;0;0;-0.110071;0;0;-1.77087;0;0;-0.0310328;0;0;0.0453063;1;-0.000727604;0.000294866;0.986729;0.0917594;-0.133962;0.989882;0.137691;-0.0342626;0.998509;0.0440582;0.0322275;65.9925;-0.0622429;-0.0549274;0;0;-0.011457;61.3045;-1.33455;-5.98011;0;0;2.99406;62.656;-0.173881;-3.77064;0;0;-1.77087;60.364;-0.157821;-5.00272;0;0;0.0453063;844;844;840;1232;1232;811;1001;1001;598;1000;1000;824;1;1;1;1;
66;67;0;0;0.00872547;0;0;-0.00273149;0;0;0.0125518;0;0;3.00661;0;0;0.0100667;0;0;-1.7608;0;0;0.00434116;0;0;0.0496474;0.999802;-0.0124168;0.0155211;0.999778;-0.0121986;0.0171532;0.99812;0.00870564;-0.0606751;0.999877;-0.00994814;-0.0121409;66.9923;-0.0747074;-0.0394063;0;0;-0.00273149;62.3036;-1.29429;-5.96296;0;0;3.00661;63.654;-0.195849;-3.83132;0;0;-1.7608;61.3639;-0.166903;-5.01486;0;0;0.0496474;842;842;834;1250;1250;784;1000;1000;603;1000;1000;839;1;1;1;1;
67;68;0;0;0.00537348;0;0;0.00264199;0;0;-0.00678608;0;0;2.99982;0;0;0.0355423;0;0;-1.72526;0;0;0.0215347;0;0;0.0711821;0.999966;-0.00816339;-0.00111755;0.999797;-0.0172049;0.0105256;0.998857;-0.0398391;-0.026423;0.998684;-0.0179514;-0.0480427;67.9923;-0.0828247;-0.0405238;0;0;0.00264199;63.3029;-1.25915;-5.95243;0;0;2.99982;64.6512;-0.265743;-3.85774;0;0;-1.72526;62.3626;-0.183613;-5.06291;0;0;0.0711821;810;807;804;1177;1177;746;1000;1000;617;1000;1000;821;1;1;1;1;
68;69;0;0;-0.0181064;0;0;-0.0154644;0;0;0.0455404;0;0;3.04536;0;0;0.0152228;0;0;-1.71004;0;0;0.0635972;0;0;0.134779;0.999733;0.0213338;0.00890202;0.998199;-0.0576187;0.01671;0.999846;-0.0159793;0.00721079;0.0532159;-0.0249993;-0.99827;68.992;-0.0617607;-0.0316218;0;0;-0.0154644;64.3028;-1.26365;-5.93572;0;0;3.04536;65.6501;-0.311552;-3.85053;0;0;-1.71004;62.4158;-0.208487;-6.06118;0;0;0.134779;837;837;829;1189;1189;747;1000;1000;600;1000;1000;820;1;1;1;1;
69;70;0;0;0.00047343;0;0;-0.014991;0;0;-0.0157282;0;0;3.02964;0;0;-0.0424553;0;0;-1.75249;0;0;-0.0585516;0;0;0.0762277;0.999983;-0.00525655;0.00251082;-0.0213043;0.0103601;-0.999719;0.996702;0.0473245;-0.065922;0.996851;0.0688664;-0.0393069;69.992;-0.0672789;-0.029111;0;0;-0.014991;64.2809;-1.25443;-6.93544;0;0;3.02964;66.6478;-0.29473;-3.91645;0;0;-1.75249;63.4126;-0.138295;-6.10048;0;0;0.0762277;817;817;814;1155;1155;696;1000;1000;564;1000;1000;816;1;1;1;1;
70;71;0;0;-0.00102883;0;0;-0.0160198;0;0;-0.0715764;0;0;2.95806;0;0;0.166661;0;0;-1.58583;0;0;0.0773926;0;0;0.15362;0.999992;0.00214296;-0.003405;0.990794;0.0855632;-0.104906;0.984606;-0.155902;0.0790237;0.296348;0.00328002;-0.955075;70.992;-0.0654155;-0.032516;0;0;-0.0160198;65.266;-1.11785;-7.04035;0;0;2.95806;67.6277;-0.477821;-3.83743;0;0;-1.58583;63.7089;-0.13422;-7.05556;0;0;0.15362;839;839;821;1181;1181;736;1001;1001;565;1000;1000;812;1;1;1;1;
71;72;0;0;-0.00452211;0;0;-0.0205419;0;0;-0.0156896;0;0;2.94237;0;0;0.266826;0;0;-1.319;0;0;0.100037;0;0;0.253658;0.999938;0.0111251;-0.000418912;0.999022;0.00275352;-0.0441378;0.964402;-0.261013;0.0424448;0.995463;-0.0927393;0.0212646;71.992;-0.0546489;-0.0329349;0;0;-0.0205419;66.2636;-1.06382;-7.08449;0;0;2.94237;68.5858;-0.760964;-3.79498;0;0;-1.319;64.7048;-0.222552;-7.03429;0;0;0.253658;844;840;823;1151;1151;711;1000;1000;602;1000;1000;826;1;1;1;1;
72;73;0;0;0;0;0;-0.0204962;0;0;0.0152102;0;0;2.95758;0;0;-0.0476884;0;0;-1.36669;0;0;-0.0443651;0;0;0.209293;0.999883;-0.000432199;0.0152996;0.999482;-0.028855;0.0142534;0.994928;0.0742059;-0.0679076;0.997645;0.0479207;-0.0490661;72.9918;-0.0554388;-0.0176353;0;0;-0.0204962;67.2632;-1.04107;-7.07023;0;0;2.95758;69.5822;-0.710509;-3.86289;0;0;-1.36669;65.7023;-0.170987;-7.08336;0;0;0.209293;800;799;789;1145;1145;699;1001;1001;596;1000;1000;792;1;1;1;1;
73;74;0;0;-0.00908319;0;0;-0.0295794;0;0;-0.0514702;0;0;2.90611;0;0;0.0516743;0;0;-1.31502;0;0;0.0765418;0;0;0.285834;0.99992;0.0121544;0.00361598;0.99646;0.0812962;0.0214226;0.997513;-0.0526047;0.0469155;0.996351;-0.0845645;-0.0115954;73.9918;-0.0438007;-0.0140193;0;0;-0.0295794;68.2543;-0.909358;-7.04881;0;0;2.90611;70.5783;-0.785992;-3.81597;0;0;-1.31502;66.699;-0.25058;-7.09495;0;0;0.285834;813;813;802;1128;1128;705;1000;1000;574;1000;1000;808;1;1;1;1;
74;75;0;0;0.0151617;0;0;-0.0144177;0;0;0.000499435;0;0;2.90661;0;0;0.209825;0;0;-1.10519;0;0;-0.449424;0;0;-0.163589;0.999762;-0.0190724;0.0105971;0.996124;0.00230503;0.0879275;-0.0639867;-0.060112;-0.996139;0.262761;0.229116;-0.937263;74.9915;-0.0631247;-0.00342222;0;0;-0.0144177;69.249;-0.856544;-6.96088;0;0;2.90661;70.5132;-0.844859;-4.81211;0;0;-1.10519;66.9624;-0.0222155;-8.03222;0;0;-0.163589;837;837;830;1159;1159;729;1000;1000;567;1000;1000;806;1;1;1;1;
75;76;0;0;-0.00193885;0;0;-0.0163565;0;0;0.0158024;0;0;2.92241;0;0;0.0676386;0;0;-1.03755;0;0;-0.107349;0;0;-0.270938;0.999972;-0.00069686;0.00747031;0.998908;-0.0193722;0.0425035;0.997634;-0.0670159;-0.0153548;0.992573;0.106212;-0.0593186;75.9915;-0.064107;0.0040481;0;0;-0.0163565;70.2476;-0.824963;-6.91838;0;0;2.92241;71.5094;-0.929929;-4.82747;0;0;-1.03755;67.9555;0.0793018;-8.09154;0;0;-0.270938;833;833;828;1179;1179;735;1000;1000;596;1000;1000;829;1;1;1;1;
76;77;0;0;-0.0048942;0;0;-0.0212507;0;0;-0.0302952;0;0;2.89212;0;0;-0.0382902;0;0;-1.07584;0;0;-0.0510021;0;0;-0.32194;0.999979;0.00227161;-0.00604702;0.994761;0.0287557;-0.0980999;0.998304;0.0474328;-0.0337391;0.997322;0.0458378;-0.0569851;76.9915;-0.0622063;-0.00199892;0;0;-0.0212507;71.2396;-0.746053;-7.01648;0;0;2.89212;72.5084;-0.901248;-4.86121;0;0;-1.07584;68.9531;0.119535;-8.14852;0;0;-0.32194;839;839;830;1213;1213;772;1000;1000;605;1000;1000;817;1;1;1;1;
77;78;0;0;0.0142576;0;0;-0.00699318;0;0;-0.0521619;0;0;2.83996;0;0;0.0612683;0;0;-1.01458;0;0;0.0292021;0;0;-0.292738;0.999683;-0.020167;0.0150689;0.997529;0.045673;-0.0533752;0.993424;-0.0571227;0.0992267;0.992775;0.0119699;0.119392;77.9912;-0.0824954;0.01307;0;0;-0.00699318;72.2337;-0.651012;-7.06985;0;0;2.83996;73.5007;-0.975953;-4.76198;0;0;-1.01458;69.9459;0.126432;-8.02913;0;0;-0.292738;836;834;820;1213;1213;732;1000;1000;594;1000;1000;814;1;1;1;1;
78;79;0;0;-0.00452971;0;0;-0.0115229;0;0;-0.0257889;0;0;2.81417;0;0;-0.0194963;0;0;-1.03407;0;0;-0.0506885;0;0;-0.343427;0.999894;-0.000925875;0.0144973;0.998257;0.0385373;-0.0447056;0.99989;0.0145599;0.00282494;0.99634;0.0351265;-0.0779252;78.991;-0.0836223;0.0275673;0;0;-0.0115229;73.2288;-0.56351;-7.11456;0;0;2.81417;74.5007;-0.97944;-4.75916;0;0;-1.03407;70.9424;0.155586;-8.10705;0;0;-0.343427;829;829;813;1185;1185;724;1000;1000;610;1000;1000;796;1;1;1;1;
79;80;0;0;-0.00185166;0;0;-0.0133746;0;0;-0.00571498;0;0;2.80845;0;0;0.00556315;0;0;-1.02851;0;0;0.0307296;0;0;-0.312697;0.999984;0.00154371;-0.00546958;0.993677;0.0322588;-0.10754;0.999718;0.0126621;0.0200674;0.996483;-0.0180594;0.0818275;79.991;-0.082312;0.0220977;0;0;-0.0133746;74.2197;-0.482603;-7.2221;0;0;2.80845;75.5005;-0.984725;-4.73909;0;0;-1.02851;71.9388;0.132089;-8.02523;0;0;-0.312697;850;850;842;1240;1240;778;1000;1000;577;1000;1000;828;1;1;1;1;
80;81;0;0;-0.014811;0;0;-0.0281855;0;0;-0.0347235;0;0;2.77373;0;0;-0.0552586;0;0;-1.08377;0;0;0.031022;0;0;-0.281675;0.999836;0.0174659;-0.00473606;0.993999;0.048287;-0.0981555;0.998366;0.0536984;-0.0195257;0.993053;-0.0479763;0.107443;80.9909;-0.065338;0.0173616;0;0;-0.0281855;75.2102;-0.386271;-7.32025;0;0;2.77373;76.4997;-0.949919;-4.75861;0;0;-1.08377;72.9316;0.0792312;-7.91778;0;0;-0.281675;879;879;873;1233;1233;777;1000;1000;595;1000;1000;811;1;1;1;1;
81;82;0;0;-0.00309088;0;0;-0.0312764;0;0;-0.0835859;0;0;2.69014;0;0;-0.0686977;0;0;-1.15247;0;0;0.157144;0;0;-0.124532;0.999965;0.00314855;-0.00776736;0.994573;0.0887906;-0.0542272;0.998298;0.0576853;0.00857839;0.978061;-0.165539;0.126463;81.9908;-0.0627353;0.00959428;0;0;-0.0312764;76.1995;-0.250899;-7.37448;0;0;2.69014;77.4989;-0.912325;-4.75004;0;0;-1.15247;73.9093;-0.0884334;-7.79132;0;0;-0.124532;836;834;825;1227;1227;760;1001;1001;603;1000;1000;806;1;1;1;1;
82;83;0;0;-0.00871976;0;0;-0.0399962;0;0;-0.0153895;0;0;2.67475;0;0;-0.117325;0;0;-1.26979;0;0;0.00850431;0;0;-0.116027;0.999909;0.00769028;-0.011103;0.999827;0.0104827;0.0153722;0.994647;0.103322;0.00110252;0.996122;0.00745353;-0.0876673;82.9908;-0.055743;-0.00150869;0;0;-0.0399962;77.1978;-0.193769;-7.35911;0;0;2.67475;78.4956;-0.83107;-4.74893;0;0;-1.26979;74.9054;-0.0829971;-7.87899;0;0;-0.116027;839;839;836;1222;1222;767;1000;1000;603;1000;1000;807;1;1;1;1;
83;84;0;0;0.00263888;0;0;-0.0373573;0;0;-0.00548292;0;0;2.66927;0;0;-0.00424169;0;0;-1.27403;0;0;0.0518962;0;0;-0.0641312;0.999976;0.000491655;0.00687339;0.998393;0.0237074;0.0514626;0.999853;0.00501662;-0.0163854;0.999202;-0.0333696;0.0219713;83.9907;-0.0559033;0.00536471;0;0;-0.0373573;78.194;-0.123591;-7.30765;0;0;2.66927;79.4953;-0.848285;-4.76532;0;0;-1.27403;75.9046;-0.117485;-7.85702;0;0;-0.0641312;841;839;831;1251;1251;765;1000;1000;572;1000;1000;807;1;1;1;1;
84;85;0;0;0.0104018;0;0;-0.0269555;0;0;0.0836576;0;0;2.75293;0;0;0.13126;0;0;-1.14277;0;0;0.284582;0;0;0.220451;0.99996;-0.00848057;-0.00280161;0.993315;-0.0688451;-0.092664;0.989363;-0.127419;-0.0701818;0.969068;-0.232279;0.0833858;84.9907;-0.0648544;0.0025631;0;0;-0.0269555;79.1895;-0.144649;-7.40031;0;0;2.75293;80.482;-0.99541;-4.8355;0;0;-1.14277;76.8745;-0.346034;-7.77363;0;0;0.220451;839;839;831;1275;1275;786;1000;1000;562;1000;1000;815;1;1;1;1;
85;86;0;0;-0.00208335;0;0;-0.0290389;0;0;-0.0414514;0;0;2.71148;0;0;0.0571398;0;0;-1.08563;0;0;0.065719;0;0;0.28617;0.999992;0.00103268;0.00383043;0.9999;0.0131851;-0.00506929;0.994439;-0.0782772;-0.0704496;0.994834;-0.0473957;-0.0897763;85.9907;-0.0643285;0.00639352;0;0;-0.0290389;80.1876;-0.084177;-7.40538;0;0;2.71148;81.4747;-1.09251;-4.90595;0;0;-1.08563;77.8696;-0.38846;-7.86341;0;0;0.28617;834;828;823;1252;1252;758;1000;1000;585;1000;1000;804;1;1;1;1;
86;87;0;0;0.00526628;0;0;-0.0237726;0;0;-0.0376014;0;0;2.67387;0;0;-0.00356431;0;0;-1.0892;0;0;0.011796;0;0;0.297966;0.999963;-0.00827747;0.00229809;0.99761;0.0620354;-0.0304128;0.999958;0.00831036;-0.00396379;0.997457;-0.017282;0.0691443;86.9906;-0.0730209;0.00869161;0;0;-0.0237726;81.1813;0.0243304;-7.43579;0;0;2.67387;82.4747;-1.10321;-4.90991;0;0;-1.0892;78.8671;-0.400555;-7.79426;0;0;0.297966;875;875;867;1227;1227;738;1000;1000;581;1000;1000;816;1;1;1;1;
87;88;0;0;-0.00603461;0;0;-0.0298072;0;0;-0.0211234;0;0;2.65275;0;0;0.0572679;0;0;-1.03193;0;0;-0.0693549;0;0;0.228611;0.999858;0.00703237;0.0152982;0.997192;0.0386879;-0.0641254;0.998235;-0.0587321;0.00876874;0.990915;0.0846006;-0.104547;87.9905;-0.0665087;0.0239898;0;0;-0.0298072;82.1756;0.10913;-7.49992;0;0;2.65275;83.4717;-1.17991;-4.90115;0;0;-1.03193;79.8577;-0.312001;-7.89881;0;0;0.228611;871;871;860;1212;1212;749;1000;1000;573;1000;1000;802;1;1;1;1;
88;89;0;0;-0.00255276;0;0;-0.03236;0;0;-0.0242921;0;0;2.62846;0;0;0.0217718;0;0;-1.01016;0;0;-0.129611;0;0;0.0989998;0.999921;0.00887511;0.0089012;0.997349;0.00434222;0.0726383;0.99858;-0.0144657;-0.0512676;0.997353;0.0641328;0.034259;88.9904;-0.0581983;0.032891;0;0;-0.03236;83.1717;0.159205;-7.42728;0;0;2.62846;84.4699;-1.21198;-4.95241;0;0;-1.01016;80.8549;-0.246145;-7.86455;0;0;0.0989998;862;861;856;1219;1219;753;1000;1000;577;1000;1000;797;1;1;1;1;
89;90;0;0;-0.00620239;0;0;-0.0385624;0;0;-0.0225162;0;0;2.60594;0;0;0.00699879;0;0;-1.00316;0;0;-0.000897446;0;0;0.0981024;0.999959;0.00399491;-0.00807526;0.998864;0.00157833;-0.0476226;0.998658;-0.0171823;0.0488574;0.999292;-0.0196955;0.0320713;89.9904;-0.0548764;0.0248157;0;0;-0.0385624;84.1694;0.206196;-7.4749;0;0;2.60594;85.4681;-1.24665;-4.90356;0;0;-1.00316;81.8543;-0.264129;-7.83248;0;0;0.0981024;849;847;834;1218;1218;710;1000;1000;592;1000;1000;804;1;1;1;1;
90;91;0;0;-0.0096207;0;0;-0.0481831;0;0;-0.0158607;0;0;2.59008;0;0;0.0233112;0;0;-0.979848;0;0;-0.0370734;0;0;0.061029;0.999948;0.00868546;-0.00535441;0.998035;0.0400982;0.0481523;0.999395;-0.0288441;0.019416;-0.030929;-0.00772985;-0.999492;90.9903;-0.0470318;0.0194613;0;0;-0.0481831;85.1646;0.291355;-7.42675;0;0;2.59008;86.4668;-1.29258;-4.88414;0;0;-0.979848;81.8233;-0.271892;-8.83197;0;0;0.061029;873;873;863;1202;1202;722;1000;1000;606;1000;1000;809;1;1;1;1;
91;92;0;0;0.00244465;0;0;-0.0457384;0;0;0.0428367;0;0;2.63292;0;0;1.22304;0;0;0.243193;0;0;-0.0107107;0;0;0.0503183;0.999968;0.00215146;0.00772567;0.999001;-0.0219512;0.0389136;0.807783;-0.581577;-0.0962034;0.994181;-0.0154323;0.106608;91.9903;-0.0456786;0.027187;0;0;-0.0457384;86.1636;0.315318;-7.38784;0;0;2.63292;87.2771;-1.87072;-4.98034;0;0;0.243193;82.8175;-0.286451;-8.72536;0;0;0.0503183;856;855;847;1245;1245;772;1000;1000;624;1000;1000;810;1;1;1;1;
92;93;0;0;0.000643087;0;0;-0.0450953;0;0;0.0154735;0;0;2.64839;0;0;0.041333;0;0;0.284526;0;0;-0.0760518;0;0;-0.0257335;0.999991;0.000641911;0.00418911;0.999208;0.0062277;-0.0393037;0.995178;-0.0725225;-0.0660366;0.997914;0.0616614;-0.0191158;92.9903;-0.0458238;0.0313761;0;0;-0.0450953;87.1615;0.367709;-7.42714;0;0;2.64839;88.2726;-1.9383;-5.04638;0;0;0.284526;83.8155;-0.225238;-8.74448;0;0;-0.0257335;875;875;866;1295;1295;773;1000;1000;582;1000;1000;800;1;1;1;1;
93;94;0;0;-0.00109076;0;0;-0.0461861;0;0;-0.019111;0;0;2.62928;0;0;0.000719702;0;0;0.285246;0;0;0.0764337;0;0;0.0507003;0.999911;0;-0.0133085;0.999093;0.03104;0.0291493;0.998892;0.00135636;-0.047042;0.994602;-0.0928724;-0.0462729;93.9902;-0.0465651;0.0180676;0;0;-0.0461861;88.1581;0.444548;-7.39799;0;0;2.62928;89.2715;-1.93197;-5.09342;0;0;0.285246;84.8102;-0.31723;-8.79075;0;0;0.0507003;855;851;837;1272;1272;758;1000;1000;571;1000;1000;810;1;1;1;1;
94;95;0;0;-0.000685359;0;0;-0.0468714;0;0;-0.0727955;0;0;2.55649;0;0;0.0492166;0;0;0.334463;0;0;-0.0567321;0;0;-0.00603182;0.999926;0.00245713;0.0119488;0.995743;0.0808361;-0.0442911;0.997146;-0.0525229;-0.0542291;0.997426;0.0716754;-0.0019761;94.9901;-0.0449259;0.0300164;0;0;-0.0468714;89.1492;0.569718;-7.44228;0;0;2.55649;90.2689;-1.97867;-5.14765;0;0;0.334463;85.8076;-0.24566;-8.79273;0;0;-0.00603182;857;857;843;1276;1276;818;1000;1000;584;1000;1000;811;1;1;1;1;
95;96;0;0;0.0012187;0;0;-0.0456527;0;0;0.0504852;0;0;2.60697;0;0;-0.0389334;0;0;0.295529;0;0;0.0182572;0;0;0.0122254;0.999965;-0.00257221;-0.00790428;0.998927;-0.0460285;-0.00516875;0.997913;0.0486638;0.0424482;0.999976;-0.00654453;-0.00215796;95.9901;-0.0482949;0.0221121;0;0;-0.0456527;90.1492;0.569173;-7.44745;0;0;2.60697;91.2665;-1.92486;-5.1052;0;0;0.295529;86.8076;-0.251991;-8.79489;0;0;0.0122254;863;863;857;1318;1318;804;1001;1001;553;1000;1000;811;1;1;1;1;
96;97;0;0;0.00539426;0;0;-0.0402585;0;0;0.00507389;0;0;2.61204;0;0;0.106564;0;0;0.402094;0;0;-0.0228683;0;0;-0.0106429;0.99993;-0.0107735;-0.00487139;0.998689;-0.00418139;0.0510246;0.997303;-0.0710759;-0.0183039;0.996603;0.0342664;0.0748857;96.99;-0.059771;0.0172407;0;0;-0.0402585;91.147;0.610509;-7.39643;0;0;2.61204;92.2643;-1.98894;-5.12351;0;0;0.402094;87.8042;-0.21791;-8.72;0;0;-0.0106429;848;847;836;1294;1294;785;1000;1000;559;1000;1000;797;1;1;1;1;
97;98;0;0;0.000157346;0;0;-0.0401011;0;0;0.0126788;0;0;2.62472;0;0;0.0119527;0;0;0.414046;0;0;-0.0430205;0;0;-0.0536634;0.999996;-0.00106822;0.00272687;0.998397;-0.0458777;0.0331604;0.999973;-0.00109566;-0.00719773;0.999272;0.0377911;-0.00528369;97.99;-0.0615391;0.0199676;0;0;-0.0401011;92.1465;0.6104;-7.36327;0;0;2.62472;93.2643;-1.98281;-5.1307;0;0;0.414046;88.8035;-0.181055;-8.72528;0;0;-0.0536634;827;824;819;1272;1272;802;1000;1000;573;1000;1000;801;1;1;1;1;
98;99;0;0;0.0100094;0;0;-0.0300918;0;0;0.127651;0;0;2.75237;0;0;-0.00117141;0;0;0.412875;0;0;-0.00333269;0;0;-0.0569961;0.999915;-0.012875;0.00228121;0.991255;-0.131952;-0.0011847;0.999707;0.00378661;-0.0238887;0.998574;0.0273525;-0.0458519;98.9899;-0.0749393;0.0222488;0;0;-0.0300918;93.1429;0.5262;-7.36445;0;0;2.75237;94.2639;-1.97181;-5.15459;0;0;0.412875;89.8021;-0.154696;-8.77114;0;0;-0.0569961;827;824;820;1263;1263;784;1000;1000;543;1000;1000;779;1;1;1;1;
99;100;0;0;-0.0013131;0;0;-0.0314049;0;0;-0.0268375;0;0;2.72554;0;0;0.0466106;0;0;0.459486;0;0;-0.0609802;0;0;-0.117976;0.999962;-0.00122361;-0.00859976;0.999501;0.0315082;0.00222806;0.999573;-0.0206555;0.0206707;0.996778;0.0771154;-0.0220433;99.9899;-0.076711;0.013649;0;0;-0.0314049;94.1398;0.6052;-7.36222;0;0;2.72554;95.2636;-1.98445;-5.13392;0;0;0.459486;90.799;-0.0796327;-8.79318;0;0;-0.117976;843;843;831;1242;1242;786;1000;1000;567;1000;1000;795;1;1;1;1;
100;101;0;0;-0.0142604;0;0;-0.0456652;0;0;-0.0210563;0;0;2.70448;0;0;-0.160899;0;0;0.298587;0;0;-0.0191446;0;0;-0.137121;0.999723;0.0156214;-0.0176148;0.990062;0.0291351;-0.137579;-0.0852197;0.00871066;-0.996324;0.998897;0.043778;-0.0169884;100.99;-0.0618864;-0.00396578;0;0;-0.0456652;95.1274;0.681019;-7.4998;0;0;2.70448;95.1784;-1.97619;-6.13025;0;0;0.298587;91.798;-0.0382454;-8.81017;0;0;-0.137121;863;862;850;1282;1282;817;1000;1000;575;1000;1000;789;1;1;1;1;
101;102;0;0;-0.00191417;0;0;-0.0475794;0;0;-0.00294779;0;0;2.70153;0;0;0.119884;0;0;0.418471;0;0;-0.0326045;0;0;-0.169725;0.999955;0.00536394;-0.00780824;0.999697;0.0187489;0.0159779;0.986936;-0.0950649;0.130073;0.998695;0.0340214;0.0380993;101.99;-0.0573529;-0.011774;0;0;-0.0475794;96.1251;0.746866;-7.48382;0;0;2.70153;96.166;-2.06404;-6.00017;0;0;0.418471;92.7968;-0.0071826;-8.77207;0;0;-0.169725;859;854;842;1274;1274;769;1000;1000;561;1000;1000;813;1;1;1;1;
102;103;0;0;-0.0113038;0;0;-0.0588832;0;0;0.0786108;0;0;2.78014;0;0;-0.000592917;0;0;0.417878;0;0;0.0284685;0;0;-0.141257;0.999796;0.0137299;-0.0148156;0.994374;-0.0998501;0.0353731;0.999987;-0.00424649;0.00298094;0.999317;0.00903516;-0.0358339;102.989;-0.0446504;-0.0265896;0;0;-0.0588832;97.1232;0.695364;-7.44845;0;0;2.78014;97.166;-2.06099;-5.99719;0;0;0.417878;93.7962;-0.000611175;-8.8079;0;0;-0.141257;845;839;825;1237;1237;775;1000;1000;595;1000;1000;826;1;1;1;1;
103;104;0;0;-0.00143579;0;0;-0.060319;0;0;0.00187105;0;0;2.78201;0;0;0.0872028;0;0;0.505081;0;0;-0.0321755;0;0;-0.173432;0.999994;0.00213737;-0.00267274;0.998355;0.0033387;-0.0572437;0.990679;-0.103111;0.0890137;0.999871;0.00996695;-0.0125957;103.989;-0.0435658;-0.0292624;0;0;-0.060319;98.1202;0.747155;-7.50569;0;0;2.78201;98.1575;-2.15537;-5.90818;0;0;0.505081;94.7961;0.00632916;-8.8205;0;0;-0.173432;873;869;844;1257;1257;780;1000;1000;584;1000;1000;796;1;1;1;1;
104;105;0;0;0.0111242;0;0;-0.0491947;0;0;0.0325019;0;0;2.81452;0;0;-0.011637;0;0;0.493444;0;0;-0.0328806;0;0;-0.206313;0.99987;-0.0108209;0.0119573;0.995554;-0.0463664;-0.0819915;0.998474;-0.00480779;0.0550083;0.993411;0.0378125;0.108185;104.989;-0.0552452;-0.017305;0;0;-0.0491947;99.1168;0.749729;-7.58769;0;0;2.81452;99.156;-2.15158;-5.85317;0;0;0.493444;95.7896;0.0405643;-8.71231;0;0;-0.206313;840;838;832;1253;1253;801;1000;1000;569;1000;1000;827;1;1;1;1;
105;106;0;0;-0.00416551;0;0;-0.0533602;0;0;0.0121539;0;0;2.82667;0;0;0.00408355;0;0;0.497528;0;0;0.0346233;0;0;-0.17169;0.999963;0.00670478;-0.00545844;0.999989;0.000601826;0.00466727;0.997474;-0.0213335;-0.0677459;0.997345;-0.0146849;0.071329;105.989;-0.0494717;-0.0227635;0;0;-0.0533602;100.116;0.799644;-7.58302;0;0;2.82667;100.154;-2.16425;-5.92092;0;0;0.497528;96.7869;0.0228909;-8.64099;0;0;-0.17169;853;852;849;1271;1271;759;1000;1000;552;1000;1000;833;1;1;1;1;
106;107;0;0;0.00329501;0;0;-0.0500652;0;0;0.0224968;0;0;2.84917;0;0;0.0367087;0;0;0.534236;0;0;-0.029608;0;0;-0.201298;0.999977;-0.00236715;0.00640219;0.995113;0.0127523;0.0979161;0.997128;-0.0184846;0.0734435;0.999877;0.00918898;-0.0127146;106.989;-0.0527126;-0.0163613;0;0;-0.0500652;101.109;0.861845;-7.4851;0;0;2.84917;101.151;-2.17343;-5.84747;0;0;0.534236;97.7868;0.028567;-8.6537;0;0;-0.201298;859;859;850;1257;1257;782;1002;1002;596;1000;1000;810;1;1;1;1;
107;108;0;0;-0.0147614;0;0;-0.0648267;0;0;0.0246301;0;0;2.8738;0;0;0.000466201;0;0;0.534703;0;0;0.00566855;0;0;-0.195629;0.999814;0.0184653;0.00553786;0.00456127;0.00014865;-0.99999;0.999558;0.00233942;-0.0296269;0.993508;0.00581176;0.113612;107.989;-0.0353786;-0.0108234;0;0;-0.0648267;101.113;0.862222;-8.48509;0;0;2.8738;102.15;-2.16177;-5.8771;0;0;0.534703;98.7803;0.0309865;-8.54009;0;0;-0.195629;845;845;837;1281;1281;770;1000;1000;598;1000;1000;814;1;1;1;1;
108;109;0;0;-0.0122888;0;0;-0.0771155;0;0;-0.0555981;0;0;2.8182;0;0;-0.0420081;0;0;0.492694;0;0;0.000152216;0;0;-0.195477;0.999835;0.0160859;-0.00844606;0.991508;0.0324079;-0.125943;0.99532;0.0415023;-0.0872677;0.996173;-0.0103812;0.0867898;108.989;-0.0206385;-0.0192695;0;0;-0.0771155;102.102;0.94334;-8.61104;0;0;2.8182;103.145;-2.11171;-5.96437;0;0;0.492694;99.7764;0.0172067;-8.4533;0;0;-0.195477;827;827;824;1268;1268;792;1000;1000;585;1000;1000;826;1;1;1;1;
109;110;0;0;-0.00473575;0;0;-0.0818512;0;0;-0.0209881;0;0;2.79721;0;0;-0.0637673;0;0;0.428927;0;0;0.0870969;0;0;-0.10838;0.999745;0.00548379;0.0219046;0.991317;0.00146124;0.131488;0.996447;0.0690505;-0.0482267;0.994959;-0.0976793;-0.0227155;109.989;-0.0165829;0.00263511;0;0;-0.0818512;103.092;0.993177;-8.47955;0;0;2.79721;104.141;-2.0352;-6.01259;0;0;0.428927;100.771;-0.0823545;-8.47601;0;0;-0.10838;853;853;842;1252;1252;743;1000;1000;594;1000;1000;826;1;1;1;1;
110;111;0;0;0.00916138;0;0;-0.0726898;0;0;-0.00498109;0;0;2.79223;0;0;-1.23896;0;0;-0.810032;0;0;-0.0586312;0;0;-0.167011;0.99995;-0.00966977;0.00254696;0.995696;-0.00222515;-0.0926506;0.70887;0.701744;-0.0711174;0.999249;0.0184292;-0.0340983;110.989;-0.0275213;0.00518207;0;0;-0.0726898;104.087;1.03946;-8.5722;0;0;2.79223;104.86;-1.34355;-6.08371;0;0;-0.810032;101.771;-0.0668381;-8.51011;0;0;-0.167011;833;833;823;1228;1228;765;1000;1000;635;1000;1000;816;1;1;1;1;
111;112;0;0;0.00255023;0;0;-0.0701396;0;0;0.0269126;0;0;2.81914;0;0;0.00297068;0;0;-0.807061;0;0;-0.0153931;0;0;-0.182404;0.999988;-0.0041331;0.00247766;0.994158;-0.0702546;-0.0819405;0.997575;-0.0223883;-0.0658982;0.995948;0.0225265;-0.0870596;111.989;-0.0328785;0.00765973;0;0;-0.0701396;105.083;1.01819;-8.65414;0;0;2.81914;105.857;-1.37998;-6.14961;0;0;-0.807061;102.767;-0.0474824;-8.59717;0;0;-0.182404;832;832;823;1241;1241;780;1000;1000;643;1000;1000;824;1;1;1;1;
112;113;0;0;0.00489985;0;0;-0.0652397;0;0;-0.113466;0;0;2.70568;0;0;0.0175969;0;0;-0.789464;0;0;0.0103729;0;0;-0.172031;0.999865;-0.00881934;0.0138902;0.989269;0.143858;-0.0255137;0.999449;-0.0106102;0.0314558;0.999796;-0.0192566;-0.00614178;112.988;-0.0428363;0.0215499;0;0;-0.0652397;106.065;1.20858;-8.67965;0;0;2.70568;106.856;-1.40436;-6.11815;0;0;-0.789464;103.766;-0.0697408;-8.60331;0;0;-0.172031;838;838;823;1244;1244;757;1000;1000;598;1000;1000;814;1;1;1;1;
113;114;0;0;0.00241764;0;0;-0.0628221;0;0;0.0255228;0;0;2.7312;0;0;-0.287144;0;0;-1.07661;0;0;0.0883435;0;0;-0.0836878;0.999735;-0.00102218;0.0229943;0.999164;-0.0312881;-0.0263065;0.149686;0.153151;-0.9768;0.990402;-0.0936743;0.101631;113.988;-0.0449547;0.0445442;0;0;-0.0628221;107.064;1.22494;-8.70596;0;0;2.7312;107.009;-1.25405;-7.09495;0;0;-1.07661;104.757;-0.164862;-8.50168;0;0;-0.0836878;847;847;838;1264;1264;783;1000;1000;563;1000;1000;822;1;1;1;1;
114;115;0;0;-0.00849127;0;0;-0.0713134;0;0;-0.00618101;0;0;2.72502;0;0;0.0436175;0;0;-1.03299;0;0;0.0624699;0;0;-0.021218;0.999927;0.00821804;-0.008875;0.995883;0.0130344;-0.0897025;0.998846;-0.0440956;0.0190231;0.998357;-0.0570949;0.00483215;114.988;-0.0379812;0.0356692;0;0;-0.0713134;108.058;1.28531;-8.79566;0;0;2.72502;108.007;-1.31615;-7.07593;0;0;-1.03299;105.755;-0.222326;-8.49685;0;0;-0.021218;848;848;835;1239;1239;737;1000;1000;562;1000;1000;815;1;1;1;1;
115;116;0;0;0.0101469;0;0;-0.0611664;0;0;0.0550742;0;0;2.78009;0;0;-0.0432738;0;0;-1.07626;0;0;-0.0287088;0;0;-0.0499268;0.999789;-0.0162518;-0.0125956;0.991791;-0.090244;-0.0905929;0.995436;0.0622861;-0.0723056;0.999909;0.00979493;0.00931098;115.988;-0.0553003;0.0230735;0;0;-0.0611664;109.053;1.24327;-8.88625;0;0;2.78009;109.003;-1.27257;-7.14824;0;0;-1.07626;106.755;-0.213402;-8.48754;0;0;-0.0499268;845;845;838;1217;1217;774;1000;1000;559;1000;1000;827;1;1;1;1;
116;117;0;0;0.00803219;0;0;-0.0531343;0;0;-0.0376828;0;0;2.74241;0;0;1.4648;0;0;0.388537;0;0;0.138271;0;0;0.0883446;0.999896;-0.0105247;-0.0098446;0.999321;0.00436641;-0.036598;0.676995;-0.709203;-0.196745;0.984166;-0.134439;-0.115515;116.988;-0.0667523;0.0132289;0;0;-0.0531343;110.051;1.29545;-8.92285;0;0;2.74241;109.685;-1.97717;-7.34498;0;0;0.388537;107.739;-0.346324;-8.60305;0;0;0.0883446;846;846;832;1228;1228;742;1000;1000;633;1000;1000;831;1;1;1;1;
117;118;0;0;-0.00326458;0;0;-0.0563988;0;0;0.0825787;0;0;2.82499;0;0;-0.048263;0;0;0.340274;0;0;-0.0890036;0;0;-0.000658952;0.999993;0.00150387;-0.00340093;0.995905;-0.0755021;0.0497348;0.998614;0.0364378;0.0379913;0.995806;0.0770202;-0.0493883;117.988;-0.0662328;0.00982799;0;0;-0.0563988;111.05;1.26912;-8.87312;0;0;2.82499;110.683;-1.9348;-7.30699;0;0;0.340274;108.735;-0.269315;-8.65244;0;0;-0.000658952;853;853;848;1210;1210;733;1000;1000;599;1000;1000;830;1;1;1;1;
118;119;0;0;0.00409819;0;0;-0.0523006;0;0;0.0387397;0;0;2.86373;0;0;0.0109055;0;0;0.351179;0;0;-0.044058;0;0;-0.044717;0.999874;-0.0041951;0.0153241;0.996334;-0.0498646;-0.0695105;0.999333;0.0168913;0.032383;0.991213;0.0702673;-0.112068;118.988;-0.0713406;0.0251521;0;0;-0.0523006;112.047;1.2691;-8.94263;0;0;2.86373;111.683;-1.91178;-7.27461;0;0;0.351179;109.726;-0.199821;-8.76451;0;0;-0.044717;856;855;848;1236;1236;766;1001;1001;565;1000;1000;845;1;1;1;1;
119;120;0;0;-0.000673546;0;0;-0.0529742;0;0;0.00411315;0;0;2.86784;0;0;-0.0396981;0;0;0.311481;0;0;-0.0025154;0;0;-0.0472324;0.999974;0.00614485;-0.00389399;0.995529;-0.0139804;0.0934129;0.998369;0.0491306;-0.0290731;0.999764;-0.00225049;0.0215865;119.988;-0.0661203;0.0212581;0;0;-0.0529742;113.042;1.30494;-8.84921;0;0;2.86784;112.681;-1.85723;-7.30368;0;0;0.311481;110.726;-0.202896;-8.74292;0;0;-0.0472324;883;880;874;1206;1206;757;1000;1000;603;1000;1000;830;1;1;1;1;
120;121;0;0;-0.00247033;0;0;-0.0554445;0;0;0.0181531;0;0;2.88599;0;0;0.0764545;0;0;0.387936;0;0;0.0377506;0;0;-0.00948181;0.999974;0.00597885;0.00409059;0.999228;-0.0167379;0.0355538;0.989869;-0.0638988;0.126791;0.999658;-0.0197776;-0.017112;120.988;-0.0611091;0.0253487;0;0;-0.0554445;114.041;1.33854;-8.81366;0;0;2.88599;113.671;-1.91442;-7.17689;0;0;0.387936;111.726;-0.222839;-8.76004;0;0;-0.00948181;855;855;848;1209;1209;745;1000;1000;585;1000;1000;821;1;1;1;1;
121;122;0;0;0.0129173;0;0;-0.0425272;0;0;-0.0400467;0;0;2.84595;0;0;0.0320142;0;0;0.41995;0;0;0.0553092;0;0;0.0458274;0.999823;-0.0162381;0.00948946;0.993235;0.017205;-0.11484;0.992904;-0.0321527;-0.114486;0.998108;-0.0563509;0.0246158;121.987;-0.0780893;0.0348382;0;0;-0.0425272;115.032;1.40503;-8.9285;0;0;2.84595;114.664;-1.9393;-7.29138;0;0;0.41995;112.724;-0.278391;-8.73542;0;0;0.0458274;866;866;863;1217;1217;766;1000;1000;590;1000;1000;813;1;1;1;1;
122;123;0;0;0.00639969;0;0;-0.0361275;0;0;0.0805626;0;0;2.92651;0;0;-0.00600809;0;0;0.413942;0;0;0.000844813;0;0;0.0466722;0.999731;-0.00817825;0.021715;0.996146;-0.0794668;-0.0371311;0.996496;-0.00353587;-0.0835701;0.995082;0.0200548;-0.0970081;122.987;-0.0868979;0.0565532;0;0;-0.0361275;116.031;1.37653;-8.96563;0;0;2.92651;115.66;-1.93563;-7.37495;0;0;0.413942;113.719;-0.257526;-8.83243;0;0;0.0466722;856;856;853;1204;1204;751;1000;1000;545;1000;1000;809;1;1;1;1;
123;124;0;0;-0.0129643;0;0;-0.0490918;0;0;0.0203547;0;0;2.94687;0;0;-0.0137082;0;0;0.400234;0;0;-0.091302;0;0;-0.0446298;0.999928;0.00923953;0.00765044;0.998704;-0.017275;0.0478779;0.997992;0.00804031;-0.0628316;0.994891;0.0941086;-0.0365517;123.987;-0.0785151;0.0642037;0;0;-0.0490918;117.029;1.41062;-8.91775;0;0;2.94687;116.658;-1.92062;-7.43778;0;0;0.400234;114.714;-0.164192;-8.86898;0;0;-0.0446298;868;867;862;1251;1251;750;1001;1001;552;1000;1000;816;1;1;1;1;
124;125;0;0;-0.00182756;0;0;-0.0509194;0;0;0.903811;0;0;3.85068;0;0;0.024237;0;0;0.424471;0;0;0.027367;0;0;-0.0172628;0.999977;0.00330805;-0.00594167;0.801822;-0.592384;-0.0785004;0.999716;-0.0202827;-0.0125109;0.993933;-0.0398303;-0.102522;124.987;-0.0760958;0.058262;0;0;-0.0509194;117.869;0.873422;-8.99625;0;0;3.85068;117.658;-1.9335;-7.45029;0;0;0.424471;115.708;-0.204322;-8.9715;0;0;-0.0172628;852;851;847;1271;1271;823;1000;1000;578;1000;1000;837;1;1;1;1;
125;126;0;0;0.00602692;0;0;-0.0448925;0;0;-0.00174812;0;0;3.84893;0;0;-0.0357379;0;0;0.388733;0;0;-0.12467;0;0;-0.141932;0.999943;-0.00994917;0.00390212;0.998506;-0.00203467;-0.0546014;0.997211;0.0580672;-0.0468795;0.0496837;0.0742272;-0.996003;125.987;-0.0868284;0.0621641;0;0;-0.0448925;118.865;0.938417;-9.05086;0;0;3.84893;118.655;-1.86867;-7.49717;0;0;0.388733;115.758;-0.130218;-9.96751;0;0;-0.141932;862;860;852;1268;1268;776;1000;1000;582;1000;1000;821;1;1;1;1;
126;127;0;0;-0.00782124;0;0;-0.0527137;0;0;-0.0644821;0;0;3.78445;0;0;-0.0573061;0;0;0.331427;0;0;-0.0759758;0;0;-0.217908;0.99993;0.00678806;-0.0097052;0.0395791;0.0170612;-0.999071;0.995828;0.0837564;-0.0362174;0.992808;0.0546624;0.106511;126.987;-0.0809603;0.0524589;0;0;-0.0527137;118.904;0.958054;-10.0499;0;0;3.78445;119.65;-1.77915;-7.53338;0;0;0.331427;116.751;-0.0793322;-9.86099;0;0;-0.217908;867;866;862;1252;1252;774;1000;1000;555;1000;1000;816;1;1;1;1;
127;128;0;0;0.00604624;0;0;-0.0466675;0;0;-0.299821;0;0;3.48463;0;0;0.150876;0;0;0.482303;0;0;0.00535706;0;0;-0.212551;0.99992;-0.00776454;-0.00994012;0.0246286;0.105022;-0.994165;0.987172;-0.159215;0.0118896;0.995165;0.0194818;0.0962682;127.987;-0.0895393;0.0425188;0;0;-0.0466675;118.922;1.06438;-11.0441;0;0;3.48463;120.639;-1.93005;-7.52149;0;0;0.482303;117.746;-0.0635423;-9.76473;0;0;-0.212551;843;842;841;1253;1253;781;1000;1000;572;1000;1000;818;1;1;1;1;
128;129;0;0;0.00889467;0;0;-0.0377728;0;0;-0.155595;0;0;3.32903;0;0;1.38007;0;0;1.86238;0;0;0.00825874;0;0;-0.204292;0.999877;-0.0154189;-0.00287165;0.980311;0.175152;-0.0911732;0.778546;-0.614198;-0.128943;0.997648;-0.00350123;-0.0684539;128.987;-0.105617;0.0396471;0;0;-0.0377728;119.89;1.29616;-11.1353;0;0;3.32903;121.437;-2.51862;-7.65044;0;0;1.86238;118.743;-0.0706007;-9.83318;0;0;-0.204292;839;838;832;1263;1263;807;1000;1000;610;1000;1000;823;1;1;1;1;
129;130;0;0;-0.00137209;0;0;-0.0391449;0;0;-0.0654958;0;0;3.26353;0;0;-0.00929421;0;0;1.85308;0;0;0.0313536;0;0;-0.172939;0.999898;0.000672907;0.0142751;0.995978;0.075451;0.0483256;0.998952;0.0149155;-0.043262;0.998013;-0.0348742;-0.0524772;129.987;-0.105628;0.0539222;0;0;-0.0391449;120.881;1.42819;-11.0869;0;0;3.26353;122.435;-2.47141;-7.6937;0;0;1.85308;119.741;-0.108487;-9.88566;0;0;-0.172939;844;844;828;1271;1271;796;1000;1000;567;1000;1000;818;1;1;1;1;
130;131;0;0;-0.00415306;0;0;-0.0432979;0;0;0.0208388;0;0;3.28437;0;0;0.120883;0;0;1.97397;0;0;-0.0134622;0;0;-0.186401;1;-0.000906347;0.000179645;0.998818;-0.0134475;-0.0467109;0.986537;-0.16167;0.0246512;-0.0765884;-0.00174909;-0.997061;130.987;-0.10729;0.0541019;0;0;-0.0432979;121.879;1.47199;-11.1336;0;0;3.28437;123.426;-2.599;-7.66905;0;0;1.97397;119.665;-0.109987;-10.8827;0;0;-0.186401;876;874;859;1316;1316;819;1000;1000;561;1000;1000;805;1;1;1;1;
131;132;0;0;-0.0117874;0;0;-0.0550853;0;0;0.0232009;0;0;3.30757;0;0;0.198155;0;0;2.17212;0;0;-0.0704825;0;0;-0.256884;0.999909;0.0128973;0.00399565;0.999632;-0.0175812;0.0206438;0.977199;-0.19875;-0.0747025;0.995905;0.0820885;0.0378767;131.986;-0.0953537;0.0580975;0;0;-0.0550853;122.877;1.51211;-11.113;0;0;3.30757;124.41;-2.76057;-7.74375;0;0;2.17212;120.661;-0.0323644;-10.8448;0;0;-0.256884;856;856;849;1281;1281;805;1000;1000;597;1000;1000;818;1;1;1;1;
132;133;0;0;-0.00452224;0;0;-0.0596076;0;0;0.0254577;0;0;3.33303;0;0;0.0215689;0;0;2.19369;0;0;0.00434366;0;0;-0.25254;0.99991;0.00105396;0.0133463;0.997189;-0.0324132;-0.0675608;0.999707;-0.0228425;0.00798376;0.999911;0.00165503;-0.0132525;132.986;-0.09534;0.0714438;0;0;-0.0596076;123.875;1.53773;-11.1806;0;0;3.33303;125.41;-2.74513;-7.73577;0;0;2.19369;121.661;-0.0351167;-10.8581;0;0;-0.25254;853;853;850;1285;1285;814;1000;1000;591;1000;1000;823;1;1;1;1;
133;134;0;0;0.0103278;0;0;-0.0492798;0;0;0.0129298;0;0;3.34596;0;0;0.0300171;0;0;2.22371;0;0;-0.0662838;0;0;-0.318824;0.999668;-0.0159468;0.0202257;0.999718;-0.0209612;0.0111965;0.999348;-0.0203759;0.029806;-0.0433019;0.0186083;-0.998889;133.986;-0.112147;0.0916695;0;0;-0.0492798;124.874;1.57515;-11.1694;0;0;3.34596;126.41;-2.72672;-7.70596;0;0;2.22371;121.618;-0.0162677;-11.857;0;0;-0.318824;873;873;867;1275;1275;812;1000;1000;567;1000;1000;811;1;1;1;1;
134;135;0;0;-0.0100453;0;0;-0.0593251;0;0;-0.0247981;0;0;3.32116;0;0;0.751879;0;0;2.97559;0;0;0.118189;0;0;-0.200635;0.999868;0.0136098;0.00884527;0.997571;0.04547;-0.0527777;0.848143;-0.505912;-0.157181;0.978641;-0.112498;0.172064;134.986;-0.0995721;0.100515;0;0;-0.0593251;125.867;1.67834;-11.2221;0;0;3.32116;127.283;-3.18792;-7.86314;0;0;2.97559;122.596;-0.132192;-11.6849;0;0;-0.200635;862;862;855;1315;1315;782;1000;1000;579;1000;1000;804;1;1;1;1;
135;136;0;0;0.0057797;0;0;-0.0535454;0;0;-0.0231683;0;0;3.29799;0;0;-0.0265789;0;0;2.94901;0;0;0.00537827;0;0;-0.195257;0.99996;-0.00830252;0.00332603;0.999532;0.0196954;0.0234205;0.99711;0.0496716;-0.0574833;0.999456;0.0203199;-0.025992;135.986;-0.108809;0.103841;0;0;-0.0535454;126.864;1.7555;-11.1987;0;0;3.29799;128.276;-3.08702;-7.92063;0;0;2.94901;123.596;-0.115278;-11.7109;0;0;-0.195257;850;848;845;1258;1258;769;1000;1000;598;1000;1000;821;1;1;1;1;
136;137;0;0;-0.000411747;0;0;-0.0539572;0;0;-0.0188378;0;0;3.27916;0;0;-0.0196859;0;0;2.92932;0;0;0.0648844;0;0;-0.130372;0.999935;0.00307966;0.0109708;0.996058;0.0527142;-0.0713384;0.99996;-0.00478086;-0.0075676;0.996801;-0.0729988;-0.0325273;136.986;-0.106671;0.114812;0;0;-0.0539572;127.856;1.86511;-11.2701;0;0;3.27916;129.275;-3.04069;-7.92819;0;0;2.92932;124.592;-0.190544;-11.7434;0;0;-0.130372;874;874;873;1280;1280;808;1000;1000;587;1000;1000;810;1;1;1;1;
137;138;0;0;0.00322135;0;0;-0.0507358;0;0;-0.087376;0;0;3.19178;0;0;0.00964874;0;0;2.93897;0;0;0.0236253;0;0;-0.106747;0.999971;-0.00429021;0.00624831;-0.0493256;0.0175817;-0.998628;0.996045;0.00232888;0.0888155;0.994482;-0.0388705;0.0974452;137.986;-0.111847;0.12106;0;0;-0.0507358;127.805;1.87991;-12.2687;0;0;3.19178;130.27;-2.98729;-7.83938;0;0;2.93897;125.587;-0.231268;-11.646;0;0;-0.106747;852;852;851;1277;1277;823;1000;1000;550;1000;1000;814;1;1;1;1;
138;139;0;0;-0.0110836;0;0;-0.0618194;0;0;0.0875747;0;0;3.27936;0;0;-0.0261607;0;0;2.91281;0;0;-0.1027;0;0;-0.209447;0.999835;0.0131794;-0.0125353;0.994829;-0.101243;0.00808581;0.998426;0.0353498;-0.0435355;-0.0194425;0.0252928;-0.999491;138.986;-0.0997462;0.108525;0;0;-0.0618194;128.804;1.83575;-12.2606;0;0;3.27936;131.265;-2.90125;-7.88291;0;0;2.91281;125.567;-0.205904;-12.6455;0;0;-0.209447;834;831;822;1310;1310;819;1000;1000;558;1000;1000;837;1;1;1;1;
139;140;0;0;-0.00869501;0;0;-0.0705144;0;0;0.111668;0;0;3.39102;0;0;-0.0275614;0;0;2.88525;0;0;0.103112;0;0;-0.106334;0.999969;0.00733788;-0.00277879;-0.0176856;-0.0426241;-0.998935;0.998762;0.0435837;0.0239967;0.966716;-0.0949918;0.237566;139.986;-0.093639;0.105746;0;0;-0.0705144;128.789;1.79215;-13.2595;0;0;3.39102;132.26;-2.80745;-7.85892;0;0;2.88525;126.534;-0.30269;-12.4079;0;0;-0.106334;814;814;812;1292;1292;808;1000;1000;579;1000;1000;819;1;1;1;1;
140;141;0;0;0.00380052;0;0;-0.0667139;0;0;-0.0733983;0;0;3.31763;0;0;0.00548254;0;0;2.89073;0;0;-0.0937017;0;0;-0.200036;0.999835;-0.0064954;0.0169839;0.995851;0.0872417;0.0258657;0.999338;-0.0140871;0.0335546;0.994149;0.103631;0.0304677;140.985;-0.101299;0.12273;0;0;-0.0667139;129.778;1.93688;-13.2337;0;0;3.31763;133.259;-2.77112;-7.82536;0;0;2.89073;127.528;-0.202531;-12.3775;0;0;-0.200036;846;846;845;1268;1268;805;1000;1000;581;1000;1000;816;1;1;1;1;
141;142;0;0;-0.00753853;0;0;-0.0742525;0;0;0.0763671;0;0;3.39399;0;0;0.0328203;0;0;2.92355;0;0;0.0531848;0;0;-0.146851;0.999954;0.00948265;-0.00174321;0.996146;-0.0824437;-0.0299234;0.999433;-0.0323304;0.00935373;0.996524;-0.0814074;-0.017698;141.985;-0.0931118;0.120986;0;0;-0.0742525;130.778;1.91355;-13.2636;0;0;3.39399;134.259;-2.75244;-7.81601;0;0;2.92355;128.525;-0.286492;-12.3951;0;0;-0.146851;839;839;833;1264;1264;802;1000;1000;576;1000;1000;831;1;1;1;1;
142;143;0;0;0.000406252;0;0;-0.0738462;0;0;0.0297668;0;0;3.42376;0;0;-0.0327336;0;0;2.89082;0;0;0.043335;0;0;-0.103516;0.999999;-0.000412695;-0.00166848;0.997849;-0.0348;-0.0555481;0.988064;0.0186115;-0.152918;0.997303;-0.0733918;0.00019684;142.985;-0.0948134;0.119318;0;0;-0.0738462;131.776;1.9384;-13.3191;0;0;3.42376;135.245;-2.68402;-7.96893;0;0;2.89082;129.522;-0.361685;-12.395;0;0;-0.103516;821;820;813;1280;1280;811;1000;1000;578;1000;1000;824;1;1;1;1;
143;144;0;0;-0.00904956;0;0;-0.0828958;0;0;0.0287548;0;0;3.45251;0;0;0.0355952;0;0;2.92641;0;0;0.102473;0;0;-0.00104345;0.999954;0.0094103;0.00162711;0.998164;-0.0495954;-0.0347664;0.99834;-0.0126819;0.0561737;0.990138;-0.121188;0.0702887;143.985;-0.0868498;0.120945;0;0;-0.0828958;132.775;1.94901;-13.3539;0;0;3.45251;136.242;-2.64571;-7.91275;0;0;2.92641;130.512;-0.482892;-12.3247;0;0;-0.00104345;801;800;799;1246;1246;831;1000;1000;581;1000;1000;828;1;1;1;1;
144;145;0;0;-0.00115606;0;0;-0.0840518;0;0;-0.0235462;0;0;3.42897;0;0;0.030492;0;0;2.9569;0;0;0.0144617;0;0;0.0134183;0.99996;0.00479418;0.00754341;0.998764;0.0336584;0.0365732;0.999495;-0.028946;0.0131088;0.999486;0.00201079;-0.0319943;144.985;-0.0835226;0.128489;0;0;-0.0840518;133.77;2.04235;-13.3173;0;0;3.42897;137.242;-2.62306;-7.89964;0;0;2.9569;131.511;-0.480647;-12.3567;0;0;0.0134183;798;798;796;1272;1272;819;1000;1000;605;1000;1000;831;1;1;1;1;
145;146;0;0;0.0136324;0;0;-0.0704194;0;0;-0.0082364;0;0;3.42073;0;0;0.0421927;0;0;2.9991;0;0;-0.0925529;0;0;-0.0791346;0.999501;-0.0208102;0.0237801;0.99895;-0.0132596;-0.0438581;0.995588;-0.0699856;0.0625027;0.993254;0.106653;-0.0455226;145.985;-0.105561;0.152269;0;0;-0.0704194;134.768;2.08871;-13.3612;0;0;3.42073;138.24;-2.64086;-7.83714;0;0;2.9991;132.505;-0.375366;-12.4022;0;0;-0.0791346;801;801;801;1242;1242;824;1000;1000;597;1000;1000;807;1;1;1;1;
146;147;0;0;-0.00418747;0;0;-0.0746069;0;0;-0.221358;0;0;3.19937;0;0;0.66614;0;0;3.66524;0;0;0;0;0;-0.0791255;0.999974;0.00210814;-0.00687207;0.041053;0.0740253;-0.996411;0.884109;-0.443034;-0.148565;0.998895;-0.00495785;-0.0467455;146.985;-0.104755;0.145397;0;0;-0.0746069;134.805;2.16492;-14.3576;0;0;3.19937;139.151;-3.02647;-7.9857;0;0;3.66524;133.504;-0.381703;-12.4489;0;0;-0.0791255;822;822;821;1252;1252;830;1000;1000;576;1000;1000;828;1;1;1;1;
147;148;0;0;0.00315999;0;0;-0.0714469;0;0;0.00542212;0;0;3.2048;0;0;0.0235011;0;0;3.68874;0;0;-0.0175363;0;0;-0.0966618;0.999969;-0.00679259;0.00387543;0.995075;-0.00940654;0.0986758;0.999438;-0.0139865;-0.0304661;0.993611;0.0170456;0.111563;147.985;-0.112795;0.149272;0;0;-0.0714469;135.799;2.21115;-14.2589;0;0;3.2048;140.149;-2.97613;-8.01617;0;0;3.68874;134.497;-0.366334;-12.3374;0;0;-0.0966618;809;806;803;1284;1284;838;1000;1000;593;1000;1000;820;1;1;1;1;
148;149;0;0;0.00857957;0;0;-0.0628673;0;0;0.0442639;0;0;3.24906;0;0;0.00167213;0;0;3.69041;0;0;-0.0455682;0;0;-0.14223;0.999932;-0.0112338;-0.00321895;0.996332;-0.0521977;-0.0678116;0.999633;-0.00271693;-0.0269379;0.998775;0.0491814;0.00550381;148.985;-0.125126;0.146053;0;0;-0.0628673;136.797;2.21551;-14.3267;0;0;3.24906;141.147;-2.9145;-8.04311;0;0;3.69041;135.496;-0.319632;-12.3319;0;0;-0.14223;779;779;774;1262;1262;802;1000;1000;595;1000;1000;819;1;1;1;1;
149;150;0;0;0.0041759;0;0;-0.0586914;0;0;-0.0669958;0;0;3.18206;0;0;0.0114184;0;0;3.70183;0;0;0.0018741;0;0;-0.140356;0.999873;-0.00547974;0.0149763;0.996752;0.0783184;-0.0187446;0.99994;-0.00693679;0.00842455;0.999239;0.0330527;-0.0206912;149.985;-0.13163;0.161029;0;0;-0.0586914;137.787;2.34903;-14.3455;0;0;3.18206;142.145;-2.85686;-8.03468;0;0;3.70183;136.495;-0.289027;-12.3525;0;0;-0.140356;782;779;779;1201;1201;797;1000;1000;587;1000;1000;844;1;1;1;1;
150;151;0;0;-0.00868423;0;0;-0.0673757;0;0;-0.00567682;0;0;3.17639;0;0;0.0113785;0;0;3.71321;0;0;0.0215993;0;0;-0.118757;0.999882;0.00614432;0.014052;0.999885;0.00769011;0.0130391;0.999262;-0.0249545;-0.0292183;0.997591;-0.0293793;-0.0628432;150.984;-0.126661;0.175081;0;0;-0.0673757;138.785;2.41212;-14.3325;0;0;3.17639;143.144;-2.81705;-8.0639;0;0;3.71321;137.493;-0.320474;-12.4154;0;0;-0.118757;796;796;795;1199;1199;780;1000;1000;566;1000;1000;823;1;1;1;1;
151;152;0;0;-0.00609971;0;0;-0.0734754;0;0;-0.119221;0;0;3.05717;0;0;-0.0201547;0;0;3.69305;0;0;0.113038;0;0;-0.0057188;0.999941;0.00992446;0.00434309;0.991776;0.118976;-0.0471689;0.99999;0.00404092;0.00184603;0.996;-0.0893407;-0.00126561;151.984;-0.118019;0.179424;0;0;-0.0734754;139.769;2.58382;-14.3796;0;0;3.05717;144.141;-2.74861;-8.06206;0;0;3.69305;138.489;-0.409915;-12.4167;0;0;-0.0057188;767;767;767;1190;1190;761;1000;1000;589;1000;1000;812;1;1;1;1;
152;153;0;0;0.00379202;0;0;-0.0696834;0;0;0.0416308;0;0;3.0988;0;0;-0.0160766;0;0;3.67698;0;0;-0.111279;0;0;-0.116998;0.999955;-0.00584231;-0.00742667;0.99941;-0.00803537;0.0333793;0.998764;0.0257097;0.042548;0.992872;0.119029;-0.00617152;152.984;-0.125077;0.171998;0;0;-0.0696834;140.768;2.62982;-14.3462;0;0;3.0988;145.136;-2.6589;-8.01951;0;0;3.67698;139.482;-0.292913;-12.4228;0;0;-0.116998;772;772;770;1146;1146;735;1000;1000;594;1000;1000;824;1;1;1;1;
153;154;0;0;0.000514344;0;0;-0.069169;0;0;-0.0176469;0;0;3.08115;0;0;-0.0135359;0;0;3.66344;0;0;0.0517918;0;0;-0.065206;0.999915;-0.00399965;0.0124256;0.999312;0.0351958;0.0116948;0.998093;0.0152461;0.0598134;0.998711;-0.0336865;0.0379752;153.984;-0.130284;0.184423;0;0;-0.069169;141.764;2.71868;-14.3345;0;0;3.08115;146.131;-2.57991;-7.9597;0;0;3.66344;140.481;-0.327737;-12.3849;0;0;-0.065206;756;755;749;1127;1127;723;1000;1000;590;1000;1000;819;1;1;1;1;
154;155;0;0;-0.0216458;0;0;-0.0908148;0;0;0.00855015;0;0;3.0897;0;0;0.00585852;0;0;3.6693;0;0;0.0649385;0;0;-0.000267557;0.999734;0.0228428;0.00329231;0.991892;-0.00846121;-0.126801;0.999629;-0.00831664;-0.0259387;0.998209;-0.0539846;0.0257654;154.984;-0.109026;0.187716;0;0;-0.0908148;142.755;2.76369;-14.4613;0;0;3.0897;147.13;-2.52423;-7.98563;0;0;3.6693;141.479;-0.381726;-12.3591;0;0;-0.000267557;740;739;729;1139;1139;756;1000;1000;554;1000;1000;835;1;1;1;1;
155;156;0;0;-0.00607014;0;0;-0.0968849;0;0;-0.0442684;0;0;3.04543;0;0;-0.0187076;0;0;3.65059;0;0;0.0168751;0;0;0.0166075;0.999967;0.001361;0.00794881;0.995069;0.0948913;0.0288732;0.998076;0.0428159;-0.0448454;0.998245;-0.0390078;-0.0445638;155.984;-0.109356;0.195665;0;0;-0.0968849;143.743;2.91131;-14.4325;0;0;3.04543;148.123;-2.41796;-8.03048;0;0;3.65059;142.477;-0.420444;-12.4037;0;0;0.0166075;714;713;708;1103;1103;722;1000;1000;612;1000;1000;821;1;1;1;1;
156;157;0;0;-0.00268293;0;0;-0.0995678;0;0;0.0214816;0;0;3.06691;0;0;-0.526498;0;0;3.12409;0;0;0.0848549;0;0;0.101462;0.999986;0.00155689;0.00502834;0.99983;0.00202572;0.0183174;0.883936;0.427622;-0.189202;0.997054;-0.069081;-0.0333327;156.984;-0.109537;0.200693;0;0;-0.0995678;144.742;2.96683;-14.4142;0;0;3.06691;148.982;-1.9428;-8.21968;0;0;3.12409;143.474;-0.487759;-12.437;0;0;0.101462;726;725;724;1112;1112;746;1000;1000;614;1000;1000;826;1;1;1;1;
157;158;0;0;-0.0150764;0;0;-0.114644;0;0;-0.0133512;0;0;3.05356;0;0;-0.121399;0;0;3.00269;0;0;-0.00548997;0;0;0.0959725;0.999784;0.0137531;0.0156043;0.999792;0.00130472;0.0203381;0.991305;0.125004;0.0410972;0.998137;-0.00106317;-0.0610034;157.984;-0.0977841;0.216297;0;0;-0.114644;145.74;3.02139;-14.3938;0;0;3.05356;149.966;-1.76604;-8.17858;0;0;3.00269;144.473;-0.487151;-12.498;0;0;0.0959725;728;728;724;1129;1129;719;1000;1000;563;1000;1000;823;1;1;1;1;
158;159;0;0;0.00256359;0;0;-0.112081;0;0;-0.0221628;0;0;3.0314;0;0;-0.00244297;0;0;3.00025;0;0;0.0561439;0;0;0.152116;0.999947;-0.00386194;0.0095266;0.996817;0.0308185;-0.0735291;0.993279;0.0150829;-0.114757;0.995926;-0.0576266;-0.0693611;158.984;-0.103602;0.225824;0;0;-0.112081;146.734;3.10488;-14.4673;0;0;3.0314;150.957;-1.69899;-8.29334;0;0;3.00025;145.469;-0.542133;-12.5674;0;0;0.152116;733;732;725;1142;1142;751;1000;1000;604;1000;1000;822;1;1;1;1;
159;160;0;0;-0.00240443;0;0;-0.114485;0;0;0.0496402;0;0;3.08104;0;0;-0.0054611;0;0;2.99479;0;0;0.0305287;0;0;0.182645;0.999861;-0.00105713;-0.0166588;0.994475;-0.0663566;0.0813376;0.991396;-0.00697948;-0.130713;0.998784;-0.0074863;-0.0487249;159.984;-0.106657;0.209165;0;0;-0.114485;147.73;3.09207;-14.386;0;0;3.08104;151.947;-1.65416;-8.42405;0;0;2.99479;146.467;-0.546435;-12.6161;0;0;0.182645;708;707;702;1073;1073;678;1000;1000;589;1000;1000;833;1;1;1;1;
160;161;0;0;-0.00223956;0;0;-0.116725;0;0;0.00331012;0;0;3.08435;0;0;-0.0152438;0;0;2.97955;0;0;0.0656563;0;0;0.248301;0.999865;0.0042987;0.0158671;0.999609;-0.0165931;-0.0224893;0.999892;0.0146874;-0.000466401;0.99501;-0.0638029;-0.0767075;160.983;-0.104395;0.225032;0;0;-0.116725;148.729;3.12929;-14.4085;0;0;3.08435;152.945;-1.58752;-8.42452;0;0;2.97955;147.463;-0.605926;-12.6928;0;0;0.248301;695;694;690;1072;1072;681;1000;1000;585;1000;1000;817;1;1;1;1;
161;162;0;0;-0.00407365;0;0;-0.120798;0;0;-0.0342963;0;0;3.05005;0;0;-0.161045;0;0;2.8185;0;0;0.00891223;0;0;0.257214;0.999981;0.00287399;-0.00540409;0.998714;0.0431171;0.0266741;0.976882;0.1535;-0.14879;0.997952;-0.0336204;-0.054423;161.983;-0.10363;0.219628;0;0;-0.120798;149.724;3.22548;-14.3818;0;0;3.05005;153.913;-1.38617;-8.57331;0;0;2.8185;148.461;-0.635066;-12.7472;0;0;0.257214;695;695;693;1051;1051;690;1000;1000;576;1000;1000;831;1;1;1;1;
162;163;0;0;0.00260448;0;0;-0.118194;0;0;-0.122739;0;0;2.92731;0;0;-0.0894274;0;0;2.72907;0;0;-0.0285023;0;0;0.228711;0.999986;-0.00511578;0.00096908;0.945961;0.133208;0.295659;0.989778;0.108757;0.092255;0.997618;0.0457007;-0.0516629;162.983;-0.110808;0.220597;0;0;-0.118194;150.662;3.40683;-14.0862;0;0;2.92731;154.897;-1.23041;-8.48106;0;0;2.72907;149.458;-0.585383;-12.7989;0;0;0.228711;688;688;688;1062;1062;713;1000;1000;575;1000;1000;834;1;1;1;1;
163;164;0;0;-0.00356752;0;0;-0.121761;0;0;-0.0719577;0;0;2.85536;0;0;-0.0546779;0;0;2.67439;0;0;0.165074;0;0;0.393785;0.999982;0.00586226;-0.000989439;0.998362;0.0572203;-0.000304961;0.998217;0.0438266;-0.0405107;0.98502;-0.165958;-0.0468438;163.983;-0.107071;0.219608;0;0;-0.121761;151.657;3.51371;-14.0865;0;0;2.85536;155.892;-1.14005;-8.52157;0;0;2.67439;150.444;-0.744567;-12.8457;0;0;0.393785;685;685;682;1057;1057;662;1000;1000;563;1000;1000;839;1;1;1;1;
164;165;0;0;-0.00874028;0;0;-0.130502;0;0;-0.0260122;0;0;2.82934;0;0;-0.084932;0;0;2.58946;0;0;0.114916;0;0;0.508701;0.999818;0.00437958;0.018558;0.99991;0.0125943;-0.00459971;0.989696;0.0889386;-0.11221;0.991742;-0.12696;0.018109;164.983;-0.104969;0.238166;0;0;-0.130502;152.655;3.57565;-14.0911;0;0;2.82934;156.876;-1.00649;-8.63378;0;0;2.58946;151.437;-0.862717;-12.8276;0;0;0.508701;656;656;653;998;998;629;1000;1000;569;1000;1000;835;1;1;1;1;
165;166;0;0;-0.00323093;0;0;-0.133733;0;0;-0.00320438;0;0;2.82614;0;0;-0.00682683;0;0;2.58264;0;0;-0.0282311;0;0;0.48047;0.999534;0.00948554;-0.0290181;0.997365;0.00604527;-0.0722879;0.989835;0.0111009;-0.141785;0.997733;0.0400267;0.0541062;165.983;-0.0978163;0.209148;0;0;-0.133733;153.65;3.63086;-14.1634;0;0;2.82614;157.865;-0.9508;-8.77556;0;0;2.58264;152.435;-0.814325;-12.7735;0;0;0.48047;669;667;656;1002;1002;617;1000;1000;543;1000;1000;845;1;1;1;1;
166;167;0;0;-0.00219975;0;0;-0.135932;0;0;0.03562;0;0;2.86176;0;0;-0.0847961;0;0;2.49784;0;0;0.10919;0;0;0.58966;0.999999;-0.000781432;-0.00140603;0.996061;-0.031029;-0.0830682;0.990534;0.0762541;-0.114137;0.989558;-0.101234;0.102601;166.983;-0.10097;0.207742;0;0;-0.135932;154.647;3.6496;-14.2464;0;0;2.86176;158.851;-0.831449;-8.8897;0;0;2.49784;153.425;-0.90537;-12.6709;0;0;0.58966;646;646;645;958;958;620;1000;1000;541;1000;1000;815;1;1;1;1;
167;168;0;0;-0.0194076;0;0;-0.15534;0;0;0.0274044;0;0;2.88916;0;0;0.0117938;0;0;2.50963;0;0;-0.111328;0;0;0.478332;0.999772;0.0213365;-0.000949676;0.99823;-0.0160477;0.0572656;0.994386;-0.00186595;0.105798;0.989201;0.10054;0.106641;167.983;-0.0823444;0.206792;0;0;-0.15534;155.645;3.68389;-14.1892;0;0;2.88916;159.844;-0.789771;-8.7839;0;0;2.50963;154.413;-0.796575;-12.5643;0;0;0.478332;631;630;628;976;976;617;1000;1000;550;1000;1000;821;1;1;1;1;
168;169;0;0;0.00853591;0;0;-0.146804;0;0;-0.0498408;0;0;2.83932;0;0;0.0759398;0;0;2.58557;0;0;-0.00920058;0;0;0.469132;0.999909;-0.0120051;0.00613928;0.989234;0.0709269;-0.128007;0.9949;-0.100863;-0.00125789;0.998864;-0.00213839;-0.0475941;168.982;-0.0969115;0.212931;0;0;-0.146804;156.629;3.80373;-14.3172;0;0;2.83932;160.843;-0.845651;-8.78516;0;0;2.58557;155.412;-0.790535;-12.6118;0;0;0.469132;610;610;608;935;935;616;1000;1000;576;1000;1000;820;1;1;1;1;
169;170;0;0;-0.00243924;0;0;-0.149243;0;0;0.00830862;0;0;2.84763;0;0;-0.0347553;0;0;2.55082;0;0;0.0310507;0;0;0.500183;0.998539;0.00215425;0.0539885;0.984895;-0.0236459;-0.171529;0.998601;0.0243656;0.0469232;0.999228;-0.0129263;-0.0370888;169.981;-0.0973582;0.26692;0;0;-0.149243;157.614;3.82904;-14.4887;0;0;2.84763;161.839;-0.776866;-8.73823;0;0;2.55082;156.412;-0.794738;-12.6489;0;0;0.500183;608;608;605;919;919;615;1000;1000;559;1000;1000;808;1;1;1;1;
170;171;0;0;-0.00984219;0;0;-0.159085;0;0;-0.016465;0;0;2.83117;0;0;0.0286914;0;0;2.57951;0;0;-0.0867818;0;0;0.413401;0.999918;0.011925;0.00463004;0.997876;0.024035;0.0605459;0.993871;-0.0449409;0.101002;0.99415;0.0864823;-0.0646973;170.981;-0.0882095;0.27155;0;0;-0.159085;158.609;3.90233;-14.4282;0;0;2.83117;162.834;-0.777031;-8.63723;0;0;2.57951;157.405;-0.701085;-12.7136;0;0;0.413401;596;595;585;934;934;623;1000;1000;582;1000;1000;822;1;1;1;1;
171;172;0;0;0.0132771;0;0;-0.145808;0;0;-0.152701;0;0;2.67847;0;0;-0.147077;0;0;2.43243;0;0;0.219926;0;0;0.633327;0.999458;-0.0158432;-0.0288601;0.98153;0.145992;-0.123635;0.975066;0.151622;-0.162042;0.968488;-0.236112;-0.0792544;171.98;-0.106596;0.24269;0;0;-0.145808;159.583;4.09403;-14.5518;0;0;2.67847;163.802;-0.584163;-8.79927;0;0;2.43243;158.376;-0.926477;-12.7929;0;0;0.633327;584;581;575;919;919;589;1000;1000;575;1000;1000;835;1;1;1;1;
172;173;0;0;0.0112801;0;0;-0.134528;0;0;-0.0313916;0;0;2.64707;0;0;0.0240662;0;0;2.4565;0;0;-0.0746799;0;0;0.558647;0.999744;-0.00980751;0.020389;0.994331;0.0379499;-0.0993259;0.993474;-0.0223654;0.111845;0.995725;0.0656485;-0.0649719;172.98;-0.118751;0.263079;0;0;-0.134528;160.575;4.17787;-14.6511;0;0;2.64707;164.796;-0.563927;-8.68743;0;0;2.4565;159.371;-0.851124;-12.8579;0;0;0.558647;583;583;580;911;911;557;1000;1000;582;1000;1000;843;1;1;1;1;
173;174;0;0;0.0100474;0;0;-0.124481;0;0;-0.164335;0;0;2.48274;0;0;0.00149388;0;0;2.45799;0;0;-0.137198;0;0;0.421448;0.999847;-0.00888863;0.0150364;0.981819;0.164682;-0.0944042;0.998381;-0.00746279;-0.0563813;0.985731;0.152574;-0.071107;173.98;-0.129812;0.278115;0;0;-0.124481;161.548;4.38492;-14.7455;0;0;2.48274;165.793;-0.528565;-8.74381;0;0;2.45799;160.356;-0.691303;-12.929;0;0;0.421448;562;561;561;891;891;566;1000;1000;564;1000;1000;840;1;1;1;1;
174;175;0;0;0.000879289;0;0;-0.123601;0;0;-1.29969;0;0;1.18305;0;0;0.0699999;0;0;2.52799;0;0;0.0229883;0;0;0.444437;0.999725;-0.0064991;0.0225126;0.620831;0.778814;-0.0895419;0.96519;-0.0621191;-0.254067;0.997051;0.0210151;0.0738065;174.98;-0.138468;0.300628;0;0;-0.123601;162.153;5.17639;-14.8351;0;0;1.18305;166.76;-0.548052;-8.99788;0;0;2.52799;161.353;-0.662555;-12.8552;0;0;0.444437;540;540;537;836;836;555;1000;1000;601;1000;1000;825;1;1;1;1;
175;176;0;0;-0.000583637;0;0;-0.124185;0;0;-0.0261708;0;0;1.15688;0;0;0.0703696;0;0;2.59836;0;0;0.13454;0;0;0.578977;0.999997;-0.00134298;0.00202937;0.998444;0.0354981;-0.0429965;0.993695;-0.0785752;0.0799797;0.988608;-0.148961;-0.0215705;175.98;-0.141978;0.302657;0;0;-0.124185;163.15;5.23204;-14.8781;0;0;1.15688;167.757;-0.581498;-8.9179;0;0;2.59836;162.343;-0.801519;-12.8767;0;0;0.578977;541;541;536;807;807;509;1000;1000;583;1000;1000;832;1;1;1;1;
176;177;0;0;0.0114527;0;0;-0.112732;0;0;-0.144071;0;0;1.01281;0;0;-0.0629495;0;0;2.53541;0;0;-0.00585476;0;0;0.573122;0.999375;-0.0156663;0.0316888;0.980359;0.130755;-0.147648;0.99454;0.0665542;0.0803839;0.99994;-0.0109549;-0.000527582;176.979;-0.159611;0.334346;0;0;-0.112732;164.128;5.3801;-15.0257;0;0;1.01281;168.747;-0.471013;-8.83751;0;0;2.53541;163.343;-0.802471;-12.8773;0;0;0.573122;513;512;511;768;768;523;1000;1000;584;1000;1000;832;1;1;1;1;
177;178;0;0;-0.00185264;0;0;-0.114585;0;0;0.0410071;0;0;1.05381;0;0;0.174021;0;0;2.70943;0;0;0.025688;0;0;0.59881;0.999888;-0.00247593;-0.0147478;0.997487;-0.0578684;-0.040878;-0.0550604;-0.0166409;-0.998344;0.998377;-0.0364884;0.0437204;177.979;-0.164086;0.319598;0;0;-0.114585;165.127;5.34059;-15.0666;0;0;1.05381;168.693;-0.490238;-9.83586;0;0;2.70943;164.341;-0.828524;-12.8335;0;0;0.59881;520;520;517;783;783;510;1000;1000;591;1000;1000;847;1;1;1;1;
178;179;0;0;0.000328981;0;0;-0.114256;0;0;-0.0381888;0;0;1.01562;0;0;0.116647;0;0;2.82608;0;0;-0.184686;0;0;0.414124;0.999407;0.00284536;-0.0343274;0.997725;0.0483813;-0.0469429;0.990994;-0.101935;0.0868307;0.983766;0.163895;-0.0730958;178.978;-0.163234;0.285271;0;0;-0.114256;166.123;5.40665;-15.1135;0;0;1.01562;169.688;-0.543189;-9.74903;0;0;2.82608;165.324;-0.657522;-12.9066;0;0;0.414124;488;487;485;740;740;494;1000;1000;574;1000;1000;844;1;1;1;1;
179;180;0;0;-0.0070275;0;0;-0.121284;0;0;-0.042912;0;0;0.972712;0;0;0.0257906;0;0;2.85187;0;0;-0.0905687;0;0;0.323556;0.999795;0.00374942;-0.019918;0.998702;0.0504715;-0.00686237;0.991891;-0.0290743;0.123723;0.996831;0.077332;-0.0186736;179.978;-0.161601;0.265353;0;0;-0.121284;167.121;5.47407;-15.1204;0;0;0.972712;170.68;-0.522877;-9.62531;0;0;2.85187;166.32;-0.574562;-12.9253;0;0;0.323556;487;487;485;727;727;446;1003;1003;579;1000;1000;830;1;1;1;1;
180;181;0;0;0.0031064;0;0;-0.118177;0;0;0.00580824;0;0;0.97852;0;0;-0.0339384;0;0;2.81793;0;0;-0.095079;0;0;0.228477;0.999664;-0.00375042;-0.0256635;0.999096;0.0159114;0.0394167;0.997667;0.0303554;-0.0611469;0.99036;0.102503;-0.0931718;180.978;-0.167413;0.239689;0;0;-0.118177;168.12;5.50704;-15.081;0;0;0.97852;171.675;-0.443511;-9.68645;0;0;2.81793;167.31;-0.46811;-13.0185;0;0;0.228477;468;468;462;698;698;449;1000;1000;564;1000;1000;835;1;1;1;1;
181;182;0;0;-0.00145112;0;0;-0.119628;0;0;0.00162097;0;0;0.980141;0;0;0.147314;0;0;2.96525;0;0;0.00397605;0;0;0.232453;0.99996;-0.00291158;0.00840707;0.989977;0.00274709;-0.141201;-0.0813227;-0.049133;-0.995476;0.999095;0.0389842;0.0170336;181.978;-0.172412;0.248096;0;0;-0.119628;169.11;5.52672;-15.2222;0;0;0.980141;171.596;-0.496785;-10.6819;0;0;2.96525;168.309;-0.425073;-13.0014;0;0;0.232453;476;476;476;675;675;442;1000;1000;587;1000;1000;846;1;1;1;1;
182;183;0;0;-0.00499107;0;0;-0.124619;0;0;0.0354227;0;0;1.01556;0;0;-0.185955;0;0;2.77929;0;0;0.156711;0;0;0.389163;0.999969;0.00655159;-0.00435736;0.997228;-0.0381093;-0.0639118;0.0923254;0.0404952;-0.994905;-0.0423161;-0.0475647;-0.997971;182.978;-0.168036;0.243739;0;0;-0.124619;170.107;5.50629;-15.2861;0;0;1.01556;171.686;-0.451861;-11.6768;0;0;2.77929;168.267;-0.472924;-13.9994;0;0;0.389163;440;439;437;653;653;433;1000;1000;570;1000;1000;852;1;1;1;1;
183;184;0;0;0.0136516;0;0;-0.110968;0;0;0.027548;0;0;1.04311;0;0;-0.101052;0;0;2.67824;0;0;0.0210166;0;0;0.41018;0.999225;-0.0149392;0.0364057;0.998742;-0.0249591;-0.0434945;0.995565;0.0794336;0.0503998;0.999693;-0.0148149;-0.0198649;183.977;-0.18491;0.280145;0;0;-0.110968;171.106;5.49952;-15.3296;0;0;1.04311;172.677;-0.325994;-11.6264;0;0;2.67824;169.267;-0.480582;-14.0193;0;0;0.41018;440;440;438;629;629;423;1000;1000;567;1000;1000;821;1;1;1;1;
184;185;0;0;0.025358;0;0;-0.0856097;0;0;0.027403;0;0;1.07051;0;0;-0.0446305;0;0;2.63361;0;0;-0.0175981;0;0;0.392582;0.999681;-0.0251581;-0.00200681;0.998925;-0.0232411;-0.0401034;0.992182;0.0493876;-0.114613;0.993073;0.0291015;-0.113838;184.976;-0.211562;0.278138;0;0;-0.0856097;172.106;5.49494;-15.3697;0;0;1.07051;173.666;-0.231069;-11.741;0;0;2.63361;170.26;-0.444677;-14.1331;0;0;0.392582;410;409;408;623;623;391;1000;1000;578;1000;1000;833;1;1;1;1;
185;186;0;0;0.00937707;0;0;-0.0762327;0;0;-0.128073;0;0;0.942442;0;0;0.0464289;0;0;2.68004;0;0;-0.0658635;0;0;0.326718;0.999711;-0.00469502;-0.0235714;0.981321;0.0769636;-0.176309;0.693343;-0.0152172;0.720447;0.993144;0.065721;-0.0966777;185.976;-0.217587;0.254566;0;0;-0.0762327;173.086;5.58804;-15.546;0;0;0.942442;174.359;-0.21385;-11.0206;0;0;2.68004;171.253;-0.373294;-14.2298;0;0;0.326718;401;401;392;584;584;387;1000;1000;578;1000;1000;830;1;1;1;1;
186;187;0;0;-0.00333392;0;0;-0.0795666;0;0;0.0786845;0;0;1.02113;0;0;0.00768121;0;0;2.68772;0;0;-0.0633521;0;0;0.263366;0.999895;-0.0031756;-0.0141632;0.991425;-0.0773642;0.105316;-0.0477773;0.00738688;-0.998831;0.991227;0.0404545;-0.12583;186.976;-0.222151;0.240403;0;0;-0.0795666;174.078;5.52835;-15.4407;0;0;1.02113;174.311;-0.208711;-12.0194;0;0;2.68772;172.244;-0.328283;-14.3556;0;0;0.263366;384;383;379;549;549;356;1000;1000;564;1000;1000;819;1;1;1;1;
187;188;0;0;0.00486479;0;0;-0.0747018;0;0;-0.0353691;0;0;0.985758;0;0;0.0468842;0;0;2.7346;0;0;0.137332;0;0;0.400698;0.999493;-0.00260006;-0.0317469;0.997883;0.0395445;0.0516302;0.971504;-0.110031;-0.209935;0.988828;-0.142792;0.0427695;187.976;-0.226054;0.208656;0;0;-0.0747018;175.075;5.58506;-15.389;0;0;0.985758;175.287;-0.272267;-12.2294;0;0;2.7346;173.233;-0.464156;-14.3129;0;0;0.400698;371;371;368;527;527;331;1000;1000;596;1000;1000;814;1;1;1;1;
188;189;0;0;-0.0142322;0;0;-0.088934;0;0;-0.0140701;0;0;0.971688;0;0;0.0118479;0;0;2.74645;0;0;-0.00951587;0;0;0.391182;0.999919;0.0119937;-0.00425101;0.985415;-0.00886665;0.169935;0.992514;0.00981391;-0.121735;0.986047;-0.00513416;-0.166387;188.975;-0.215613;0.204405;0;0;-0.088934;176.061;5.5929;-15.2191;0;0;0.971688;176.278;-0.214907;-12.3511;0;0;2.74645;174.219;-0.462558;-14.4792;0;0;0.391182;344;342;340;475;475;319;1001;1001;570;1000;1000;820;1;1;1;1;
189;190;0;0;-0.0296835;0;0;-0.118618;0;0;0.038359;0;0;1.01005;0;0;-0.0294108;0;0;2.71704;0;0;0.043551;0;0;0.434733;0.999468;0.0325991;0.000981538;0.998363;-0.0476504;0.03165;0.994931;0.0396255;-0.0924265;0.998537;-0.0540636;-0.000457569;189.975;-0.185083;0.205387;0;0;-0.118618;177.06;5.56286;-15.1875;0;0;1.01005;177.27;-0.128163;-12.4435;0;0;2.71704;175.218;-0.509044;-14.4797;0;0;0.434733;326;326;325;448;448;284;1000;1000;560;1000;1000;833;1;1;1;1;
190;191;0;0;0.00240287;0;0;-0.116215;0;0;0.0795793;0;0;1.08963;0;0;0.0652231;0;0;2.78226;0;0;0.212046;0;0;0.646779;0.999998;0.00196789;-0.000883187;0.915328;-0.0528315;0.399228;-0.0768405;-0.0171732;-0.996895;0.00223996;-0.00585949;-0.99998;190.975;-0.185143;0.204504;0;0;-0.116215;177.976;5.52744;-14.7882;0;0;1.08963;177.194;-0.149045;-13.4404;0;0;2.78226;175.221;-0.514878;-15.4797;0;0;0.646779;299;297;296;406;406;264;1000;1000;552;1000;1000;793;1;1;1;1;
191;192;0;0;-0.0399836;0;0;-0.156198;0;0;-0.494079;0;0;0.595547;0;0;-0.230734;0;0;2.55153;0;0;-0.265374;0;0;0.381406;0.998817;0.0416874;-0.0250283;0.862187;0.458511;-0.215412;0.953839;0.223726;-0.200343;0.931143;0.279284;-0.234463;191.974;-0.146179;0.179475;0;0;-0.156198;178.833;5.99489;-15.0036;0;0;0.595547;178.137;0.116922;-13.6408;0;0;2.55153;176.15;-0.229402;-15.7141;0;0;0.381406;285;283;280;372;372;228;1000;1000;555;1000;1000;813;1;1;1;1;
192;193;0;0;-0.000659758;0;0;-0.156858;0;0;0.0257712;0;0;0.621318;0;0;0.0193866;0;0;2.57092;0;0;0.430062;0;0;0.811468;0.999661;-0.00159223;-0.0260047;0.992363;-0.0317442;-0.1192;0.981413;0.00925288;-0.191686;0.855062;-0.328857;0.400903;192.974;-0.150508;0.153471;0;0;-0.156858;179.826;5.97391;-15.1228;0;0;0.621318;179.117;0.170187;-13.8325;0;0;2.57092;177.01;-0.546116;-15.3132;0;0;0.811468;265;265;260;316;316;187;1000;1000;546;1000;1000;785;1;1;1;1;
193;194;0;0;-0.0269462;0;0;-0.183804;0;0;-0.259964;0;0;0.361354;0;0;0.022182;0;0;2.5931;0;0;-0.0234805;0;0;0.787988;0.999709;0.0239554;-0.00291555;0.938166;0.267322;-0.219964;0.974673;-0.0282455;-0.221843;0.988819;0.0483556;-0.141063;193.973;-0.12976;0.150555;0;0;-0.183804;180.762;6.24715;-15.3428;0;0;0.361354;180.092;0.186068;-14.0543;0;0;2.5931;177.998;-0.484166;-15.4543;0;0;0.787988;231;229;228;261;261;158;1001;1001;558;977;977;729;1;1;1;1;
194;195;0;0;-0.0355848;0;0;-0.219389;0;0;-0.0824014;0;0;0.278953;0;0;-0.214826;0;0;2.37827;0;0;-0.272904;0;0;0.515084;0.998578;0.0267253;-0.0461201;0.969313;0.0981032;-0.225406;0.949788;0.226615;-0.21575;0.933302;0.272081;-0.234347;194.972;-0.106859;0.104435;0;0;-0.219389;181.731;6.34997;-15.5682;0;0;0.278953;181.031;0.4519;-14.27;0;0;2.37827;178.928;-0.203706;-15.6887;0;0;0.515084;206;199;198;226;226;150;1000;1000;563;844;844;641;1;1;1;1;
195;196;0;0;-0.0225667;0;0;-0.241956;0;0;-0.17298;0;0;0.105973;0;0;-0.243356;0;0;2.13492;0;0;-0.0275867;0;0;0.487497;0.998738;0.0231039;-0.044598;0.966452;0.158658;-0.201987;0.922518;0.236847;-0.304736;0.974449;0.0197599;-0.223736;195.971;-0.0879724;0.0598369;0;0;-0.241956;182.697;6.51041;-15.7702;0;0;0.105973;181.944;0.722949;-14.5748;0;0;2.13492;179.903;-0.175656;-15.9124;0;0;0.487497;179;165;164;189;189;117;1000;1000;555;747;747;562;1;1;1;1;
196;197;0;0;-0.0443887;0;0;-0.286345;0;0;0.0879869;0;0;0.19396;0;0;-0.101347;0;0;2.03357;0;0;-0.00675115;0;0;0.480746;0.998277;0.0431632;-0.0397394;0.981179;-0.0586095;0.183993;0.96563;0.11675;-0.232226;0.969698;-0.0195632;-0.243523;196.969;-0.0497987;0.0200974;0;0;-0.286345;183.679;6.45512;-15.5862;0;0;0.19396;182.905;0.873892;-14.807;0;0;2.03357;180.873;-0.187082;-16.1559;0;0;0.480746;156;148;147;153;153;95;1000;1000;592;666;666;482;1;1;1;1;
197;198;0;0;0.200334;0;0;-0.0860109;0;0;-0.0266922;0;0;0.167268;0;0;-0.0914636;0;0;1.94211;0;0;-0.0543716;0;0;0.426374;0.965883;-0.159226;0.20425;0.976887;0.0224375;-0.212576;0.971994;0.0748988;-0.222749;0.968422;0.0294507;-0.247571;197.935;-0.210474;0.224347;0;0;-0.0860109;184.656;6.48041;-15.7988;0;0;0.167268;183.874;0.981688;-15.0298;0;0;1.94211;181.841;-0.150425;-16.4035;0;0;0.426374;135;122;119;132;132;79;1000;1000;576;543;543;414;1;1;1;1;
