PROPERTIES:;VideoFileName=../../Videos/BlenderSimMP4s/FrontPlateletIceForward.mp4;CameraType=9;videoSize=[960 x 540];videoFPS=5;videoFrameCount=199;SURFminHessian=400;SIFTthreshold=0.001;SIFTedgeThresh=100;CLAHEclipLimit=4;CLAHEtileSize=[16 x 16];fx_new=1050;fy_new=1050;princPt=[479.5, 269.5];FRONT_CAMERA=1;DES_FOVX=80;BLUR_IMGS=0;ROBUST_EST=4;PROCESS_00FRAME=0;THRESHOLD_JUMPS=1;MAX_ROT=30;

frame1;frame2;vidOF_x_rot;vidOF_y_rot;vidOF_z_rot;vidOF_x_sum;vidOF_y_sum;vidOF_z_sum;vidSURF_x_rot;vidSURF_y_rot;vidSURF_z_rot;vidSURF_x_sum;vidSURF_y_sum;vidSURF_z_sum;vidSIFT_x_rot;vidSIFT_y_rot;vidSIFT_z_rot;vidSIFT_x_sum;vidSIFT_y_sum;vidSIFT_z_sum;vidHARRIS_x_rot;vidHARRIS_y_rot;vidHARRIS_z_rot;vidHARRIS_x_sum;vidHARRIS_y_sum;vidHARRIS_z_sum;vidOFtranslMat_x;vidOFtranslMat_y;vidOFtranslMat_z;vidSURFtranslMat_x;vidSURFtranslMat_y;vidSURFtranslMat_z;vidSIFTtranslMat_x;vidSIFTtranslMat_y;vidSIFTtranslMat_z;vidHARRIStranslMat_x;vidHARRIStranslMat_y;vidHARRIStranslMat_z;vidOFglobalSum_x;vidOFglobalSum_y;vidOFglobalSum_z;vidOFglobalSum_roll;vidOFglobalSum_pitch;vidOFglobalSum_yaw;vidSURFglobalSum_x;vidSURFglobalSum_y;vidSURFglobalSum_z;vidSURFglobalSum_roll;vidSURFglobalSum_pitch;vidSURFglobalSum_yaw;vidSIFTglobalSum_x;vidSIFTglobalSum_y;vidSIFTglobalSum_z;vidSIFTglobalSum_roll;vidSIFTglobalSum_pitch;vidSIFTglobalSum_yaw;vidHARRISglobalSum_x;vidHARRISglobalSum_y;vidHARRISglobalSum_z;vidHARRISglobalSum_roll;vidHARRISglobalSum_pitch;vidHARRISglobalSum_yaw;vidOFcorners2;vidOFmatches;vidOFinliers;vidSURFcorners2;vidSURFmatches;vidSURFinliers;vidSIFTcorners2;vidSIFTmatches;vidSIFTinliers;vidHARRIScorners2;vidHARRISmatches;vidHARRISinliers;OF_EstValid;SURF_EstValid;SIFT_EstValid;HARRIS_EstValid;
0;1;0;0;-0.0216741;0;0;-0.0216741;0;0;-0.0335986;0;0;-0.0335986;0;0;0.10425;0;0;0.10425;0;0;-0.0466014;0;0;-0.0466014;0.999888;0.0143489;-0.00424332;0.999579;0.0190301;-0.021892;0.998825;-0.0468757;0.0123348;0.997983;0.0193546;-0.0604605;0.999893;0.0139706;-0.00424332;0;0;-0.0216741;0.99959;0.0184439;-0.021892;0;0;-0.0335986;0.998908;-0.0450583;0.0123348;0;0;0.10425;0.997998;0.0185429;-0.0604605;0;0;-0.0466014;1000;983;969;2017;2017;1307;1000;1000;587;1000;1000;860;1;1;1;1;
1;2;0;0;0.00813816;0;0;-0.0135359;0;0;0.00816349;0;0;-0.0254351;0;0;-0.048254;0;0;0.0559961;0;0;-0.0583273;0;0;-0.104929;0.999864;-0.00162408;0.0164031;0.999943;-0.00999242;0.00378649;0.998749;0.0487082;0.0113006;0.998106;0.0612739;-0.00539893;1.99976;0.0121103;0.0121598;0;0;-0.0135359;1.99953;0.0080076;-0.0181055;0;0;-0.0254351;1.99761;0.00462602;0.0236354;0;0;0.0559961;1.99622;0.0779888;-0.0658594;0;0;-0.104929;1000;987;970;1990;1990;1247;1000;1000;596;1000;1000;835;1;1;1;1;
2;3;0;0;0.0115916;0;0;-0.00194432;0;0;0.215802;0;0;0.190367;0;0;0.0871332;0;0;0.143129;0;0;-0.0196828;0;0;-0.124611;0.99993;-0.00875051;0.0079161;0.992626;-0.118628;0.0249043;0.99669;-0.0423911;0.0693662;0.999778;0.0121198;-0.0172447;2.99969;0.00332588;0.0200759;0;0;-0.00194432;2.99254;-0.107322;0.00679875;0;0;0.190367;2.9944;-0.0352751;0.0930016;0;0;0.143129;2.99602;0.0879342;-0.0831041;0;0;-0.124611;1000;985;971;1975;1975;1284;1000;1000;599;1000;1000;827;1;1;1;1;
3;4;0;0;0.00827448;0;0;0.00633016;0;0;0.0295742;0;0;0.219941;0;0;-0.0260206;0;0;0.117109;0;0;-0.019824;0;0;-0.144435;0.999924;-0.0103901;-0.00660559;0.99934;-0.0252967;-0.0260802;0.999887;0.0136922;-0.00620271;0.999877;0.0118177;-0.0102874;3.99961;-0.00695379;0.0134703;0;0;0.00633016;3.99197;-0.128782;-0.0192815;0;0;0.219941;3.99426;-0.0195392;0.0867989;0;0;0.117109;3.99592;0.0972313;-0.0933915;0;0;-0.144435;999;987;965;1943;1943;1261;1000;1000;566;1000;1000;831;1;1;1;1;
4;5;0;0;-0.0077853;0;0;-0.00145514;0;0;-0.0655006;0;0;0.15444;0;0;-0.0574612;0;0;0.0596475;0;0;-0.117453;0;0;-0.261889;0.999953;0.00952352;-0.00158145;0.997975;0.0290303;-0.0565949;0.998844;0.0480544;-0.000906291;0.997895;0.0635905;0.0127063;4.99957;0.00254433;0.0118889;0;0;-0.00145514;4.98987;-0.0970621;-0.0758763;0;0;0.15444;4.99305;0.029555;0.0858926;0;0;0.0596475;4.9941;0.15626;-0.0806852;0;0;-0.261889;993;980;955;1970;1970;1238;1000;1000;598;1000;1000;809;1;1;1;1;
5;6;0;0;0.0004612;0;0;-0.000993942;0;0;0.170229;0;0;0.324669;0;0;-0.0706823;0;0;-0.0110349;0;0;0.0852765;0;0;-0.176612;0.999991;-0.00312709;-0.00271821;0.994327;-0.0950487;-0.0477382;0.99305;0.0449571;0.108772;0.997817;-0.0585946;0.0304747;5.99956;-0.000600099;0.00917064;0;0;-0.000993942;5.98472;-0.186475;-0.123615;0;0;0.324669;5.98611;0.0743209;0.194665;0;0;-0.0110349;5.99173;0.0945899;-0.0502106;0;0;-0.176612;938;924;903;1966;1966;1231;1000;1000;598;1000;1000;834;1;1;1;1;
6;7;0;0;-0.0256955;0;0;-0.0266895;0;0;-0.0539993;0;0;0.27067;0;0;0.0132227;0;0;0.00218786;0;0;-0.0553067;0;0;-0.231919;0.999831;0.0174754;-0.00574976;0.997924;0.0566416;-0.030659;0.990836;-0.0501276;-0.125427;0.999245;0.0196442;-0.0335058;6.9994;0.0164096;0.00342089;0;0;-0.0266895;6.98236;-0.12512;-0.154274;0;0;0.27067;6.97695;0.0242311;0.0692385;0;0;0.00218786;6.99104;0.110189;-0.0837164;0;0;-0.231919;912;893;861;1911;1911;1188;1000;1000;615;1000;1000;837;1;1;1;1;
7;8;0;0;0.00275314;0;0;-0.0239363;0;0;-0.0759166;0;0;0.194753;0;0;-0.726389;0;0;-0.724201;0;0;-0.0332595;0;0;-0.265178;0.999981;0.00184227;-0.00587321;0.998587;0.0466727;-0.025416;0.934529;0.333581;-0.124012;0.999651;0.0263283;-0.00232169;7.99938;0.0178341;-0.00245233;0;0;-0.0239363;7.98078;-0.0750529;-0.17969;0;0;0.194753;7.91562;0.345973;-0.0547731;0;0;-0.724201;7.99081;0.131891;-0.0860381;0;0;-0.265178;928;908;887;1887;1887;1192;1000;1000;592;1000;1000;825;1;1;1;1;
8;9;0;0;-0.0204335;0;0;-0.0443698;0;0;-0.000975107;0;0;0.193778;0;0;-0.0113514;0;0;-0.735552;0;0;0.0331551;0;0;-0.232023;0.999808;0.0192514;0.003759;0.999892;0.00179267;0.014616;0.999276;0.0157105;-0.0346554;0.999595;-0.0282156;-0.0036222;8.9992;0.0363113;0.00130667;0;0;-0.0443698;8.98066;-0.0698786;-0.165074;0;0;0.193778;8.91501;0.348854;-0.0894285;0;0;-0.735552;8.99028;0.0996274;-0.0896603;0;0;-0.232023;942;923;896;1890;1890;1155;1000;1000;578;1000;1000;812;1;1;1;1;
9;10;0;0;-0.0250709;0;0;-0.0694407;0;0;-0.0892348;0;0;0.104543;0;0;0.00227589;0;0;-0.733277;0;0;-0.00056171;0;0;-0.232585;0.999883;0.013467;-0.00719521;0.998544;0.0531397;0.00931305;0.999798;0.00371483;-0.0197643;0.999993;-0.003598;0.000717449;9.9991;0.0485664;-0.00588853;0;0;-0.0694407;9.97911;-0.014917;-0.155761;0;0;0.104543;9.91478;0.339774;-0.109193;0;0;-0.733277;9.99025;0.0919701;-0.0889428;0;0;-0.232585;943;920;891;1902;1902;1158;1000;1000;565;1000;1000;780;1;1;1;1;
10;11;0;0;0.0226967;0;0;-0.046744;0;0;0.0876614;0;0;0.192205;0;0;0.0377557;0;0;-0.695521;0;0;0.0736631;0;0;-0.158922;0.999845;-0.0175313;-0.00159209;0.997779;-0.063439;-0.0203294;0.989471;-0.0255779;-0.142452;0.999136;-0.0290626;-0.0297006;10.9989;0.0302194;-0.00748062;0;0;-0.046744;10.9771;-0.0750085;-0.17609;0;0;0.192205;10.9039;0.302187;-0.251645;0;0;-0.695521;10.9893;0.0601363;-0.118643;0;0;-0.158922;925;901;865;1872;1872;1120;1000;1000;583;1000;1000;820;1;1;1;1;
11;12;0;0;0.0205087;0;0;-0.0262353;0;0;-0.0345729;0;0;0.157632;0;0;-0.0400812;0;0;-0.735602;0;0;0.0422433;0;0;-0.116679;0.999849;-0.0166795;0.00488198;0.999913;-0.00319692;-0.0128312;0.998083;0.00484364;0.0616996;0.997728;-0.0301123;0.0602617;11.9988;0.013082;-0.00259864;0;0;-0.0262353;11.977;-0.0754544;-0.188921;0;0;0.157632;11.9019;0.294216;-0.189946;0;0;-0.735602;11.987;0.0279922;-0.0583818;0;0;-0.116679;938;917;868;1841;1841;1113;1000;1000;574;1000;1000;839;1;1;1;1;
12;13;0;0;0.00875051;0;0;-0.0174848;0;0;-0.115081;0;0;0.0425507;0;0;-0.0940713;0;0;-0.829673;0;0;-0.0213147;0;0;-0.137993;0.999922;-0.0115964;0.00464162;0.998092;0.0542673;-0.0294645;0.997861;0.0562389;-0.0333398;0.999091;0.0142204;-0.0401842;12.9987;0.00118045;0.00204298;0;0;-0.0174848;12.9751;-0.0204459;-0.218386;0;0;0.0425507;12.9005;0.336;-0.223285;0;0;-0.829673;12.9861;0.0398064;-0.098566;0;0;-0.137993;905;882;846;1886;1886;1129;1000;1000;574;1000;1000;802;1;1;1;1;
13;14;0;0;-0.0154119;0;0;-0.0328967;0;0;0.0550145;0;0;0.0975651;0;0;-0.338194;0;0;-1.16787;0;0;0.126211;0;0;-0.011782;0.999869;0.0146506;-0.00694526;0.997888;-0.00643298;0.064632;0.982148;0.184698;-0.0356643;0.997842;-0.0645358;0.0120918;13.9986;0.015257;-0.00490228;0;0;-0.0328967;13.973;-0.0251796;-0.153754;0;0;0.0975651;13.8862;0.500642;-0.25895;0;0;-1.16787;13.9839;-0.0249347;-0.0864742;0;0;-0.011782;952;923;894;1822;1822;1112;1000;1000;562;1000;1000;812;1;1;1;1;
14;15;0;0;0.00448573;0;0;-0.028411;0;0;-0.0272761;0;0;0.070289;0;0;-0.248658;0;0;-1.41653;0;0;0.0596858;0;0;0.0479038;0.999976;-0.00484596;0.0049212;0.999356;0.00275168;-0.0357849;0.993456;0.112052;-0.0221287;0.999581;-0.0265331;0.0115694;14.9985;0.00991517;0;0;0;-0.028411;14.9723;-0.0212019;-0.189539;0;0;0.070289;14.8821;0.588102;-0.281078;0;0;-1.41653;14.9835;-0.050632;-0.0749048;0;0;0.0479038;942;925;895;1852;1852;1102;1000;1000;564;1000;1000;785;1;1;1;1;
15;16;0;0;0.00323296;0;0;-0.025178;0;0;-0.0135057;0;0;0.0567833;0;0;-0.0994628;0;0;-1.51599;0;0;0.0192212;0;0;0.067125;0.999898;0.00248038;0.0140555;0.99981;0.0120281;0.0153553;0.998597;0.0460235;-0.0261814;0.99987;-0.0156637;0.00378203;15.9984;0.0119562;0.0140555;0;0;-0.025178;15.9721;-0.00818297;-0.174183;0;0;0.0567833;15.8816;0.60769;-0.30726;0;0;-1.51599;15.9834;-0.0651243;-0.0711227;0;0;0.067125;940;914;864;1841;1841;1067;1001;1001;574;1000;1000;791;1;1;1;1;
16;17;0;0;-0.0375332;0;0;-0.0627112;0;0;-0.136635;0;0;-0.0798512;0;0;0.0806037;0;0;-1.43538;0;0;-0.038432;0;0;0.028693;0.999655;0.0258609;-0.0044949;0.998739;0.0469893;-0.0176963;0.998602;-0.0463364;-0.0254552;0.99925;0.0211987;-0.0323903;16.9981;0.0367229;0.00956063;0;0;-0.0627112;16.9709;0.0374143;-0.19188;0;0;-0.0798512;16.8787;0.536354;-0.332715;0;0;-1.43538;16.9826;-0.0434252;-0.103513;0;0;0.028693;922;902;850;1795;1795;1075;1000;1000;550;1000;1000;791;1;1;1;1;
17;18;0;0;0.00166569;0;0;-0.0610455;0;0;-0.153122;0;0;-0.232973;0;0;-0.0240518;0;0;-1.45944;0;0;0.0506617;0;0;0.0793547;0.999975;0.00647467;-0.00283178;0.996716;0.067005;-0.0454624;0.996784;0.0159583;-0.0785259;0.998806;-0.0381037;-0.0305874;17.9981;0.0421322;0.00672886;0;0;-0.0610455;17.9679;0.100366;-0.237342;0;0;-0.232973;17.8756;0.52692;-0.411241;0;0;-1.45944;17.9815;-0.0801456;-0.1341;0;0;0.0793547;933;906;848;1771;1771;1085;1000;1000;599;1000;1000;788;1;1;1;1;
18;19;0;0;0.00120952;0;0;-0.059836;0;0;0.0192835;0;0;-0.21369;0;0;-0.0394391;0;0;-1.49888;0;0;-0.0159122;0;0;0.0634424;0.999976;-0.00643142;-0.00274478;0.999805;-0.00627363;0.0187293;0.999199;0.0132632;-0.0377465;0.99973;0.00142701;-0.0231879;18.9981;0.0346565;0.00398407;0;0;-0.059836;18.9677;0.0903636;-0.218613;0;0;-0.21369;18.8748;0.514042;-0.448987;0;0;-1.49888;18.9812;-0.0776116;-0.157288;0;0;0.0634424;883;862;823;1788;1788;1092;1000;1000;555;1000;1000;795;1;1;1;1;
19;20;0;0;-0.057102;0;0;-0.116938;0;0;-0.0441015;0;0;-0.257792;0;0;0.128369;0;0;-1.37051;0;0;-0.0254327;0;0;0.0380097;0.999519;0.0286498;-0.0118635;0.9986;0.02415;-0.0470675;0.998057;-0.0622999;-0.000303979;0.999526;0.0271841;0.0144232;19.9976;0.0612663;-0.00787941;0;0;-0.116938;19.9664;0.11002;-0.26568;0;0;-0.257792;19.8711;0.427889;-0.449291;0;0;-1.37051;19.9807;-0.0497644;-0.142865;0;0;0.0380097;901;881;833;1797;1797;1068;1000;1000;554;1000;1000;806;1;1;1;1;
20;21;0;0;-0.0171096;0;0;-0.134048;0;0;0.109097;0;0;-0.148695;0;0;0.0235366;0;0;-1.34697;0;0;-0.0473911;0;0;-0.00938144;0.999921;0.0125343;-0.000609465;0.99932;-0.0365965;-0.00444473;0.999259;-0.0268863;-0.0275344;0.999429;0.0269198;0.0204297;20.9976;0.0714611;-0.00848887;0;0;-0.134048;20.9656;0.0708305;-0.270125;0;0;-0.148695;20.8694;0.37752;-0.476826;0;0;-1.34697;20.9802;-0.0230082;-0.122435;0;0;-0.00938144;911;875;821;1796;1796;1083;1000;1000;557;1000;1000;796;1;1;1;1;
21;22;0;0;0.0210507;0;0;-0.112997;0;0;0.0332427;0;0;-0.115452;0;0;-0.118361;0;0;-1.46533;0;0;-0.118547;0;0;-0.127929;0.999931;-0.00942304;-0.00698465;0.999752;-0.00961255;-0.0200843;0.993716;0.0586964;-0.095307;0.998715;0.0503774;0.00554236;21.9975;0.0600661;-0.0154735;0;0;-0.112997;21.9653;0.0592035;-0.290209;0;0;-0.115452;21.8643;0.410786;-0.572133;0;0;-1.46533;21.979;0.0251392;-0.116893;0;0;-0.127929;866;842;780;1816;1816;1081;1000;1000;583;1000;1000;800;1;1;1;1;
22;23;0;0;-0.000548765;0;0;-0.113546;0;0;0.0603457;0;0;-0.0551062;0;0;0.0442412;0;0;-1.42109;0;0;-0.0584021;0;0;-0.186331;0.999997;0.000137178;-0.00223634;0.999116;-0.0419565;0.00261649;0.997687;-0.033947;-0.0588918;0.999317;0.0159938;-0.0333193;22.9975;0.0582215;-0.0177099;0;0;-0.113546;22.9644;0.016286;-0.287593;0;0;-0.0551062;22.8609;0.352107;-0.631025;0;0;-1.42109;22.9784;0.037883;-0.150212;0;0;-0.186331;880;847;789;1743;1743;1049;1000;1000;573;1000;1000;803;1;1;1;1;
23;24;0;0;-0.0429569;0;0;-0.156503;0;0;0.0562443;0;0;0.00113809;0;0;-0.17645;0;0;-1.59754;0;0;0.0535591;0;0;-0.132772;0.999826;0.016101;0.00938757;0.999866;-0.0126069;-0.0104771;0.993979;0.105804;-0.0284968;0.999804;-0.0170994;0.00997795;23.9974;0.0715914;-0.00832229;0;0;-0.156503;23.9643;0.00369896;-0.29807;0;0;0.00113809;23.8574;0.430159;-0.659521;0;0;-1.59754;23.9781;0.0184668;-0.140234;0;0;-0.132772;917;892;825;1736;1736;1066;1000;1000;551;1000;1000;801;1;1;1;1;
24;25;0;0;0.00487694;0;0;-0.151626;0;0;-0.0200185;0;0;-0.0188804;0;0;-0.395585;0;0;-1.99313;0;0;0.0395749;0;0;-0.0931967;0.999953;-0.00896745;-0.00367615;0.999354;0.00608945;-0.0354088;0.983668;0.17949;0.013409;0.999729;-0.0232372;-0.00138352;24.9973;0.0599778;-0.0119984;0;0;-0.151626;24.9636;0.0094591;-0.333479;0;0;-0.0188804;24.8467;0.575328;-0.646112;0;0;-1.99313;24.9778;-0.00639648;-0.141618;0;0;-0.0931967;856;837;768;1753;1753;1068;1000;1000;555;1000;1000;788;1;1;1;1;
25;26;0;0;0.0136775;0;0;-0.137948;0;0;0.0225936;0;0;0.00371323;0;0;-0.061466;0;0;-2.05459;0;0;-0.0983354;0;0;-0.191532;0.99997;-0.00765671;0.00150776;0.998878;-0.024077;-0.0407753;0.99829;0.0373407;-0.0449773;0.998867;0.0437371;-0.0187632;25.9972;0.0499135;-0.0104907;0;0;-0.137948;25.9625;-0.0145531;-0.374254;0;0;0.00371323;25.8457;0.576855;-0.69109;0;0;-2.05459;25.9768;0.0340013;-0.160381;0;0;-0.191532;850;832;797;1719;1719;1054;1000;1000;567;1000;1000;801;1;1;1;1;
26;27;0;0;-0.0123847;0;0;-0.150333;0;0;-0.0419927;0;0;-0.0382795;0;0;-0.230562;0;0;-2.28515;0;0;0.0198617;0;0;-0.17167;0.99992;0.0107605;-0.00669561;0.999203;0.0255931;-0.0306436;0.991287;0.120519;-0.0531501;0.999868;-0.016016;0.0026741;26.9972;0.0580504;-0.0171863;0;0;-0.150333;26.9617;0.0103724;-0.404898;0;0;-0.0382795;26.841;0.657752;-0.74424;0;0;-2.28515;26.9766;0.0149896;-0.157707;0;0;-0.17167;884;869;820;1702;1702;1022;1000;1000;549;1000;1000;770;1;1;1;1;
27;28;0;0;-0.0311145;0;0;-0.181447;0;0;-0.000777332;0;0;-0.0390568;0;0;0.0843782;0;0;-2.20078;0;0;-0.00285817;0;0;-0.174528;0.999912;0.0130974;-0.00188054;0.999895;0.00445859;0.0137536;0.999382;-0.0348876;-0.00427264;0.999753;-0.00765047;0.0208777;27.9971;0.0679811;-0.0190668;0;0;-0.181447;27.9616;0.0141494;-0.391144;0;0;-0.0390568;27.8383;0.584513;-0.748512;0;0;-2.20078;27.9764;0.00429381;-0.136829;0;0;-0.174528;921;884;834;1683;1683;1005;1000;1000;537;1000;1000;788;1;1;1;1;
28;29;0;0;-0.0157693;0;0;-0.197217;0;0;-0.117154;0;0;-0.156211;0;0;-0.0187939;0;0;-2.21957;0;0;0.0833436;0;0;-0.0911848;0.99996;0.00882986;0.00102655;0.997039;0.0665961;-0.0384409;0.999844;0.00604904;-0.016582;0.999424;-0.0325099;0.00975612;28.9971;0.073369;-0.0180403;0;0;-0.197217;28.9588;0.0780269;-0.429585;0;0;-0.156211;28.8376;0.551834;-0.765095;0;0;-2.21957;28.9757;-0.0298066;-0.127073;0;0;-0.0911848;879;854;791;1711;1711;1031;1000;1000;545;1000;1000;782;1;1;1;1;
29;30;0;0;0.0110613;0;0;-0.186155;0;0;-0.000611703;0;0;-0.156823;0;0;-0.152117;0;0;-2.37169;0;0;0.135772;0;0;0.0445875;0.999959;-0.0073484;-0.00537182;0.999929;0.00457187;-0.0110495;0.996044;0.0485933;-0.0743931;0.997793;-0.0641958;0.0169818;29.997;0.0627718;-0.0234121;0;0;-0.186155;29.9588;0.0798619;-0.440634;0;0;-0.156823;29.8348;0.559167;-0.839488;0;0;-2.37169;29.9736;-0.0932259;-0.110091;0;0;0.0445875;856;825;775;1648;1648;985;1000;1000;554;1000;1000;792;1;1;1;1;
30;31;0;0;0.00104714;0;0;-0.185108;0;0;-0.0951297;0;0;-0.251952;0;0;0.0331768;0;0;-2.33851;0;0;-0.0224892;0;0;0.0220983;0.999989;0.000675906;0.00456322;0.99978;0.0192545;0.00835202;0.996585;-0.0171431;-0.0807681;0.99938;0.0178978;-0.0303151;30.997;0.0602169;-0.0188489;0;0;-0.185108;30.9586;0.0947198;-0.432282;0;0;-0.251952;30.8299;0.501375;-0.920256;0;0;-2.33851;30.9729;-0.0749427;-0.140407;0;0;0.0220983;890;863;799;1620;1620;951;1000;1000;604;1000;1000;780;1;1;1;1;
31;32;0;0;0.0249927;0;0;-0.160116;0;0;0.0234651;0;0;-0.228487;0;0;0.0641548;0;0;-2.27436;0;0;0.00344366;0;0;0.025542;0.999848;-0.0173491;-0.00154389;0.999633;-0.0241195;-0.0122966;0.999376;-0.0314749;-0.0160161;0.999865;-0.0150367;0.00658749;31.9968;0.0400738;-0.0203928;0;0;-0.160116;31.9582;0.0666141;-0.444579;0;0;-0.228487;31.8272;0.430265;-0.936272;0;0;-2.27436;31.9728;-0.0895336;-0.133819;0;0;0.025542;870;821;754;1577;1577;945;1000;1000;553;1000;1000;765;1;1;1;1;
32;33;0;0;-0.0107356;0;0;-0.170851;0;0;0.217736;0;0;-0.0107516;0;0;-0.0602427;0;0;-2.3346;0;0;0.0688539;0;0;0.0943959;0.999924;0.00916516;-0.00827449;0.996444;-0.084027;-0.00617438;0.996218;0.0595062;-0.0633215;0.998025;-0.0490643;0.0392352;32.9968;0.0462572;-0.0286673;0;0;-0.170851;32.9546;-0.0175999;-0.450753;0;0;-0.0107516;32.8251;0.44914;-0.999593;0;0;-2.3346;32.9709;-0.136954;-0.0945838;0;0;0.0943959;841;807;742;1584;1584;949;1000;1000;578;1000;1000;788;1;1;1;1;
33;34;0;0;-0.0209761;0;0;-0.191827;0;0;0.00648865;0;0;-0.00426297;0;0;0.123743;0;0;-2.21085;0;0;-0.042311;0;0;0.0520849;0.999901;0.0119313;-0.00751469;0.999999;0.000645036;-0.00122579;0.995989;-0.0683323;-0.0577715;0.999712;0.0237525;0.00340729;33.9967;0.0548408;-0.036182;0;0;-0.191827;33.9546;-0.0170293;-0.451979;0;0;-0.00426297;33.8177;0.342437;-1.05736;0;0;-2.21085;33.9706;-0.112292;-0.0911765;0;0;0.0520849;820;789;735;1565;1565;942;1000;1000;553;1000;1000;790;1;1;1;1;
34;35;0;0;0.0354839;0;0;-0.156343;0;0;0.00724688;0;0;0.00298391;0;0;0.251879;0;0;-1.95898;0;0;-0.0528888;0;0;-0.000803858;0.999541;-0.0294417;0.00717601;0.999849;-0.00887056;0.0149438;0.982786;-0.149489;0.108554;0.999657;0.015565;-0.0210687;34.9962;0.0226717;-0.0290059;0;0;-0.156343;34.9544;-0.0258478;-0.437035;0;0;0.00298391;34.7948;0.159439;-0.948811;0;0;-1.95898;34.9703;-0.0967414;-0.112245;0;0;-0.000803858;835;809;761;1638;1638;984;1000;1000;585;1000;1000;795;1;1;1;1;
35;36;0;0;-0.0170433;0;0;-0.173387;0;0;-0.0147685;0;0;-0.0117846;0;0;0.0541036;0;0;-1.90487;0;0;0.0989996;0;0;0.0981958;0.999942;0.00724688;0.00792271;0.999862;-0.00827304;-0.0144193;0.999467;-0.030285;0.0122048;0.997328;-0.0447389;0.057756;35.9961;0.0268926;-0.0210832;0;0;-0.173387;35.9543;-0.0343265;-0.451455;0;0;-0.0117846;35.7927;0.0959483;-0.936607;0;0;-1.90487;35.9677;-0.139771;-0.0544892;0;0;0.0981958;815;796;760;1651;1651;1004;1000;1000;565;1000;1000;808;1;1;1;1;
36;37;0;0;0.0248769;0;0;-0.14851;0;0;-0.0267416;0;0;-0.0385262;0;0;0.0683154;0;0;-1.83656;0;0;0.00520464;0;0;0.1034;0.999842;-0.0176505;-0.00223621;0.999869;0.0145057;-0.00721671;0.997774;-0.0427391;-0.0511873;0.999482;-0.00500711;0.031785;36.9959;0.00665061;-0.0233195;0;0;-0.14851;36.9542;-0.0204931;-0.458671;0;0;-0.0385262;36.7886;0.0212539;-0.987794;0;0;-1.83656;36.9672;-0.142974;-0.0227042;0;0;0.1034;847;825;797;1657;1657;997;1000;1000;565;1000;1000;810;1;1;1;1;
37;38;0;0;0.0119469;0;0;-0.136563;0;0;0.024551;0;0;-0.0139752;0;0;0.0898586;0;0;-1.7467;0;0;0.0024251;0;0;0.105826;1;0;-0.000715154;0.999977;0.00671163;0.00118306;0.994287;-0.0473891;-0.0956477;0.999644;0.0226381;-0.0140897;37.9959;0.00426022;-0.0240346;0;0;-0.136563;37.9541;-0.0140254;-0.457488;0;0;-0.0139752;37.7809;-0.0564199;-1.08344;0;0;-1.7467;37.9668;-0.11849;-0.0367939;0;0;0.105826;895;883;846;1773;1773;1051;1000;1000;616;1000;1000;827;1;1;1;1;
38;39;0;0;0.0179053;0;0;-0.118658;0;0;-0.0551568;0;0;-0.069132;0;0;0.0222592;0;0;-1.72444;0;0;-0.0839732;0;0;0.0218523;0.999763;-0.019675;-0.0093659;0.998211;0.0118721;-0.0585972;0.999988;-0.00232423;-0.00422626;0.9975;0.0506766;0.0492442;38.9956;-0.0174853;-0.0334005;0;0;-0.118658;38.9524;-0.00335767;-0.516085;0;0;-0.069132;38.7804;-0.0888354;-1.08767;0;0;-1.72444;38.9642;-0.0674329;0.0124503;0;0;0.0218523;896;864;808;1765;1765;1043;1000;1000;568;1000;1000;787;1;1;1;1;
39;40;0;0;-0.0102862;0;0;-0.128944;0;0;-0.068448;0;0;-0.13758;0;0;-0.100373;0;0;-1.82481;0;0;-0.0587139;0;0;-0.0368616;0.999889;0.0109617;-0.0101366;0.999238;0.0222191;-0.0320789;0.989359;0.123214;-0.0773789;0.999455;0.0174717;-0.0279903;39.9955;-0.00877382;-0.0435371;0;0;-0.128944;39.9517;0.016462;-0.548164;0;0;-0.13758;39.7732;0.00281134;-1.16505;0;0;-1.82481;39.9637;-0.0506042;-0.01554;0;0;-0.0368616;925;893;855;1693;1693;1045;1000;1000;571;1000;1000;808;1;1;1;1;
40;41;0;0;0.00974615;0;0;-0.119198;0;0;-0.0795664;0;0;-0.217146;0;0;-0.078098;0;0;-1.90291;0;0;0.0316116;0;0;-0.00525001;1;-0.000513259;0.000424967;0.997166;0.0552913;-0.0510138;0.999028;0.0349719;-0.0268202;0.998639;-0.0148068;0.0500162;40.9955;-0.0113675;-0.0431121;0;0;-0.119198;40.949;0.0679738;-0.599178;0;0;-0.217146;40.7728;0.00459029;-1.19187;0;0;-1.90291;40.9624;-0.0655025;0.0344762;0;0;-0.00525001;889;866;824;1780;1780;1078;1000;1000;572;1000;1000;813;1;1;1;1;
41;42;0;0;-0.00996858;0;0;-0.129166;0;0;0.128004;0;0;-0.0891419;0;0;-0.000987826;0;0;-1.9039;0;0;-0.0199253;0;0;-0.0251753;0.999966;0.00617596;-0.00544659;0.998138;-0.027534;-0.0544234;0.999607;0.00282542;-0.0278761;0.999975;0.000152272;0.0070458;41.9955;-0.00744583;-0.0485587;0;0;-0.129166;41.9471;0.0388868;-0.653602;0;0;-0.0891419;41.772;-0.025796;-1.21974;0;0;-1.9039;41.9623;-0.0657896;0.041522;0;0;-0.0251753;883;866;828;1806;1806;1119;1000;1000;587;1000;1000;793;1;1;1;1;
42;43;0;0;-0.0106819;0;0;-0.139848;0;0;-0.13962;0;0;-0.228762;0;0;-0.217283;0;0;-2.12118;0;0;-0.0648456;0;0;-0.0900209;0.99999;0.000814215;-0.00437027;0.998588;0.0427599;0.0315163;0.986183;0.145538;0.0791299;0.999554;0.0278927;0.0106404;42.9955;-0.0090724;-0.052929;0;0;-0.139848;42.9459;0.0776594;-0.622085;0;0;-0.228762;42.7629;0.0831406;-1.14061;0;0;-2.12118;42.9619;-0.0394673;0.0521624;0;0;-0.0900209;861;834;786;1807;1807;1079;1000;1000;581;1000;1000;822;1;1;1;1;
43;44;0;0;-0.0358034;0;0;-0.175652;0;0;-0.00484353;0;0;-0.233605;0;0;-0.16358;0;0;-2.28476;0;0;0.0260366;0;0;-0.0639843;0.999697;0.0228982;0.00903566;0.999821;-0.000456893;0.0189006;0.99604;0.084522;-0.0275921;0.999959;-0.00380005;-0.00824241;43.9953;0.0107609;-0.0438933;0;0;-0.175652;43.9457;0.0731261;-0.603185;0;0;-0.233605;43.7615;0.127887;-1.16821;0;0;-2.28476;43.9619;-0.0443841;0.04392;0;0;-0.0639843;844;822;776;1837;1837;1086;1000;1000;593;1000;1000;796;1;1;1;1;
44;45;0;0;-0.0194952;0;0;-0.195147;0;0;0.161162;0;0;-0.0724431;0;0;-0.142723;0;0;-2.42748;0;0;-0.0228882;0;0;-0.0868725;0.999883;0.0145679;0.00458199;0.997004;-0.0612333;-0.0472544;0.992868;0.103348;-0.0594327;0.999135;0.0203611;0.0362569;44.9952;0.0219232;-0.0393113;0;0;-0.195147;44.9426;0.0106322;-0.650439;0;0;-0.0724431;44.7578;0.18909;-1.22764;0;0;-2.42748;44.961;-0.0255379;0.0801768;0;0;-0.0868725;870;841;792;1880;1880;1112;1000;1000;567;1000;1000;796;1;1;1;1;
45;46;0;0;0.0288065;0;0;-0.16634;0;0;0.0542435;0;0;-0.0181996;0;0;0.0411344;0;0;-2.38635;0;0;0.0395638;0;0;-0.0473087;0.999863;-0.0141731;-0.0085163;0.999891;0.0136141;-0.00563906;0.99988;-0.00319329;-0.0151413;0.999359;-0.0277256;-0.0226453;45.995;0.00484733;-0.0478276;0;0;-0.16634;45.9425;0.0239287;-0.656078;0;0;-0.0181996;45.7567;0.144266;-1.24278;0;0;-2.38635;45.9604;-0.0540887;0.0575315;0;0;-0.0473087;844;816;774;1822;1822;1098;1000;1000;553;1000;1000;788;1;1;1;1;
46;47;0;0;-0.0231575;0;0;-0.189498;0;0;-0.128803;0;0;-0.147003;0;0;-0.0612471;0;0;-2.4476;0;0;0.0696428;0;0;0.0223341;0.999995;-0.000232432;-0.00318786;0.998607;0.0509603;-0.0136752;0.997214;0.038431;-0.0639284;0.999405;-0.032402;-0.0117874;46.995;0.00130756;-0.0510155;0;0;-0.189498;46.9412;0.0723267;-0.669753;0;0;-0.147003;46.7547;0.140076;-1.30671;0;0;-2.4476;46.9598;-0.0861011;0.0457441;0;0;0.0223341;873;847;804;1829;1829;1084;1000;1000;563;1000;1000;786;1;1;1;1;
47;48;0;0;0.0264088;0;0;-0.163089;0;0;-0.0634406;0;0;-0.210443;0;0;-0.00142451;0;0;-2.44902;0;0;0.0420447;0;0;0.0643789;0.999828;-0.0180633;-0.00413086;0.997957;0.0562886;-0.0302236;0.999874;0.0143023;-0.00695714;0.999858;-0.0154834;-0.00670902;47.9948;-0.0196017;-0.0551464;0;0;-0.163089;47.9394;0.12495;-0.699977;0;0;-0.210443;47.7542;0.11164;-1.31366;0;0;-2.44902;47.9597;-0.100461;0.039035;0;0;0.0643789;893;871;822;1842;1842;1078;1001;1001;576;1000;1000;783;1;1;1;1;
48;49;0;0;0.0105107;0;0;-0.152578;0;0;0.00174214;0;0;-0.208701;0;0;0.0428344;0;0;-2.40619;0;0;0.0118132;0;0;0.0761921;0.999955;-0.00945236;-0.000801564;0.999926;0.0100859;0.00686354;0.999832;-0.0179668;0.00348857;0.999814;0.00234129;-0.0191551;48.9947;-0.0317168;-0.0559479;0;0;-0.152578;48.9394;0.131393;-0.693113;0;0;-0.208701;48.7524;0.0517124;-1.31018;0;0;-2.40619;48.9595;-0.0967902;0.0198799;0;0;0.0761921;886;854;810;1766;1766;1032;1000;1000;565;1000;1000;797;1;1;1;1;
49;50;0;0;0.022236;0;0;-0.130342;0;0;-0.0881145;0;0;-0.296816;0;0;0.196126;0;0;-2.21006;0;0;0.00271363;0;0;0.0789057;0.999932;-0.0107306;-0.00456045;0.998835;0.0475674;-0.00813732;0.992208;-0.115152;-0.0475811;0.999933;0.000755082;0.0115593;49.9946;-0.0447221;-0.0605084;0;0;-0.130342;49.9384;0.173785;-0.701251;0;0;-0.296816;49.7395;-0.101617;-1.35776;0;0;-2.21006;49.9594;-0.0946581;0.0314393;0;0;0.0789057;859;831;787;1742;1742;1028;1000;1000;593;1000;1000;801;1;1;1;1;
50;51;0;0;0.0622674;0;0;-0.0680747;0;0;-0.0103995;0;0;-0.307215;0;0;0.0796387;0;0;-2.13042;0;0;0.0366484;0;0;0.115554;0.999486;-0.0310482;-0.00802728;0.999496;0.013003;-0.0289715;0.998947;-0.0450956;0.0084388;0.998451;-0.0360631;0.0423708;50.9941;-0.0769578;-0.0685356;0;0;-0.0680747;50.938;0.181429;-0.730222;0;0;-0.307215;50.736;-0.183816;-1.34932;0;0;-2.13042;50.9579;-0.128707;0.0738101;0;0;0.115554;873;850;798;1736;1736;1027;1000;1000;562;1000;1000;788;1;1;1;1;
51;52;0;0;0.00745655;0;0;-0.0606181;0;0;-0.0740933;0;0;-0.381308;0;0;0.0874438;0;0;-2.04298;0;0;0.00610283;0;0;0.121657;0.99994;-0.00932822;0.00574042;0.999125;0.0330822;-0.0255775;0.993536;-0.0581746;-0.0974803;0.997947;-0.000551481;0.0640474;51.994;-0.087344;-0.0627952;0;0;-0.0606181;51.9373;0.207861;-0.7558;0;0;-0.381308;51.7269;-0.277373;-1.4468;0;0;-2.04298;51.9559;-0.12714;0.137857;0;0;0.121657;862;838;785;1717;1717;1045;1000;1000;580;1000;1000;806;1;1;1;1;
52;53;0;0;-0.030563;0;0;-0.0911812;0;0;-0.0592218;0;0;-0.44053;0;0;0.018098;0;0;-2.02488;0;0;0.0055614;0;0;0.127218;0.99994;0.00918219;-0.00597071;0.99933;0.0360064;0.00654781;0.998729;0.00208465;-0.0503656;0.999932;0.00836217;0.00810454;52.9939;-0.0797531;-0.0687659;0;0;-0.0911812;52.9369;0.236183;-0.749252;0;0;-0.44053;52.7251;-0.310578;-1.49716;0;0;-2.02488;52.9558;-0.116558;0.145962;0;0;0.127218;883;865;803;1785;1785;1078;1000;1000;569;1000;1000;795;1;1;1;1;
53;54;0;0;-0.0164205;0;0;-0.107602;0;0;0.0179627;0;0;-0.422567;0;0;-0.0503328;0;0;-2.07521;0;0;0.025999;0;0;0.153217;0.999967;0.00808345;0.000373138;0.99956;-0.0295962;0.00184983;0.990907;0.0454585;-0.126634;0.999754;-0.022164;-0.000833062;53.9939;-0.0735476;-0.0683928;0;0;-0.107602;53.9362;0.199216;-0.747402;0;0;-0.422567;53.717;-0.301031;-1.6238;0;0;-2.07521;53.9556;-0.136048;0.145129;0;0;0.153217;906;877;831;1756;1756;1075;1000;1000;608;1000;1000;802;1;1;1;1;
54;55;0;0;-0.0142525;0;0;-0.121854;0;0;-0.010531;0;0;-0.433098;0;0;0.0148022;0;0;-2.06041;0;0;0.00152259;0;0;0.15474;0.999879;0.0155237;-0.000195178;0.999809;0.01579;-0.0115294;0.998846;-0.0179941;0.0445215;0.999852;0.0128026;-0.0114924;54.9938;-0.0601504;-0.068588;0;0;-0.121854;54.9361;0.207448;-0.758932;0;0;-0.433098;54.7145;-0.354925;-1.57928;0;0;-2.06041;54.9554;-0.120545;0.133637;0;0;0.15474;887;872;826;1764;1764;1083;1000;1000;581;1000;1000;809;1;1;1;1;
55;56;0;0;-0.053679;0;0;-0.175533;0;0;-0.112478;0;0;-0.545576;0;0;0.0982089;0;0;-1.9622;0;0;0.172059;0;0;0.326799;0.999556;0.0298112;0;0.997586;0.0646463;-0.0253626;0.998129;-0.0603201;-0.00998791;0.996771;-0.0782579;-0.0179669;55.9935;-0.0334016;-0.0685753;0;0;-0.175533;55.9342;0.262592;-0.784294;0;0;-0.545576;55.71;-0.449386;-1.58926;0;0;-1.9622;55.9526;-0.193117;0.11567;0;0;0.326799;863;847;799;1777;1777;1125;1000;1000;574;1000;1000;814;1;1;1;1;
56;57;0;0;-0.00828195;0;0;-0.183815;0;0;-0.0206853;0;0;-0.566262;0;0;-0.08305;0;0;-2.04525;0;0;0.118436;0;0;0.445235;0.999982;0.00386926;-0.00452944;0.999646;-0.0191279;-0.0185077;0.999187;0.0359482;-0.0182392;0.998073;-0.061893;0.00431782;56.9935;-0.0327405;-0.0731047;0;0;-0.183815;56.9337;0.233586;-0.802802;0;0;-0.566262;56.7098;-0.449121;-1.6075;0;0;-2.04525;56.9511;-0.247252;0.119988;0;0;0.445235;896;869;813;1804;1804;1108;1000;1000;600;1000;1000;819;1;1;1;1;
57;58;0;0;0.00794157;0;0;-0.175874;0;0;0.0269761;0;0;-0.539286;0;0;0.0264159;0;0;-2.01884;0;0;0.0330553;0;0;0.478291;0.999952;-0.00637797;-0.00744958;0.999692;-0.0163393;-0.0186962;0.99937;-0.00725733;-0.0347547;0.999942;-0.00603959;0.00892596;57.9934;-0.0421879;-0.0805543;0;0;-0.175874;57.9331;0.207838;-0.821498;0;0;-0.539286;57.7083;-0.491579;-1.64226;0;0;-2.01884;57.9511;-0.244944;0.128913;0;0;0.478291;938;908;869;1807;1807;1123;1000;1000;577;1000;1000;789;1;1;1;1;
58;59;0;0;0.0297373;0;0;-0.146136;0;0;0.0745069;0;0;-0.464779;0;0;-0.0430088;0;0;-2.06184;0;0;0.202578;0;0;0.680868;0.999961;-0.00792974;0.00397234;0.999415;-0.028045;0.0195495;0.994341;0.0329361;-0.101005;0.996878;-0.0763298;-0.0201809;58.9933;-0.0526681;-0.076582;0;0;-0.146136;58.9323;0.171687;-0.801949;0;0;-0.464779;58.7032;-0.494439;-1.74326;0;0;-2.06184;58.9488;-0.309423;0.108733;0;0;0.680868;855;832;801;1823;1823;1120;1000;1000;586;1000;1000;825;1;1;1;1;
59;60;0;0;0.0229027;0;0;-0.123234;0;0;-0.0528443;0;0;-0.517623;0;0;0.0607437;0;0;-2.0011;0;0;-0.000946142;0;0;0.679922;0.999937;-0.0110897;-0.00149586;0.999043;0.0402691;-0.0170673;0.999656;-0.0224107;-0.0135952;0.998582;-0.00285301;0.0531561;59.9932;-0.0659084;-0.0780778;0;0;-0.123234;59.9317;0.202929;-0.819016;0;0;-0.517623;59.7015;-0.551743;-1.75686;0;0;-2.0011;59.9474;-0.300426;0.161889;0;0;0.679922;836;803;766;1788;1788;1083;1000;1000;565;1000;1000;821;1;1;1;1;
60;61;0;0;-0.00723889;0;0;-0.130472;0;0;0.135185;0;0;-0.382438;0;0;0.0368719;0;0;-1.96423;0;0;0.0298808;0;0;0.709803;0.999984;0.00210798;0.00523622;0.997255;-0.0736533;-0.00761055;0.998085;-0.0109197;-0.0608924;0.999775;-0.0095579;0.0189568;60.9932;-0.0660776;-0.0728416;0;0;-0.130472;60.9284;0.122621;-0.826626;0;0;-0.382438;60.6986;-0.596866;-1.81775;0;0;-1.96423;60.9472;-0.297597;0.180845;0;0;0.709803;867;839;809;1749;1749;1039;1000;1000;560;1000;1000;800;1;1;1;1;
61;62;0;0;0.00156662;0;0;-0.128906;0;0;0.0217187;0;0;-0.36072;0;0;-0.0271351;0;0;-1.99136;0;0;0.0218284;0;0;0.731631;0.999978;0.00197313;-0.0063938;0.998609;-0.0115091;0.0514597;0.999788;0.0136365;-0.015442;0.994151;-0.0356912;0.101932;61.9932;-0.0663543;-0.0792354;0;0;-0.128906;61.9269;0.104825;-0.775167;0;0;-0.36072;61.6982;-0.617979;-1.83319;0;0;-1.99136;61.9417;-0.320591;0.282778;0;0;0.731631;879;857;824;1767;1767;1050;1000;1000;567;1000;1000;802;1;1;1;1;
62;63;0;0;0.0202446;0;0;-0.108661;0;0;0.0615468;0;0;-0.299173;0;0;-0.0618176;0;0;-2.05318;0;0;-0.0583662;0;0;0.673265;0.999947;-0.00718345;0.00732569;0.999437;-0.0331283;0.00526568;0.999713;0.0238986;-0.00134289;0.999471;0.0263376;0.0190665;62.9931;-0.0754341;-0.0719097;0;0;-0.108661;62.9262;0.0664786;-0.769901;0;0;-0.299173;62.6982;-0.629913;-1.83454;0;0;-2.05318;62.9408;-0.282511;0.301844;0;0;0.673265;865;849;791;1706;1706;990;1000;1000;564;1000;1000;786;1;1;1;1;
63;64;0;0;0.027528;0;0;-0.0811332;0;0;0.147076;0;0;-0.152097;0;0;-0.0617933;0;0;-2.11497;0;0;0.0289267;0;0;0.702192;0.999874;-0.0151899;0.00462427;0.997126;-0.0743448;-0.0145697;0.998495;0.0526166;-0.0154905;0.999357;0.00340495;-0.0356999;63.993;-0.0920399;-0.0672855;0;0;-0.0811332;63.9231;-0.0105129;-0.784471;0;0;-0.152097;63.6979;-0.614181;-1.85003;0;0;-2.11497;63.94;-0.266859;0.266144;0;0;0.702192;811;779;724;1678;1678;1007;1000;1000;566;1000;1000;810;1;1;1;1;
64;65;0;0;-0.0168025;0;0;-0.0979358;0;0;0.012428;0;0;-0.139669;0;0;0.000500564;0;0;-2.11447;0;0;0.0580535;0;0;0.760245;0.99993;0.0115052;-0.00280034;0.999941;-0.00829983;0.00705253;0.999986;-0.00313901;0.00428631;0.999168;-0.0237197;-0.0331644;64.9929;-0.0822438;-0.0700858;0;0;-0.0979358;64.923;-0.0212502;-0.777418;0;0;-0.139669;64.6971;-0.654214;-1.84574;0;0;-2.11447;64.9394;-0.27732;0.23298;0;0;0.760245;832;799;756;1621;1621;983;1000;1000;556;1000;1000;786;1;1;1;1;
65;66;0;0;0.00323929;0;0;-0.0946965;0;0;0.212288;0;0;0.0726195;0;0;-0.0110707;0;0;-2.12554;0;0;-0.0433253;0;0;0.71692;0.999961;-0.00799036;0.00383443;0.993546;-0.099156;-0.0550831;0.999884;-0.0150971;-0.00175695;0.998578;0.0303707;-0.0438082;65.9929;-0.0918869;-0.0662514;0;0;-0.0946965;65.9167;-0.119147;-0.832501;0;0;0.0726195;65.6958;-0.706386;-1.8475;0;0;-2.12554;65.9375;-0.234457;0.189172;0;0;0.71692;843;808;760;1671;1671;1045;1000;1000;575;1000;1000;776;1;1;1;1;
66;67;0;0;0.00413062;0;0;-0.0905659;0;0;-0.220232;0;0;-0.147612;0;0;0.241128;0;0;-1.88442;0;0;0.051292;0;0;0.768212;0.999924;-0.00106533;0.0122774;0.996304;0.0831066;-0.0216962;0.986305;-0.126489;-0.10584;0.999314;-0.026662;-0.0257077;66.9928;-0.0945328;-0.053974;0;0;-0.0905659;66.9132;-0.0386073;-0.854198;0;0;-0.147612;66.6774;-0.865239;-1.95334;0;0;-1.88442;66.9371;-0.247718;0.163464;0;0;0.768212;856;826;774;1666;1666;1029;1000;1000;567;1000;1000;800;1;1;1;1;
67;68;0;0;0.0412858;0;0;-0.04928;0;0;-0.115678;0;0;-0.26329;0;0;0.0710856;0;0;-1.81333;0;0;0.115283;0;0;0.883495;0.999796;-0.0181248;-0.00888244;0.996676;0.0434259;0.068931;0.998234;-0.0473531;-0.0358702;0.998813;-0.0413847;-0.0256852;67.9926;-0.113518;-0.0628564;0;0;-0.04928;67.9101;0.000238177;-0.785267;0;0;-0.26329;67.6736;-0.944156;-1.98921;0;0;-1.81333;67.9365;-0.273697;0.137779;0;0;0.883495;832;804;745;1653;1653;996;1000;1000;567;1000;1000;788;1;1;1;1;
68;69;0;0;-0.0352267;0;0;-0.0845068;0;0;0.0192289;0;0;-0.244061;0;0;-0.242444;0;0;-2.05578;0;0;-0.0640778;0;0;0.819417;0.999608;0.0277701;-0.00348984;0.999298;0.0344709;-0.0146923;0.992297;0.106132;0.0638928;0.999596;0.0252089;0.013148;68.9922;-0.0872218;-0.0663463;0;0;-0.0845068;68.9095;0.0304521;-0.799959;0;0;-0.244061;68.6691;-0.873689;-1.92532;0;0;-2.05578;68.9356;-0.234196;0.150927;0;0;0.819417;815;786;739;1649;1649;994;1000;1000;558;1000;1000;782;1;1;1;1;
69;70;0;0;-0.0235895;0;0;-0.108096;0;0;0.008359;0;0;-0.235702;0;0;0.0146547;0;0;-2.04112;0;0;0.0199427;0;0;0.83936;0.999824;0.0184335;0.00343902;0.999991;0.00309681;0.00299618;0.999655;-0.0180056;-0.0191383;0.998864;0.00134493;-0.0476292;69.9921;-0.0706746;-0.0629072;0;0;-0.108096;69.9095;0.0294352;-0.796963;0;0;-0.235702;69.6675;-0.927288;-1.94445;0;0;-2.04112;69.9343;-0.218218;0.103298;0;0;0.83936;822;802;755;1685;1685;1006;1000;1000;570;1000;1000;796;1;1;1;1;
70;71;0;0;0.0152284;0;0;-0.0928679;0;0;-0.129209;0;0;-0.364911;0;0;0.0266097;0;0;-2.01451;0;0;0.00537525;0;0;0.844735;0.999946;-0.00369655;-0.00974012;0.998335;0.0539948;0.0202692;0.997997;0.000961732;-0.0632548;0.999538;-0.0114442;0.0281679;70.992;-0.075992;-0.0726474;0;0;-0.0928679;70.9082;0.0770707;-0.776694;0;0;-0.364911;70.6649;-0.961409;-2.00771;0;0;-2.01451;70.9339;-0.214925;0.131465;0;0;0.844735;847;826;783;1660;1660;1000;1000;1000;568;1000;1000;783;1;1;1;1;
71;72;0;0;-0.00851341;0;0;-0.101381;0;0;0.0292623;0;0;-0.335649;0;0;0.0305533;0;0;-1.98396;0;0;-0.109556;0;0;0.735179;0.999971;-0.00263978;-0.00712354;0.999885;-0.0137422;0.00646284;0.99986;-0.0148347;0.00767983;0.998129;0.0533965;-0.0297723;71.992;-0.0804011;-0.0797709;0;0;-0.101381;71.9079;0.0574712;-0.770231;0;0;-0.335649;71.6636;-1.01085;-2.00003;0;0;-1.98396;71.9313;-0.148726;0.101693;0;0;0.735179;821;792;759;1668;1668;1003;1000;1000;556;1000;1000;794;1;1;1;1;
72;73;0;0;-0.0193826;0;0;-0.120764;0;0;0.0925957;0;0;-0.243053;0;0;0.0948218;0;0;-1.88914;0;0;0.041097;0;0;0.776276;0.99984;0.011918;-0.0133229;0.999601;-0.0240545;-0.0148096;0.991958;-0.0328169;0.122235;0.998444;0.00163589;-0.0557324;72.9919;-0.0705905;-0.0930938;0;0;-0.120764;72.9074;0.0291766;-0.78504;0;0;-0.243053;72.654;-1.07635;-1.87779;0;0;-1.88914;72.9296;-0.133563;0.0459609;0;0;0.776276;817;801;767;1630;1630;990;1000;1000;539;1000;1000;787;1;1;1;1;
73;74;0;0;0.00442721;0;0;-0.116337;0;0;-0.0355716;0;0;-0.278625;0;0;0.0109979;0;0;-1.87814;0;0;0.007377;0;0;0.783653;0.999988;-0.00369323;-0.003188;0.999919;-0.0121652;-0.00364313;0.999732;-0.0230893;-0.00148874;0.999477;-0.0231371;-0.0225895;73.9918;-0.0763141;-0.0962818;0;0;-0.116337;73.9073;0.012149;-0.788684;0;0;-0.278625;73.6524;-1.13219;-1.87928;0;0;-1.87814;73.9293;-0.143028;0.0233714;0;0;0.783653;787;766;740;1583;1583;961;1000;1000;549;1000;1000;791;1;1;1;1;
74;75;0;0;0.0440241;0;0;-0.0723126;0;0;-0.088818;0;0;-0.367443;0;0;-0.0937889;0;0;-1.97193;0;0;0.00401249;0;0;0.787666;0.999535;-0.0249969;-0.0174573;0.998982;0.0215065;-0.0396565;0.998093;0.0555161;0.0269956;0.9998;-0.0177538;0.00919441;74.9913;-0.102573;-0.113739;0;0;-0.0723126;74.9064;0.0272486;-0.82834;0;0;-0.367443;74.6518;-1.11105;-1.85229;0;0;-1.97193;74.9293;-0.147036;0.0325658;0;0;0.787666;830;812;750;1538;1538;947;1000;1000;570;1000;1000;790;1;1;1;1;
75;76;0;0;-0.0146978;0;0;-0.0870104;0;0;0.0235683;0;0;-0.343874;0;0;0.0719125;0;0;-1.90001;0;0;-0.0297732;0;0;0.757893;0.999914;0.0130929;-0.000466733;0.999899;-0.0125215;0.00670886;0.997212;-0.0263043;-0.0698298;0.999788;-0.00282681;0.0203925;75.9913;-0.0909981;-0.114206;0;0;-0.0870104;75.9062;0.00872622;-0.821631;0;0;-0.343874;75.6476;-1.1704;-1.92212;0;0;-1.90001;75.929;-0.136638;0.0529583;0;0;0.757893;816;795;745;1554;1554;886;1000;1000;576;1000;1000;787;1;1;1;1;
76;77;0;0;-0.0171401;0;0;-0.10415;0;0;-0.0527024;0;0;-0.396577;0;0;-0.0195792;0;0;-1.91959;0;0;0.167439;0;0;0.925332;0.999937;0.00947085;-0.00594289;0.999826;0.0175087;-0.00643128;0.999846;0.015665;-0.00791191;0.996135;-0.0809097;-0.0341843;76.9912;-0.0833449;-0.120149;0;0;-0.10415;76.9061;0.0193142;-0.828062;0;0;-0.396577;76.6474;-1.18824;-1.93003;0;0;-1.91959;76.9263;-0.201451;0.018774;0;0;0.925332;817;793;738;1562;1562;881;1000;1000;541;1000;1000;770;1;1;1;1;
77;78;0;0;-0.0227324;0;0;-0.126883;0;0;0.0278274;0;0;-0.368749;0;0;0.0320434;0;0;-1.88755;0;0;-0.00985974;0;0;0.915472;0.999838;0.0179784;0.000783172;0.998614;-0.0340633;-0.0401344;0.997975;-0.0109241;0.0626631;0.999114;-0.00196043;-0.0420515;77.9911;-0.0675807;-0.119366;0;0;-0.126883;77.9045;-0.0211752;-0.868197;0;0;-0.368749;77.6445;-1.23203;-1.86737;0;0;-1.88755;77.9253;-0.187448;-0.0232775;0;0;0.915472;824;805;715;1612;1612;981;1000;1000;547;1000;1000;754;1;1;1;1;
78;79;0;0;0.000674008;0;0;-0.126209;0;0;-0.0491809;0;0;-0.41793;0;0;-0.00952858;0;0;-1.89708;0;0;0.0327425;0;0;0.948215;0.999973;-0.00729607;-0.000959752;0.998926;0.0343392;0.0310972;0.999413;0.00366908;-0.03405;0.999719;-0.0212337;-0.0105088;78.9911;-0.0770795;-0.120325;0;0;-0.126209;78.9036;0.00587665;-0.8371;0;0;-0.41793;78.6435;-1.26145;-1.90142;0;0;-1.89708;78.9253;-0.192134;-0.0337863;0;0;0.948215;824;796;717;1588;1588;877;1000;1000;537;1000;1000;754;1;1;1;1;
79;80;0;0;0.0341481;0;0;-0.0920608;0;0;-0.00816769;0;0;-0.426098;0;0;-0.101943;0;0;-1.99902;0;0;0.0289543;0;0;0.977169;0.99981;-0.0186314;-0.00566691;0.999881;-0.0135878;-0.00728367;0.997612;0.0512823;-0.0462578;0.998848;-0.0475235;-0.00667477;79.9908;-0.0973173;-0.125992;0;0;-0.0920608;79.9034;-0.0151466;-0.844383;0;0;-0.426098;79.6423;-1.245;-1.94767;0;0;-1.99902;79.9248;-0.222617;-0.0404611;0;0;0.977169;813;777;695;1541;1541;875;1000;1000;549;1000;1000;764;1;1;1;1;
80;81;0;0;0.00889;0;0;-0.0831708;0;0;-0.0491594;0;0;-0.475257;0;0;0.0324169;0;0;-1.96661;0;0;0.0650587;0;0;1.04223;0.999956;-0.0071774;-0.00603662;0.999939;0.00418144;-0.0102298;0.999459;-0.0117535;0.0307167;0.999614;-0.0276921;-0.00213024;80.9908;-0.105946;-0.132029;0;0;-0.0831708;80.9033;-0.0192595;-0.854613;0;0;-0.475257;80.6407;-1.29104;-1.91696;0;0;-1.96661;80.9247;-0.232122;-0.0425913;0;0;1.04223;801;759;680;1499;1499;853;1000;1000;546;1000;1000;773;1;1;1;1;
81;82;0;0;0.026959;0;0;-0.0562119;0;0;0.0291978;0;0;-0.446059;0;0;0.0231933;0;0;-1.94341;0;0;0.114319;0;0;1.15655;0.999848;-0.016184;-0.00654427;0.999688;-0.0185077;-0.0167815;0.999939;-0.00785048;-0.00777925;0.997538;-0.0687092;-0.0140551;81.9906;-0.123111;-0.138573;0;0;-0.0562119;81.9028;-0.0455493;-0.871395;0;0;-0.446059;81.6398;-1.3328;-1.92474;0;0;-1.94341;81.9235;-0.280683;-0.0566464;0;0;1.15655;778;742;678;1483;1483;860;1000;1000;540;1000;1000;743;1;1;1;1;
82;83;0;0;0.00534577;0;0;-0.0508661;0;0;-0.0743543;0;0;-0.520414;0;0;0.0528022;0;0;-1.89061;0;0;-0.00413637;0;0;1.15241;0.999952;-0.00637553;-0.00749785;0.997264;0.0654667;-0.0343401;0.999779;-0.0203494;-0.00532261;0.999799;-0.00725355;-0.0186719;82.9906;-0.130374;-0.146071;0;0;-0.0508661;82.9007;0.0108567;-0.905735;0;0;-0.520414;82.6384;-1.38612;-1.93006;0;0;-1.89061;82.9232;-0.267827;-0.0753184;0;0;1.15241;772;746;693;1464;1464;873;1000;1000;577;1000;1000;767;1;1;1;1;
83;84;0;0;0.00353767;0;0;-0.0473284;0;0;-0.0645963;0;0;-0.58501;0;0;-0.00030459;0;0;-1.89091;0;0;-0.00784629;0;0;1.14456;0.999965;-0.00468339;0.00693995;0.999556;0.0246047;0.0168072;0.996712;-0.0430662;-0.0686351;0.999883;-0.0139811;0.00617649;83.9905;-0.135884;-0.139131;0;0;-0.0473284;83.9004;0.0252545;-0.888928;0;0;-0.58501;83.6331;-1.46205;-1.99869;0;0;-1.89091;83.9232;-0.261832;-0.0691419;0;0;1.14456;753;723;683;1454;1454;869;1000;1000;578;1000;1000;773;1;1;1;1;
84;85;0;0;-0.00382267;0;0;-0.0511511;0;0;-0.0950468;0;0;-0.680057;0;0;0.0220341;0;0;-1.86888;0;0;0.0835583;0;0;1.22812;0.999995;0.00247544;-0.00208405;0.99764;0.0670724;-0.0147065;0.998599;0.0220621;-0.0480982;0.997168;-0.0650334;0.0377753;84.9905;-0.134301;-0.141215;0;0;-0.0511511;84.8988;0.0804813;-0.903634;0;0;-0.680057;84.6319;-1.47257;-2.04679;0;0;-1.86888;84.9215;-0.305478;-0.0313666;0;0;1.22812;749;717;674;1533;1533;924;1000;1000;573;1000;1000;794;1;1;1;1;
85;86;0;0;0.003708;0;0;-0.0474431;0;0;0.0787427;0;0;-0.601314;0;0;0.0273576;0;0;-1.84152;0;0;-0.0325527;0;0;1.19557;0.999985;-0.00361877;0.00400775;0.999308;-0.0343418;0.014279;0.995745;-0.0408889;0.0825837;0.999841;-0.0052699;0.0170375;85.9905;-0.138748;-0.137207;0;0;-0.0474431;85.8977;0.035654;-0.889355;0;0;-0.601314;85.6258;-1.54543;-1.96421;0;0;-1.84152;85.9212;-0.289885;-0.0143291;0;0;1.19557;775;751;716;1626;1626;913;1000;1000;558;1000;1000;790;1;1;1;1;
86;87;0;0;0.0322545;0;0;-0.0151886;0;0;0.0178981;0;0;-0.583416;0;0;0.105915;0;0;-1.73561;0;0;0.00699691;0;0;1.20257;0.999656;-0.0198406;-0.0171249;0.999655;0.0147299;0.0217534;0.995048;-0.0864557;-0.0490397;0.999268;0.0195651;0.0328775;86.9901;-0.158853;-0.154332;0;0;-0.0151886;86.8974;0.0402043;-0.867602;0;0;-0.583416;86.6178;-1.66199;-2.01325;0;0;-1.73561;86.9199;-0.249353;0.0185484;0;0;1.20257;819;798;736;1635;1635;949;1000;1000;581;1000;1000;784;1;1;1;1;
87;88;0;0;0.00539655;0;0;-0.00979204;0;0;-0.0216786;0;0;-0.605095;0;0;-0.0428619;0;0;-1.77847;0;0;-0.0265755;0;0;1.17599;0.999988;-0.00342783;0.00347266;0.999518;0.0152977;0.026997;0.999128;0.0241769;-0.0340482;0.999085;0.000708513;0.0427583;87.9901;-0.162452;-0.15086;0;0;-0.00979204;87.897;0.0449455;-0.840605;0;0;-0.605095;87.6172;-1.66883;-2.0473;0;0;-1.77847;87.9187;-0.228139;0.0613067;0;0;1.17599;826;787;731;1661;1661;963;1000;1000;575;1000;1000;778;1;1;1;1;
88;89;0;0;-0.00859336;0;0;-0.0183854;0;0;0.0218576;0;0;-0.583237;0;0;-0.0398881;0;0;-1.81836;0;0;-0.00228701;0;0;1.1737;0.999868;0.0126336;0.0102071;0.999891;0.0145968;-0.00229894;0.997642;0.00275782;-0.0685835;0.999516;0.00783617;-0.030115;88.99;-0.150139;-0.140652;0;0;-0.0183854;88.897;0.0493635;-0.842904;0;0;-0.583237;88.6144;-1.69773;-2.11588;0;0;-1.81836;88.9179;-0.199831;0.0311917;0;0;1.1737;794;761;710;1696;1696;1004;1000;1000;580;1000;1000;801;1;1;1;1;
89;90;0;0;0.0611867;0;0;0.0428013;0;0;-0.274716;0;0;-0.857953;0;0;-0.0274137;0;0;-1.84577;0;0;0.029049;0;0;1.20275;0.99927;-0.0312212;-0.0220094;0.995969;0.0624345;-0.0644102;0.999648;0.00956536;-0.024756;0.99804;-0.0145705;-0.0608516;89.9893;-0.180614;-0.162662;0;0;0.0428013;89.8938;0.0968778;-0.907314;0;0;-0.857953;89.6139;-1.72037;-2.14064;0;0;-1.84577;89.916;-0.193449;-0.0296599;0;0;1.20275;820;790;727;1676;1676;1009;1000;1000;579;1000;1000;787;1;1;1;1;
90;91;0;0;-0.0266033;0;0;0.016198;0;0;-0.0125532;0;0;-0.870506;0;0;0.0992068;0;0;-1.74656;0;0;-0.115343;0;0;1.08741;0.999725;0.0228032;0.00551743;0.999915;-0.00892002;-0.0095018;0.998326;-0.054708;-0.0187926;0.998055;0.062246;0.00329824;90.989;-0.157528;-0.157144;0;0;0.016198;90.8935;0.0727675;-0.916816;0;0;-0.870506;90.6101;-1.80548;-2.15943;0;0;-1.74656;90.9127;-0.112274;-0.0263617;0;0;1.08741;796;769;723;1612;1612;950;1000;1000;587;1000;1000;784;1;1;1;1;
91;92;0;0;0.0170948;0;0;0.0332928;0;0;0.180831;0;0;-0.689675;0;0;0.091419;0;0;-1.65515;0;0;0.0119559;0;0;1.09937;0.99995;-0.00879177;0.00478653;0.99605;-0.0544153;-0.0701598;0.998995;-0.0448051;-0.00129125;0.999813;0;-0.0193214;91.989;-0.165739;-0.152358;0;0;0.0332928;91.8888;0.00636691;-0.986975;0;0;-0.689675;91.6073;-1.87912;-2.16072;0;0;-1.65515;91.9123;-0.0930564;-0.045683;0;0;1.09937;817;783;738;1641;1641;1033;1000;1000;567;1000;1000;779;1;1;1;1;
92;93;0;0;0.00940723;0;0;0.0427001;0;0;-0.0413113;0;0;-0.730987;0;0;0.163462;0;0;-1.49168;0;0;0.0548754;0;0;1.15424;0.999975;-0.0014166;-0.00689814;0.99982;0.0015474;0.0188992;0.995927;-0.0858271;-0.0276215;0.999754;-0.0220267;-0.00246147;92.9889;-0.16641;-0.159256;0;0;0.0427001;92.8886;-0.0048413;-0.968076;0;0;-0.730987;92.6007;-1.99084;-2.18834;0;0;-1.49168;92.9123;-0.0949397;-0.0481445;0;0;1.15424;838;811;760;1699;1699;1018;1000;1000;547;1000;1000;801;1;1;1;1;
93;94;0;0;0.0267428;0;0;0.0694428;0;0;0.0949897;0;0;-0.635997;0;0;0.176517;0;0;-1.31517;0;0;-0.0122445;0;0;1.142;0.999936;-0.00989349;-0.00546587;0.99718;-0.00853426;-0.0745541;0.993018;-0.110556;-0.0411428;0.999696;0.0229475;-0.00896746;93.9889;-0.175092;-0.164722;0;0;0.0694428;93.8856;-0.0244438;-1.04263;0;0;-0.635997;93.5909;-2.12416;-2.22948;0;0;-1.31517;93.9114;-0.0520725;-0.057112;0;0;1.142;826;806;751;1765;1765;1067;1000;1000;590;1000;1000;802;1;1;1;1;
94;95;0;0;0.00434444;0;0;0.0737873;0;0;0.115023;0;0;-0.520974;0;0;-0.025082;0;0;-1.34025;0;0;0.0601751;0;0;1.20217;0.99997;-0.00197523;-0.00746603;0.998794;-0.0473934;-0.0127842;0.999339;-0.0300272;-0.0205117;0.999472;-0.0324417;0.0017601;94.9889;-0.175779;-0.172188;0;0;0.0737873;94.8839;-0.0809168;-1.05541;0;0;-0.520974;94.5893;-2.17755;-2.24999;0;0;-1.34025;94.9113;-0.0635378;-0.0553519;0;0;1.20217;866;831;785;1706;1706;1001;1000;1000;546;1000;1000;782;1;1;1;1;
95;96;0;0;0.00438773;0;0;0.078175;0;0;0.0477513;0;0;-0.473222;0;0;-0.0894013;0;0;-1.42965;0;0;-0.00334947;0;0;1.19882;0.999978;-0.00151529;0.0064672;0.997937;-0.0325127;-0.0553594;0.997063;0.0750253;-0.0154128;0.999867;0.00881287;0.0137259;95.9888;-0.17593;-0.165721;0;0;0.078175;95.8816;-0.121671;-1.11077;0;0;-0.473222;95.5879;-2.12743;-2.26541;0;0;-1.42965;95.9108;-0.0338078;-0.0416259;0;0;1.19882;824;806;725;1686;1686;1008;1000;1000;584;1000;1000;786;1;1;1;1;
96;97;0;0;0.0097754;0;0;0.0879504;0;0;-0.0147752;0;0;-0.487997;0;0;0.107056;0;0;-1.32259;0;0;-0.0569834;0;0;1.14184;0.999903;-0.00100733;0.0139249;0.99942;0.0279802;0.0193977;0.998281;-0.0524835;-0.0261006;0.999462;0.0320827;0.00680274;96.9888;-0.175403;-0.151796;0;0;0.0879504;96.8812;-0.102203;-1.09138;0;0;-0.487997;96.5847;-2.20294;-2.29151;0;0;-1.32259;96.9094;0.0181853;-0.0348232;0;0;1.14184;807;773;706;1635;1635;938;1001;1001;590;1000;1000;777;1;1;1;1;
97;98;0;0;0.00245461;0;0;0.090405;0;0;0.0497507;0;0;-0.438247;0;0;-0.0929993;0;0;-1.41559;0;0;-0.0358677;0;0;1.10597;0.999962;-0.00204559;0.00848508;0.999894;-0.0126808;0.00715689;0.996343;0.0643728;0.0561881;0.999794;0.0189304;0.0073365;97.9887;-0.17587;-0.143311;0;0;0.090405;97.8809;-0.122532;-1.08422;0;0;-0.438247;97.5823;-2.1632;-2.23532;0;0;-1.41559;97.9086;0.0564098;-0.0274867;0;0;1.10597;794;758;685;1588;1588;940;1000;1000;565;1000;1000;777;1;1;1;1;
98;99;0;0;-0.0275486;0;0;0.0628564;0;0;0.159867;0;0;-0.278379;0;0;0.211069;0;0;-1.20452;0;0;0.00179346;0;0;1.10776;0.999875;0.0146313;0.00595218;0.991044;-0.104097;0.0836364;0.992087;-0.119673;0.0379661;0.999611;0.0121653;0.025106;98.9886;-0.160142;-0.137358;0;0;0.0628564;98.8715;-0.231443;-1.00058;0;0;-0.278379;98.5717;-2.3037;-2.19735;0;0;-1.20452;98.9078;0.0878983;-0.00238072;0;0;1.10776;784;760;685;1588;1588;936;1001;1001;562;1000;1000;787;1;1;1;1;
99;100;0;0;-0.0192208;0;0;0.0436356;0;0;0.023174;0;0;-0.255205;0;0;0.141502;0;0;-1.06302;0;0;0.0256019;0;0;1.13337;0.999848;0.0159814;0.00700172;0.998667;-0.00960124;-0.0507181;0.996483;-0.0685654;-0.0481677;0.999434;-0.0320182;0.0103594;99.9884;-0.143399;-0.130357;0;0;0.0436356;99.8701;-0.245492;-1.0513;0;0;-0.255205;99.5667;-2.39074;-2.24552;0;0;-1.06302;99.9077;0.0756548;0.00797871;0;0;1.13337;807;787;709;1632;1632;923;1000;1000;579;1000;1000;786;1;1;1;1;
100;101;0;0;-0.0111947;0;0;0.0324409;0;0;-0.0317212;0;0;-0.286926;0;0;0.0384275;0;0;-1.02459;0;0;-0.0880697;0;0;1.0453;0.999779;0.0192617;0.00842731;0.999341;0.0234915;-0.0276769;0.999545;-0.0273792;-0.012686;0.998843;0.0458255;-0.0145794;100.988;-0.123572;-0.121929;0;0;0.0324409;100.87;-0.227005;-1.07898;0;0;-0.286926;100.566;-2.43599;-2.25821;0;0;-1.02459;100.906;0.139694;-0.00660069;0;0;1.0453;834;807;714;1536;1536;900;1000;1000;564;1000;1000;773;1;1;1;1;
101;102;0;0;0.000781707;0;0;0.0332226;0;0;-0.296292;0;0;-0.583219;0;0;0.0320367;0;0;-0.992557;0;0;0.0103886;0;0;1.05569;0.999969;0.000968887;0.00777142;0.989531;0.126234;-0.0699598;0.999957;-0.00895893;-0.00250388;0.999754;0.00344302;-0.0218919;101.988;-0.122023;-0.114158;0;0;0.0332226;101.86;-0.11085;-1.14894;0;0;-0.583219;101.565;-2.46227;-2.26071;0;0;-0.992557;101.905;0.161556;-0.0284926;0;0;1.05569;800;758;697;1521;1521;906;1000;1000;572;1000;1000;787;1;1;1;1;
102;103;0;0;-0.0229104;0;0;0.0103122;0;0;0.0432037;0;0;-0.540015;0;0;0.130201;0;0;-0.862356;0;0;-0.0383781;0;0;1.01731;0.999784;0.0137413;0.0156157;0.99962;-0.00523993;-0.027072;0.997618;-0.066722;0.0175056;0.999466;0.0302728;-0.0123139;102.988;-0.108102;-0.0985423;0;0;0.0103122;102.86;-0.125511;-1.17601;0;0;-0.540015;102.562;-2.544;-2.24321;0;0;-0.862356;102.904;0.209569;-0.0408065;0;0;1.01731;824;782;711;1486;1486;877;1000;1000;559;1000;1000;813;1;1;1;1;
103;104;0;0;-0.00694334;0;0;0.00336887;0;0;-0.0400358;0;0;-0.580051;0;0;-0.00382213;0;0;-0.866179;0;0;0.139048;0;0;1.15636;0.999858;0.0127054;0.0110741;0.999849;0.0158886;0.00700721;0.999711;-0.012712;0.0204221;0.9952;-0.0811294;0.0547352;103.988;-0.0953375;-0.0874682;0;0;0.00336887;103.86;-0.119746;-1.169;0;0;-0.580051;103.561;-2.57182;-2.22278;0;0;-0.866179;103.9;0.148541;0.0139287;0;0;1.15636;792;762;686;1468;1468;861;1000;1000;557;1000;1000;794;1;1;1;1;
104;105;0;0;0.0239341;0;0;0.0273029;0;0;0.0344304;0;0;-0.54562;0;0;-0.0847246;0;0;-0.950903;0;0;0.0599054;0;0;1.21626;0.999838;-0.0164411;-0.00734613;0.999973;-0.00701443;0.00231781;0.999344;0.0328713;-0.0152214;0.998449;-0.0344378;0.0437427;104.988;-0.111302;-0.0948143;0;0;0.0273029;104.86;-0.136282;-1.16668;0;0;-0.54562;104.561;-2.55554;-2.23801;0;0;-0.950903;104.899;0.135304;0.0576714;0;0;1.21626;790;757;696;1457;1457;873;1000;1000;541;1000;1000;799;1;1;1;1;
105;106;0;0;0.0117892;0;0;0.0390921;0;0;0.0434888;0;0;-0.502132;0;0;-0.23453;0;0;-1.18543;0;0;0.00279173;0;0;1.21905;0.999989;-0.00444829;-0.00120255;0.999397;-0.0319282;-0.0136243;0.987338;0.141075;-0.0725388;0.998543;0.00162626;-0.0539438;105.988;-0.115068;-0.0960168;0;0;0.0390921;105.859;-0.176968;-1.18031;0;0;-0.502132;105.551;-2.43492;-2.31054;0;0;-1.18543;105.898;0.158173;0.00372766;0;0;1.21905;796;763;704;1479;1479;852;1000;1000;582;1000;1000;785;1;1;1;1;
106;107;0;0;0.0204299;0;0;0.0595221;0;0;0.219322;0;0;-0.28281;0;0;-0.0525944;0;0;-1.23803;0;0;0.0181306;0;0;1.23718;0.999836;-0.01471;-0.0106073;0.988674;-0.137621;-0.0598636;0.99685;0.0159216;-0.0776922;0.999578;0.011404;0.0267287;106.987;-0.128739;-0.106624;0;0;0.0595221;106.847;-0.319467;-1.24017;0;0;-0.28281;106.548;-2.44054;-2.38824;0;0;-1.23803;106.897;0.191157;0.0304564;0;0;1.23718;769;752;702;1476;1476;898;1000;1000;566;1000;1000;788;1;1;1;1;
107;108;0;0;0.0367687;0;0;0.0962908;0;0;0.0487096;0;0;-0.234101;0;0;0.0778455;0;0;-1.16018;0;0;0.0519511;0;0;1.28913;0.999706;-0.024;0.00342556;0.998169;-0.0464962;-0.0386968;0.996451;-0.070276;-0.0463301;0.998475;-0.035285;0.0424551;107.987;-0.151059;-0.103199;0;0;0.0962908;107.845;-0.370041;-1.27887;0;0;-0.234101;107.543;-2.53098;-2.43457;0;0;-1.16018;107.896;0.178344;0.0729115;0;0;1.28913;799;756;702;1460;1460;886;1000;1000;556;1000;1000;798;1;1;1;1;
108;109;0;0;-0.00417251;0;0;0.0921182;0;0;0.087256;0;0;-0.146845;0;0;-0.0156765;0;0;-1.17586;0;0;-0.0644242;0;0;1.22471;0.999969;0.00416132;-0.0066836;0.999115;-0.0419626;0.00272004;0.999917;0.00770342;-0.0103108;0.998674;0.0157132;-0.0490184;108.987;-0.14529;-0.109882;0;0;0.0921182;108.844;-0.414565;-1.27615;0;0;-0.146845;108.543;-2.5438;-2.44488;0;0;-1.17586;108.894;0.215399;0.0238931;0;0;1.22471;746;722;675;1472;1472;871;1000;1000;540;1000;1000;778;1;1;1;1;
109;110;0;0;-0.0017378;0;0;0.0903804;0;0;0.00252709;0;0;-0.144318;0;0;-0.0265842;0;0;-1.20244;0;0;0.0124675;0;0;1.23718;0.999917;0.0104193;-0.00763015;0.999873;-0.00591451;0.0148058;0.999144;0.00648746;-0.0408468;0.999799;0.0149822;-0.0133562;109.987;-0.133294;-0.117512;0;0;0.0903804;109.844;-0.422997;-1.26134;0;0;-0.144318;109.542;-2.55828;-2.48572;0;0;-1.20244;109.893;0.251965;0.0105369;0;0;1.23718;727;705;657;1501;1501;876;1001;1001;563;1000;1000;777;1;1;1;1;
110;111;0;0;-0.00385312;0;0;0.0865273;0;0;0.0254544;0;0;-0.118863;0;0;-0.0283164;0;0;-1.23076;0;0;0.103636;0;0;1.34081;0.999975;0.00582009;0.00408563;0.999888;0.0138828;-0.0055968;0.998673;0.0156573;-0.0490668;0.996511;-0.0720185;0.0421744;110.987;-0.125964;-0.113427;0;0;0.0865273;110.843;-0.411189;-1.26694;0;0;-0.118863;110.54;-2.56407;-2.53479;0;0;-1.23076;110.891;0.203284;0.0527113;0;0;1.34081;736;712;669;1447;1447;861;1000;1000;564;1000;1000;737;1;1;1;1;
111;112;0;0;-0.0022235;0;0;0.0843038;0;0;0.0406273;0;0;-0.0782359;0;0;0.111935;0;0;-1.11882;0;0;0.029251;0;0;1.37006;0.999997;0.0022385;0;0.999529;-0.00191491;-0.0306294;0.995587;-0.0735934;-0.0582252;0.999485;-0.00928462;0.0307083;111.987;-0.122254;-0.113499;0;0;0.0843038;111.843;-0.414469;-1.29757;0;0;-0.0782359;111.534;-2.65709;-2.59302;0;0;-1.11882;111.89;0.217899;0.0834196;0;0;1.37006;703;679;632;1463;1463;866;1001;1001;576;1000;1000;760;1;1;1;1;
112;113;0;0;0.0409616;0;0;0.125265;0;0;0.150108;0;0;0.0718726;0;0;-0.068396;0;0;-1.18722;0;0;-0.0289066;0;0;1.34116;0.999686;-0.0245047;-0.00526724;0.994394;-0.0985665;-0.0382747;0.993798;0.0151854;-0.11016;0.999142;0.0400826;-0.0103966;112.987;-0.144573;-0.118767;0;0;0.125265;112.837;-0.511788;-1.33584;0;0;0.0718726;112.528;-2.6625;-2.70318;0;0;-1.18722;112.888;0.281356;0.073023;0;0;1.34116;705;682;641;1430;1430;875;1000;1000;568;1000;1000;771;1;1;1;1;
113;114;0;0;0.0181884;0;0;0.143454;0;0;0.0539364;0;0;0.125809;0;0;0.116359;0;0;-1.07086;0;0;0.0510583;0;0;1.39222;0.999865;-0.0164034;-0.00115204;0.999829;-0.016555;-0.00825141;0.991095;-0.0999542;-0.0879763;0.998143;-0.0542215;-0.0277669;113.987;-0.158473;-0.119919;0;0;0.143454;113.837;-0.526147;-1.3441;0;0;0.125809;113.517;-2.78096;-2.79115;0;0;-1.07086;113.888;0.251402;0.0452562;0;0;1.39222;674;647;582;1468;1468;878;1000;1000;613;1000;1000;780;1;1;1;1;
114;115;0;0;-0.0472141;0;0;0.0962398;0;0;0.0321248;0;0;0.157934;0;0;-0.157785;0;0;-1.22865;0;0;0.0217826;0;0;1.414;0.99965;0.0264192;0.00144601;0.998557;-0.0416107;-0.0339603;0.991647;0.103289;0.0772546;0.999598;-0.0120901;-0.0256288;114.986;-0.130374;-0.118473;0;0;0.0962398;114.836;-0.565005;-1.37806;0;0;0.157934;114.511;-2.69896;-2.7139;0;0;-1.22865;114.887;0.263982;0.0196274;0;0;1.414;723;702;643;1441;1441;889;1000;1000;562;1000;1000;776;1;1;1;1;
115;116;0;0;-0.0318487;0;0;0.0643911;0;0;-0.0161561;0;0;0.141778;0;0;-0.0616254;0;0;-1.29027;0;0;-0.0231849;0;0;1.39081;0.999564;0.0190854;-0.0225214;0.999734;0.0200207;0.0114929;0.998283;0.0265753;-0.0521994;0.999977;0.00259188;0.00623373;115.986;-0.110166;-0.140994;0;0;0.0643911;115.836;-0.542511;-1.36656;0;0;0.141778;115.51;-2.69487;-2.7661;0;0;-1.29027;115.887;0.290845;0.0258611;0;0;1.39081;757;736;668;1542;1542;887;1000;1000;574;1000;1000;770;1;1;1;1;
116;117;0;0;0.00262229;0;0;0.0670134;0;0;0.070848;0;0;0.212626;0;0;0.27409;0;0;-1.01618;0;0;0.0146422;0;0;1.40546;0.999992;0.00325819;-0.00234538;0.99889;-0.0338127;-0.0328066;0.991316;-0.110041;-0.0720007;0.999844;0.00358018;-0.0172785;116.986;-0.105738;-0.143339;0;0;0.0670134;116.835;-0.572617;-1.39937;0;0;0.212626;116.499;-2.82247;-2.8381;0;0;-1.01618;116.886;0.318947;0.00858258;0;0;1.40546;775;740;684;1578;1578;920;1000;1000;560;1000;1000;767;1;1;1;1;
117;118;0;0;0.00952119;0;0;0.0765346;0;0;0.15395;0;0;0.366576;0;0;0.271057;0;0;-0.745125;0;0;-0.0305861;0;0;1.37487;0.999965;-0.00830718;-0.000368232;0.99427;-0.10382;-0.0254508;0.992159;-0.110379;-0.0586335;0.999857;0.00337676;0.0165562;117.986;-0.112709;-0.143708;0;0;0.0765346;117.83;-0.670073;-1.42482;0;0;0.366576;117.489;-2.94575;-2.89673;0;0;-0.745125;117.886;0.346313;0.0251388;0;0;1.37487;825;799;727;1616;1616;966;1000;1000;571;1000;1000;783;1;1;1;1;
118;119;0;0;-0.038975;0;0;0.0375595;0;0;-0.00802326;0;0;0.358553;0;0;-0.121796;0;0;-0.86692;0;0;-0.0522755;0;0;1.32259;0.999754;0.0206982;-0.0079421;0.999056;0.00199619;-0.0433882;0.99792;0.0644591;0.000663696;0.996782;0.0309213;0.0739526;118.986;-0.0913558;-0.15165;0;0;0.0375595;118.829;-0.661825;-1.46821;0;0;0.358553;118.488;-2.89639;-2.89607;0;0;-0.86692;118.882;0.400234;0.0990914;0;0;1.32259;793;765;682;1608;1608;955;1000;1000;541;1000;1000;785;1;1;1;1;
119;120;0;0;0.00434613;0;0;0.0419057;0;0;-0.24166;0;0;0.116892;0;0;-0.143234;0;0;-1.01015;0;0;0.0253105;0;0;1.3479;0.999992;-0.00362584;0.00152761;0.992714;0.110102;-0.0489524;0.995753;0.075512;-0.0526616;0.999233;-0.0148543;-0.0362276;119.986;-0.0942502;-0.150122;0;0;0.0419057;119.821;-0.549698;-1.51716;0;0;0.116892;119.485;-2.83845;-2.94873;0;0;-1.01015;119.881;0.408889;0.0628638;0;0;1.3479;804;764;699;1644;1644;947;1000;1000;547;1000;1000;802;1;1;1;1;
120;121;0;0;-0.0268509;0;0;0.0150548;0;0;-0.052806;0;0;0.0640862;0;0;0.225832;0;0;-0.784322;0;0;0.144346;0;0;1.49225;0.999772;0.0192778;0.00914233;0.996761;0.0654611;-0.0467209;0.993962;-0.105931;-0.02862;0.996364;-0.0759814;-0.0385376;120.985;-0.0747097;-0.14098;0;0;0.0150548;120.818;-0.483122;-1.56388;0;0;0.0640862;120.478;-2.95798;-2.97735;0;0;-0.784322;120.879;0.35888;0.0243262;0;0;1.49225;847;817;766;1692;1692;978;1000;1000;560;1000;1000;796;1;1;1;1;
121;122;0;0;-0.00265927;0;0;0.0123955;0;0;0.0348915;0;0;0.0989777;0;0;-0.0400196;0;0;-0.824342;0;0;-0.00715705;0;0;1.48509;0.999969;-0.00641503;0.00457217;0.999514;-0.0304436;0.00663959;0.991598;0.0359561;-0.124261;0.999179;0.00596663;0.0400727;121.985;-0.0809084;-0.136408;0;0;0.0123955;121.817;-0.511839;-1.55724;0;0;0.0989777;121.47;-2.93629;-3.10161;0;0;-0.824342;121.878;0.39074;0.0643989;0;0;1.48509;879;862;808;1720;1720;1014;1000;1000;561;1000;1000;779;1;1;1;1;
122;123;0;0;-0.016891;0;0;-0.00449553;0;0;0.0554016;0;0;0.154379;0;0;-0.0340011;0;0;-0.858343;0;0;-0.106103;0;0;1.37899;0.999815;0.0148479;0.0122233;0.997292;0.0220715;-0.0701548;0.999614;0.0260539;-0.00967964;0.99934;0.0252211;-0.0261565;122.985;-0.066139;-0.124184;0;0;-0.00449553;122.815;-0.487081;-1.6274;0;0;0.154379;122.47;-2.92521;-3.11129;0;0;-0.858343;122.876;0.440004;0.0382424;0;0;1.37899;949;922;846;1827;1827;1084;1000;1000;557;1000;1000;790;1;1;1;1;
123;124;0;0;0.0230802;0;0;0.0185847;0;0;0.00344766;0;0;0.157827;0;0;-0.0721206;0;0;-0.930464;0;0;-0.0597682;0;0;1.31922;0.999863;-0.0160227;0.00416612;0.999214;0.021366;-0.0333791;0.999126;0.0363543;0.0206529;0.999638;0.0168932;0.0209298;123.985;-0.0818374;-0.120018;0;0;0.0185847;123.814;-0.462962;-1.66078;0;0;0.157827;123.469;-2.90509;-3.09064;0;0;-0.930464;123.875;0.479907;0.0591722;0;0;1.31922;943;866;803;1819;1819;1060;1001;1001;554;1000;1000;779;1;1;1;1;
124;125;0;0;0.0204145;0;0;0.0389992;0;0;-0.155481;0;0;0.00234579;0;0;-0.067549;0;0;-0.998013;0;0;-0.0284234;0;0;1.2908;0.999817;-0.0146948;0.0122303;0.997662;0.0635499;-0.0251439;0.998986;0.0443638;0.00764158;0.99987;0.00757469;0.0142635;124.985;-0.0958516;-0.107788;0;0;0.0389992;124.811;-0.399372;-1.68592;0;0;0.00234579;124.469;-2.87813;-3.083;0;0;-0.998013;124.874;0.510003;0.0734356;0;0;1.2908;884;863;791;1752;1752;1049;1000;1000;577;1000;1000;789;1;1;1;1;
125;126;0;0;0.011093;0;0;0.0500922;0;0;0.13354;0;0;0.135886;0;0;-0.0594888;0;0;-1.0575;0;0;0.100697;0;0;1.3915;0.999898;-0.0140956;0.00210058;0.996911;-0.0714048;-0.0327187;0.995391;0.0491858;-0.0823266;0.996402;-0.0569075;-0.0628138;125.985;-0.109073;-0.105687;0;0;0.0500922;125.809;-0.468412;-1.71864;0;0;0.135886;125.465;-2.84732;-3.16532;0;0;-1.0575;125.872;0.477309;0.0106219;0;0;1.3915;879;853;801;1805;1805;1086;1000;1000;566;1000;1000;798;1;1;1;1;
126;127;0;0;-0.0376919;0;0;0.0124003;0;0;-0.198881;0;0;-0.0629943;0;0;-0.123265;0;0;-1.18077;0;0;0.0382879;0;0;1.42978;0.999769;0.0214715;-0.00113861;0.997198;0.0704774;-0.025097;0.997956;0.0616427;0.0168564;0.999324;-0.020371;-0.0305998;126.984;-0.0873852;-0.106826;0;0;0.0124003;126.806;-0.399031;-1.74374;0;0;-0.0629943;126.464;-2.80626;-3.14847;0;0;-1.18077;126.871;0.481879;-0.019978;0;0;1.42978;863;845;795;1822;1822;1099;1000;1000;571;1000;1000;775;1;1;1;1;
127;128;0;0;-0.00180021;0;0;0.0106001;0;0;-0.0720895;0;0;-0.135084;0;0;0.132501;0;0;-1.04827;0;0;0.0344218;0;0;1.46421;0.99996;-0.000386191;0.00889664;0.999392;0.0347629;0.00261582;0.998986;-0.0434628;-0.0117085;0.999453;-0.0175078;0.0280537;127.984;-0.0875863;-0.0979293;0;0;0.0106001;127.805;-0.366624;-1.74112;0;0;-0.135084;127.462;-2.86799;-3.16017;0;0;-1.04827;127.871;0.489916;0.00807578;0;0;1.46421;904;884;806;1774;1774;1045;1000;1000;569;1000;1000;792;1;1;1;1;
128;129;0;0;0.0166214;0;0;0.0272215;0;0;-0.121826;0;0;-0.25691;0;0;-0.177886;0;0;-1.22615;0;0;0.0469126;0;0;1.51112;0.999801;-0.0160219;0.0118686;0.998629;0.0510701;-0.0114531;0.994938;0.0967153;-0.0272986;0.999839;-0.0109128;0.0142487;128.984;-0.103133;-0.0860606;0;0;0.0272215;128.804;-0.320032;-1.75257;0;0;-0.25691;128.459;-2.79259;-3.18747;0;0;-1.22615;128.871;0.505373;0.0223244;0;0;1.51112;895;857;791;1747;1747;1036;1000;1000;568;1000;1000;797;1;1;1;1;
129;130;0;0;-0.0139634;0;0;0.0132582;0;0;-0.077905;0;0;-0.334815;0;0;-0.128939;0;0;-1.35509;0;0;0.0134102;0;0;1.52453;0.999868;0.0121917;-0.0106991;0.999976;0.00667816;0.00188196;0.995656;0.0735299;0.0571216;0.999911;-0.0109461;-0.00762968;129.984;-0.0907102;-0.0967598;0;0;0.0132582;129.804;-0.319198;-1.75069;0;0;-0.334815;129.456;-2.74262;-3.13035;0;0;-1.35509;129.871;0.521034;0.0146948;0;0;1.52453;856;838;787;1731;1731;1065;1000;1000;556;1000;1000;792;1;1;1;1;
130;131;0;0;-0.0183684;0;0;-0.00511024;0;0;-0.0744333;0;0;-0.409248;0;0;-0.0641867;0;0;-1.41928;0;0;-0.0320233;0;0;1.49251;0.999953;0.00912335;-0.00331396;0.99926;0.0347441;0.0164904;0.997453;0.0225892;-0.0676534;0.99969;0.0189213;0.0161848;130.984;-0.0816761;-0.100074;0;0;-0.00511024;130.804;-0.291592;-1.7342;0;0;-0.409248;130.453;-2.74475;-3.198;0;0;-1.41928;130.869;0.565987;0.0308795;0;0;1.49251;848;822;777;1718;1718;1025;1000;1000;563;1000;1000;796;1;1;1;1;
131;132;0;0;-0.0216108;0;0;-0.026721;0;0;-0.0493301;0;0;-0.458578;0;0;-0.138087;0;0;-1.55736;0;0;-0.00706934;0;0;1.48544;0.999971;0.0075652;0.00126823;0.998753;0.0319549;-0.0383605;0.994321;0.0732688;-0.0771831;0.999825;0.0186851;0.000646101;131.984;-0.0745772;-0.0988055;0;0;-0.026721;131.803;-0.267632;-1.77256;0;0;-0.458578;131.449;-2.69853;-3.27519;0;0;-1.55736;131.868;0.610584;0.0315256;0;0;1.48544;850;833;783;1682;1682;1031;1000;1000;580;1000;1000;791;1;1;1;1;
132;133;0;0;-0.00856377;0;0;-0.0352848;0;0;-0.0545632;0;0;-0.513141;0;0;-0.00710702;0;0;-1.56447;0;0;0.123513;0;0;1.60895;0.999963;0.00288387;-0.00809504;0.999367;0.00395896;0.0353509;0.999885;0.0146981;0.00364382;0.997047;-0.0683709;-0.0349738;132.984;-0.0723092;-0.106901;0;0;-0.0352848;132.802;-0.272623;-1.73721;0;0;-0.513141;132.449;-2.71114;-3.27154;0;0;-1.56447;132.867;0.570235;-0.00344817;0;0;1.60895;805;783;743;1663;1663;1014;1000;1000;562;1000;1000;796;1;1;1;1;
133;134;0;0;0.00358739;0;0;-0.0316974;0;0;0.0502194;0;0;-0.462922;0;0;-0.0269014;0;0;-1.59137;0;0;0.0834996;0;0;1.69245;0.999988;-0.00319842;-0.00366033;0.999012;-0.0414862;0.0159337;0.997961;0.020533;-0.0604352;0.999734;-0.0211911;-0.00914253;133.984;-0.0760608;-0.110561;0;0;-0.0316974;133.801;-0.322179;-1.72128;0;0;-0.462922;133.447;-2.71833;-3.33198;0;0;-1.59137;133.867;0.57858;-0.0125907;0;0;1.69245;895;871;842;1672;1672;1032;1000;1000;535;1000;1000;796;1;1;1;1;
134;135;0;0;-0.000685582;0;0;-0.032383;0;0;0.339771;0;0;-0.12315;0;0;-0.0959702;0;0;-1.68734;0;0;-0.0350618;0;0;1.65739;0.999974;0;0.00727627;0.976906;-0.210581;-0.0361877;0.997221;0.04704;-0.0577779;0.999742;0.0226922;0.000907661;134.984;-0.076533;-0.103285;0;0;-0.032383;134.777;-0.53486;-1.75746;0;0;-0.12315;134.446;-2.70067;-3.38976;0;0;-1.68734;134.866;0.630178;-0.011683;0;0;1.65739;907;871;822;1770;1770;1096;1000;1000;556;1000;1000;773;1;1;1;1;
135;136;0;0;-0.00892919;0;0;-0.0413122;0;0;0.00909159;0;0;-0.114059;0;0;0.0967911;0;0;-1.59055;0;0;-0.0155174;0;0;1.64187;0.999978;0.000503704;-0.00661214;0.999839;0.0079424;-0.0160869;0.997626;-0.032784;0.0605627;0.999931;0;0.0117692;135.984;-0.0767503;-0.109897;0;0;-0.0413122;135.777;-0.528908;-1.77355;0;0;-0.114059;135.442;-2.76113;-3.32919;0;0;-1.59055;135.865;0.658784;0;0;0;1.64187;876;845;787;1706;1706;1008;1000;1000;555;1000;1000;761;1;1;1;1;
136;137;0;0;0.0102735;0;0;-0.0310387;0;0;-0.00462261;0;0;-0.118681;0;0;0.023541;0;0;-1.56701;0;0;0.0471723;0;0;1.68904;0.999914;-0.0105397;-0.00781948;0.999984;0.00386422;-0.00418611;0.999674;-0.0103678;-0.0233214;0.998645;-0.0420246;0.030687;136.984;-0.0878317;-0.117716;0;0;-0.0310387;136.777;-0.527115;-1.77774;0;0;-0.118681;136.441;-2.79883;-3.35252;0;0;-1.56701;136.865;0.646213;0.030687;0;0;1.68904;855;829;773;1656;1656;980;1000;1000;572;1000;1000;779;1;1;1;1;
137;138;0;0;-0.00806046;0;0;-0.0390991;0;0;-0.0436097;0;0;-0.162291;0;0;-0.0881897;0;0;-1.6552;0;0;0.133889;0;0;1.82293;0.999993;0.00306113;0.00226292;0.999663;0.0219577;0.0138251;0.998834;0.0300914;0.0377442;0.991118;-0.119381;0.0585884;137.984;-0.085453;-0.115453;0;0;-0.0390991;137.777;-0.507989;-1.76391;0;0;-0.162291;137.44;-2.7976;-3.31477;0;0;-1.6552;137.859;0.558421;0.0892754;0;0;1.82293;851;811;763;1619;1619;928;1000;1000;557;1000;1000;762;1;1;1;1;
138;139;0;0;0.0100216;0;0;-0.0290775;0;0;-0.0315537;0;0;-0.193845;0;0;0.0117214;0;0;-1.64348;0;0;-0.127217;0;0;1.69571;0.999995;0.00321548;0;0.999927;0.011628;-0.00324007;0.999804;0.00161189;0.0197228;0.996993;0.075771;-0.0162637;138.984;-0.082745;-0.115495;0;0;-0.0290775;138.777;-0.499744;-1.76715;0;0;-0.193845;138.44;-2.82467;-3.29505;0;0;-1.64348;138.853;0.663662;0.0730117;0;0;1.69571;868;845;791;1590;1590;920;1001;1001;577;1000;1000;788;1;1;1;1;
139;140;0;0;-0.00186858;0;0;-0.0309461;0;0;-0.0300906;0;0;-0.223935;0;0;0.12549;0;0;-1.51799;0;0;0.0478221;0;0;1.74354;0.999996;-0.00280753;-0.000360238;0.999653;0.0103621;-0.0241972;0.998468;-0.0109896;-0.0542326;0.999466;-0.0296902;0.0136402;139.984;-0.0860926;-0.115855;0;0;-0.0309461;139.776;-0.493289;-1.79135;0;0;-0.223935;139.438;-2.8621;-3.34928;0;0;-1.51799;139.853;0.664395;0.0866519;0;0;1.74354;848;811;760;1613;1613;965;1000;1000;553;1000;1000;798;1;1;1;1;
140;141;0;0;0.0161972;0;0;-0.0147489;0;0;0.012185;0;0;-0.21175;0;0;-0.0360042;0;0;-1.55399;0;0;0.108871;0;0;1.85241;0.999924;-0.0116785;0.00402635;0.999983;-0.00289848;-0.00514196;0.999954;0.000829392;0.00953583;0.996928;-0.0712265;0.0325718;140.984;-0.0980286;-0.111829;0;0;-0.0147489;140.776;-0.499883;-1.79649;0;0;-0.21175;140.437;-2.88839;-3.33975;0;0;-1.55399;140.852;0.625431;0.119224;0;0;1.85241;817;795;762;1587;1587;961;1000;1000;563;1000;1000;809;1;1;1;1;
141;142;0;0;-0.0144567;0;0;-0.0292056;0;0;0.0873235;0;0;-0.124427;0;0;0.0479515;0;0;-1.50604;0;0;0.0953945;0;0;1.9478;0.999984;0.00458321;0.00329201;0.99663;-0.0393908;-0.071957;0.995782;0.0118576;-0.0909812;0.998663;-0.051539;0.00409251;141.984;-0.0939551;-0.108537;0;0;-0.0292056;141.773;-0.541438;-1.86845;0;0;-0.124427;141.433;-2.90271;-3.43073;0;0;-1.50604;141.852;0.607865;0.123316;0;0;1.9478;828;791;755;1594;1594;1013;1000;1000;568;1000;1000;808;1;1;1;1;
142;143;0;0;0.0132644;0;0;-0.0159412;0;0;0.0635658;0;0;-0.0608612;0;0;0.0765429;0;0;-1.4295;0;0;0.0316982;0;0;1.9795;0.99996;-0.00889635;0.00015186;0.998393;-0.0540632;0.0170054;0.999416;-0.0171876;-0.0295496;0.999808;-0.00655983;-0.0184747;142.984;-0.10313;-0.108385;0;0;-0.0159412;142.771;-0.596562;-1.85144;0;0;-0.0608612;142.432;-2.94482;-3.46028;0;0;-1.4295;142.851;0.635845;0.104841;0;0;1.9795;839;823;796;1664;1664;1013;1000;1000;562;1000;1000;827;1;1;1;1;
143;144;0;0;0.00615571;0;0;-0.00978551;0;0;-0.0827548;0;0;-0.143616;0;0;0.152102;0;0;-1.2774;0;0;-0.0743369;0;0;1.90516;0.999952;-0.00386562;-0.00897161;0.995885;0.0750701;-0.0507715;0.993193;-0.0826557;-0.0820741;0.999307;0.0320295;-0.0189825;143.984;-0.107166;-0.117357;0;0;-0.00978551;143.767;-0.523988;-1.90221;0;0;-0.143616;143.423;-3.0496;-3.54235;0;0;-1.2774;143.849;0.701079;0.085859;0;0;1.90516;858;842;799;1704;1704;1045;1001;1001;562;1000;1000;806;1;1;1;1;
144;145;0;0;0.0100488;0;0;0.00026325;0;0;0.0341871;0;0;-0.109429;0;0;0.111253;0;0;-1.16614;0;0;0.0301587;0;0;1.93532;0.999983;-0.00144302;-0.00557776;0.998423;-0.05585;0.00564671;0.996126;-0.0828749;-0.0294131;0.997239;-0.0157371;0.0725728;144.984;-0.108604;-0.122934;0;0;0.00026325;144.765;-0.581745;-1.89657;0;0;-0.109429;144.417;-3.15273;-3.57176;0;0;-1.16614;144.846;0.719029;0.158432;0;0;1.93532;911;888;849;1738;1738;1036;1000;1000;591;1000;1000;815;1;1;1;1;
145;146;0;0;-0.000562882;0;0;-0.000299633;0;0;-0.0861998;0;0;-0.195629;0;0;-0.00936481;0;0;-1.17551;0;0;-0.0416994;0;0;1.89362;0.999966;-0.00799444;-0.0018499;0.997601;0.0530327;-0.0444843;0.999293;0.008471;0.0366299;0.999634;0.0235351;0.0133312;145.984;-0.116604;-0.124784;0;0;-0.000299633;145.763;-0.532119;-1.94105;0;0;-0.195629;145.416;-3.16476;-3.53513;0;0;-1.17551;145.844;0.775583;0.171763;0;0;1.89362;892;868;818;1719;1719;1072;1000;1000;572;1000;1000;796;1;1;1;1;
146;147;0;0;0.00220195;0;0;0.00190232;0;0;0.119235;0;0;-0.076394;0;0;-0.140934;0;0;-1.31644;0;0;0.011654;0;0;1.90528;0.999996;-0.00180765;0.00214016;0.997865;-0.0101771;-0.0645049;0.983716;0.0691378;0.165901;0.99985;-0.0157886;0.00712662;146.984;-0.118379;-0.122644;0;0;0.00190232;146.761;-0.543626;-2.00556;0;0;-0.076394;146.401;-3.11824;-3.36923;0;0;-1.31644;146.844;0.793045;0.178889;0;0;1.90528;901;876;841;1771;1771;1063;1001;1001;574;1000;1000;802;1;1;1;1;
147;148;0;0;0.0131186;0;0;0.0150209;0;0;0.0362392;0;0;-0.0401547;0;0;-0.145404;0;0;-1.46185;0;0;-0.0823966;0;0;1.82288;0.999924;-0.011159;-0.00521395;0.999634;-0.0118169;-0.0243243;0.991827;0.107339;-0.0689815;0.996301;0.0808332;-0.0291542;147.983;-0.129275;-0.127858;0;0;0.0150209;147.761;-0.556144;-2.02988;0;0;-0.0401547;147.395;-3.03624;-3.43821;0;0;-1.46185;147.838;0.90553;0.149735;0;0;1.82288;924;890;846;1797;1797;1035;1001;1001;591;1000;1000;790;1;1;1;1;
148;149;0;0;0.00970038;0;0;0.0247213;0;0;0.0388086;0;0;-0.00134617;0;0;0.0128785;0;0;-1.44897;0;0;-0.0191383;0;0;1.80374;0.999862;-0.0120188;-0.0114391;0.999886;0.00405211;0.0145575;0.999761;-0.0198954;0.00903888;0.999635;0.0237672;-0.0128295;148.983;-0.140863;-0.139297;0;0;0.0247213;148.761;-0.552115;-2.01532;0;0;-0.00134617;148.394;-3.08141;-3.42917;0;0;-1.44897;148.836;0.96075;0.136906;0;0;1.80374;911;870;835;1811;1811;1104;1000;1000;594;1000;1000;810;1;1;1;1;
149;150;0;0;-0.0339225;0;0;-0.00920126;0;0;-0.0238717;0;0;-0.0252179;0;0;-0.0289726;0;0;-1.47794;0;0;-0.0109728;0;0;1.79277;0.999804;0.0197401;-0.00151437;0.999805;0.00936072;0.0174141;0.999313;0.0181914;0.0322968;0.999871;-0.00392075;-0.0155676;149.983;-0.121283;-0.140812;0;0;-0.00920126;149.76;-0.543194;-1.99791;0;0;-0.0252179;149.394;-3.089;-3.39688;0;0;-1.47794;149.835;0.988111;0.121338;0;0;1.79277;851;830;778;1816;1816;1066;1000;1000;599;1000;1000;798;1;1;1;1;
150;151;0;0;-0.00546573;0;0;-0.014667;0;0;-0.0147634;0;0;-0.0399813;0;0;0.0727949;0;0;-1.40514;0;0;-0.0611768;0;0;1.73159;0.99993;0.00293631;-0.0114542;0.996733;0.00990253;-0.080152;0.997987;-0.0535158;0.0340198;0.998664;0.0394395;-0.0333746;150.983;-0.118603;-0.152266;0;0;-0.014667;150.757;-0.533987;-2.07806;0;0;-0.0399813;150.39;-3.16697;-3.36286;0;0;-1.40514;150.832;1.05771;0.0879636;0;0;1.73159;837;815;772;1785;1785;1080;1000;1000;575;1000;1000;816;1;1;1;1;
151;152;0;0;-0.00772991;0;0;-0.0223969;0;0;0.0822811;0;0;0.0422999;0;0;-0.0793066;0;0;-1.48445;0;0;0.0697542;0;0;1.80134;0.999985;0.00550558;0.000728168;0.991166;-0.103761;-0.082606;0.998498;0.0439013;-0.0327716;0.999375;-0.0349723;0.0051845;151.983;-0.113488;-0.151538;0;0;-0.0223969;151.748;-0.637017;-2.16067;0;0;0.0422999;151.39;-3.14895;-3.39563;0;0;-1.48445;151.832;1.05417;0.0931481;0;0;1.80134;861;845;783;1804;1804;1086;1000;1000;568;1000;1000;779;1;1;1;1;
152;153;0;0;-0.0162879;0;0;-0.0386848;0;0;0.0439154;0;0;0.0862153;0;0;-0.116947;0;0;-1.6014;0;0;0.0446086;0;0;1.84595;0.999971;0.00129045;-0.00754264;0.999683;-0.0251426;0.00108215;0.998429;0.0552333;-0.00941007;0.999678;-0.0132526;0.021633;152.983;-0.112873;-0.15908;0;0;-0.0386848;152.748;-0.660655;-2.15959;0;0;0.0862153;152.389;-3.12164;-3.40504;0;0;-1.6014;152.832;1.07313;0.114781;0;0;1.84595;858;821;784;1805;1805;1088;1000;1000;570;1000;1000;797;1;1;1;1;
153;154;0;0;0.0293552;0;0;-0.00932964;0;0;-0.159169;0;0;-0.0729541;0;0;0.185113;0;0;-1.41628;0;0;0.00490402;0;0;1.85086;0.999656;-0.0262131;-0.00118746;0.990145;0.139955;0.0050504;0.99267;-0.120602;-0.0078022;0.999865;0.0161167;-0.00307217;153.983;-0.139249;-0.160268;0;0;-0.00932964;153.738;-0.52196;-2.15454;0;0;-0.0729541;153.379;-3.26674;-3.41284;0;0;-1.41628;153.831;1.12153;0.111709;0;0;1.85086;856;842;795;1833;1833;1091;1000;1000;596;1000;1000;790;1;1;1;1;
154;155;0;0;0.0179918;0;0;0.00866214;0;0;-0.0354619;0;0;-0.108416;0;0;-0.0729821;0;0;-1.48927;0;0;-0.0117189;0;0;1.83914;0.999881;-0.0133076;0.00774203;0.9998;0.0163259;0.0115707;0.99932;0.0152818;-0.0335627;0.998877;0.0251092;-0.040168;154.983;-0.152405;-0.152526;0;0;0.00866214;154.738;-0.507526;-2.14296;0;0;-0.108416;154.378;-3.27744;-3.4464;0;0;-1.48927;154.828;1.17868;0.071541;0;0;1.83914;870;845;790;1749;1749;994;1000;1000;573;1000;1000;791;1;1;1;1;
155;156;0;0;-0.0261515;0;0;-0.0174893;0;0;-0.0281625;0;0;-0.136579;0;0;-0.122728;0;0;-1.61199;0;0;-0.0679448;0;0;1.77119;0.999867;0.0128596;-0.0100362;0.999555;0.00948272;-0.0282771;0.997643;0.0639203;-0.0249539;0.998531;0.0524642;-0.0135146;155.982;-0.139851;-0.162562;0;0;-0.0174893;155.738;-0.500426;-2.17124;0;0;-0.136579;155.377;-3.24161;-3.47136;0;0;-1.61199;155.825;1.26198;0.0580264;0;0;1.77119;866;834;798;1681;1681;1001;1000;1000;603;1000;1000;803;1;1;1;1;
156;157;0;0;0.0211449;0;0;0.00365554;0;0;-0.168884;0;0;-0.305462;0;0;-0.0559556;0;0;-1.66795;0;0;0.0301523;0;0;1.80135;0.999953;-0.00873415;0.0040963;0.99487;0.100471;0.0117683;0.997241;0.0622991;-0.0403755;0.998674;-0.0281613;0.0431018;156.982;-0.148521;-0.158466;0;0;0.00365554;156.733;-0.405261;-2.15947;0;0;-0.305462;156.376;-3.20836;-3.51173;0;0;-1.66795;156.824;1.26523;0.101128;0;0;1.80135;857;834;797;1691;1691;992;1000;1000;593;1000;1000;804;1;1;1;1;
157;158;0;0;0.00295357;0;0;0.0066091;0;0;-0.121425;0;0;-0.426888;0;0;0.0227267;0;0;-1.64522;0;0;0.0823238;0;0;1.88367;0.999989;-0.00310363;0.00361114;0.999168;0.0273669;-0.0302292;0.998024;-0.0184078;0.0600712;0.99944;-0.0334552;0.000625638;157.982;-0.15151;-0.154854;0;0;0.0066091;157.733;-0.385339;-2.1897;0;0;-0.426888;157.373;-3.25542;-3.45166;0;0;-1.64522;157.824;1.26464;0.101754;0;0;1.88367;836;813;771;1693;1693;1015;1000;1000;570;1000;1000;788;1;1;1;1;
158;159;0;0;-0.00728806;0;0;-0.000678956;0;0;-0.0474622;0;0;-0.47435;0;0;0.17944;0;0;-1.46578;0;0;-0.0749753;0;0;1.80869;0.999921;0.0107724;0.00649263;0.999347;0.0297622;0.0204706;0.991314;-0.111638;-0.0695191;0.999284;0.0282668;-0.025145;158.982;-0.140749;-0.148362;0;0;-0.000678956;158.732;-0.363852;-2.16923;0;0;-0.47435;158.361;-3.39238;-3.52118;0;0;-1.46578;158.822;1.32444;0.0766089;0;0;1.80869;855;831;782;1690;1690;1009;1000;1000;589;1000;1000;803;1;1;1;1;
159;160;0;0;0.0193739;0;0;0.018695;0;0;-0.0327715;0;0;-0.507122;0;0;0.00245771;0;0;-1.46333;0;0;0.0684441;0;0;1.87714;0.999956;-0.00861151;0.00381153;0.998767;0.0156666;0.0471133;0.999657;-0.00271211;-0.0260538;0.998213;-0.0499521;0.0327913;159.982;-0.149034;-0.14455;0;0;0.018695;159.731;-0.357026;-2.12212;0;0;-0.507122;159.36;-3.42062;-3.54724;0;0;-1.46333;159.821;1.30721;0.1094;0;0;1.87714;851;827;792;1741;1741;1033;1000;1000;566;1000;1000;806;1;1;1;1;
160;161;0;0;0.0252549;0;0;0.0439499;0;0;0.0295013;0;0;-0.47762;0;0;0.0605442;0;0;-1.40278;0;0;-0.195684;0;0;1.68145;0.999875;-0.0141167;0.00706122;0.997412;-0.0449783;-0.0560859;0.997672;-0.0383159;-0.0564093;0.990553;0.129197;0.0459749;160.982;-0.162384;-0.137489;0;0;0.0439499;160.728;-0.410317;-2.1782;0;0;-0.47762;160.356;-3.48334;-3.60365;0;0;-1.40278;160.807;1.46542;0.155375;0;0;1.68145;871;844;808;1731;1731;1079;1000;1000;577;1000;1000;814;1;1;1;1;
161;162;0;0;0.0352948;0;0;0.0792447;0;0;0.152319;0;0;-0.325301;0;0;-0.0186611;0;0;-1.42144;0;0;0.01842;0;0;1.69987;0.999729;-0.0219398;-0.00784279;0.997595;-0.0679728;0.0135826;0.998372;0.000550308;-0.0570291;0.999955;0.00664997;-0.00677213;161.982;-0.182941;-0.145332;0;0;0.0792447;161.725;-0.483952;-2.16462;0;0;-0.325301;161.355;-3.50756;-3.66067;0;0;-1.42144;161.807;1.50173;0.148603;0;0;1.69987;838;821;780;1750;1750;1095;1001;1001;581;1000;1000;823;1;1;1;1;
162;163;0;0;-0.00999033;0;0;0.0692543;0;0;-0.0100597;0;0;-0.335361;0;0;0.020892;0;0;-1.40055;0;0;-0.115834;0;0;1.58404;0.999984;0.0055549;-0.00119501;0.999806;0.0189675;-0.00532394;0.999037;-0.0181638;-0.039951;0.99688;0.0728128;-0.0304798;162.982;-0.176177;-0.146527;0;0;0.0692543;162.725;-0.470837;-2.16995;0;0;-0.335361;162.353;-3.55014;-3.70063;0;0;-1.40055;162.801;1.60207;0.118123;0;0;1.58404;818;798;755;1754;1754;1059;1000;1000;599;1000;1000;787;1;1;1;1;
163;164;0;0;0.0187075;0;0;0.0879619;0;0;0.167533;0;0;-0.167828;0;0;0.045997;0;0;-1.35455;0;0;0.011557;0;0;1.5956;0.999971;-0.00438417;-0.00629496;0.994031;-0.0924597;-0.0579032;0.997387;-0.0406069;-0.0597591;0.999721;0.00891719;-0.0218581;163.982;-0.179026;-0.152822;0;0;0.0879619;163.719;-0.566208;-2.22785;0;0;-0.167828;163.349;-3.61431;-3.76038;0;0;-1.35455;163.8;1.63882;0.0962652;0;0;1.5956;831;800;764;1786;1786;1088;1000;1000;610;1000;1000;823;1;1;1;1;
164;165;0;0;0.00582859;0;0;0.0937904;0;0;0.017064;0;0;-0.150764;0;0;-0.0388482;0;0;-1.3934;0;0;-0.044681;0;0;1.55092;0.999977;-0.00649209;-0.00198972;0.999448;0.00374815;-0.0330063;0.998827;0.018652;-0.0446929;0.999756;0.0166251;-0.0145634;164.982;-0.183882;-0.154811;0;0;0.0937904;164.718;-0.56509;-2.26086;0;0;-0.150764;164.348;-3.61995;-3.80508;0;0;-1.3934;164.799;1.6825;0.0817018;0;0;1.55092;811;789;756;1696;1696;1108;1000;1000;579;1000;1000;804;1;1;1;1;
165;166;0;0;0.0123163;0;0;0.106107;0;0;0.167565;0;0;0.0168009;0;0;0.0097887;0;0;-1.38361;0;0;0.11051;0;0;1.66143;0.999889;-0.0140524;0.00496531;0.996764;-0.0772883;-0.022113;0.998852;-0.00922223;-0.0470103;0.999614;-0.0227512;-0.0159208;165.982;-0.196082;-0.149846;0;0;0.106107;165.715;-0.642086;-2.28297;0;0;0.0168009;165.346;-3.65329;-3.85209;0;0;-1.38361;165.799;1.68874;0.065781;0;0;1.66143;822;787;746;1725;1725;1067;1000;1000;586;1000;1000;826;1;1;1;1;
166;167;0;0;-0.00595989;0;0;0.100147;0;0;-0.0356907;0;0;-0.0188897;0;0;0.00120902;0;0;-1.3824;0;0;0.148877;0;0;1.8103;0.999986;0.00113218;-0.00525179;0.999768;0.0190152;0.0101669;0.999679;0.00928675;-0.0235821;0.996514;-0.0813706;-0.0184163;166.982;-0.193202;-0.155098;0;0;0.100147;166.715;-0.6234;-2.2728;0;0;-0.0188897;166.346;-3.66812;-3.87567;0;0;-1.3824;166.798;1.63889;0.0473647;0;0;1.8103;790;770;722;1693;1693;996;1000;1000;603;1000;1000;835;1;1;1;1;
167;168;0;0;-0.0282799;0;0;0.0718669;0;0;0.0633014;0;0;0.0444116;0;0;0.00123569;0;0;-1.38117;0;0;-0.0131268;0;0;1.79718;0.999913;0.0131825;0;0.997941;-0.0459937;-0.044701;0.998881;-0.00637144;0.0468527;0.999605;0.0025098;0.0279941;167.982;-0.178766;-0.155086;0;0;0.0718669;167.713;-0.66862;-2.3175;0;0;0.0444116;167.344;-3.69857;-3.82882;0;0;-1.38117;167.797;1.67274;0.0753588;0;0;1.79718;792;774;732;1718;1718;1037;1000;1000;571;1000;1000;816;1;1;1;1;
168;169;0;0;-0.0386176;0;0;0.0332494;0;0;0.0758408;0;0;0.120252;0;0;0.416339;0;0;-0.96483;0;0;-0.108543;0;0;1.68863;0.999704;0.0223859;0.00949194;0.998488;-0.0491587;-0.0246126;0.981393;-0.186037;-0.0475136;0.99927;0.0365314;0.0111433;168.981;-0.155799;-0.145594;0;0;0.0332494;168.711;-0.715683;-2.34212;0;0;0.120252;168.323;-3.90111;-3.87633;0;0;-0.96483;168.794;1.73871;0.0865021;0;0;1.68863;797;772;733;1603;1603;969;1000;1000;581;1000;1000;812;1;1;1;1;
169;170;0;0;-0.0408544;0;0;-0.00760504;0;0;0.0176492;0;0;0.137902;0;0;-0.0527849;0;0;-1.01762;0;0;0.0129901;0;0;1.70162;0.999571;0.027265;0.0106683;0.999397;0.0115867;0.0327347;0.997638;0.0198732;-0.065754;0.999853;-0.0171013;-0.00118585;169.981;-0.128667;-0.134926;0;0;-0.00760504;169.711;-0.701691;-2.30938;0;0;0.137902;169.32;-3.89895;-3.94208;0;0;-1.01762;169.794;1.7513;0.0853163;0;0;1.70162;792;767;707;1588;1588;932;1000;1000;588;1000;1000;791;1;1;1;1;
170;171;0;0;-0.00305187;0;0;-0.0106569;0;0;-0.00273614;0;0;0.135166;0;0;-0.296108;0;0;-1.31372;0;0;-0.0258172;0;0;1.67581;0.999935;0.00849041;-0.00761803;0.99941;0.0115709;0.0323455;0.990457;0.131878;-0.0400326;0.999395;0.0248739;-0.024296;170.981;-0.120363;-0.142544;0;0;-0.0106569;170.71;-0.687763;-2.27703;0;0;0.135166;170.314;-3.78982;-3.98212;0;0;-1.31372;170.793;1.80539;0.0610203;0;0;1.67581;757;729;691;1522;1522;902;1000;1000;574;1000;1000;786;1;1;1;1;
171;172;0;0;-0.0144191;0;0;-0.025076;0;0;0.0928625;0;0;0.228028;0;0;0.0515362;0;0;-1.26219;0;0;0.00834343;0;0;1.68415;0.999978;0.00319851;-0.00585863;0.999575;-0.0290137;-0.00283434;0.999578;-0.0285719;-0.00532981;0.99999;0.00308846;-0.00329589;171.981;-0.117602;-0.148403;0;0;-0.025076;171.71;-0.712798;-2.27987;0;0;0.228028;171.312;-3.8404;-3.98745;0;0;-1.26219;171.792;1.83787;0.0577244;0;0;1.68415;746;722;677;1526;1526;911;1000;1000;574;1000;1000;812;1;1;1;1;
172;173;0;0;-0.0080131;0;0;-0.0330891;0;0;-0.0938556;0;0;0.134172;0;0;0.00227835;0;0;-1.25991;0;0;-0.0675689;0;0;1.61658;0.999898;0.010108;-0.0101011;0.995704;0.0798154;-0.0469358;0.999183;0.0167757;0.0367578;0.999557;0.0283548;0.00903804;172.981;-0.108071;-0.158504;0;0;-0.0330891;172.705;-0.630651;-2.32681;0;0;0.134172;172.312;-3.8456;-3.95069;0;0;-1.25991;172.79;1.89441;0.0667625;0;0;1.61658;723;690;647;1510;1510;924;1000;1000;588;1000;1000;814;1;1;1;1;
173;174;0;0;-0.0128796;0;0;-0.0459687;0;0;0.0578396;0;0;0.192012;0;0;-0.116214;0;0;-1.37612;0;0;-0.101803;0;0;1.51478;0.999931;0.011335;0.00310651;0.999811;-0.0194306;-0.000194634;0.997921;0.0460805;-0.045068;0.998035;0.0507026;0.0368056;173.981;-0.0975385;-0.155397;0;0;-0.0459687;173.705;-0.646731;-2.327;0;0;0.192012;173.31;-3.8235;-3.99576;0;0;-1.37612;173.787;1.97148;0.103568;0;0;1.51478;715;691;654;1517;1517;953;1000;1000;583;1000;1000;812;1;1;1;1;
174;175;0;0;-0.00827597;0;0;-0.0542446;0;0;-0.0799522;0;0;0.11206;0;0;0.0793921;0;0;-1.29673;0;0;0.00743642;0;0;1.52221;0.999986;0.00456961;0.00278436;0.999664;0.0258542;0.00168164;0.999432;-0.0314988;-0.0119671;0.999814;-0.0161774;0.010543;174.981;-0.0939156;-0.152613;0;0;-0.0542446;174.705;-0.618922;-2.32532;0;0;0.11206;174.309;-3.87761;-4.00772;0;0;-1.29673;174.787;1.98187;0.114111;0;0;1.52221;731;713;676;1578;1578;951;1000;1000;558;1000;1000;809;1;1;1;1;
175;176;0;0;0.0100788;0;0;-0.0441659;0;0;-0.00484925;0;0;0.107211;0;0;0.0217659;0;0;-1.27496;0;0;-0.0871093;0;0;1.43511;0.999992;0.000859234;-0.00388489;0.999335;0.00266934;0.03636;0.999043;-0.0215482;0.0380634;0.999105;0.041504;-0.00810295;175.981;-0.0938272;-0.156498;0;0;-0.0441659;175.704;-0.614383;-2.28896;0;0;0.107211;175.307;-3.92138;-3.96966;0;0;-1.27496;175.784;2.04838;0.106008;0;0;1.43511;724;698;673;1615;1615;979;1000;1000;569;1000;1000;804;1;1;1;1;
176;177;0;0;-0.0504764;0;0;-0.0946423;0;0;0.123215;0;0;0.230426;0;0;-0.0454862;0;0;-1.32045;0;0;0.0100268;0;0;1.44513;0.999771;0.021088;0.00370087;0.998697;-0.0142032;-0.0490066;0.999408;0.0107875;0.0326692;0.999759;0.0158798;-0.0151616;176.98;-0.0743907;-0.152797;0;0;-0.0946423;176.703;-0.624569;-2.33796;0;0;0.230426;176.306;-3.93362;-3.93699;0;0;-1.32045;176.783;2.08947;0.0908465;0;0;1.44513;749;732;683;1646;1646;987;1000;1000;561;1000;1000;808;1;1;1;1;
177;178;0;0;0.0228728;0;0;-0.0717695;0;0;0.0327686;0;0;0.263194;0;0;-0.0932775;0;0;-1.41373;0;0;0.00313822;0;0;1.44827;0.999688;-0.0144688;-0.020374;0.999861;-0.0158687;0.00516649;0.996732;0.0610395;0.0529179;0.99957;-0.0118541;-0.0268223;177.98;-0.0901117;-0.173171;0;0;-0.0717695;177.703;-0.635845;-2.3328;0;0;0.263194;177.304;-3.89719;-3.88407;0;0;-1.41373;177.783;2.10288;0.0640242;0;0;1.44827;732;706;679;1586;1586;960;1000;1000;577;1000;1000;818;1;1;1;1;
178;179;0;0;-0.00808075;0;0;-0.0798502;0;0;0.08934;0;0;0.352534;0;0;0.177302;0;0;-1.23643;0;0;-0.0826023;0;0;1.36567;0.999997;0;-0.00256489;0.999187;-0.0391106;-0.00982117;0.997056;-0.069884;-0.0315657;0.998237;0.037136;-0.0462974;178.98;-0.091534;-0.175736;0;0;-0.0798502;178.702;-0.668807;-2.34262;0;0;0.352534;178.3;-3.98858;-3.91564;0;0;-1.23643;178.78;2.1638;0.0177268;0;0;1.36567;688;668;629;1586;1586;995;1000;1000;570;1000;1000;810;1;1;1;1;
179;180;0;0;0.0230566;0;0;-0.0567936;0;0;0.039478;0;0;0.392012;0;0;0.0391382;0;0;-1.19729;0;0;-0.0544056;0;0;1.31126;0.999948;-0.00979432;-0.0026664;0.998202;0.0071689;-0.0595057;0.99949;-0.0154327;0.0279491;0.999676;0.02459;0.00653683;179.98;-0.102319;-0.178402;0;0;-0.0567936;179.7;-0.654808;-2.40213;0;0;0.392012;179.299;-4.02489;-3.88769;0;0;-1.19729;179.779;2.21126;0.0242637;0;0;1.31126;703;681;655;1537;1537;950;1000;1000;554;1000;1000;791;1;1;1;1;
180;181;0;0;-0.0135856;0;0;-0.0703793;0;0;-0.239017;0;0;0.152996;0;0;0.0487991;0;0;-1.14849;0;0;-0.0887817;0;0;1.22248;0.999963;0.00607464;0.00606948;0.995697;0.0771875;-0.0512757;0.997922;-0.036299;0.0532407;0.999758;0.0184203;0.0120044;180.98;-0.0974731;-0.172333;0;0;-0.0703793;180.696;-0.574962;-2.4534;0;0;0.152996;180.296;-4.08118;-3.83445;0;0;-1.14849;180.778;2.251;0.0362681;0;0;1.22248;693;679;643;1522;1522;930;1000;1000;573;1000;1000;770;1;1;1;1;
181;182;0;0;-0.00561478;0;0;-0.075994;0;0;0.00293374;0;0;0.155929;0;0;0.0318898;0;0;-1.1166;0;0;0.00422296;0;0;1.2267;0.999943;0.00485903;-0.00954435;0.999947;-0.00953199;0.00394846;0.99944;-0.0235883;-0.0237328;0.998242;-0.0236131;0.054366;181.98;-0.0939404;-0.181877;0;0;-0.075994;181.696;-0.581773;-2.44945;0;0;0.155929;181.294;-4.12424;-3.85818;0;0;-1.1166;181.777;2.24877;0.0906341;0;0;1.2267;677;651;618;1437;1437;850;1000;1000;563;1000;1000;791;1;1;1;1;
182;183;0;0;-0.0131339;0;0;-0.089128;0;0;-0.105708;0;0;0.0502208;0;0;0.000878299;0;0;-1.11572;0;0;0.079431;0;0;1.30613;0.99996;0.00581821;-0.00680868;0.99928;0.0372425;0.00730149;0.999592;-0.0178869;0.0222572;0.99743;-0.0621852;0.0355914;182.98;-0.0896777;-0.188686;0;0;-0.089128;182.695;-0.543655;-2.44215;0;0;0.0502208;182.294;-4.16159;-3.83593;0;0;-1.11572;182.775;2.20933;0.126225;0;0;1.30613;671;646;597;1481;1481;858;1000;1000;539;1000;1000;762;1;1;1;1;
183;184;0;0;-0.00947167;0;0;-0.0985996;0;0;-0.0238644;0;0;0.0263564;0;0;-0.0270375;0;0;-1.14276;0;0;-0.0637314;0;0;1.2424;0.999984;0.00568145;0.000503446;0.998708;0.0345866;-0.0372173;0.999867;0.0158694;-0.00374306;0.999326;0.0348114;0.0116135;183.98;-0.0857171;-0.188182;0;0;-0.0985996;183.694;-0.508609;-2.47937;0;0;0.0263564;183.294;-4.16567;-3.83967;0;0;-1.14276;183.774;2.2658;0.137839;0;0;1.2424;672;657;606;1457;1457;851;1000;1000;571;1000;1000;753;1;1;1;1;
184;185;0;0;-0.0218479;0;0;-0.120448;0;0;-0.186283;0;0;-0.159926;0;0;0.076595;0;0;-1.06616;0;0;0.00118543;0;0;1.24359;0.999859;0.0165519;0.00272311;0.996323;0.0572428;-0.0637538;0.998534;-0.0514394;0.0168621;0.999558;-0.0171248;0.0242899;184.98;-0.0712671;-0.185459;0;0;-0.120448;184.69;-0.454147;-2.54312;0;0;-0.159926;184.291;-4.23568;-3.82281;0;0;-1.06616;184.773;2.27038;0.162129;0;0;1.24359;690;661;588;1440;1440;877;1000;1000;556;1000;1000;753;1;1;1;1;
185;186;0;0;0.0438599;0;0;-0.0765876;0;0;0.243361;0;0;0.0834348;0;0;0.112133;0;0;-0.954031;0;0;-0.0242639;0;0;1.21932;0.999853;-0.0128927;-0.0113418;0.990319;-0.138695;0.00560597;0.997303;-0.0586231;-0.0441654;0.998759;0.0435565;-0.0241532;185.98;-0.0854963;-0.196801;0;0;-0.0765876;185.681;-0.5914;-2.53752;0;0;0.0834348;185.287;-4.3109;-3.86697;0;0;-0.954031;185.771;2.33518;0.137976;0;0;1.21932;694;661;601;1443;1443;838;1000;1000;550;1000;1000;782;1;1;1;1;
186;187;0;0;-0.0290397;0;0;-0.105627;0;0;-0.0261795;0;0;0.0572552;0;0;-0.129258;0;0;-1.08329;0;0;-0.0268903;0;0;1.19243;0.999847;0.0131808;-0.0114726;0.999757;0.0185403;0.0119295;0.994536;0.0377331;-0.0973408;0.99985;0.013905;0.0103573;186.98;-0.0741588;-0.208274;0;0;-0.105627;186.681;-0.57186;-2.52559;0;0;0.0572552;186.282;-4.29197;-3.96431;0;0;-1.08329;186.77;2.36989;0.148333;0;0;1.19243;674;640;574;1396;1396;769;1000;1000;568;1000;1000;762;1;1;1;1;
187;188;0;0;0.00447372;0;0;-0.101154;0;0;-0.0430405;0;0;0.0142148;0;0;-0.018829;0;0;-1.10212;0;0;0.0515867;0;0;1.24402;0.999987;-0.00326726;0.00380233;0.99962;0.0259453;0.00929133;0.996848;-0.0476077;-0.0634569;0.999263;-0.0375617;-0.00787562;187.98;-0.0791914;-0.204471;0;0;-0.101154;187.68;-0.545667;-2.5163;0;0;0.0142148;187.278;-4.35875;-4.02777;0;0;-1.10212;187.77;2.35403;0.140457;0;0;1.24402;659;629;566;1335;1335;741;1000;1000;582;1000;1000;743;1;1;1;1;
188;189;0;0;-0.0336846;0;0;-0.134838;0;0;-0.0320207;0;0;-0.0178059;0;0;0.201118;0;0;-0.901;0;0;-0.0228032;0;0;1.22122;0.999971;0.00752586;0.000655829;0.999888;-0.0148936;0.00162759;0.994927;-0.1006;0.000386147;0.999758;-0.0138561;0.0170972;188.98;-0.0740189;-0.203816;0;0;-0.134838;188.68;-0.560871;-2.51467;0;0;-0.0178059;188.271;-4.47498;-4.02738;0;0;-0.901;188.77;2.36148;0.157554;0;0;1.22122;629;596;570;1271;1271;715;1000;1000;563;1000;1000;769;1;1;1;1;
189;190;0;0;0.0189093;0;0;-0.115929;0;0;0.00786843;0;0;-0.00993743;0;0;0.0680549;0;0;-0.832945;0;0;0.0611399;0;0;1.28236;0.999944;-0.0104115;-0.00187519;0.993529;-0.0936333;-0.0642953;0.997882;-0.0535814;0.0368754;0.999716;-0.0169256;-0.0167999;189.979;-0.0864536;-0.205691;0;0;-0.115929;189.674;-0.654677;-2.57896;0;0;-0.00993743;189.268;-4.54306;-3.99051;0;0;-0.832945;189.77;2.36693;0.140755;0;0;1.28236;611;589;546;1248;1248;763;1000;1000;598;1000;1000;788;1;1;1;1;
190;191;0;0;0.018382;0;0;-0.0975469;0;0;0.108355;0;0;0.0984171;0;0;0.0201435;0;0;-0.812801;0;0;0.0027984;0;0;1.28516;0.999956;0.000299891;0.00941442;0.996147;-0.0820104;-0.0310829;0.998779;-0.034797;-0.0350718;0.999809;-0.00908554;-0.01729;190.979;-0.0878562;-0.196276;0;0;-0.0975469;190.67;-0.734976;-2.61005;0;0;0.0984171;190.266;-4.59202;-4.02558;0;0;-0.812801;190.769;2.38027;0.123465;0;0;1.28516;626;598;551;1269;1269;722;1001;1001;586;1000;1000;751;1;1;1;1;
191;192;0;0;0.0109584;0;0;-0.0865885;0;0;0.351802;0;0;0.450219;0;0;-0.0394504;0;0;-0.852251;0;0;0.0143532;0;0;1.29951;0.999958;-0.00747305;-0.00535035;0.992096;-0.125393;-0.00463019;0.999249;0.0351109;0.0163891;0.999562;-0.0275033;0.0109157;191.979;-0.0968404;-0.201627;0;0;-0.0865885;191.663;-0.85257;-2.61468;0;0;0.450219;191.266;-4.57178;-4.00919;0;0;-0.852251;191.769;2.37545;0.13438;0;0;1.29951;646;620;568;1287;1287;770;1000;1000;573;1000;1000;773;1;1;1;1;
192;193;0;0;-0.018408;0;0;-0.104997;0;0;0.000479437;0;0;0.450699;0;0;0.0961304;0;0;-0.756121;0;0;-0.0333478;0;0;1.26616;0.999953;0.00910461;-0.00328725;0.999192;-0.0128772;-0.038084;0.996559;-0.0648756;0.0515954;0.999607;0.0279056;-0.0025322;192.979;-0.0895682;-0.204914;0;0;-0.104997;192.662;-0.857587;-2.65276;0;0;0.450699;192.262;-4.6498;-3.9576;0;0;-0.756121;192.768;2.42543;0.131848;0;0;1.26616;616;590;557;1376;1376;826;1000;1000;581;1000;1000;780;1;1;1;1;
193;194;0;0;-0.0107072;0;0;-0.115704;0;0;0.0944507;0;0;0.54515;0;0;-0.0202443;0;0;-0.776365;0;0;-0.079585;0;0;1.18658;0.999881;0.00953729;-0.0121313;0.99716;-0.0746592;-0.00986809;0.997569;0.0276295;-0.0639676;0.996885;0.0489829;0.0618214;193.979;-0.0820501;-0.217045;0;0;-0.115704;193.66;-0.922755;-2.66263;0;0;0.54515;193.259;-4.63569;-4.02156;0;0;-0.776365;193.764;2.49505;0.193669;0;0;1.18658;662;629;579;1402;1402;818;1000;1000;576;1000;1000;745;1;1;1;1;
194;195;0;0;0.000611589;0;0;-0.115092;0;0;-0.0527691;0;0;0.49238;0;0;0.0139816;0;0;-0.762384;0;0;0.0275524;0;0;1.21413;0.999878;-0.0001099;-0.0156302;0.998828;0.0376715;0.0303779;0.998417;-0.0211828;-0.0520951;0.999655;-0.0261653;-0.0020774;194.979;-0.0841685;-0.232675;0;0;-0.115092;194.658;-0.876502;-2.63225;0;0;0.49238;194.257;-4.67015;-4.07366;0;0;-0.762384;194.764;2.49007;0.191592;0;0;1.21413;647;613;569;1398;1398;831;1000;1000;584;1000;1000;800;1;1;1;1;
195;196;0;0;0.0254061;0;0;-0.089686;0;0;-0.103095;0;0;0.389285;0;0;-0.151181;0;0;-0.913565;0;0;-0.116987;0;0;1.09714;0.999925;-0.0122091;-0.00124826;0.999625;0.0217325;-0.01665;0.992213;0.0706213;0.102596;0.998661;0.0515924;0.00383352;195.979;-0.0979428;-0.233924;0;0;-0.089686;195.658;-0.847978;-2.6489;0;0;0.389285;195.251;-4.61536;-3.97106;0;0;-0.913565;195.761;2.56078;0.195426;0;0;1.09714;647;619;576;1402;1402;813;1000;1000;591;1000;1000;790;1;1;1;1;
196;197;0;0;0.0150992;0;0;-0.0745869;0;0;0.066507;0;0;0.455792;0;0;-0.0269631;0;0;-0.940528;0;0;0.00630623;0;0;1.10345;0.999979;0;0.00653494;0.999258;-0.0310483;-0.0227981;0.999718;0.0155149;-0.0179962;0.999441;0.0107393;-0.0316521;196.979;-0.0991517;-0.227389;0;0;-0.0745869;196.657;-0.871076;-2.6717;0;0;0.455792;196.251;-4.61626;-3.98906;0;0;-0.940528;196.76;2.59076;0.163773;0;0;1.10345;652;610;573;1348;1348;809;1000;1000;591;1000;1000;795;1;1;1;1;
197;198;0;0;-0.000579076;0;0;-0.0751659;0;0;-0.0394469;0;0;0.416345;0;0;0.196453;0;0;-0.744075;0;0;0.0606595;0;0;1.16411;0.999962;0.00207979;-0.00850919;0.998924;0.0332347;-0.0323616;0.994079;-0.101173;-0.0396348;0.999718;-0.0143715;0.0189115;197.979;-0.0983838;-0.235898;0;0;-0.0751659;197.656;-0.830584;-2.70406;0;0;0.416345;197.243;-4.73033;-4.02869;0;0;-0.744075;197.76;2.5967;0.182685;0;0;1.16411;662;630;582;1374;1374;812;1000;1000;621;1000;1000;801;1;1;1;1;
