length=;598;
t1;t2;x;y;z;roll;pitch;yaw;numCorners;numMatches;numInliers;estValid;
0;0.2;0.999995;0.00246788;-0.00202556;0;0;-0.00238161;1000;961;954;1;
0.2;0.4;0.999998;0.00193878;0.00027259;0;0;-0.00580253;1000;956;949;1;
0.4;0.6;0.999997;-0.00253379;-0.000232607;0;0;0.0115017;1000;960;955;1;
0.6;0.8;0.999999;-0.000647383;0.00153027;0;0;-0.00225927;1000;962;955;1;
0.8;1;0.999987;-0.00484188;-0.00171114;0;0;0.0144946;1000;950;942;1;
1;1.2;0.999848;-0.0172782;0.00217127;0;0;-0.0087425;1000;961;956;1;
1.2;1.4;0.999949;-0.0100432;-0.000494257;0;0;0.0125821;1000;965;963;1;
1.4;1.6;0.999998;-0.00158213;0.00105532;0;0;0.00481075;1000;973;967;1;
1.6;1.8;0.999996;0.000282863;0.00263685;0;0;-0.015216;1000;971;965;1;
1.8;2;0.999995;0.00275576;0.00149967;0;0;-0.00403318;1000;967;961;1;
2;2.2;0.999992;0.00337546;-0.00194242;0;0;0.000289036;1000;962;955;1;
2.2;2.4;0.999992;-0.0024093;0.00311498;0;0;-0.00278915;1000;958;953;1;
2.4;2.6;0.999951;-0.00924792;0.00345129;0;0;0.00873008;1000;976;967;1;
2.6;2.8;0.999967;0;0.00816045;0;0;-0.00464902;1000;969;961;1;
2.8;3;0.999906;-0.0134072;0.00294878;0;0;-0.0011665;1000;974;971;1;
3;3.2;0.999994;-0.00090507;0.00339977;0;0;-0.0014602;1000;963;961;1;
3.2;3.4;0.999984;-0.00499688;0.00283002;0;0;0.00780058;1000;964;959;1;
3.4;3.6;0.999996;-0.000465583;-0.00268866;0;0;-0.00218645;1000;958;948;1;
3.6;3.8;0.99989;0.0143606;0.00362153;0;0;0.00285076;1000;965;962;1;
3.8;4;0.999985;0.00376935;0.00393573;0;0;0.0117714;1000;978;974;1;
4;4.2;0.999869;-0.0160116;0.00219301;0;0;-0.00708517;1000;972;965;1;
4.2;4.4;0.999977;-0.00651334;-0.00194713;0;0;0.00368815;1000;964;957;1;
4.4;4.6;0.999992;0.0022488;0.00333837;0;0;0.0053098;1000;956;952;1;
4.6;4.8;0.999996;0.0028797;-0.000572882;0;0;-0.0103295;1000;961;959;1;
4.8;5;0.999989;-0.00169447;-0.00429433;0;0;0.00297498;1000;972;972;1;
5;5.2;0.999969;-0.00541851;0.00579857;0;0;0.0115997;1000;958;952;1;
5.2;5.4;0.99998;-0.00614153;0.00145887;0;0;-0.0036736;1000;970;967;1;
5.4;5.6;0.999934;0.0110209;-0.0031993;0;0;-0.000660474;1000;973;969;1;
5.6;5.8;0.999998;0.00116811;-0.00141439;0;0;0.00503887;1000;963;954;1;
5.8;6;0.999977;0.0057581;0.00366159;0;0;0.0159201;1000;967;961;1;
6;6.2;0.99999;-0.00392619;-0.00218028;0;0;0.000878355;1000;967;962;1;
6.2;6.4;0.999945;0.0103193;-0.0015993;0;0;0.00537185;1000;960;958;1;
6.4;6.6;0.999999;0.00123696;0.00119621;0;0;0.00901655;1000;962;954;1;
6.6;6.8;0.999995;-0.00233549;0.00211341;0;0;0.00160618;1000;962;955;1;
6.8;7;0.999986;-0.00462288;-0.00259022;0;0;0.0100594;1000;955;951;1;
7;7.2;0.999996;0.00263441;0.000609069;0;0;-0.00441277;1000;958;953;1;
7.2;7.4;0.999983;-0.0057092;-0.000788279;0;0;-0.0085194;1000;962;957;1;
7.4;7.6;0.999858;0.0168539;-0.000430975;0;0;-0.00972835;1000;954;951;1;
7.6;7.8;0.999999;0.000518752;-0.00159471;0;0;-0.00501881;1000;958;952;1;
7.8;8;1;-0.000485859;-0.000271578;0;0;-0.0102003;1000;962;952;1;
8;8.2;0.999853;-0.0168923;-0.00280394;0;0;0.00810869;1000;958;955;1;
8.2;8.4;0.999921;-0.0117249;-0.004461;0;0;-0.00435752;1000;966;959;1;
8.4;8.6;0.999935;-0.00775487;-0.00841543;0;0;0.0221245;1000;959;946;1;
8.6;8.8;0.999892;-0.0145581;-0.00219215;0;0;0.0012832;1000;965;963;1;
8.8;9;0.999927;-0.0114408;-0.00397593;0;0;-0.00795339;1000;967;952;1;
9;9.2;0.999949;-0.00831322;-0.00570211;0;0;0.00970746;1000;970;966;1;
9.2;9.4;0.999988;0.00355318;0.00331114;0;0;0.00253113;1000;963;954;1;
9.4;9.6;0.999957;0.0084233;0.00392435;0;0;0.0171234;1000;957;953;1;
9.6;9.8;0.999937;0.0107114;0.00321278;0;0;0.0119991;1000;959;957;1;
9.8;10;0.999982;-0.005938;0.000417365;0;0;0.00117383;1000;959;956;1;
10;10.2;0.999927;0.0120344;-0.00111916;0;0;0.0136958;1000;965;950;1;
10.2;10.4;1;0;0.000349237;0;0;-0.00546815;1000;972;963;1;
10.4;10.6;0.999952;-0.00908954;-0.00375358;0;0;-0.00417541;1000;966;960;1;
10.6;10.8;0.999992;0.000977506;0.00380668;0;0;-0.00759386;1000;965;960;1;
10.8;11;0.999899;0.0115725;-0.00819706;0;0;-0.00222264;1000;966;957;1;
11;11.2;0.999998;-0.00105586;0.00164672;0;0;-0.00627743;1000;968;960;1;
11.2;11.4;0.999995;0.00311507;-0.000309409;0;0;0.00134977;1000;961;953;1;
11.4;11.6;0.999998;-0.00163126;-0.00121774;0;0;0.00400594;1000;964;958;1;
11.6;11.8;0.999861;-0.0143142;-0.00855527;0;0;0;1000;970;961;1;
11.8;12;0.999977;-0.0063525;-0.00216995;0;0;-0.00452679;1000;966;962;1;
12;12.2;0.999911;-0.0133173;0.000938278;0;0;-0.0173118;1000;958;956;1;
12.2;12.4;0.999967;-0.00743162;-0.0032982;0;0;0.0033415;1000;963;956;1;
12.4;12.6;0.999953;0.0093102;0.00284833;0;0;0.00120795;1000;955;952;1;
12.6;12.8;0.999956;-0.00742859;0.00572357;0;0;0.00852208;1000;965;957;1;
12.8;13;0.999984;-0.00517575;0.00229147;0;0;-0.00504502;1000;957;952;1;
13;13.2;0.999921;-0.0121533;0.00310328;0;0;0.00816713;1000;957;952;1;
13.2;13.4;0.999952;0.00889275;-0.00412274;0;0;-0.00219665;1000;961;958;1;
13.4;13.6;0.999785;-0.0206515;0.00162112;0;0;-0.00384817;1000;959;955;1;
13.6;13.8;0.999904;0.0135836;0.00257285;0;0;-0.0132212;1000;952;948;1;
13.8;14;0.999968;0.0074224;0.00311419;0;0;0.00958295;1000;961;951;1;
14;14.2;0.999897;-0.0124655;0.00717201;0;0;-0.00233021;1000;956;948;1;
14.2;14.4;0.999974;-0.00713939;-0.000991522;0;0;-0.00167391;1000;965;956;1;
14.4;14.6;0.999984;-0.00475359;0.00319276;0;0;0.00410503;1000;962;957;1;
14.6;14.8;0.999923;0.011432;-0.00477609;0;0;-0.00927109;1000;949;946;1;
14.8;15;0.999961;-0.00710999;-0.00525482;0;0;0.00865519;1000;968;964;1;
15;15.2;0.999974;0.00663325;-0.00290806;0;0;0.0103963;1000;963;956;1;
15.2;15.4;0.999987;0;-0.00509917;0;0;0.000614303;1000;966;963;1;
15.4;15.6;0.999964;-0.00846684;0.000519078;0;0;-0.0078487;1000;958;953;1;
15.6;15.8;0.999959;0.00892706;0.00115596;0;0;-0.00826038;1000;965;958;1;
15.8;16;0.999637;-0.0266283;-0.00421849;0;0;0.00281331;1000;959;954;1;
16;16.2;0.99997;0.00764621;0.0014195;0;0;-0.0116018;1000;962;959;1;
16.2;16.4;0.999972;0.0070765;0.00223078;0;0;0.00767203;1000;969;961;1;
16.4;16.6;0.999951;0.0093753;-0.00327238;0;0;0.00414331;1000;954;952;1;
16.6;16.8;0.999992;-0.00363758;-0.00182321;0;0;-0.0122236;1000;965;954;1;
16.8;17;0.999964;-0.00816563;-0.00216981;0;0;0.00718904;1000;966;958;1;
17;17.2;0.999982;0.00587167;-0.0013938;0;0;0.00362258;1000;958;952;1;
17.2;17.4;0.999997;0.00140315;-0.00177183;0;0;0.0063658;1000;942;940;1;
17.4;17.6;0.999993;-0.00369686;-0.000460311;0;0;0.0100225;1000;971;967;1;
17.6;17.8;0.999982;0.0056557;0.00204603;0;0;0.0268464;1000;962;950;1;
17.8;18;0.999982;-0.00459186;0.00396087;0;0;0.0166145;1000;952;948;1;
18;18.2;0.999992;0.00286229;0.00279374;0;0;0.00402527;1000;963;959;1;
18.2;18.4;0.999999;-0.000776971;-0.00153967;0;0;-0.000405522;1000;974;967;1;
18.4;18.6;0.99999;0.00428535;0.00137316;0;0;0.0120587;1000;958;948;1;
18.6;18.8;0.999936;-0.00498102;-0.0101467;0;0;0.0112945;1000;955;944;1;
18.8;19;0.999894;-0.0128915;-0.00673049;0;0;0.0115615;1000;965;958;1;
19;19.2;0.999998;0.00120204;0.00144756;0;0;-0.00329693;1000;959;951;1;
19.2;19.4;0.999994;-0.000926617;-0.00337711;0;0;-0.00148798;1000;959;952;1;
19.4;19.6;0.999999;-0.00106045;-0.000841798;0;0;0.0128205;1000;963;949;1;
19.6;19.8;0.999982;-0.0058896;-0.000830329;0;0;0.00143477;1000;950;944;1;
19.8;20;0.999755;-0.0210743;-0.0067009;0;0;0.0165274;1000;972;964;1;
20;20.2;0.999879;-0.0155249;-0.000465206;0;0;-0.00758357;1000;953;946;1;
20.2;20.4;0.999944;-0.0100235;0.00340517;0;0;0.00701747;1000;971;967;1;
20.4;20.6;0.999998;-0.000613417;0.00165861;0;0;0.0146071;1000;966;961;1;
20.6;20.8;0.999931;-0.0111539;0.00360859;0;0;-0.00321878;1000;961;953;1;
20.8;21;0.999772;0.0213372;0.000680166;0;0;-0.00398405;1000;954;948;1;
21;21.2;0.999801;-0.0194091;0.00457171;0;0;-0.000611101;1000;963;953;1;
21.2;21.4;0.999998;-0.00194668;0;0;0;-0.00534525;1000;958;951;1;
21.4;21.6;0.999995;-0.00304176;-0.000993725;0;0;-0.0114967;1000;957;950;1;
21.6;21.8;0.999983;-0.00470227;-0.00334138;0;0;0.00169476;1000;958;948;1;
21.8;22;0.999988;-0.00490534;0.000673862;0;0;0.0108662;1000;964;958;1;
22;22.2;0.999937;-0.010716;-0.00343388;0;0;0.00631707;1000;974;972;1;
22.2;22.4;0.999996;-0.00198362;-0.00221979;0;0;0.00637566;1000;962;960;1;
22.4;22.6;0.999924;-0.0122204;0.00152633;0;0;0.00117637;1000;972;970;1;
22.6;22.8;0.999925;-0.0121356;0.00145769;0;0;0.00930109;1000;962;948;1;
22.8;23;1;-0.000484023;0;0;0;-0.00146055;1000;966;959;1;
23;23.2;0.999999;-0.000951036;0.000773339;0;0;-0.0213581;1000;961;954;1;
23.2;23.4;0.99992;0.0105172;0.00699418;0;0;-0.0168002;1000;965;957;1;
23.4;23.6;0.999957;0.00827501;0.0042438;0;0;0.00932953;1000;964;956;1;
23.6;23.8;0.999997;0.0020655;-0.00107387;0;0;-0.00511273;1000;954;951;1;
23.8;24;0.999977;0.0026312;-0.00618748;0;0;-0.0100145;1000;952;950;1;
24;24.2;0.999974;0.00712269;0.000564558;0;0;-0.00738329;1000;964;957;1;
24.2;24.4;0.999925;0.0121235;-0.00187928;0;0;0.0186508;1000;964;956;1;
24.4;24.6;0.999992;0.0023813;0.003282;0;0;0.00356185;1000;954;950;1;
24.6;24.8;0.999956;0.00825122;-0.00447773;0;0;-0.0111866;1000;951;946;1;
24.8;25;0.999962;-0.00871912;0.000897548;0;0;0.0133898;1000;964;961;1;
25;25.2;0.999982;-0.00601999;-0.000737036;0;0;-0.00431481;1000;963;955;1;
25.2;25.4;0.999929;0.0113197;-0.00358699;0;0;0.00233818;1000;965;957;1;
25.4;25.6;0.999997;-0.000664169;-0.00247002;0;0;0.00657736;1000;948;946;1;
25.6;25.8;0.999989;0.00428494;0.00186656;0;0;0.00436443;1000;969;960;1;
25.8;26;0.999933;0.0113192;-0.0023564;0;0;-0.00472223;1000;961;952;1;
26;26.2;0.999961;-0.00886376;-0.000650948;0;0;-0.00801271;1000;954;946;1;
26.2;26.4;0.999714;0.0239007;-0.000769313;0;0;-0.0088471;1000;954;951;1;
26.4;26.6;0.999985;-0.0042724;0.0034378;0;0;-0.00950754;1000;974;967;1;
26.6;26.8;0.999996;-0.00207176;-0.00191236;0;0;0.0106896;1000;961;959;1;
26.8;27;0.999984;-0.0048043;0.00305665;0;0;0.0124647;1000;953;949;1;
27;27.2;0.99999;-0.00447013;0.000384128;0;0;-0.00406417;1000;963;957;1;
27.2;27.4;0.999949;0.00984032;0.0023678;0;0;0.00471213;1000;961;957;1;
27.4;27.6;0.999987;0.00502131;-0.000774883;0;0;-0.0137177;1000;964;955;1;
27.6;27.8;0.999945;0.0100233;0.00322451;0;0;-0.00271738;1000;968;962;1;
27.8;28;1;-0.000501065;0.00036565;0;0;0.00186396;1000;965;959;1;
28;28.2;0.999995;0.00200625;0.00240049;0;0;0.00454974;1000;969;965;1;
28.2;28.4;0.999985;-0.00547993;0.000671097;0;0;0.0121698;1000;966;961;1;
28.4;28.6;0.999964;-0.00828087;0.0015663;0;0;0.000123503;1000;962;956;1;
28.6;28.8;0.999999;0.0010086;-0.000251302;0;0;0.00510972;1000;968;964;1;
28.8;29;0.999828;0.0183809;-0.00230618;0;0;-0.0155225;1000;967;961;1;
29;29.2;0.999989;0.00385249;0.00268863;0;0;0.000247489;1000;965;963;1;
29.2;29.4;0.99999;-0.00381786;0.00236254;0;0;0.00594264;1000;949;944;1;
29.4;29.6;0.999995;-0.000531665;0.00314573;0;0;0.00377342;1000;957;948;1;
29.6;29.8;0.999985;0.00502077;0.00222883;0;0;-0.0099623;1000;955;947;1;
29.8;30;0.99983;-0.0184302;0.00067397;0;0;0.00961982;1000;948;941;1;
30;30.2;0.999991;0.0039673;-0.00178662;0;0;0.00859318;1000;951;943;1;
30.2;30.4;0.999952;0.00971345;0.00136081;0;0;0.00169134;1000;960;949;1;
30.4;30.6;0.999993;-0.000483714;0.003758;0;0;0.00447541;1000;970;964;1;
30.6;30.8;0.999956;0.00933559;-0.000407318;0;0;-0.00835675;1000;949;939;1;
30.8;31;0.99998;-0.00613111;-0.00163291;0;0;-0.00122626;1000;964;959;1;
31;31.2;0.999995;-0.000262457;-0.00304822;0;0;0.00099026;1000;955;950;1;
31.2;31.4;0.99993;0.0113023;0.00352392;0;0;0.0041258;1000;956;950;1;
31.4;31.6;0.999973;0.00702959;0.00189339;0;0;-0.0111975;1000;959;956;1;
31.6;31.8;0.999984;-0.00542341;0.0015019;0;0;0.000556362;1000;956;952;1;
31.8;32;0.999973;-0.00704384;-0.00209047;0;0;0.0108726;1000;959;953;1;
32;32.2;0.999991;-0.00429484;-0.00013326;0;0;-0.00773737;1000;957;952;1;
32.2;32.4;0.999996;-0.00282847;0.000905776;0;0;-0.0085666;1000;970;968;1;
32.4;32.6;0.99999;0.00260521;-0.00358553;0;0;0.0035932;1000;967;960;1;
32.6;32.8;0.999992;-0.0038831;-0.000691106;0;0;0.0168321;1000;966;958;1;
32.8;33;0.999982;0.00600317;0.000767933;0;0;-0.0029306;1000;969;964;1;
33;33.2;0.999912;0.0127282;-0.00363249;0;0;-0.00403119;1000;961;953;1;
33.2;33.4;0.999981;0.00608054;-0.000238952;0;0;-0.00585609;1000;961;956;1;
33.4;33.6;0.999975;-0.00676547;0.00220796;0;0;0.0072237;1000;956;952;1;
33.6;33.8;0.999954;0.0093257;-0.00238178;0;0;-0.0052562;1000;967;954;1;
33.8;34;0.999887;-0.0146067;-0.00365675;0;0;0.00576989;1000;969;963;1;
34;34.2;0.999988;0.000974004;-0.0047625;0;0;-0.00622431;1000;968;957;1;
34.2;34.4;0.999979;-0.00629472;-0.00134293;0;0;0.0173093;1000;971;967;1;
34.4;34.6;0.99995;0.0097568;-0.00221752;0;0;0.0012411;1000;964;961;1;
34.6;34.8;0.999984;0.00129942;0.00544134;0;0;-0.0053568;1000;965;961;1;
34.8;35;0.999983;-0.00581613;-0.000505302;0;0;0.0137572;1000;964;957;1;
35;35.2;0.999974;-0.00452426;0.00564771;0;0;0.00262295;1000;964;955;1;
35.2;35.4;0.999989;0.00298586;0.00359828;0;0;-0.00324233;1000;945;937;1;
35.4;35.6;0.999976;-0.00596191;0.00342634;0;0;-0.0118995;1000;973;962;1;
35.6;35.8;0.999898;-0.0141943;-0.00181949;0;0;0.0068914;1000;975;959;1;
35.8;36;0.99998;-0.00598564;0.00209615;0;0;0.00109219;1000;965;954;1;
36;36.2;0.999989;0.0040141;-0.00254077;0;0;0.00615847;1000;972;963;1;
36.2;36.4;0.999929;-0.0115451;0.00281816;0;0;0.00303207;1000;952;942;1;
36.4;36.6;0.999858;-0.0168108;0.00134026;0;0;0.0215902;1000;958;954;1;
36.6;36.8;0.999994;-0.00188523;-0.00300044;0;0;-0.0120089;1000;966;959;1;
36.8;37;0.999974;-0.00687525;-0.00238773;0;0;0.00269925;1000;952;945;1;
37;37.2;0.999961;0.00379747;-0.00802854;0;0;-0.0147255;1000;963;958;1;
37.2;37.4;0.999988;0.0028621;0.00389023;0;0;0.00290306;1000;949;944;1;
37.4;37.6;0.999954;-0.00961598;0.000686855;0;0;-0.0115913;1000;952;947;1;
37.6;37.8;0.999982;-0.00561321;-0.00188918;0;0;0.00611984;1000;963;957;1;
37.8;38;0.999953;-0.00966894;0.000317899;0;0;-0.00379216;1000;971;961;1;
38;38.2;0.999941;-0.00915758;-0.00575786;0;0;-0.00431036;1000;957;949;1;
38.2;38.4;0.999944;-0.0105629;-0.000793896;0;0;0.00695217;1000;968;957;1;
38.4;38.6;0.999853;-0.0171632;0.000371028;0;0;0.00461446;1000;964;962;1;
38.6;38.8;0.999971;-0.00668843;0.0035264;0;0;0.0111939;1000;961;957;1;
38.8;39;0.999883;-0.0147691;-0.00407682;0;0;-0.00172795;1000;958;956;1;
39;39.2;0.999968;0.00211583;0.00776796;0;0;-0.00770206;1000;970;968;1;
39.2;39.4;0.999871;-0.0157282;0.00337036;0;0;0.00286388;1000;957;944;1;
39.4;39.6;0.999983;-0.00522108;0.0024304;0;0;-0.00719975;1000;966;957;1;
39.6;39.8;0.999983;0.00580385;0;0;0;-0.00900737;1000;965;958;1;
39.8;40;0.999976;0.00647908;0.00262444;0;0;-0.00294436;1000;965;954;1;
40;40.2;0.99996;0.00768996;0.0045912;0;0;-0.01026;1000;959;955;1;
40.2;40.4;0.999975;-0.00482971;-0.0050823;0;0;0.00719866;1000;964;959;1;
40.4;40.6;0.999959;0.00164887;0.00893106;0;0;0.0132859;1000;983;969;1;
40.6;40.8;0.999971;-0.00690029;-0.0031823;0;0;-0.00197464;1000;966;958;1;
40.8;41;0.999986;-0.00499947;0.00143069;0;0;0.00420849;1000;967;964;1;
41;41.2;0.999974;-0.00484781;-0.00541774;0;0;0.0170676;1000;956;952;1;
41.2;41.4;0.999954;-0.00735396;0.00617918;0;0;-0.0112187;1000;965;960;1;
41.4;41.6;0.999801;-0.0185472;-0.0073529;0;0;0.00793467;1000;966;956;1;
41.6;41.8;0.999994;0.00246067;0.00223061;0;0;-0.00611284;1000;964;954;1;
41.8;42;0.999982;-0.00166238;-0.00571036;0;0;0.00440387;1000;956;951;1;
42;42.2;0.999996;-0.00117478;0.00271379;0;0;-0.0143731;1000;969;963;1;
42.2;42.4;0.99998;0.00413517;-0.00474237;0;0;0.00877871;1000;965;956;1;
42.4;42.6;0.999975;-0.00625291;-0.00343912;0;0;0.00209027;1000;954;945;1;
42.6;42.8;0.999943;0.00954468;0.00484273;0;0;0.0105385;1000;956;951;1;
42.8;43;0.999956;-0.00758569;-0.00553523;0;0;0.00583718;1000;959;949;1;
43;43.2;0.999803;-0.0198362;0.000375927;0;0;0.00382124;1000;954;951;1;
43.2;43.4;0.999946;-0.0101454;0.00208279;0;0;0.0101263;1000;933;928;1;
43.4;43.6;0.999976;-0.00693443;-0.000346751;0;0;0.0121424;1000;950;943;1;
43.6;43.8;0.999976;0.00684345;0.000596113;0;0;-0.0139213;1000;951;944;1;
43.8;44;0.999984;0.00559565;-0.00122169;0;0;0.0176036;1000;945;936;1;
44;44.2;0.999867;-0.0153213;-0.00559949;0;0;-0.0122977;1000;939;927;1;
44.2;44.4;0.999868;-0.0162399;0.00104633;0;0;0.00827374;1000;935;927;1;
44.4;44.6;0.999887;-0.0150095;-0.000613734;0;0;0.00600914;1000;920;913;1;
44.6;44.8;0.999955;-0.00723647;0.00608162;0;0;-0.0104096;950;872;862;1;
44.8;45;0.999975;-0.00699868;-0.000248565;0;0;0.0174067;886;811;804;1;
45;45.2;0.999897;-0.0119798;0.00795976;0;0;-0.00956496;809;723;704;1;
45.2;45.4;0.999471;0.0306598;-0.0108695;0;0;-0.0438044;689;591;574;1;
45.4;45.6;0.998493;-0.00213733;-0.0548287;0;0;-0.00224054;587;502;483;1;
45.6;45.8;0.999797;-0.00351137;0.0198341;0;0;-0.00537266;496;408;392;1;
45.8;46;0.998903;-0.0310529;0.0350377;0;0;-0.0242296;343;270;261;1;
46;46.2;0.999712;0.0228375;-0.00732744;0;0;0.0158004;319;198;187;1;
46.2;46.4;0.998619;0.0432624;0.029813;0;0;0.0702923;228;145;136;1;
46.4;46.6;0.99763;-0.000137519;0.0688037;0;0;0.0748091;147;85;82;1;
46.6;46.8;0.987936;0.146789;-0.0493613;0;0;-0.123584;103;83;80;1;
46.8;47;-0.110191;0.190233;0.975535;0;0;0.264756;86;75;64;1;
47;47.2;-0.0885393;0.197474;0.976302;0;0;0.205361;66;64;59;1;
47.2;47.4;-0.0469433;0.206731;0.977271;0;0;0.341459;62;62;60;1;
47.4;47.6;0.0236683;-0.192705;-0.980971;0;0;0.2072;63;63;63;1;
47.6;47.8;-0.0394779;-0.201761;-0.978639;0;0;0.208537;67;67;65;1;
47.8;48;-0.0198856;-0.196434;-0.980315;0;0;0.347277;71;71;68;1;
48;48.2;-0.0319413;-0.201506;-0.978966;0;0;0.286672;75;74;70;1;
48.2;48.4;-0.0771283;-0.198956;-0.976969;0;0;0.184682;71;71;69;1;
48.4;48.6;-0.0718002;-0.199303;-0.977304;0;0;0.240863;66;66;63;1;
48.6;48.8;-0.0958835;-0.194784;-0.976148;0;0;0.228703;61;61;60;1;
48.8;49;0.171122;0.185653;0.9676;0;0;0.109641;68;66;62;1;
49;49.2;-0.317264;-0.129238;-0.93949;0;0;0.219571;63;63;63;1;
49.2;49.4;0.174119;0.191115;0.966001;0;0;0.232087;62;62;58;1;
49.4;49.6;0.998445;-0.0247608;-0.0499503;0;0;-0.428154;66;66;66;1;
49.6;49.8;0.239986;0.168895;0.955971;0;0;0.0365064;77;72;65;1;
49.8;50;0.998388;-0.0200249;0.0531126;0;0;-0.0410719;81;71;63;1;
50;50.2;-0.786915;-0.0881061;0.610739;0;0;-0.112407;107;66;48;1;
50.2;50.4;0.12547;-0.222381;0.966853;0;0;-0.255537;100;77;54;1;
50.4;50.6;0.976913;-0.192971;0.0916658;0;0;0.308614;121;100;72;1;
50.6;50.8;0.941604;-0.336704;0.00355754;0;0;0.198851;98;91;80;1;
50.8;51;0.935587;-0.349667;-0.0490947;0;0;0.103518;97;94;77;1;
51;51.2;0.176422;-0.114411;0.977643;0;0;-0.184049;88;87;84;1;
51.2;51.4;0.992857;-0.117037;-0.0231639;0;0;0.0203344;117;108;84;1;
51.4;51.6;0.98203;-0.188679;-0.00418249;0;0;0.0398105;99;95;77;1;
51.6;51.8;0.999074;0.0273576;-0.0332184;0;0;0.00600861;91;84;78;1;
51.8;52;-0.985209;0.139075;0.10011;0;0;-0.125913;91;86;80;1;
52;52.2;0.933074;-0.353058;-0.0687218;0;0;0.151914;100;95;92;1;
52.2;52.4;-0.926444;0.366364;0.0864841;0;0;-0.0461001;97;96;80;1;
52.4;52.6;0.976121;-0.202598;-0.0783691;0;0;0.0316026;95;95;90;1;
52.6;52.8;0.994711;0.10024;0.0223809;0;0;-0.0230623;102;102;95;1;
52.8;53;-0.966896;0.0330704;-0.253019;0;0;-0.126524;102;102;96;1;
53;53.2;0.885021;-0.453877;-0.103599;0;0;0.0282821;118;118;112;1;
53.2;53.4;0.996106;0.0871311;0.0134304;0;0;0.0220232;129;123;117;1;
53.4;53.6;0.997209;-0.0476924;-0.0574359;0;0;0.0712699;129;125;117;1;
53.6;53.8;-0.238682;-0.0660773;0.968847;0;0;-0.152815;130;118;114;1;
53.8;54;0.21188;0.0687041;-0.974878;0;0;-0.150411;197;186;161;1;
54;54.2;0.21351;0.0356539;-0.97629;0;0;-0.132206;239;216;161;1;
54.2;54.4;0.168438;0.0803605;-0.982431;0;0;-0.160289;204;181;147;1;
54.4;54.6;0.631584;-0.770724;-0.0841853;0;0;0.0788268;318;243;168;1;
54.6;54.8;-0.478481;0.697802;-0.533037;0;0;-0.128341;123;113;105;1;
54.8;55;0.0694686;0.0899346;-0.993522;0;0;-0.091813;196;180;150;1;
55;55.2;-0.13874;0.355273;-0.924409;0;0;-0.0665385;348;270;200;1;
55.2;55.4;-0.610319;0.777839;0.149925;0;0;-0.176432;447;309;219;1;
55.4;55.6;0.146329;-0.299196;0.942905;0;0;-0.0419384;380;287;234;1;
55.6;55.8;0.0872173;-0.0697819;-0.993742;0;0;-0.0299177;253;232;183;1;
55.8;56;0.659131;-0.737678;0.146212;0;0;0.00803553;325;277;203;1;
56;56.2;0.0710449;-0.0775721;-0.994452;0;0;-0.0242733;219;207;180;1;
56.2;56.4;-0.0883799;0.0661432;-0.993888;0;0;0.019237;196;183;171;1;
56.4;56.6;0.148157;-0.119485;0.981719;0;0;0.0322031;183;183;172;1;
56.6;56.8;0.0691451;0.0120323;0.997534;0;0;0.0313151;278;249;187;1;
56.8;57;-0.613542;0.789564;-0.0124149;0;0;0.0625048;364;289;206;1;
57;57.2;0.126753;0.0135007;0.991842;0;0;0.0565509;212;198;169;1;
57.2;57.4;0.53784;-0.813782;-0.220197;0;0;-0.00285364;278;203;172;1;
57.4;57.6;-0.392246;0.637172;0.663442;0;0;0.0808049;222;175;142;1;
57.6;57.8;0.124009;-0.416394;-0.900687;0;0;0.0892486;284;210;158;1;
57.8;58;-0.243783;0.0252752;-0.9695;0;0;0.0976186;147;124;106;1;
58;58.2;-0.571971;0.819881;0.0254048;0;0;0.723289;133;117;101;1;
58.2;58.4;0.226938;0.0715809;0.971275;0;0;0.117379;117;116;89;1;
58.4;58.6;0.251348;0.0437062;0.96691;0;0;0.126447;132;111;85;1;
58.6;58.8;0.098648;0.98102;-0.166941;0;0;0.0185639;357;253;196;1;
58.8;59;0.0191841;-0.593911;-0.804302;0;0;0.0139511;449;331;262;1;
59;59.2;0.0858469;0.601019;-0.794611;0;0;0.183978;534;359;262;1;
59.2;59.4;-0.0435943;-0.928883;0.367799;0;0;0.0475499;301;237;192;1;
59.4;59.6;-0.00534374;0.957782;0.287446;0;0;-0.164079;377;261;206;1;
59.6;59.8;-0.01079;0.843498;0.537024;0;0;-0.0323194;341;211;165;1;
59.8;60;0.0771018;-0.800383;0.59451;0;0;-0.129458;303;188;144;1;
60;60.2;0.0905526;-0.188146;0.977958;0;0;0.126643;243;165;113;1;
60.2;60.4;0.00850184;-0.764833;0.644172;0;0;-0.0249955;434;223;172;1;
60.4;60.6;-0.02836;0.842779;-0.537513;0;0;0.0535614;383;258;184;1;
60.6;60.8;-0.0446804;0.451104;-0.891352;0;0;0.0715788;448;329;249;1;
60.8;61;-0.426196;-0.389255;-0.816601;0;0;0.543864;323;285;212;1;
61;61.2;0.396409;0.431513;0.810343;0;0;0.532521;410;331;266;1;
61.2;61.4;0.963224;0.263982;-0.050134;0;0;-0.561487;362;321;248;1;
61.4;61.6;-0.208048;0.0866208;0.974276;0;0;0.0650606;377;336;232;1;
61.6;61.8;0.997062;-0.0726536;0.024258;0;0;0.0849388;408;353;270;1;
61.8;62;0.999856;0.00726332;-0.0153205;0;0;0.0266519;356;317;272;1;
62;62.2;0.967838;0.231662;-0.0980923;0;0;-0.454101;327;306;236;1;
62.2;62.4;0.999986;0.00521624;0.00099045;0;0;-0.0205399;381;336;291;1;
62.4;62.6;0.998116;-0.0540917;0.0289455;0;0;-0.0801055;360;342;294;1;
62.6;62.8;0.997758;0.0409774;-0.0529116;0;0;0.100907;370;343;308;1;
62.8;63;0.999123;-0.0281985;0.0309539;0;0;-0.0681548;385;360;321;1;
63;63.2;0.99993;0.00128756;0.0117621;0;0;-0.0396428;428;379;314;1;
63.2;63.4;0.999919;-0.00914619;0.0088205;0;0;-0.0533429;389;361;310;1;
63.4;63.6;0.999831;0.0183813;0;0;0;0.00694584;339;326;304;1;
63.6;63.8;0.999203;0.0385465;-0.0103917;0;0;0.0465267;338;244;212;1;
63.8;64;0.999191;-0.0393699;0.00819665;0;0;-0.109711;351;258;205;1;
64;64.2;0.999974;-0.00687728;-0.00218823;0;0;-0.00580616;317;264;230;1;
64.2;64.4;0.998177;-0.0602266;-0.00393741;0;0;-0.196977;307;276;225;1;
64.4;64.6;-0.787947;0.105203;0.606689;0;0;0.560932;269;238;190;1;
64.6;64.8;0.10021;0.0934454;0.990568;0;0;-0.0073824;265;236;194;1;
64.8;65;0.997489;-0.0704443;-0.00724426;0;0;-0.011667;281;236;184;1;
65;65.2;0.999484;0.0315437;0.00601439;0;0;-0.00127913;237;220;212;1;
65.2;65.4;0.999059;0.0367768;-0.0230095;0;0;-0.0102661;279;244;240;1;
65.4;65.6;0.999194;0.00952459;0.0389922;0;0;0.0765255;348;331;324;1;
65.6;65.8;0.999008;0.0425782;-0.0130281;0;0;-0.0315;425;421;403;1;
65.8;66;0.999731;-0.0117277;-0.0199867;0;0;0.0581174;490;454;443;1;
66;66.2;0.999337;-0.0217438;0.0291993;0;0;0.0192795;563;547;535;1;
66.2;66.4;0.999698;0.0238019;0.00614727;0;0;-0.0947322;598;594;581;1;
66.4;66.6;0.999601;0.02811;-0.00268791;0;0;-0.00296252;689;689;682;1;
66.6;66.8;0.999636;0.00894667;-0.0254676;0;0;0.0528573;787;787;780;1;
66.8;67;0.999989;0.00332094;-0.00327805;0;0;0.0537658;882;882;872;1;
67;67.2;0.99957;0.0233956;-0.0176953;0;0;-0.0235179;1000;1000;988;1;
67.2;67.4;0.999757;0.00557898;-0.021323;0;0;0.0219301;1000;1000;989;1;
67.4;67.6;0.999946;-0.00848576;0.00604906;0;0;-0.0188488;1000;1000;990;1;
67.6;67.8;0.999509;-0.0283027;-0.0134766;0;0;-0.0152135;1000;1000;990;1;
67.8;68;0.999914;0.012629;-0.00362489;0;0;-0.00150093;1000;1000;983;1;
68;68.2;0.999908;-0.0133783;0.00204409;0;0;-0.00413584;1000;1000;986;1;
68.2;68.4;0.999717;-0.0213031;0.0105449;0;0;-0.056488;1000;1000;987;1;
68.4;68.6;0.999072;0.0339443;-0.0265264;0;0;0.0157604;1000;999;984;1;
68.6;68.8;0.999514;-0.0282584;0.0131371;0;0;-0.00656928;1000;991;978;1;
68.8;69;0.999484;0.0318585;0.00397928;0;0;-0.0491135;1000;986;960;1;
69;69.2;0.99985;-0.0164516;0.00534055;0;0;-0.025188;1000;981;956;1;
69.2;69.4;0.999011;-0.0393038;-0.020792;0;0;0.031319;1000;978;954;1;
69.4;69.6;0.99929;0.0374963;-0.00371332;0;0;-0.0285501;1000;975;951;1;
69.6;69.8;0.99982;-0.0128282;-0.0140022;0;0;-0.00887588;1000;968;947;1;
69.8;70;0.999552;-0.028507;-0.00911147;0;0;-0.0284523;1000;969;946;1;
70;70.2;0.998254;-0.0585762;0.00766185;0;0;0.0214223;1000;973;952;1;
70.2;70.4;0.999623;0.0273301;-0.00281076;0;0;-0.0356824;1000;974;954;1;
70.4;70.6;0.999346;-0.0361592;-0.000184901;0;0;0.0352899;1000;963;939;1;
70.6;70.8;0.999712;-0.0181428;0.0157215;0;0;0.015166;1000;976;948;1;
70.8;71;0.998304;-0.0565667;-0.0137761;0;0;-0.0127365;1000;963;954;1;
71;71.2;0.999636;-0.0264916;0.00504939;0;0;0.0314407;1000;978;959;1;
71.2;71.4;0.997701;-0.0677378;0.00191953;0;0;-0.0256367;1000;975;937;1;
71.4;71.6;0.999938;0.0106971;0.00313195;0;0;-0.0152873;1000;969;943;1;
71.6;71.8;0.999103;0.0408428;0.0111415;0;0;0.0167814;1000;983;962;1;
71.8;72;0.999798;-0.0196144;0.00449038;0;0;0.028663;1000;971;946;1;
72;72.2;0.999925;0.0112918;0.0047179;0;0;0.0455988;1000;974;946;1;
72.2;72.4;0.999919;0.0123056;0.00325663;0;0;0.0224248;1000;968;946;1;
72.4;72.6;0.99785;0.0646067;0.0110428;0;0;0.0278484;1000;965;939;1;
72.6;72.8;0.997923;0.0643059;-0.00378633;0;0;0.0410688;1000;972;950;1;
72.8;73;0.999793;0.0151547;0.0135776;0;0;-0.0183075;1000;969;944;1;
73;73.2;0.999966;0.00795444;0.00199457;0;0;0.0203979;1000;966;941;1;
73.2;73.4;0.997917;0.063928;0.0086069;0;0;0.00562912;1000;970;950;1;
73.4;73.6;0.998531;0.053727;0.00701296;0;0;0.0268344;1000;972;946;1;
73.6;73.8;0.998081;-0.0618686;0.00247763;0;0;0.00435813;1000;972;944;1;
73.8;74;0.999556;-0.0284734;-0.00878063;0;0;0.0168541;1000;976;944;1;
74;74.2;0.999316;0.0369804;-0.000809315;0;0;-0.00594606;1000;962;929;1;
74.2;74.4;0.99968;0.0249517;0.0042453;0;0;0.00452327;1000;974;938;1;
74.4;74.6;0.999828;0.0173259;0.00667177;0;0;0.00755388;1000;961;922;1;
74.6;74.8;0.998016;-0.0615481;0.0132457;0;0;0.0146988;1000;967;926;1;
74.8;75;0.999985;0.00232975;0.00500109;0;0;-0.0182348;1000;967;939;1;
75;75.2;0.998093;0.0616849;0.00225024;0;0;-0.00811887;1000;979;950;1;
75.2;75.4;0.999907;-0.0135661;0.00105318;0;0;-0.0112589;1000;976;942;1;
75.4;75.6;0.999755;-0.0214575;-0.00538984;0;0;0.00623889;1000;968;944;1;
75.6;75.8;0.999276;0.0276521;-0.0261297;0;0;0.0222702;1000;969;938;1;
75.8;76;0.999867;0.0149195;-0.00656587;0;0;-0.00752556;1000;977;943;1;
76;76.2;0.999119;-0.0407196;-0.0101165;0;0;-0.0319021;1000;969;938;1;
76.2;76.4;0.99946;0.0326292;0.00392511;0;0;0.0115896;1000;972;942;1;
76.4;76.6;0.999382;-0.02881;-0.0201621;0;0;-0.00438771;1000;959;934;1;
76.6;76.8;0.999967;0.0073068;0.00360456;0;0;0.0143658;1000;983;962;1;
76.8;77;0.998477;-0.0542952;-0.00975249;0;0;-0.0137427;1000;966;941;1;
77;77.2;0.999166;0.0394261;0.0106108;0;0;-0.0360125;1000;974;958;1;
77.2;77.4;0.999911;0.0128146;0.00373185;0;0;0.0122089;1000;968;949;1;
77.4;77.6;0.999954;-0.00825464;0.00495608;0;0;-0.0233736;1000;966;949;1;
77.6;77.8;0.9973;-0.0730065;0.00788196;0;0;-0.0206405;1000;980;951;1;
77.8;78;0.999969;0.00594806;0.00519578;0;0;0.04226;1000;973;954;1;
78;78.2;0.9996;0.0274444;0.00689857;0;0;0.00929371;1000;961;939;1;
78.2;78.4;0.999674;0.0248068;-0.00612408;0;0;0.00346655;1000;959;938;1;
78.4;78.6;0.999988;-0.00103463;-0.0047274;0;0;0.0169945;1000;955;928;1;
78.6;78.8;0.997176;0.0742247;-0.0114711;0;0;-0.0440889;1000;967;946;1;
78.8;79;0.999947;0.010162;-0.00150606;0;0;-0.00496874;1000;972;947;1;
79;79.2;0.99929;-0.0375735;-0.00275364;0;0;0.0213246;1000;978;945;1;
79.2;79.4;0.999426;-0.0330435;0.00753651;0;0;0.0235056;1000;961;933;1;
79.4;79.6;0.999048;0.0430473;-0.0071364;0;0;0.0141732;1000;968;938;1;
79.6;79.8;0.999531;0.0260745;0.0160303;0;0;-0.0299985;1000;961;940;1;
79.8;80;0.999995;0.00319902;0.000693437;0;0;0.0216529;1000;961;932;1;
80;80.2;0.999913;-0.000220495;-0.0131771;0;0;-0.00442882;1000;976;949;1;
80.2;80.4;0.998088;0.0618009;0.000704961;0;0;0.0377324;1000;966;934;1;
80.4;80.6;0.99974;0.0226848;-0.00222741;0;0;0.0263959;1000;971;952;1;
80.6;80.8;0.998016;-0.0618922;0.0115107;0;0;0.0445341;1000;974;934;1;
80.8;81;0.999558;0.0295986;-0.00262942;0;0;0.0349061;1000;976;950;1;
81;81.2;0.998354;0.0573058;-0.00240112;0;0;-0.0282083;1000;980;961;1;
81.2;81.4;0.999476;0.0323782;0;0;0;0.0366705;1000;971;944;1;
81.4;81.6;0.999742;0.0175675;0.0143772;0;0;-0.0113893;1000;970;940;1;
81.6;81.8;0.999803;-0.0157922;-0.0119846;0;0;-0.00566617;1000;969;936;1;
81.8;82;0.999762;-0.0201087;-0.00848962;0;0;0.0394461;1000;970;937;1;
82;82.2;0.999953;0.00848198;-0.00478051;0;0;0.00526482;1000;971;941;1;
82.2;82.4;0.998856;0.0474522;0.00595146;0;0;0.0112814;1000;974;936;1;
82.4;82.6;0.999844;0.0138553;0.0109116;0;0;0.000727944;1000;975;941;1;
82.6;82.8;0.999458;-0.0318452;0.0083825;0;0;-0.00850984;1000;960;930;1;
82.8;83;0.999777;0.0203863;0.00559655;0;0;-0.00695276;1000;973;944;1;
83;83.2;0.99948;0.0321674;-0.00218407;0;0;-0.0131809;1000;980;947;1;
83.2;83.4;0.999782;0.0110745;0.0177112;0;0;0.0560633;1000;970;946;1;
83.4;83.6;0.999813;-0.019237;-0.00205536;0;0;-0.00223896;1000;961;934;1;
83.6;83.8;0.999865;0.0151604;0.00626701;0;0;-0.0112738;1000;962;937;1;
83.8;84;0.999568;-0.0288842;-0.00544733;0;0;0.00434059;1000;963;931;1;
84;84.2;0.999824;-0.0184287;-0.00351453;0;0;-0.00218468;1000;973;949;1;
84.2;84.4;0.999674;0.0203806;0.0154005;0;0;-0.0138161;1000;962;937;1;
84.4;84.6;0.999978;-0.00209052;-0.00629813;0;0;0.0258134;1000;969;943;1;
84.6;84.8;0.999622;0.0220682;-0.016414;0;0;0.0119817;1000;980;945;1;
84.8;85;0.999937;0.00876965;0.00694612;0;0;0.0184188;1000;961;943;1;
85;85.2;0.999965;-0.00580862;-0.00600816;0;0;-0.00845463;1000;971;944;1;
85.2;85.4;0.998405;-0.0563143;0.00403275;0;0;0.0361175;1000;968;947;1;
85.4;85.6;0.999961;-0.00708985;0.00535524;0;0;-0.0344231;1000;966;950;1;
85.6;85.8;0.999798;-0.0192445;-0.00580777;0;0;0.000196748;1000;975;957;1;
85.8;86;0.999934;0.0100338;0.00564317;0;0;0.00261886;1000;976;952;1;
86;86.2;0.99998;-0.00309254;0.00550969;0;0;0.017781;1000;977;959;1;
86.2;86.4;0.999809;0.0191513;0.00388378;0;0;-0.0124051;1000;974;960;1;
86.4;86.6;0.999384;-0.034749;0.00487639;0;0;-0.0183979;1000;965;949;1;
86.6;86.8;0.999867;-0.0161075;-0.00238666;0;0;0.0188235;1000;976;958;1;
86.8;87;0.999603;0.0273334;0.006886;0;0;0.0313577;1000;966;948;1;
87;87.2;0.999994;0.00348744;0.000398251;0;0;0.00208776;1000;976;948;1;
87.2;87.4;0.999689;-0.0247683;0.00290057;0;0;-0.00315242;1000;979;956;1;
87.4;87.6;0.999862;-0.0055938;0.015623;0;0;0.0128404;1000;967;937;1;
87.6;87.8;0.99988;-0.0135311;-0.0075785;0;0;0;1000;971;937;1;
87.8;88;0.999287;-0.0345442;0.0152659;0;0;-0.00360516;1000;968;945;1;
88;88.2;0.999982;-0.00584351;-0.00144464;0;0;-0.0268644;1000;971;939;1;
88.2;88.4;0.999975;-0.00570829;0.00415593;0;0;-0.00361555;1000;974;952;1;
88.4;88.6;0.999707;-0.0219107;-0.0102697;0;0;0.0293512;1000;965;938;1;
88.6;88.8;0.999952;-0.00654381;-0.00735611;0;0;0.0209543;1000;967;938;1;
88.8;89;0.999286;0.03778;-0.000638464;0;0;-0.0377194;1000;970;947;1;
89;89.2;0.999939;0.0108911;-0.00158596;0;0;-0.0061457;1000;971;937;1;
89.2;89.4;0.999656;-0.0258422;0.00440475;0;0;0.0527153;1000;964;932;1;
89.4;89.6;0.999254;0.0370682;-0.0108183;0;0;0.00542334;1000;973;938;1;
89.6;89.8;0.998429;0.0556355;-0.00664699;0;0;0.0420956;1000;956;917;1;
89.8;90;0.998865;-0.0438899;0.0184796;0;0;0.0212484;1000;972;935;1;
90;90.2;0.999691;-0.0155616;-0.0193762;0;0;-0.00715648;1000;972;939;1;
90.2;90.4;0.998301;0.0579938;0.00561104;0;0;0.0303201;1000;980;938;1;
90.4;90.6;0.999968;-0.00398629;0.00697464;0;0;-0.0105178;1000;980;940;1;
90.6;90.8;0.999987;-0.00375416;0.0033649;0;0;-0.00215542;1000;988;958;1;
90.8;91;0.9999;-0.0009068;0.0140828;0;0;-0.00647203;1000;985;964;1;
91;91.2;0.999925;0.0122596;-0.000740701;0;0;-0.0209591;1000;988;965;1;
91.2;91.4;0.999962;-0.00350944;0.00801898;0;0;-0.00592755;1000;989;971;1;
91.4;91.6;0.99992;0.00909799;0.00879276;0;0;0.00614998;1000;988;975;1;
91.6;91.8;0.999875;0.0124095;0.00977471;0;0;0.0149188;1000;988;980;1;
91.8;92;0.999987;0.00443282;-0.00259944;0;0;-0.00655636;1000;992;980;1;
92;92.2;0.999992;0.00379946;0.000997512;0;0;0.000453929;1000;990;983;1;
92.2;92.4;0.99999;-0.00446375;0.000849121;0;0;0.00244407;1000;992;982;1;
92.4;92.6;0.999999;0.00017319;-0.00138473;0;0;0.00301966;1000;997;994;1;
92.6;92.8;0.999998;-0.00207521;-0.000452101;0;0;-0.00618253;1000;996;995;1;
92.8;93;0.999947;0.0100937;0.00177279;0;0;0.00895214;1000;996;992;1;
93;93.2;0.99996;-0.00858307;0.00261464;0;0;0.000227622;1000;994;986;1;
93.2;93.4;0.999973;-0.00717182;0.00151964;0;0;0.00108032;1000;998;994;1;
93.4;93.6;0.999991;-0.00248658;-0.00329848;0;0;-0.00611418;1000;991;988;1;
93.6;93.8;0.999995;0.00117521;0.002922;0;0;-0.000549514;1000;984;980;1;
93.8;94;0.999989;-0.00421907;-0.00218315;0;0;-0.00327551;1000;980;977;1;
94;94.2;0.999981;-0.00618935;0.000274516;0;0;-0.0021586;1000;985;980;1;
94.2;94.4;0.999998;0.00205142;-0.000636076;0;0;-0.0025278;1000;986;982;1;
94.4;94.6;0.999996;-0.00273131;0.000610187;0;0;-0.00457658;1000;978;975;1;
94.6;94.8;0.999937;-0.0112054;0.000588763;0;0;-0.00398919;1000;990;984;1;
94.8;95;0.999987;0.00491222;-0.00127562;0;0;-0.00199324;1000;987;982;1;
95;95.2;0.999997;0.00228662;-0.000857039;0;0;-0.00155691;1000;989;987;1;
95.2;95.4;0.999961;-0.00862565;-0.00164028;0;0;-0.00144879;1000;987;983;1;
95.4;95.6;0.999998;0.000678705;-0.00198692;0;0;-0.00756479;1000;988;986;1;
95.6;95.8;0.999995;0.00321597;-0.000598934;0;0;0.00160264;1000;992;990;1;
95.8;96;0.999999;-0.00145497;0;0;0;-0.000325249;1000;990;988;1;
96;96.2;0.999981;0.00615045;-0.000177864;0;0;-0.00262473;1000;991;989;1;
96.2;96.4;0.999968;-0.00801122;0.000409629;0;0;-0.0018645;1000;989;983;1;
96.4;96.6;0.999948;-0.0102183;0.000585808;0;0;0;1000;975;973;1;
96.6;96.8;0.999998;0.00177543;0.000736313;0;0;-0.00456904;1000;980;976;1;
96.8;97;0.999789;-0.0203849;-0.0025729;0;0;0.00118072;1000;988;981;1;
97;97.2;0.999884;-0.0152163;-0.00112358;0;0;0.00283967;1000;989;978;1;
97.2;97.4;0.999877;-0.0156064;-0.00167403;0;0;0.0026517;1000;986;979;1;
97.4;97.6;0.999901;-0.0138881;0.00219987;0;0;-0.00176769;1000;985;982;1;
97.6;97.8;0.999997;0.00185722;0.00161592;0;0;-0.000236351;1000;987;980;1;
97.8;98;0.99994;-0.0108859;-0.00145042;0;0;0.00101257;1000;989;984;1;
98;98.2;0.999956;0.00824951;0.00439154;0;0;0.00164214;1000;994;991;1;
98.2;98.4;0.999878;0.0156234;0.000521483;0;0;0.00455113;1000;993;990;1;
98.4;98.6;0.99995;-0.010042;0.000230663;0;0;-0.000407121;1000;989;982;1;
98.6;98.8;0.999991;0.00366726;0.00203694;0;0;-0.000365697;1000;985;980;1;
98.8;99;0.999999;-0.0013783;0;0;0;-0.00471179;1000;993;989;1;
99;99.2;0.999981;0.00613492;0.000958376;0;0;-0.000462088;1000;973;967;1;
99.2;99.4;0.999911;0.0133441;0.000100607;0;0;0.00101777;1000;983;981;1;
99.4;99.6;0.999929;0.0119404;-0.000282524;0;0;0.000785639;1000;987;983;1;
99.6;99.8;0.999994;-0.00287478;-0.00193298;0;0;-0.00279543;1000;993;987;1;
99.8;100;0.999965;0.00830083;-0.000887761;0;0;0.000325602;1000;992;987;1;
100;100.2;0.99996;0.00881539;0.00171417;0;0;-0.00236045;1000;988;983;1;
100.2;100.4;0.999998;-0.00112655;-0.00179476;0;0;0.00457533;1000;984;983;1;
100.4;100.6;0.999988;-0.00387319;0.00283821;0;0;-0.00235642;1000;993;987;1;
100.6;100.8;0.999979;0.00640547;0.000441449;0;0;-0.00688534;1000;986;983;1;
100.8;101;0.999995;-0.00322492;0;0;0;-0.000403663;1000;986;986;1;
101;101.2;1;0;0.000863566;0;0;-0.00340462;1000;986;985;1;
101.2;101.4;0.99997;0.00774894;-0.000567047;0;0;0;1000;983;980;1;
101.4;101.6;0.999983;0.00577833;-0.000307606;0;0;-0.00328341;1000;991;987;1;
101.6;101.8;1;0.000581294;-0.000569993;0;0;0.00185972;1000;988;984;1;
101.8;102;0.999996;-0.00277804;0.000519209;0;0;-0.00101871;1000;989;986;1;
102;102.2;0.999964;-0.00847421;0;0;0;-0.00431331;1000;991;989;1;
102.2;102.4;0.999983;0.00582137;0.00062731;0;0;0.00607088;1000;985;984;1;
102.4;102.6;0.999966;0.00769724;-0.00286752;0;0;0.00109441;1000;982;981;1;
102.6;102.8;0.999982;-0.00596116;-0.000412827;0;0;-0.00135958;1000;985;985;1;
102.8;103;0.999994;0.00335605;0.000968825;0;0;-0.00217368;1000;985;975;1;
103;103.2;1;0.000309168;-0.00043197;0;0;-0.00554622;1000;976;971;1;
103.2;103.4;0.999986;0.0052503;0.000315786;0;0;-0.00211342;1000;975;971;1;
103.4;103.6;0.999992;0.00387413;-0.000510718;0;0;-0.00285509;1000;990;985;1;
103.6;103.8;0.999994;-0.00331298;-0.000666233;0;0;-0.00364417;1000;987;983;1;
103.8;104;0.999992;-0.00270453;0.00280128;0;0;0.00440318;1000;988;987;1;
104;104.2;0.999879;0.0155108;0.001263;0;0;0.00656076;1000;990;986;1;
104.2;104.4;0.999994;-0.00201072;-0.00288927;0;0;-0.00266277;1000;986;983;1;
104.4;104.6;0.999976;0.00684421;0.00145495;0;0;0.00300238;1000;987;986;1;
104.6;104.8;0.999962;0.00848428;-0.0019322;0;0;-0.00493735;1000;987;978;1;
104.8;105;0.999925;0.0121035;-0.00192887;0;0;0.0126849;1000;987;985;1;
105;105.2;0.999993;0.0036103;-0.000827423;0;0;-0.00235132;1000;982;977;1;
105.2;105.4;0.999997;-0.00187127;-0.00135053;0;0;-0.000961979;1000;982;982;1;
105.4;105.6;0.999965;-0.00829823;0.000744982;0;0;0.00214134;1000;989;983;1;
105.6;105.8;0.99999;0.00445084;-0.000798239;0;0;-0.00494437;1000;980;979;1;
105.8;106;0.999933;0.0115114;0.00116914;0;0;0.000964646;1000;986;982;1;
106;106.2;0.999999;0.000899417;-0.000877721;0;0;0.00123252;1000;984;982;1;
106.2;106.4;0.999947;0.0103132;-0.000392279;0;0;-0.000352961;1000;987;981;1;
106.4;106.6;0.999997;0.00161323;0.00198929;0;0;0.00129901;1000;988;986;1;
106.6;106.8;0.999996;0.00283097;-0.000936526;0;0;-0.00617846;1000;980;975;1;
106.8;107;0.999997;0.00180365;-0.00176242;0;0;0.00606295;1000;984;977;1;
107;107.2;0.999915;0.0126479;-0.00321902;0;0;0.00222419;1000;990;982;1;
107.2;107.4;0.999999;0.00105946;-0.000214804;0;0;-0.000165778;1000;983;978;1;
107.4;107.6;0.999996;-0.00285858;0;0;0;0.00140537;1000;988;986;1;
107.6;107.8;0.999995;-0.00320105;0.000835625;0;0;-0.000240493;1000;993;987;1;
107.8;108;0.999986;0.00530687;0.000812229;0;0;0.00113436;1000;988;986;1;
108;108.2;0.99999;-0.00421338;-0.00137565;0;0;-0.00421835;1000;990;989;1;
108.2;108.4;0.999988;0.00462136;0.00190756;0;0;-0.000456702;1000;992;989;1;
108.4;108.6;0.999857;-0.0169237;0.000491201;0;0;-0.00537761;1000;993;991;1;
108.6;108.8;0.999865;0.0161653;-0.00302968;0;0;-0.000445472;1000;991;989;1;
108.8;109;0.999899;0.0136486;-0.0039391;0;0;0.00210227;1000;983;982;1;
109;109.2;0.999994;-0.00261249;-0.00233811;0;0;0.00505305;1000;996;987;1;
109.2;109.4;0.999799;0.0197661;-0.00330317;0;0;0.00399141;1000;982;976;1;
109.4;109.6;0.999933;-0.0115339;0;0;0;-0.00790194;1000;989;986;1;
109.6;109.8;1;0.000484342;0.000710852;0;0;0.00128641;1000;990;988;1;
109.8;110;0.999918;-0.0127579;0.00104414;0;0;-0.00234388;1000;994;991;1;
110;110.2;0.999991;-0.00419486;-0.000456312;0;0;-0.000564286;1000;986;982;1;
110.2;110.4;0.999954;0.00956613;0.00026736;0;0;0.000132061;1000;988;981;1;
110.4;110.6;0.999999;0.00108272;0;0;0;-0.00256298;1000;978;978;1;
110.6;110.8;0.999982;0.00605847;-0.000458703;0;0;0.00562461;1000;988;980;1;
110.8;111;0.999924;0.0121535;-0.00184113;0;0;0.0045746;1000;990;981;1;
111;111.2;0.999999;-0.00159995;-0.000135543;0;0;-0.00501185;1000;980;973;1;
111.2;111.4;0.999985;0.00515123;0.00199652;0;0;-0.00609;1000;980;976;1;
111.4;111.6;0.999982;-0.00605397;0.000322409;0;0;0.00210971;1000;979;974;1;
111.6;111.8;0.999897;0.0142901;0.00141558;0;0;-0.00253193;1000;984;982;1;
111.8;112;0.999988;-0.00382131;0.00297207;0;0;-0.00315063;1000;991;990;1;
112;112.2;0.999967;0.0080977;0.00027692;0;0;0.00148239;1000;986;983;1;
112.2;112.4;0.999997;-0.00206502;0.000963553;0;0;0.00353004;1000;979;979;1;
112.4;112.6;0.999995;0.0030361;-0.000331191;0;0;0.00593951;1000;985;982;1;
112.6;112.8;0.999985;-0.00536825;-0.000694907;0;0;-0.000653539;1000;989;986;1;
112.8;113;0.999988;-0.004545;-0.00162524;0;0;-0.00457639;1000;983;980;1;
113;113.2;0.999961;-0.00878881;0.000466044;0;0;-0.00179371;1000;984;983;1;
113.2;113.4;0.999977;0.00651684;0.00212079;0;0;-0.00161826;1000;995;992;1;
113.4;113.6;0.999998;-0.00144071;-0.00133629;0;0;0.00522217;1000;997;994;1;
113.6;113.8;0.999999;0.000932017;-0.000913953;0;0;-0.000150199;1000;988;985;1;
113.8;114;0.999992;0.00303867;-0.00243553;0;0;0.00378096;1000;986;982;1;
114;114.2;0.999974;0.00657948;0.00282768;0;0;-0.000772156;1000;979;976;1;
114.2;114.4;0.999976;-0.00688116;0.000165551;0;0;-0.00021036;1000;988;984;1;
114.4;114.6;1;-0.000357947;-0.000917193;0;0;0.00735815;1000;983;979;1;
114.6;114.8;0.999999;0.000336778;-0.00105643;0;0;-0.00556789;1000;990;982;1;
114.8;115;0.999986;0.0046012;-0.00268845;0;0;0.0013435;1000;990;987;1;
115;115.2;0.999898;0.0141297;-0.00186945;0;0;0.00121574;1000;990;982;1;
115.2;115.4;0.999976;0.00656536;-0.00211015;0;0;0.00214867;1000;988;986;1;
115.4;115.6;0.999931;0.0117505;-0.000615401;0;0;-0.00254825;1000;982;979;1;
115.6;115.8;0.999976;-0.00674649;-0.00175493;0;0;-0.0031549;1000;984;984;1;
115.8;116;0.999995;-0.00310377;-0.000264752;0;0;-0.00531664;1000;982;978;1;
116;116.2;0.999945;0.0103821;-0.00159529;0;0;-0.00949996;1000;992;985;1;
116.2;116.4;0.999999;-0.00145799;-0.000526637;0;0;0;1000;987;985;1;
116.4;116.6;0.999983;0.005807;-0.000729784;0;0;-0.00618433;1000;985;983;1;
116.6;116.8;0.999962;0.00846008;0.00204666;0;0;-0.00469497;1000;975;973;1;
116.8;117;0.999929;0.0119435;-0.000117138;0;0;-0.000681511;1000;983;976;1;
117;117.2;0.999978;0.00659048;0.000754868;0;0;-0.000662106;1000;985;979;1;
117.2;117.4;0.999983;0.00564374;0.00130865;0;0;-0.00251432;1000;987;980;1;
117.4;117.6;0.999984;0.00559642;0.000838846;0;0;-0.00235867;1000;990;989;1;
117.6;117.8;0.999958;0.00910405;0.000652663;0;0;-0.000690669;1000;984;981;1;
117.8;118;0.999976;0.00688316;-0.00111569;0;0;0.00214901;1000;985;984;1;
118;118.2;0.999995;0.00322224;0.000161494;0;0;-0.000238041;1000;988;984;1;
118.2;118.4;0.999997;0.00202095;0.00129835;0;0;0.0013571;1000;987;986;1;
118.4;118.6;0.999997;-0.00240589;-0.000604705;0;0;0.00729286;1000;991;984;1;
118.6;118.8;0.999999;-0.000808598;-0.00118138;0;0;0.00273217;1000;987;986;1;
118.8;119;0.999995;-0.002924;-0.00138344;0;0;-0.00367981;1000;989;982;1;
119;119.2;0.999981;-0.00314888;0.00527121;0;0;0.00832353;1000;992;987;1;
119.2;119.4;0.999998;-0.000459292;0.0019552;0;0;-0.00159962;1000;984;982;1;
119.4;119.6;1;0;-0.000326559;0;0;-0.00460731;1000;985;981;1;
