PROPERTIES:;SonarFileName=../sonar_sim_cloud/forward200frames1x.avi;TIME0(sec)=0.000;numPings=200;SonarWidth=400;SonarHeight=600;FPS=5.000
SURFminHessian=300;SIFTthreshold=0.001;SIFTedgeThresh=100.000;CLAHEclipLimit=4;CLAHEtileSize=[16 x 16];FOVX=45;BLUR_IMGS=1;ROBUST_EST=4;PROCESS_00FRAME=0;Threshold Imgs=0;APPLY_CLAHE=0;CARTESIAN=1;VIDEO_SONAR_FILE=1;PROCESS_00FRAME=0;USE_RADIUS_MATCH=0;THRESHOLD_JUMPS=1;MAX_X=10;MAX_Y=20;MAX_PSI=20;

time2(sec);frame1;frame2;sonOFxshift;sonOFyshift;sonOFtheta;sonOFxshiftsum;sonOFyshiftsum;sonOFthetasum;sonOFxshiftsumGlobal;sonOFyshiftsumGlobal;sonOFthetasumGlobal;sonSURFxshift;sonSURFyshift;sonSURFtheta;sonSURFxshiftsum;sonSURFyshiftsum;sonSURFthetasum;sonSURFxshiftsumGlobal;sonSURFyshiftsumGlobal;sonSURFthetasumGlobal;sonSIFTxshift;sonSIFTyshift;sonSIFTtheta;sonSIFTxshiftsum;sonSIFTyshiftsum;sonSIFTthetasum;sonSIFTxshiftsumGlobal;sonSIFTyshiftsumGlobal;sonSIFTthetasumGlobal;sonHARRISxshift;sonHARRISyshift;sonHARRIStheta;sonHARRISxshiftsum;sonHARRISyshiftsum;sonHARRISthetasum;sonHARRISxshiftsumGlobal;sonHARRISyshiftsumGlobal;sonHARRISthetasumGlobal;OFnumCorners;OFnumMatches;OFnumInliers;SURFnumCorners;SURFnumMatches;SURFnumInliers;SIFTnumCorners;SIFTnumMatches;SIFTnumInliers;HARRISnumCorners;HARRISnumMatches;HARRISnumInliers;OF_EstValid;SURF_EstValid;SIFT_EstValid;HARRIS_EstValid;
0.20000000000000001110;0;1;0.975;-0.067;0.008;0.975;-0.067;0.008;0.975;-0.066;0.008;1.006;0.020;0.010;1.006;0.020;0.010;1.006;0.020;0.010;0.906;-0.221;0.038;0.906;-0.221;0.038;0.906;-0.221;0.038;0.539;-0.966;0.090;0.539;-0.966;0.090;0.540;-0.965;0.090;654;654;654;1134;1134;880;1000;1000.000;748.000;1000;1000.000;809.000;1;1;1;1;
0.40000000000000002220;1;2;0.948;0.229;-0.023;1.923;0.162;-0.016;1.923;0.162;-0.016;1.114;-0.011;-0.015;2.121;0.009;-0.005;2.121;0.009;-0.005;0.989;-0.379;0.053;1.895;-0.601;0.090;1.896;-0.599;0.090;0.547;-0.717;0.098;1.086;-1.683;0.189;1.090;-1.680;0.189;648;648;648;1123;1123;863;1000;1000.000;766.000;1000;1000.000;844.000;1;1;1;1;
0.59999999999999997780;2;3;1.010;-0.025;-0.000;2.934;0.138;-0.016;2.934;0.137;-0.016;0.996;0.079;-0.003;3.117;0.088;-0.008;3.117;0.088;-0.008;1.015;0.049;-0.028;2.910;-0.552;0.063;2.911;-0.549;0.063;0.620;-0.072;0.059;1.706;-1.755;0.248;1.710;-1.749;0.248;652;652;652;1138;1138;863;1000;1000.000;759.000;1000;1000.000;838.000;1;1;1;1;
0.80000000000000004441;3;4;1.000;0.026;-0.008;3.933;0.164;-0.023;3.934;0.163;-0.023;0.849;-0.191;0.011;3.966;-0.103;0.004;3.966;-0.103;0.004;0.852;-0.068;0.006;3.762;-0.620;0.069;3.763;-0.616;0.069;0.670;0.032;-0.005;2.376;-1.723;0.243;2.380;-1.715;0.243;633;633;633;1121;1121;859;1000;1000.000;751.000;1000;1000.000;840.000;1;1;1;1;
1.00000000000000000000;4;5;0.992;0.002;0.002;4.925;0.166;-0.021;4.926;0.165;-0.021;1.051;-0.007;-0.008;5.016;-0.110;-0.004;5.016;-0.110;-0.004;0.835;-0.019;-0.015;4.597;-0.639;0.053;4.598;-0.634;0.053;0.669;-0.070;0.014;3.045;-1.793;0.256;3.050;-1.781;0.256;642;642;642;1128;1128;858;1000;1000.000;745.000;1000;1000.000;852.000;1;1;1;1;
1.19999999999999995559;5;6;0.988;0.037;-0.005;5.914;0.203;-0.026;5.914;0.201;-0.026;1.073;0.078;-0.017;6.089;-0.032;-0.022;6.089;-0.032;-0.022;0.993;-0.215;0.023;5.591;-0.854;0.077;5.592;-0.848;0.077;0.668;0.038;-0.007;3.713;-1.755;0.249;3.717;-1.741;0.249;660;660;660;1127;1127;908;1000;1000.000;747.000;1000;1000.000;845.000;1;1;1;1;
1.39999999999999991118;6;7;1.008;0.120;-0.013;6.922;0.323;-0.039;6.922;0.320;-0.039;0.979;-0.202;0.023;7.068;-0.233;0.001;7.068;-0.234;0.001;0.908;-0.401;0.065;6.499;-1.255;0.142;6.501;-1.246;0.142;0.618;-0.182;0.045;4.331;-1.937;0.294;4.336;-1.920;0.294;638;638;638;1126;1126;893;1000;1000.000;755.000;1000;1000.000;840.000;1;1;1;1;
1.60000000000000008882;7;8;1.005;0.045;-0.006;7.927;0.368;-0.045;7.927;0.365;-0.045;1.169;0.635;-0.064;8.237;0.401;-0.063;8.237;0.399;-0.063;0.595;0.023;0.004;7.094;-1.232;0.146;7.096;-1.222;0.146;0.695;-0.189;0.075;5.025;-2.126;0.369;5.032;-2.104;0.369;651;649;649;1137;1137;894;1000;1000.000;738.000;1000;1000.000;827.000;1;1;1;1;
1.80000000000000004441;8;9;1.023;0.086;-0.010;8.950;0.454;-0.056;8.950;0.450;-0.056;0.899;0.136;-0.027;9.136;0.537;-0.089;9.137;0.534;-0.089;0.974;0.005;-0.011;8.068;-1.227;0.135;8.070;-1.215;0.135;1.040;0.843;-0.135;6.065;-1.283;0.234;6.068;-1.257;0.234;667;667;667;1137;1137;870;1000;1000.000;744.000;1000;1000.000;830.000;1;1;1;1;
2.00000000000000000000;9;10;1.012;0.075;-0.011;9.962;0.529;-0.067;9.962;0.524;-0.067;0.961;0.401;-0.062;10.097;0.939;-0.151;10.099;0.933;-0.151;0.813;-0.213;0.041;8.880;-1.441;0.176;8.883;-1.426;0.176;0.580;0.110;-0.069;6.645;-1.174;0.165;6.648;-1.146;0.165;658;657;657;1134;1134;862;1001;1001.000;750.000;1000;1000.000;823.000;1;1;1;1;
2.20000000000000017764;10;11;0.988;-0.056;0.008;10.950;0.472;-0.059;10.950;0.466;-0.059;1.067;0.016;0.010;11.165;0.955;-0.141;11.167;0.947;-0.141;0.937;0.978;-0.098;9.818;-0.462;0.078;9.819;-0.446;0.078;0.670;-0.517;0.029;7.315;-1.690;0.194;7.319;-1.660;0.194;658;658;658;1161;1161;884;1000;1000.000;761.000;1000;1000.000;833.000;1;1;1;1;
2.39999999999999991118;11;12;0.983;-0.147;0.025;11.933;0.325;-0.034;11.933;0.318;-0.034;0.873;-0.179;0.023;12.038;0.776;-0.118;12.039;0.766;-0.118;0.677;-0.195;0.051;10.495;-0.658;0.129;10.496;-0.640;0.129;0.667;0.002;-0.000;7.982;-1.688;0.194;7.986;-1.656;0.194;665;664;664;1148;1148;836;1000;1000.000;750.000;1000;1000.000;809.000;1;1;1;1;
2.60000000000000008882;12;13;0.948;0.162;-0.019;12.881;0.487;-0.053;12.881;0.479;-0.053;1.032;0.177;-0.048;13.070;0.954;-0.166;13.072;0.941;-0.166;0.853;-0.051;-0.013;11.348;-0.709;0.116;11.350;-0.689;0.116;0.668;0.325;-0.050;8.649;-1.363;0.144;8.653;-1.329;0.144;673;672;672;1111;1111;846;1000;1000.000;743.000;1000;1000.000;832.000;1;1;1;1;
2.79999999999999982236;13;14;1.010;-0.136;0.018;13.890;0.351;-0.035;13.891;0.343;-0.035;0.871;0.084;-0.017;13.941;1.038;-0.184;13.943;1.022;-0.184;0.987;0.230;-0.015;12.335;-0.479;0.102;12.336;-0.458;0.102;0.666;0.439;-0.020;9.315;-0.923;0.124;9.318;-0.888;0.124;666;666;666;1139;1139;856;1000;1000.000;740.000;1000;1000.000;835.000;1;1;1;1;
3.00000000000000000000;14;15;1.005;-0.019;0.002;14.896;0.332;-0.033;14.896;0.323;-0.033;1.005;-0.080;0.023;14.946;0.958;-0.161;14.948;0.939;-0.161;0.868;0.366;-0.070;13.203;-0.113;0.032;13.204;-0.091;0.032;0.700;-0.268;0.050;10.015;-1.191;0.174;10.019;-1.154;0.174;651;651;651;1125;1125;874;1000;1000.000;749.000;1000;1000.000;836.000;1;1;1;1;
3.20000000000000017764;15;16;1.001;0.097;-0.016;15.896;0.429;-0.049;15.896;0.419;-0.049;0.841;0.226;-0.020;15.787;1.184;-0.181;15.790;1.163;-0.181;0.939;0.236;-0.032;14.142;0.123;-0.000;14.143;0.145;-0.000;0.633;-0.108;0.057;10.648;-1.299;0.232;10.652;-1.259;0.232;663;663;663;1126;1126;885;1000;1000.000;748.000;1000;1000.000;829.000;1;1;1;1;
3.39999999999999991118;16;17;0.987;0.127;-0.010;16.883;0.556;-0.059;16.883;0.545;-0.059;0.984;-0.066;-0.011;16.771;1.118;-0.192;16.774;1.093;-0.192;1.062;-0.054;-0.001;15.204;0.069;-0.001;15.206;0.091;-0.001;0.333;0.341;-0.001;10.981;-0.958;0.231;10.984;-0.917;0.231;636;636;636;1124;1124;879;1000;1000.000;780.000;1000;1000.000;839.000;1;1;1;1;
3.60000000000000008882;17;18;1.035;0.095;-0.011;17.918;0.651;-0.070;17.918;0.638;-0.071;0.903;0.028;-0.009;17.674;1.146;-0.201;17.676;1.118;-0.201;0.852;0.213;-0.026;16.056;0.282;-0.027;16.058;0.303;-0.027;0.699;-0.100;0.018;11.680;-1.058;0.248;11.683;-1.014;0.248;638;638;638;1122;1122;877;1000;1000.000;762.000;1000;1000.000;842.000;1;1;1;1;
3.79999999999999982236;18;19;0.988;-0.049;0.008;18.906;0.602;-0.063;18.906;0.589;-0.063;1.056;0.197;-0.004;18.729;1.343;-0.205;18.733;1.311;-0.205;0.874;0.409;-0.057;16.931;0.691;-0.084;16.933;0.711;-0.084;0.339;0.036;-0.006;12.019;-1.022;0.242;12.022;-0.976;0.242;651;651;651;1143;1143;889;1000;1000.000;758.000;1000;1000.000;856.000;1;1;1;1;
4.00000000000000000000;19;20;1.027;0.030;-0.008;19.933;0.631;-0.071;19.934;0.617;-0.071;0.974;0.139;-0.003;19.703;1.482;-0.208;19.707;1.446;-0.208;1.010;-0.086;0.015;17.941;0.604;-0.069;17.943;0.623;-0.069;0.670;-0.029;0.005;12.689;-1.051;0.246;12.692;-1.002;0.246;652;652;652;1140;1140;896;1000;1000.000;750.000;1000;1000.000;854.000;1;1;1;1;
4.20000000000000017764;20;21;0.977;0.084;-0.010;20.910;0.715;-0.081;20.910;0.699;-0.081;1.009;-0.072;-0.001;20.712;1.410;-0.210;20.716;1.371;-0.210;0.887;-0.400;0.068;18.828;0.205;-0.001;18.830;0.224;-0.001;1.333;-0.348;0.002;14.022;-1.399;0.249;14.027;-1.345;0.249;643;642;642;1140;1140;874;1000;1000.000;742.000;1000;1000.000;835.000;1;1;1;1;
4.40000000000000035527;21;22;1.022;0.018;-0.001;21.932;0.733;-0.082;21.932;0.715;-0.082;1.020;-0.279;0.036;21.732;1.130;-0.173;21.735;1.088;-0.173;0.989;-0.245;0.040;19.817;-0.041;0.039;19.819;-0.021;0.039;0.660;0.059;-0.012;14.683;-1.340;0.237;14.687;-1.283;0.237;652;652;652;1115;1115;848;1000;1000.000;755.000;1000;1000.000;838.000;1;1;1;1;
4.59999999999999964473;22;23;0.987;0.106;-0.013;22.919;0.839;-0.095;22.920;0.820;-0.095;1.013;-0.196;0.016;22.745;0.934;-0.157;22.747;0.890;-0.157;1.054;0.160;-0.017;20.871;0.119;0.022;20.873;0.139;0.022;0.667;-0.182;-0.024;15.349;-1.522;0.213;15.354;-1.463;0.213;655;655;655;1101;1101;855;1000;1000.000;739.000;1000;1000.000;845.000;1;1;1;1;
4.79999999999999982236;23;24;0.989;-0.184;0.019;23.908;0.654;-0.076;23.909;0.634;-0.076;0.942;0.037;-0.002;23.687;0.971;-0.159;23.689;0.924;-0.159;0.915;0.029;-0.012;21.786;0.148;0.010;21.788;0.168;0.010;0.996;-0.266;-0.010;16.346;-1.788;0.203;16.351;-1.725;0.203;647;647;647;1110;1110;825;1000;1000.000;751.000;1000;1000.000;808.000;1;1;1;1;
5.00000000000000000000;24;25;1.022;-0.022;0.005;24.930;0.632;-0.071;24.931;0.610;-0.071;0.880;0.241;-0.020;24.567;1.212;-0.179;24.570;1.162;-0.179;1.034;-0.291;0.032;22.821;-0.143;0.042;22.823;-0.122;0.042;0.837;-0.148;0.094;17.183;-1.936;0.298;17.189;-1.869;0.298;647;647;647;1089;1089;822;1001;1001.000;764.000;1000;1000.000;831.000;1;1;1;1;
5.20000000000000017764;25;26;0.984;0.042;-0.005;25.915;0.674;-0.076;25.915;0.651;-0.076;1.025;-0.013;-0.015;25.592;1.200;-0.194;25.595;1.146;-0.194;0.719;-0.101;-0.015;23.540;-0.243;0.026;23.542;-0.222;0.026;1.064;-0.968;0.122;18.247;-2.904;0.420;18.260;-2.828;0.420;665;665;665;1100;1100;843;1000;1000.000;773.000;1000;1000.000;840.000;1;1;1;1;
5.40000000000000035527;26;27;0.989;0.009;-0.002;26.904;0.683;-0.078;26.904;0.658;-0.079;0.916;0.249;-0.029;26.507;1.448;-0.223;26.511;1.391;-0.223;0.866;-0.171;0.029;24.406;-0.415;0.055;24.408;-0.393;0.055;0.666;0.157;0.024;18.913;-2.747;0.444;18.925;-2.667;0.444;637;637;637;1101;1101;863;1000;1000.000;765.000;1000;1000.000;844.000;1;1;1;1;
5.59999999999999964473;27;28;1.009;0.005;-0.005;27.912;0.688;-0.083;27.913;0.662;-0.084;1.134;-0.143;-0.013;27.641;1.306;-0.236;27.644;1.244;-0.236;0.832;-0.102;0.006;25.237;-0.516;0.061;25.240;-0.493;0.061;0.696;-0.135;0.019;19.609;-2.882;0.463;19.623;-2.796;0.463;648;648;648;1131;1131;879;1000;1000.000;767.000;1000;1000.000;839.000;1;1;1;1;
5.79999999999999982236;28;29;0.992;-0.186;0.021;28.905;0.502;-0.063;28.905;0.475;-0.063;0.997;-0.000;-0.001;28.638;1.305;-0.237;28.641;1.239;-0.237;0.928;0.138;-0.020;26.165;-0.378;0.041;26.168;-0.355;0.041;0.702;-0.586;0.040;20.311;-3.468;0.503;20.329;-3.375;0.503;659;659;659;1126;1126;868;1000;1000.000;773.000;1000;1000.000;839.000;1;1;1;1;
6.00000000000000000000;29;30;0.985;-0.112;0.012;29.889;0.389;-0.051;29.890;0.361;-0.051;0.933;0.308;-0.041;29.571;1.613;-0.278;29.576;1.542;-0.278;0.934;0.107;-0.025;27.099;-0.271;0.016;27.102;-0.247;0.016;0.678;0.402;-0.013;20.989;-3.066;0.489;21.004;-2.968;0.489;668;667;667;1130;1130;860;1000;1000.000;743.000;1000;1000.000;839.000;1;1;1;1;
6.20000000000000017764;30;31;0.981;-0.115;0.018;30.870;0.275;-0.033;30.870;0.246;-0.033;0.977;-0.197;0.026;30.547;1.416;-0.252;30.551;1.341;-0.252;1.012;0.099;-0.020;28.111;-0.172;-0.004;28.113;-0.148;-0.004;0.672;0.031;-0.005;21.661;-3.035;0.484;21.675;-2.931;0.484;641;640;640;1128;1128;876;1000;1000.000;742.000;1000;1000.000;832.000;1;1;1;1;
6.40000000000000035527;31;32;0.978;0.111;-0.012;31.848;0.386;-0.045;31.849;0.357;-0.045;0.927;0.120;-0.006;31.474;1.536;-0.258;31.479;1.457;-0.258;1.068;1.168;-0.145;29.179;0.996;-0.149;29.185;1.017;-0.149;0.700;0.010;-0.046;22.360;-3.025;0.438;22.375;-2.916;0.438;665;664;664;1123;1123;844;1001;1001.000;758.000;1000;1000.000;843.000;1;1;1;1;
6.59999999999999964473;32;33;0.981;0.195;-0.024;32.830;0.581;-0.069;32.831;0.551;-0.069;1.078;0.195;-0.007;32.552;1.731;-0.265;32.558;1.647;-0.265;0.776;-0.093;0.014;29.956;0.903;-0.134;29.961;0.922;-0.134;0.641;0.110;-0.068;23.001;-2.915;0.370;23.015;-2.802;0.370;657;656;656;1106;1106;848;1000;1000.000;768.000;1000;1000.000;854.000;1;1;1;1;
6.79999999999999982236;33;34;0.965;-0.158;0.020;33.795;0.423;-0.049;33.795;0.392;-0.049;1.068;0.118;0.007;33.620;1.848;-0.258;33.626;1.760;-0.258;0.838;0.280;-0.051;30.794;1.183;-0.186;30.800;1.199;-0.186;0.716;0.352;-0.062;23.717;-2.563;0.307;23.729;-2.446;0.307;658;658;658;1115;1115;859;1000;1000.000;753.000;1000;1000.000;842.000;1;1;1;1;
7.00000000000000000000;34;35;1.006;-0.221;0.031;34.801;0.202;-0.018;34.801;0.171;-0.018;0.871;0.247;-0.025;34.491;2.095;-0.283;34.498;2.002;-0.283;0.888;-0.092;-0.007;31.682;1.091;-0.193;31.688;1.105;-0.193;0.608;0.441;-0.072;24.325;-2.122;0.235;24.336;-2.003;0.235;666;666;666;1128;1128;857;1000;1000.000;739.000;1000;1000.000;825.000;1;1;1;1;
7.20000000000000017764;35;36;1.023;0.041;-0.009;35.824;0.243;-0.028;35.825;0.211;-0.028;1.110;-0.002;-0.004;35.601;2.093;-0.288;35.608;1.995;-0.288;1.044;-0.190;0.005;32.726;0.901;-0.188;32.731;0.911;-0.188;1.000;-0.000;-0.000;25.325;-2.122;0.235;25.336;-1.999;0.235;656;656;656;1148;1148;827;1000;1000.000;745.000;1000;1000.000;806.000;1;1;1;1;
7.40000000000000035527;36;37;1.026;0.089;-0.010;36.850;0.332;-0.038;36.851;0.300;-0.038;1.105;0.086;-0.015;36.706;2.179;-0.303;36.713;2.075;-0.303;1.013;-0.234;0.033;33.739;0.667;-0.155;33.744;0.674;-0.155;0.627;-0.336;0.055;25.952;-2.458;0.290;25.964;-2.331;0.290;649;649;649;1095;1095;843;1000;1000.000;735.000;1000;1000.000;828.000;1;1;1;1;
7.59999999999999964473;37;38;0.985;0.032;-0.007;37.836;0.365;-0.045;37.836;0.331;-0.045;0.909;-0.411;0.068;37.615;1.769;-0.234;37.621;1.661;-0.234;0.929;0.053;0.011;34.668;0.720;-0.144;34.673;0.725;-0.144;0.402;-0.604;0.079;26.354;-3.062;0.369;26.370;-2.933;0.369;628;628;628;1116;1116;849;1000;1000.000;741.000;1000;1000.000;841.000;1;1;1;1;
7.79999999999999982236;38;39;0.987;-0.072;0.005;38.823;0.292;-0.040;38.823;0.258;-0.040;0.965;0.157;-0.015;38.580;1.925;-0.249;38.586;1.813;-0.249;1.134;-0.229;0.020;35.803;0.491;-0.124;35.807;0.493;-0.124;1.336;-0.041;-0.035;27.691;-3.104;0.335;27.706;-2.966;0.335;635;635;635;1113;1113;861;1000;1000.000;743.000;1000;1000.000;829.000;1;1;1;1;
8.00000000000000000000;39;40;0.980;-0.059;0.007;39.803;0.233;-0.033;39.803;0.199;-0.033;0.746;-0.095;-0.001;39.326;1.830;-0.251;39.332;1.715;-0.251;1.023;0.503;-0.070;36.825;0.993;-0.194;36.831;0.992;-0.194;1.179;-1.036;0.097;28.869;-4.139;0.432;28.893;-3.993;0.432;624;624;624;1123;1123;864;1000;1000.000;752.000;1000;1000.000;836.000;1;1;1;1;
8.19999999999999928946;40;41;1.007;0.123;-0.009;40.810;0.356;-0.042;40.811;0.321;-0.042;0.976;0.114;0.005;40.302;1.944;-0.246;40.308;1.824;-0.246;0.723;0.429;-0.048;37.548;1.422;-0.242;37.556;1.418;-0.242;0.707;-0.274;0.080;29.576;-4.413;0.512;29.602;-4.261;0.512;638;638;638;1118;1118;851;1000;1000.000;751.000;1000;1000.000;836.000;1;1;1;1;
8.40000000000000035527;41;42;0.998;0.050;-0.003;41.808;0.406;-0.045;41.809;0.370;-0.045;1.060;0.156;-0.013;41.362;2.101;-0.259;41.369;1.976;-0.259;1.004;0.448;-0.098;38.552;1.870;-0.340;38.562;1.860;-0.340;1.122;1.017;-0.157;30.699;-3.396;0.355;30.718;-3.237;0.355;629;629;629;1114;1114;865;1000;1000.000;761.000;1000;1000.000;845.000;1;1;1;1;
8.59999999999999964473;42;43;1.023;0.024;-0.001;42.831;0.430;-0.046;42.831;0.393;-0.046;0.998;0.179;-0.024;42.360;2.280;-0.283;42.368;2.150;-0.283;1.015;0.143;-0.015;39.567;2.013;-0.355;39.578;1.997;-0.355;0.671;-0.052;0.007;31.369;-3.449;0.362;31.389;-3.285;0.362;631;631;631;1132;1132;878;1000;1000.000;762.000;1000;1000.000;846.000;1;1;1;1;
8.80000000000000071054;43;44;0.969;0.098;-0.012;43.800;0.528;-0.058;43.801;0.490;-0.058;0.949;0.282;-0.029;43.309;2.562;-0.312;43.319;2.427;-0.312;0.711;-0.091;0.018;40.278;1.923;-0.337;40.289;1.902;-0.337;1.306;-0.117;-0.032;32.676;-3.565;0.330;32.696;-3.394;0.330;642;641;641;1129;1129;857;1000;1000.000;785.000;1000;1000.000;820.000;1;1;1;1;
9.00000000000000000000;44;45;1.015;0.025;-0.007;44.815;0.553;-0.065;44.815;0.514;-0.065;1.069;0.159;-0.016;44.378;2.720;-0.328;44.388;2.580;-0.328;0.786;0.131;-0.025;41.065;2.053;-0.362;41.076;2.028;-0.362;0.671;-0.045;0.007;33.346;-3.610;0.337;33.367;-3.435;0.337;621;621;621;1109;1109;856;1000;1000.000;760.000;1000;1000.000;848.000;1;1;1;1;
9.19999999999999928946;45;46;0.986;0.017;0.003;45.800;0.570;-0.062;45.801;0.530;-0.062;0.995;-0.245;0.018;45.373;2.475;-0.310;45.382;2.329;-0.310;0.824;-0.032;0.008;41.889;2.021;-0.354;41.900;1.990;-0.354;0.724;0.082;-0.097;34.070;-3.528;0.240;34.091;-3.349;0.240;633;633;633;1121;1121;864;1000;1000.000;748.000;1000;1000.000;839.000;1;1;1;1;
9.40000000000000035527;46;47;0.981;0.077;-0.012;46.781;0.647;-0.074;46.782;0.605;-0.074;0.831;0.380;-0.047;46.204;2.855;-0.357;46.215;2.704;-0.357;0.793;-0.113;0.018;42.682;1.907;-0.336;42.693;1.872;-0.336;1.334;0.485;-0.018;35.404;-3.042;0.222;35.423;-2.859;0.222;651;651;651;1122;1122;867;1000;1000.000;742.000;1000;1000.000;842.000;1;1;1;1;
9.59999999999999964473;47;48;0.947;0.075;-0.007;47.728;0.722;-0.081;47.729;0.679;-0.081;0.904;-0.086;0.016;47.108;2.769;-0.341;47.119;2.613;-0.341;1.064;0.089;0.000;43.746;1.997;-0.336;43.757;1.955;-0.336;0.706;-0.274;0.048;36.111;-3.317;0.270;36.131;-3.130;0.270;658;657;657;1123;1123;810;1000;1000.000;759.000;1000;1000.000;798.000;1;1;1;1;
9.80000000000000071054;48;49;0.992;0.025;0.000;48.720;0.747;-0.081;48.721;0.703;-0.081;1.096;0.313;-0.041;48.204;3.082;-0.382;48.217;2.918;-0.382;0.828;0.129;-0.028;44.574;2.126;-0.364;44.586;2.079;-0.364;0.342;-0.578;0.034;36.453;-3.894;0.304;36.476;-3.706;0.304;678;674;672;1100;1100;817;1000;1000.000;758.000;1000;1000.000;819.000;1;1;1;1;
10.00000000000000000000;49;50;1.032;-0.021;0.006;49.753;0.725;-0.075;49.754;0.680;-0.075;0.993;0.125;-0.009;49.197;3.207;-0.391;49.211;3.036;-0.391;0.827;-0.149;0.020;45.401;1.977;-0.344;45.412;1.925;-0.344;0.647;-0.469;0.072;37.100;-4.363;0.376;37.126;-4.171;0.376;657;657;657;1098;1098;841;1000;1000.000;735.000;1000;1000.000;839.000;1;1;1;1;
10.19999999999999928946;50;51;0.992;0.130;-0.019;50.744;0.855;-0.094;50.746;0.808;-0.094;1.029;0.810;-0.111;50.226;4.017;-0.502;50.248;3.837;-0.502;1.027;-0.043;0.009;46.428;1.934;-0.335;46.439;1.876;-0.335;1.332;0.208;0.019;38.432;-4.156;0.396;38.457;-3.954;0.396;648;648;648;1125;1125;846;1001;1001.000;750.000;1000;1000.000;827.000;1;1;1;1;
10.40000000000000035527;51;52;1.007;-0.005;-0.001;51.751;0.850;-0.095;51.752;0.802;-0.095;0.913;-0.265;0.034;51.139;3.752;-0.468;51.158;3.565;-0.468;0.787;-0.013;-0.013;47.215;1.921;-0.349;47.226;1.858;-0.349;0.848;0.683;-0.129;39.280;-3.472;0.266;39.302;-3.266;0.266;658;658;658;1131;1131;864;1000;1000.000;739.000;1000;1000.000;828.000;1;1;1;1;
10.59999999999999964473;52;53;0.970;0.035;-0.004;52.721;0.885;-0.099;52.722;0.835;-0.099;1.081;-0.288;0.013;52.220;3.464;-0.455;52.237;3.268;-0.455;0.830;0.237;-0.031;48.046;2.158;-0.380;48.058;2.090;-0.380;0.728;0.416;-0.052;40.008;-3.056;0.215;40.028;-2.847;0.215;651;651;651;1125;1125;845;1001;1001.000;775.000;1000;1000.000;828.000;1;1;1;1;
10.80000000000000071054;53;54;1.030;0.069;-0.006;53.751;0.955;-0.106;53.752;0.902;-0.106;1.014;0.152;-0.029;53.234;3.616;-0.484;53.252;3.412;-0.484;1.137;-0.308;0.063;49.183;1.850;-0.317;49.193;1.775;-0.317;1.425;-0.078;0.076;41.433;-3.134;0.291;41.454;-2.918;0.291;646;646;646;1092;1092;838;1000;1000.000;753.000;1000;1000.000;845.000;1;1;1;1;
11.00000000000000000000;54;55;0.955;-0.032;0.006;54.706;0.922;-0.099;54.707;0.868;-0.099;1.027;-0.143;0.017;54.260;3.473;-0.467;54.277;3.260;-0.467;0.872;-0.230;0.038;50.055;1.619;-0.279;50.064;1.541;-0.279;1.203;0.566;-0.102;42.636;-2.567;0.188;42.655;-2.347;0.188;643;643;643;1096;1096;847;1000;1000.000;749.000;1000;1000.000;840.000;1;1;1;1;
11.19999999999999928946;55;56;0.999;0.034;-0.007;55.705;0.957;-0.106;55.706;0.901;-0.106;1.061;-0.213;0.031;55.322;3.260;-0.436;55.336;3.039;-0.436;1.109;0.492;-0.092;51.164;2.111;-0.371;51.176;2.025;-0.371;0.678;-0.368;0.070;43.314;-2.935;0.258;43.334;-2.712;0.258;644;644;644;1083;1083;815;1000;1000.000;755.000;1000;1000.000;844.000;1;1;1;1;
11.40000000000000035527;56;57;1.014;-0.070;0.011;56.719;0.887;-0.095;56.720;0.829;-0.095;0.985;-0.195;0.039;56.307;3.066;-0.398;56.320;2.838;-0.398;0.886;-0.441;0.064;52.050;1.670;-0.307;52.060;1.579;-0.307;1.356;-0.002;-0.069;44.670;-2.937;0.189;44.690;-2.709;0.189;636;636;636;1086;1086;849;1000;1000.000;756.000;1000;1000.000;848.000;1;1;1;1;
11.59999999999999964473;57;58;1.004;0.025;-0.004;57.723;0.912;-0.099;57.724;0.853;-0.099;1.007;-0.055;0.016;57.314;3.011;-0.381;57.327;2.776;-0.381;0.975;-0.038;0.005;53.025;1.631;-0.302;53.034;1.536;-0.302;0.682;-0.094;0.014;45.352;-3.031;0.203;45.372;-2.801;0.203;637;637;637;1115;1115;867;1000;1000.000;741.000;1000;1000.000;851.000;1;1;1;1;
11.80000000000000071054;58;59;0.946;-0.066;0.012;58.669;0.846;-0.087;58.670;0.785;-0.087;1.134;-0.078;0.012;58.448;2.933;-0.369;58.461;2.691;-0.369;0.907;-0.237;0.017;53.932;1.394;-0.285;53.940;1.294;-0.285;0.327;0.296;0.007;45.678;-2.735;0.210;45.698;-2.504;0.210;643;643;643;1114;1114;855;1001;1001.000;742.000;1000;1000.000;851.000;1;1;1;1;
12.00000000000000000000;59;60;1.013;-0.009;-0.007;59.681;0.837;-0.094;59.683;0.774;-0.094;0.874;0.327;-0.067;59.322;3.260;-0.436;59.337;3.012;-0.436;0.890;0.036;0.002;54.822;1.430;-0.283;54.830;1.325;-0.283;0.667;-0.007;0.001;46.346;-2.741;0.211;46.365;-2.508;0.211;651;651;651;1097;1097;834;1000;1000.000;755.000;1000;1000.000;820.000;1;1;1;1;
12.19999999999999928946;60;61;1.024;0.073;-0.009;60.706;0.910;-0.103;60.707;0.846;-0.103;0.980;0.170;-0.038;60.301;3.430;-0.474;60.318;3.174;-0.474;0.895;0.038;0.008;55.716;1.468;-0.276;55.725;1.359;-0.276;0.906;0.550;-0.107;47.252;-2.191;0.104;47.270;-1.956;0.104;658;658;658;1130;1130;870;1000;1000.000;743.000;1000;1000.000;847.000;1;1;1;1;
12.40000000000000035527;61;62;1.000;0.055;-0.012;61.706;0.965;-0.115;61.708;0.899;-0.115;0.912;-0.347;0.059;61.213;3.084;-0.414;61.227;2.821;-0.414;0.848;0.422;-0.062;56.565;1.890;-0.338;56.576;1.777;-0.338;1.333;0.324;0.002;48.584;-1.867;0.106;48.602;-1.630;0.106;658;657;657;1127;1127;848;1000;1000.000;765.000;1000;1000.000;842.000;1;1;1;1;
12.59999999999999964473;62;63;0.995;0.057;-0.005;62.701;1.021;-0.120;62.702;0.953;-0.120;0.913;-0.253;0.032;62.125;2.830;-0.382;62.138;2.561;-0.382;0.992;-0.081;0.004;57.557;1.809;-0.333;57.568;1.689;-0.333;0.341;0.507;-0.037;48.925;-1.360;0.069;48.942;-1.123;0.069;648;648;648;1123;1123;873;1000;1000.000;745.000;1000;1000.000;855.000;1;1;1;1;
12.80000000000000071054;63;64;0.935;0.010;0.002;63.636;1.032;-0.119;63.637;0.961;-0.119;0.951;-0.148;0.019;63.076;2.682;-0.363;63.088;2.407;-0.363;0.824;0.210;0.006;58.381;2.019;-0.328;58.393;1.895;-0.328;0.652;-0.107;-0.027;49.577;-1.467;0.042;49.594;-1.229;0.042;640;640;640;1137;1137;866;1000;1000.000;753.000;1000;1000.000;835.000;1;1;1;1;
13.00000000000000000000;64;65;1.006;0.047;-0.005;64.642;1.079;-0.123;64.644;1.007;-0.123;1.061;0.003;-0.012;64.137;2.685;-0.375;64.149;2.403;-0.375;0.812;0.170;-0.025;59.193;2.189;-0.353;59.206;2.060;-0.353;0.349;-0.247;-0.016;49.926;-1.714;0.026;49.944;-1.476;0.026;642;642;642;1116;1116;829;1000;1000.000;754.000;1000;1000.000;839.000;1;1;1;1;
13.19999999999999928946;65;66;1.023;0.090;-0.016;65.664;1.169;-0.140;65.666;1.094;-0.140;0.969;0.042;-0.015;65.106;2.727;-0.389;65.118;2.439;-0.389;0.827;-0.208;0.033;60.020;1.981;-0.320;60.032;1.847;-0.320;1.383;-0.952;0.120;51.309;-2.666;0.146;51.329;-2.424;0.146;625;625;625;1105;1105;829;1000;1000.000;760.000;1000;1000.000;834.000;1;1;1;1;
13.40000000000000035527;66;67;1.031;0.067;-0.008;66.695;1.236;-0.148;66.697;1.158;-0.148;0.969;0.134;-0.027;66.075;2.861;-0.417;66.087;2.565;-0.417;1.065;0.151;0.007;61.085;2.132;-0.312;61.098;1.992;-0.312;0.755;-0.733;0.107;52.064;-3.399;0.253;52.087;-3.154;0.253;641;641;641;1085;1085;823;1000;1000.000;760.000;1000;1000.000;822.000;1;1;1;1;
13.59999999999999964473;67;68;1.001;-0.153;0.017;67.696;1.083;-0.131;67.698;1.003;-0.131;0.957;0.055;0.009;67.031;2.916;-0.408;67.044;2.613;-0.408;0.986;-0.101;0.039;62.071;2.030;-0.273;62.083;1.886;-0.273;0.676;0.233;0.014;52.740;-3.166;0.267;52.762;-2.917;0.267;630;630;630;1094;1094;844;1000;1000.000;757.000;1000;1000.000;832.000;1;1;1;1;
13.80000000000000071054;68;69;1.008;0.082;-0.012;68.705;1.165;-0.143;68.706;1.082;-0.143;1.064;0.329;-0.049;68.095;3.245;-0.458;68.111;2.934;-0.458;0.975;-0.210;0.021;63.046;1.820;-0.253;63.057;1.672;-0.253;0.703;-0.450;0.058;53.443;-3.616;0.325;53.467;-3.363;0.325;635;635;635;1109;1109;880;1001;1001.000;749.000;1000;1000.000;854.000;1;1;1;1;
14.00000000000000000000;69;70;0.984;0.028;0.001;69.689;1.193;-0.142;69.691;1.108;-0.142;0.925;-0.566;0.080;69.020;2.679;-0.377;69.032;2.362;-0.377;0.921;0.096;-0.016;63.967;1.916;-0.269;63.979;1.763;-0.269;0.701;0.756;-0.098;54.143;-2.859;0.227;54.165;-2.604;0.227;653;653;653;1109;1109;826;1000;1000.000;767.000;1000;1000.000;857.000;1;1;1;1;
14.19999999999999928946;70;71;0.999;0.083;-0.011;70.688;1.276;-0.153;70.690;1.189;-0.153;0.908;0.161;-0.021;69.928;2.840;-0.398;69.941;2.516;-0.398;0.924;-0.405;0.062;64.891;1.511;-0.208;64.902;1.354;-0.208;0.697;0.486;-0.074;54.840;-2.374;0.153;54.860;-2.117;0.153;658;657;657;1095;1095;825;1000;1000.000;745.000;1000;1000.000;841.000;1;1;1;1;
14.40000000000000035527;71;72;0.938;-0.106;0.015;71.625;1.170;-0.138;71.627;1.080;-0.138;1.300;0.097;-0.022;71.229;2.936;-0.420;71.242;2.604;-0.420;1.072;0.215;-0.034;65.963;1.726;-0.242;65.975;1.565;-0.242;0.631;0.106;0.039;55.471;-2.267;0.192;55.490;-2.008;0.192;652;652;652;1091;1091;795;1000;1000.000;728.000;1000;1000.000;811.000;1;1;1;1;
14.59999999999999964473;72;73;1.014;-0.085;0.007;72.639;1.085;-0.132;72.641;0.993;-0.132;0.975;-0.531;0.063;72.204;2.405;-0.357;72.214;2.066;-0.357;0.911;-0.183;0.031;66.874;1.543;-0.211;66.885;1.379;-0.211;0.740;-0.017;-0.068;56.211;-2.284;0.124;56.231;-2.023;0.124;665;665;665;1102;1102;808;1000;1000.000;743.000;1000;1000.000;852.000;1;1;1;1;
14.80000000000000071054;73;74;0.980;-0.046;0.005;73.619;1.039;-0.127;73.621;0.945;-0.127;0.915;-0.131;0.038;73.119;2.274;-0.319;73.128;1.930;-0.319;1.057;-0.120;0.026;67.931;1.424;-0.185;67.941;1.256;-0.185;0.669;-0.315;-0.003;56.880;-2.599;0.121;56.900;-2.337;0.121;675;675;675;1118;1118;829;1000;1000.000;745.000;1000;1000.000;836.000;1;1;1;1;
15.00000000000000000000;74;75;0.993;-0.132;0.015;74.612;0.907;-0.112;74.613;0.811;-0.112;0.959;-0.244;0.040;74.078;2.031;-0.279;74.086;1.682;-0.279;1.056;0.304;-0.024;68.987;1.727;-0.209;68.998;1.556;-0.209;0.305;0.575;-0.034;57.185;-2.024;0.086;57.205;-1.761;0.086;663;663;663;1108;1108;837;1000;1000.000;727.000;1000;1000.000;839.000;1;1;1;1;
15.19999999999999928946;75;76;0.998;-0.105;0.015;75.610;0.802;-0.097;75.611;0.704;-0.097;0.909;0.301;-0.024;74.987;2.332;-0.303;74.997;1.978;-0.303;1.062;0.308;-0.044;70.049;2.035;-0.253;70.062;1.859;-0.253;1.311;-0.110;-0.031;58.497;-2.134;0.055;58.516;-1.870;0.055;671;671;671;1102;1102;824;1000;1000.000;748.000;1000;1000.000;850.000;1;1;1;1;
15.40000000000000035527;76;77;1.014;-0.066;0.013;76.624;0.736;-0.084;76.625;0.637;-0.084;1.004;0.151;-0.032;75.991;2.482;-0.334;76.001;2.123;-0.334;1.135;0.266;-0.052;71.184;2.301;-0.306;71.198;2.119;-0.306;1.328;0.404;-0.010;59.825;-1.730;0.044;59.844;-1.465;0.044;660;658;658;1102;1102;843;1000;1000.000;745.000;1000;1000.000;838.000;1;1;1;1;
15.59999999999999964473;77;78;1.008;-0.057;0.012;77.632;0.679;-0.072;77.633;0.578;-0.072;0.841;-0.271;0.035;76.832;2.211;-0.299;76.841;1.848;-0.299;0.906;-0.060;0.025;72.090;2.241;-0.281;72.104;2.055;-0.281;0.306;0.715;-0.051;60.131;-1.015;-0.007;60.151;-0.750;-0.007;667;666;666;1098;1098;814;1000;1000.000;752.000;1000;1000.000;839.000;1;1;1;1;
15.80000000000000071054;78;79;1.022;-0.109;0.010;78.654;0.570;-0.062;78.655;0.468;-0.062;1.149;0.004;-0.003;77.981;2.215;-0.302;77.990;1.845;-0.302;1.072;-0.086;0.015;73.162;2.155;-0.265;73.175;1.964;-0.265;0.666;-0.040;0.006;60.798;-1.055;-0.000;60.817;-0.790;-0.000;668;667;667;1078;1078;823;1000;1000.000;737.000;1000;1000.000;851.000;1;1;1;1;
16.00000000000000000000;79;80;0.996;0.010;-0.007;79.650;0.580;-0.069;79.651;0.477;-0.069;1.020;-0.095;0.008;79.001;2.120;-0.293;79.009;1.745;-0.293;0.865;-0.038;-0.007;74.027;2.117;-0.272;74.040;1.921;-0.272;0.623;0.188;-0.090;61.420;-0.867;-0.091;61.440;-0.603;-0.091;676;674;674;1080;1080;845;1000;1000.000;745.000;1000;1000.000;844.000;1;1;1;1;
16.19999999999999928946;80;81;1.034;-0.163;0.020;80.684;0.416;-0.049;80.685;0.312;-0.049;1.063;0.242;-0.040;80.064;2.361;-0.334;80.074;1.980;-0.334;0.963;0.216;-0.031;74.990;2.333;-0.303;75.004;2.132;-0.303;1.159;0.809;-0.143;62.579;-0.058;-0.234;62.602;0.201;-0.234;663;662;662;1086;1086;836;1000;1000.000;749.000;1000;1000.000;852.000;1;1;1;1;
16.39999999999999857891;81;82;0.991;0.055;-0.007;81.676;0.471;-0.056;81.676;0.366;-0.056;0.998;-0.008;0.001;81.062;2.354;-0.333;81.072;1.967;-0.333;0.839;-0.349;0.047;75.829;1.985;-0.256;75.842;1.780;-0.256;0.643;0.348;-0.112;63.222;0.290;-0.346;63.247;0.545;-0.346;655;653;653;1080;1080;820;1000;1000.000;766.000;1000;1000.000;857.000;1;1;1;1;
16.60000000000000142109;82;83;0.990;0.062;-0.010;82.666;0.533;-0.066;82.666;0.427;-0.066;1.014;-0.197;0.017;82.077;2.157;-0.316;82.086;1.764;-0.316;0.892;-0.064;0.024;76.722;1.921;-0.232;76.734;1.713;-0.232;1.371;0.607;-0.053;64.594;0.897;-0.399;64.623;1.143;-0.399;644;644;644;1083;1083;835;1000;1000.000;758.000;1000;1000.000;856.000;1;1;1;1;
16.80000000000000071054;83;84;0.986;0.059;-0.000;83.652;0.592;-0.066;83.653;0.485;-0.066;1.089;0.089;-0.035;83.166;2.246;-0.351;83.175;1.846;-0.351;1.035;-0.297;0.020;77.757;1.624;-0.212;77.768;1.411;-0.212;0.656;-0.127;-0.037;65.250;0.770;-0.435;65.278;1.011;-0.435;637;637;637;1084;1084;809;1000;1000.000;761.000;1000;1000.000;801.000;1;1;1;1;
17.00000000000000000000;84;85;1.011;-0.040;0.007;84.663;0.552;-0.059;84.664;0.444;-0.059;0.886;0.092;-0.013;84.052;2.338;-0.364;84.062;1.933;-0.364;0.907;0.125;-0.013;78.664;1.748;-0.225;78.676;1.532;-0.225;0.712;-0.719;0.141;65.962;0.051;-0.295;65.987;0.288;-0.295;637;637;637;1086;1086;830;1000;1000.000;752.000;1000;1000.000;826.000;1;1;1;1;
17.19999999999999928946;85;86;1.023;0.074;-0.011;85.686;0.626;-0.070;85.687;0.517;-0.070;1.018;0.023;0.018;85.070;2.360;-0.346;85.080;1.949;-0.346;0.938;0.352;-0.059;79.602;2.100;-0.284;79.615;1.880;-0.284;1.315;-0.705;0.079;67.277;-0.654;-0.216;67.299;-0.422;-0.216;625;624;624;1106;1106;840;1000;1000.000;741.000;1000;1000.000;836.000;1;1;1;1;
17.39999999999999857891;86;87;1.016;-0.105;0.017;86.702;0.521;-0.054;86.703;0.411;-0.054;0.908;0.123;-0.013;85.978;2.483;-0.360;85.989;2.067;-0.360;1.131;-0.108;0.014;80.733;1.992;-0.270;80.745;1.767;-0.270;0.300;0.716;-0.056;67.577;0.063;-0.271;67.603;0.294;-0.271;635;635;635;1100;1100;834;1001;1001.000;766.000;1000;1000.000;847.000;1;1;1;1;
17.60000000000000142109;87;88;0.985;-0.100;0.016;87.686;0.422;-0.037;87.687;0.311;-0.037;1.007;0.276;-0.045;86.985;2.760;-0.404;86.998;2.336;-0.404;1.104;-0.293;0.039;81.837;1.699;-0.232;81.848;1.469;-0.232;1.326;-0.384;0.005;68.903;-0.322;-0.266;68.927;-0.097;-0.266;632;632;632;1080;1080;846;1000;1000.000;743.000;1000;1000.000;846.000;1;1;1;1;
17.80000000000000071054;88;89;1.010;0.023;-0.004;88.696;0.445;-0.042;88.697;0.333;-0.042;0.979;-0.173;0.003;87.964;2.587;-0.401;87.976;2.156;-0.401;1.074;-0.308;0.029;82.911;1.391;-0.203;82.921;1.157;-0.203;0.535;0.855;-0.116;69.439;0.533;-0.382;69.468;0.754;-0.382;629;629;629;1117;1117;844;1000;1000.000;752.000;1000;1000.000;845.000;1;1;1;1;
18.00000000000000000000;89;90;1.005;-0.072;0.005;89.701;0.373;-0.037;89.702;0.260;-0.037;1.073;0.099;0.002;89.037;2.686;-0.399;89.050;2.248;-0.399;0.982;-0.005;-0.010;83.893;1.385;-0.213;83.903;1.148;-0.213;0.781;-0.156;0.073;70.220;0.378;-0.309;70.248;0.594;-0.309;637;637;637;1105;1105;836;1000;1000.000;724.000;1000;1000.000;842.000;1;1;1;1;
18.19999999999999928946;90;91;1.006;0.029;-0.003;90.707;0.401;-0.040;90.707;0.288;-0.040;1.085;0.321;-0.043;90.123;3.008;-0.442;90.137;2.561;-0.442;0.828;-0.074;0.001;84.721;1.312;-0.211;84.731;1.071;-0.211;0.693;-0.132;0.081;70.913;0.246;-0.228;70.941;0.460;-0.228;644;644;644;1077;1077;822;1000;1000.000;721.000;1000;1000.000;845.000;1;1;1;1;
18.39999999999999857891;91;92;0.999;-0.159;0.019;91.706;0.242;-0.021;91.707;0.129;-0.021;0.894;0.188;-0.021;91.016;3.196;-0.462;91.032;2.742;-0.462;0.742;-0.326;0.080;85.462;0.985;-0.132;85.472;0.743;-0.132;0.336;-0.220;0.032;71.249;0.026;-0.195;71.276;0.239;-0.195;637;637;637;1109;1109;852;1000;1000.000;731.000;1000;1000.000;850.000;1;1;1;1;
18.60000000000000142109;92;93;1.005;0.064;-0.010;92.711;0.306;-0.031;92.712;0.192;-0.031;0.907;0.138;-0.028;91.923;3.334;-0.491;91.941;2.872;-0.491;1.087;-0.198;0.026;86.550;0.787;-0.105;86.559;0.543;-0.105;0.669;-0.173;-0.026;71.918;-0.147;-0.222;71.945;0.064;-0.222;640;639;639;1111;1111;849;1000;1000.000;726.000;1000;1000.000;838.000;1;1;1;1;
18.80000000000000071054;93;94;0.956;-0.117;0.015;93.667;0.189;-0.016;93.668;0.075;-0.016;1.010;0.200;-0.031;92.933;3.534;-0.522;92.953;3.063;-0.522;1.050;-0.295;0.026;87.599;0.492;-0.079;87.608;0.246;-0.079;0.337;0.270;0.011;72.255;0.123;-0.211;72.283;0.332;-0.211;636;636;636;1110;1110;854;1000;1000.000;737.000;1000;1000.000;833.000;1;1;1;1;
19.00000000000000000000;94;95;1.011;-0.022;0.002;94.679;0.167;-0.014;94.679;0.053;-0.015;0.931;0.192;-0.016;93.864;3.726;-0.538;93.885;3.247;-0.538;1.038;-0.139;-0.020;88.638;0.353;-0.100;88.646;0.106;-0.100;0.703;-0.513;0.072;72.958;-0.390;-0.138;72.984;-0.183;-0.138;672;672;672;1112;1112;836;1000;1000.000;755.000;1000;1000.000;834.000;1;1;1;1;
19.19999999999999928946;95;96;0.983;-0.005;-0.001;95.661;0.162;-0.015;95.662;0.048;-0.015;1.011;0.215;-0.039;94.876;3.941;-0.577;94.899;3.451;-0.577;0.720;0.656;-0.079;89.358;1.010;-0.179;89.369;0.760;-0.179;1.045;0.646;-0.087;74.003;0.256;-0.226;74.032;0.459;-0.226;663;662;662;1099;1099;800;1000;1000.000;701.000;1000;1000.000;798.000;1;1;1;1;
19.39999999999999857891;96;97;0.997;0.044;-0.006;96.658;0.207;-0.021;96.659;0.092;-0.021;0.925;0.003;0.012;95.801;3.944;-0.565;95.824;3.445;-0.565;0.785;-0.010;-0.040;90.143;0.999;-0.218;90.154;0.746;-0.218;0.974;-0.142;0.041;74.977;0.114;-0.185;75.006;0.314;-0.185;641;640;640;1117;1117;841;1000;1000.000;704.000;1000;1000.000;829.000;1;1;1;1;
19.60000000000000142109;97;98;0.999;-0.038;0.011;97.657;0.169;-0.010;97.658;0.054;-0.010;1.165;0.214;-0.033;96.966;4.159;-0.597;96.991;3.647;-0.597;0.957;-0.033;0.019;91.100;0.966;-0.199;91.110;0.710;-0.199;0.637;-0.176;0.038;75.615;-0.062;-0.147;75.643;0.137;-0.147;643;642;642;1117;1117;865;1000;1000.000;762.000;1000;1000.000;846.000;1;1;1;1;
19.80000000000000071054;98;99;1.006;-0.046;0.002;98.664;0.123;-0.008;98.665;0.007;-0.008;0.863;-0.231;0.039;97.829;3.928;-0.558;97.852;3.408;-0.558;1.128;0.236;-0.038;92.228;1.202;-0.237;92.240;0.942;-0.237;1.362;-0.996;0.115;76.977;-1.058;-0.032;77.004;-0.860;-0.032;647;647;647;1097;1097;871;1000;1000.000;741.000;1000;1000.000;841.000;1;1;1;1;
20.00000000000000000000;99;100;0.981;0.025;0.001;99.645;0.148;-0.007;99.646;0.032;-0.008;1.042;0.041;-0.027;98.870;3.969;-0.585;98.893;3.439;-0.585;0.626;0.025;-0.043;92.854;1.228;-0.280;92.865;0.964;-0.280;0.910;-0.891;0.179;77.886;-1.949;0.148;77.916;-1.749;0.148;660;659;659;1101;1101;828;1000;1000.000;767.000;1000;1000.000;841.000;1;1;1;1;
20.19999999999999928946;100;101;0.980;0.139;-0.013;100.625;0.288;-0.020;100.626;0.172;-0.020;0.854;-0.077;-0.008;99.724;3.892;-0.592;99.746;3.353;-0.592;0.938;0.032;0.015;93.792;1.259;-0.265;93.804;0.991;-0.265;0.604;-0.240;0.046;78.491;-2.189;0.194;78.521;-1.987;0.194;650;649;649;1076;1076;826;1000;1000.000;753.000;1000;1000.000;843.000;1;1;1;1;
20.39999999999999857891;101;102;1.041;-0.187;0.029;101.666;0.101;0.009;101.667;-0.015;0.009;0.929;-0.077;0.007;100.653;3.815;-0.585;100.675;3.267;-0.585;0.804;0.182;-0.028;94.596;1.441;-0.293;94.609;1.169;-0.293;0.843;0.316;-0.112;79.333;-1.873;0.082;79.363;-1.670;0.082;655;655;655;1096;1096;829;1000;1000.000;749.000;1000;1000.000;850.000;1;1;1;1;
20.60000000000000142109;102;103;1.019;0.066;-0.012;102.685;0.167;-0.003;102.686;0.051;-0.003;0.931;0.062;-0.017;101.584;3.877;-0.602;101.607;3.319;-0.602;1.072;0.034;-0.011;95.668;1.475;-0.304;95.681;1.197;-0.304;1.000;-0.000;-0.000;80.333;-1.873;0.082;80.363;-1.668;0.082;649;649;649;1081;1081;830;1000;1000.000;747.000;1000;1000.000;826.000;1;1;1;1;
20.80000000000000071054;103;104;0.958;-0.137;0.013;103.643;0.030;0.010;103.644;-0.085;0.010;1.038;-0.254;0.047;102.623;3.624;-0.555;102.642;3.056;-0.555;0.854;0.490;-0.066;96.522;1.964;-0.370;96.538;1.681;-0.370;0.610;-0.190;0.070;80.943;-2.063;0.152;80.973;-1.857;0.152;648;648;648;1090;1090;828;1000;1000.000;729.000;1000;1000.000;833.000;1;1;1;1;
21.00000000000000000000;104;105;1.029;0.043;-0.003;104.673;0.073;0.007;104.673;-0.043;0.007;0.923;0.048;-0.002;103.545;3.671;-0.556;103.565;3.094;-0.556;0.931;-0.215;0.022;97.453;1.750;-0.348;97.468;1.460;-0.348;1.329;0.729;-0.010;82.272;-1.334;0.142;82.301;-1.124;0.142;659;658;658;1092;1092;834;1000;1000.000;752.000;1000;1000.000;830.000;1;1;1;1;
21.19999999999999928946;105;106;0.957;0.007;0.004;105.629;0.080;0.011;105.630;-0.035;0.011;0.909;0.633;-0.073;104.454;4.304;-0.630;104.481;3.717;-0.630;0.941;-0.202;0.017;98.394;1.548;-0.331;98.408;1.253;-0.331;0.646;-0.125;-0.033;82.918;-1.459;0.108;82.947;-1.248;0.108;656;655;655;1087;1087;827;1000;1000.000;754.000;1000;1000.000;822.000;1;1;1;1;
21.39999999999999857891;106;107;1.025;-0.111;0.012;106.654;-0.031;0.023;106.655;-0.146;0.023;0.945;-0.260;0.040;105.399;4.044;-0.590;105.423;3.447;-0.590;1.090;-0.131;0.014;99.484;1.416;-0.317;99.497;1.116;-0.317;0.301;-0.119;-0.033;83.220;-1.578;0.075;83.249;-1.367;0.075;659;659;659;1075;1075;815;1000;1000.000;740.000;1000;1000.000;824.000;1;1;1;1;
21.60000000000000142109;107;108;0.998;-0.022;0.002;107.652;-0.052;0.026;107.653;-0.167;0.026;1.016;0.196;-0.029;106.414;4.240;-0.619;106.441;3.632;-0.619;0.910;-0.041;-0.013;100.394;1.375;-0.331;100.407;1.069;-0.331;1.000;-0.000;-0.000;84.220;-1.578;0.075;84.249;-1.366;0.075;641;641;641;1106;1106;813;1000;1000.000;732.000;1000;1000.000;798.000;1;1;1;1;
21.80000000000000071054;108;109;1.045;-0.075;0.005;108.698;-0.127;0.031;108.699;-0.241;0.031;0.903;0.020;0.008;107.317;4.260;-0.611;107.344;3.643;-0.611;0.949;0.391;-0.038;101.343;1.766;-0.368;101.358;1.454;-0.368;0.621;-0.687;0.106;84.841;-2.265;0.181;84.872;-2.050;0.181;662;662;662;1097;1097;825;1000;1000.000;757.000;1000;1000.000;827.000;1;1;1;1;
22.00000000000000000000;109;110;1.000;0.111;-0.013;109.698;-0.017;0.018;109.698;-0.130;0.018;1.127;-0.035;0.011;108.444;4.225;-0.601;108.470;3.596;-0.601;0.955;0.222;-0.024;102.298;1.987;-0.392;102.315;1.669;-0.392;1.332;0.411;-0.013;86.173;-1.854;0.168;86.203;-1.636;0.168;655;655;655;1102;1102;834;1000;1000.000;741.000;1000;1000.000;828.000;1;1;1;1;
22.19999999999999928946;110;111;1.010;-0.062;0.005;110.707;-0.079;0.023;110.708;-0.192;0.023;1.042;-0.013;0.002;109.486;4.212;-0.599;109.512;3.572;-0.599;0.869;-0.105;0.011;103.167;1.882;-0.381;103.183;1.558;-0.381;0.736;-0.537;0.079;86.910;-2.391;0.247;86.942;-2.170;0.247;652;650;650;1082;1082;845;1000;1000.000;757.000;1000;1000.000;824.000;1;1;1;1;
22.39999999999999857891;111;112;1.009;0.078;-0.008;111.716;-0.001;0.015;111.717;-0.114;0.014;0.873;0.230;-0.030;110.359;4.442;-0.629;110.388;3.792;-0.629;1.007;-0.142;0.018;104.175;1.740;-0.363;104.189;1.409;-0.363;0.673;0.207;0.017;87.582;-2.185;0.264;87.614;-1.960;0.264;658;657;657;1120;1120;821;1000;1000.000;743.000;1000;1000.000;837.000;1;1;1;1;
22.60000000000000142109;112;113;0.984;-0.022;0.002;112.700;-0.023;0.017;112.701;-0.136;0.017;0.924;0.197;-0.042;111.283;4.639;-0.670;111.314;3.978;-0.670;0.968;-0.308;0.037;105.143;1.432;-0.326;105.156;1.096;-0.326;0.692;0.479;-0.018;88.274;-1.705;0.246;88.303;-1.478;0.246;648;647;647;1073;1073;829;1000;1000.000;741.000;1000;1000.000;847.000;1;1;1;1;
22.80000000000000071054;113;114;1.000;-0.189;0.021;113.700;-0.212;0.038;113.701;-0.324;0.037;0.991;-0.187;0.010;112.274;4.452;-0.661;112.303;3.780;-0.661;0.956;-0.033;-0.005;106.098;1.399;-0.331;106.111;1.057;-0.331;1.273;-0.574;0.030;89.547;-2.279;0.277;89.579;-2.045;0.277;656;655;655;1098;1098;841;1000;1000.000;758.000;1000;1000.000;831.000;1;1;1;1;
23.00000000000000000000;114;115;0.988;0.031;-0.001;114.689;-0.181;0.037;114.690;-0.293;0.036;0.968;-0.163;-0.011;113.242;4.289;-0.672;113.268;3.606;-0.672;0.940;-0.116;0.015;107.038;1.283;-0.317;107.051;0.936;-0.317;0.677;-0.658;0.073;90.224;-2.937;0.350;90.260;-2.699;0.350;656;655;655;1077;1077;815;1000;1000.000;743.000;1000;1000.000;853.000;1;1;1;1;
23.19999999999999928946;115;116;1.025;-0.069;0.005;115.714;-0.250;0.042;115.715;-0.361;0.042;1.038;0.141;-0.003;114.280;4.430;-0.675;114.308;3.734;-0.675;0.900;-0.132;0.009;107.938;1.151;-0.308;107.950;0.799;-0.308;0.694;-0.376;0.110;90.919;-3.313;0.460;90.958;-3.070;0.460;662;662;662;1070;1070;799;1000;1000.000;742.000;1000;1000.000;831.000;1;1;1;1;
23.39999999999999857891;116;117;1.021;0.006;0.004;116.735;-0.244;0.045;116.736;-0.354;0.045;1.115;-0.055;0.011;115.395;4.375;-0.664;115.422;3.667;-0.664;0.997;-0.173;0.034;108.935;0.978;-0.274;108.946;0.621;-0.274;0.653;-0.032;0.066;91.572;-3.346;0.526;91.611;-3.096;0.526;645;643;643;1056;1056;811;1000;1000.000;761.000;1000;1000.000;822.000;1;1;1;1;
23.60000000000000142109;117;118;1.000;-0.091;0.010;117.734;-0.335;0.056;117.736;-0.444;0.056;1.003;-0.115;0.001;116.397;4.260;-0.662;116.423;3.540;-0.662;0.939;-0.245;0.033;109.874;0.733;-0.241;109.884;0.372;-0.241;0.659;-0.385;0.012;92.231;-3.730;0.538;92.274;-3.474;0.538;643;643;643;1101;1101;854;1000;1000.000;735.000;1000;1000.000;832.000;1;1;1;1;
23.80000000000000071054;118;119;0.968;0.111;-0.018;118.702;-0.223;0.038;118.704;-0.332;0.038;0.997;-0.147;0.017;117.394;4.113;-0.646;117.418;3.382;-0.646;0.867;-0.182;0.058;110.741;0.550;-0.183;110.750;0.187;-0.183;1.000;-0.000;-0.000;93.231;-3.730;0.538;93.274;-3.465;0.538;660;659;659;1101;1101;847;1000;1000.000;736.000;1000;1000.000;825.000;1;1;1;1;
24.00000000000000000000;119;120;0.978;-0.126;0.023;119.681;-0.350;0.061;119.682;-0.457;0.061;0.986;0.040;-0.026;118.380;4.153;-0.671;118.405;3.410;-0.671;0.933;-0.054;-0.004;111.675;0.496;-0.187;111.683;0.130;-0.187;1.000;-0.000;-0.000;94.231;-3.730;0.538;94.274;-3.456;0.538;647;647;647;1099;1099;758;1000;1000.000;724.000;1000;1000.000;788.000;1;1;1;1;
24.19999999999999928946;120;121;1.044;-0.178;0.030;120.724;-0.528;0.091;120.726;-0.633;0.091;0.989;-0.125;0.019;119.369;4.028;-0.653;119.392;3.274;-0.653;0.845;-0.631;0.095;112.520;-0.135;-0.092;112.528;-0.502;-0.092;0.302;-0.554;0.079;94.533;-4.285;0.617;94.581;-4.007;0.617;657;657;656;1049;1049;785;1000;1000.000;753.000;1000;1000.000;833.000;1;1;1;1;
24.39999999999999857891;121;122;0.997;-0.001;-0.000;121.722;-0.528;0.090;121.723;-0.632;0.090;0.857;0.438;-0.051;120.226;4.467;-0.704;120.254;3.702;-0.704;1.093;-0.235;0.028;113.613;-0.370;-0.064;113.621;-0.739;-0.064;0.723;0.790;-0.101;95.255;-3.495;0.516;95.297;-3.210;0.516;650;649;649;1077;1077;816;1000;1000.000;728.000;1000;1000.000;817.000;1;1;1;1;
24.60000000000000142109;122;123;0.931;0.176;-0.017;122.652;-0.352;0.073;122.654;-0.455;0.073;0.870;-0.127;0.030;121.096;4.339;-0.674;121.123;3.564;-0.674;0.971;-0.086;0.016;114.584;-0.455;-0.048;114.591;-0.825;-0.048;0.618;-0.727;0.118;95.874;-4.222;0.634;95.924;-3.930;0.634;667;666;666;1070;1070;813;1000;1000.000;738.000;1000;1000.000;838.000;1;1;1;1;
24.80000000000000071054;123;124;0.980;0.024;0.004;123.633;-0.328;0.077;123.634;-0.429;0.077;1.053;-0.183;0.014;122.149;4.156;-0.660;122.174;3.369;-0.660;0.856;0.248;-0.048;115.440;-0.208;-0.096;115.448;-0.579;-0.096;0.648;0.154;0.036;96.522;-4.068;0.670;96.570;-3.769;0.670;670;670;670;1089;1089;828;1000;1000.000;743.000;1000;1000.000;841.000;1;1;1;1;
25.00000000000000000000;124;125;1.017;0.035;-0.002;124.650;-0.293;0.075;124.651;-0.393;0.075;0.944;-0.297;0.044;123.093;3.859;-0.616;123.115;3.062;-0.616;1.018;-0.161;0.024;116.458;-0.368;-0.072;116.465;-0.741;-0.072;1.334;0.663;-0.048;97.857;-3.405;0.622;97.897;-3.091;0.622;661;660;660;1077;1077;820;1000;1000.000;741.000;1000;1000.000;844.000;1;1;1;1;
25.19999999999999928946;125;126;1.001;0.025;0.001;125.651;-0.268;0.076;125.652;-0.367;0.076;0.874;0.101;-0.029;123.967;3.960;-0.645;123.989;3.153;-0.645;1.035;-0.194;0.049;117.493;-0.563;-0.024;117.500;-0.936;-0.024;0.695;0.592;-0.079;98.551;-2.813;0.542;98.586;-2.493;0.542;665;664;664;1078;1078;808;1000;1000.000;767.000;1000;1000.000;835.000;1;1;1;1;
25.39999999999999857891;126;127;1.012;0.033;-0.006;126.663;-0.235;0.070;126.664;-0.332;0.070;0.863;-0.155;0.021;124.830;3.805;-0.624;124.851;2.989;-0.624;1.013;0.337;-0.046;118.505;-0.225;-0.070;118.513;-0.599;-0.070;1.318;-0.660;0.119;99.869;-3.473;0.662;99.912;-3.138;0.662;675;670;670;1037;1037;796;1000;1000.000;747.000;1000;1000.000;837.000;1;1;1;1;
25.60000000000000142109;127;128;0.986;0.098;-0.012;127.649;-0.136;0.058;127.650;-0.233;0.058;0.867;-0.153;0.033;125.697;3.653;-0.591;125.716;2.827;-0.591;0.959;-0.312;0.039;119.465;-0.537;-0.031;119.472;-0.912;-0.031;0.300;0.206;-0.037;100.169;-3.267;0.625;100.209;-2.929;0.625;671;670;670;1083;1083;816;1000;1000.000;753.000;1000;1000.000;836.000;1;1;1;1;
25.80000000000000071054;128;129;1.005;-0.025;0.002;128.654;-0.162;0.060;128.655;-0.257;0.060;1.016;0.194;-0.029;126.713;3.846;-0.620;126.734;3.010;-0.620;0.944;-0.103;0.028;120.409;-0.640;-0.003;120.416;-1.014;-0.003;0.676;-0.023;-0.040;100.845;-3.290;0.585;100.885;-2.945;0.585;685;683;683;1081;1081;821;1000;1000.000;744.000;1000;1000.000;835.000;1;1;1;1;
26.00000000000000000000;129;130;0.986;0.064;-0.009;129.640;-0.097;0.051;129.641;-0.192;0.051;1.065;0.183;-0.008;127.778;4.030;-0.628;127.801;3.182;-0.628;1.019;-0.179;0.034;121.428;-0.819;0.031;121.436;-1.193;0.031;0.644;-0.723;0.150;101.489;-4.013;0.735;101.538;-3.659;0.735;677;673;673;1080;1080;820;1000;1000.000;757.000;1000;1000.000;836.000;1;1;1;1;
26.19999999999999928946;130;131;0.988;0.001;0.004;130.628;-0.096;0.055;130.629;-0.190;0.055;1.099;-0.055;0.030;128.877;3.975;-0.598;128.899;3.116;-0.598;0.965;-0.351;0.048;122.393;-1.170;0.079;122.402;-1.543;0.079;0.695;0.257;-0.033;102.183;-3.756;0.702;102.229;-3.394;0.702;667;664;664;1067;1067;803;1000;1000.000;745.000;1000;1000.000;847.000;1;1;1;1;
26.39999999999999857891;131;132;0.950;0.097;-0.012;131.577;0.001;0.043;131.578;-0.092;0.043;0.828;-0.315;0.063;129.704;3.660;-0.535;129.724;2.793;-0.535;1.023;-0.263;0.033;123.416;-1.433;0.111;123.425;-1.804;0.111;1.000;-0.000;-0.000;103.183;-3.756;0.702;103.229;-3.382;0.702;654;654;654;1084;1084;793;1000;1000.000;741.000;1000;1000.000;794.000;1;1;1;1;
26.60000000000000142109;132;133;0.955;0.137;-0.020;132.532;0.138;0.024;132.533;0.045;0.024;1.078;-0.354;0.038;130.782;3.306;-0.497;130.798;2.429;-0.497;0.904;-0.421;0.052;124.320;-1.854;0.163;124.330;-2.222;0.163;0.666;-0.158;-0.031;103.850;-3.914;0.671;103.898;-3.532;0.671;668;665;665;1073;1073;785;1000;1000.000;737.000;1000;1000.000;821.000;1;1;1;1;
26.80000000000000071054;133;134;0.996;-0.061;0.004;133.528;0.077;0.028;133.529;-0.015;0.028;1.232;-0.045;0.024;132.014;3.261;-0.474;132.030;2.374;-0.474;0.826;0.461;-0.057;125.146;-1.392;0.107;125.156;-1.759;0.107;0.687;0.987;-0.119;104.537;-2.926;0.552;104.576;-2.538;0.552;668;664;664;1070;1070;812;1000;1000.000;747.000;1000;1000.000;809.000;1;1;1;1;
27.00000000000000000000;134;135;1.019;-0.017;-0.002;134.547;0.060;0.026;134.548;-0.032;0.025;0.960;-0.006;-0.014;132.973;3.255;-0.488;132.989;2.360;-0.488;0.829;-0.189;0.005;125.975;-1.582;0.112;125.985;-1.947;0.112;0.636;-0.363;0.063;105.173;-3.289;0.615;105.215;-2.894;0.615;691;689;689;1068;1068;825;1000;1000.000;755.000;1000;1000.000;818.000;1;1;1;1;
27.19999999999999928946;135;136;1.009;0.022;-0.004;135.556;0.082;0.021;135.557;-0.010;0.021;1.170;0.422;-0.058;134.143;3.678;-0.546;134.163;2.771;-0.546;0.867;-0.048;0.018;126.842;-1.630;0.130;126.852;-1.993;0.130;0.672;-0.199;0.056;105.845;-3.488;0.671;105.890;-3.085;0.671;671;669;669;1106;1106;814;1000;1000.000;757.000;1000;1000.000;847.000;1;1;1;1;
27.39999999999999857891;136;137;1.029;0.080;-0.009;136.584;0.162;0.013;136.585;0.071;0.013;0.898;0.225;-0.028;135.042;3.902;-0.574;135.064;2.987;-0.574;0.950;0.236;-0.032;127.792;-1.394;0.098;127.802;-1.756;0.098;1.008;1.215;-0.188;106.853;-2.274;0.483;106.888;-1.862;0.483;671;671;671;1087;1087;817;1000;1000.000;747.000;1000;1000.000;830.000;1;1;1;1;
27.60000000000000142109;137;138;1.010;-0.003;0.001;137.594;0.158;0.014;137.595;0.067;0.014;0.869;-0.140;0.006;135.910;3.763;-0.568;135.931;2.839;-0.568;0.670;-0.041;-0.000;128.463;-1.436;0.098;128.472;-1.796;0.098;0.664;-0.380;0.016;107.517;-2.653;0.498;107.555;-2.236;0.498;665;665;665;1072;1072;819;1000;1000.000;768.000;1000;1000.000;839.000;1;1;1;1;
27.80000000000000071054;138;139;1.018;-0.047;0.002;138.612;0.111;0.016;138.613;0.020;0.016;0.880;0.260;-0.027;136.790;4.023;-0.595;136.813;3.090;-0.595;1.045;-0.032;0.004;129.508;-1.468;0.102;129.517;-1.826;0.102;0.679;-0.446;0.018;108.196;-3.099;0.516;108.237;-2.675;0.516;677;676;676;1067;1067;814;1000;1000.000;761.000;1000;1000.000;834.000;1;1;1;1;
28.00000000000000000000;139;140;1.009;0.057;-0.009;139.620;0.168;0.008;139.621;0.078;0.008;1.118;-0.404;0.057;137.909;3.618;-0.538;137.928;2.675;-0.538;0.852;0.021;-0.010;130.360;-1.447;0.092;130.369;-1.804;0.092;1.330;-0.047;0.058;109.526;-3.146;0.574;109.568;-2.709;0.574;668;667;667;1070;1070;811;1000;1000.000;752.000;1000;1000.000;821.000;1;1;1;1;
28.19999999999999928946;140;141;0.996;-0.170;0.021;140.617;-0.002;0.029;140.617;-0.091;0.028;1.070;-0.120;0.006;138.979;3.498;-0.532;138.997;2.545;-0.532;0.951;0.159;-0.030;131.311;-1.288;0.061;131.320;-1.644;0.061;1.353;0.712;-0.059;110.879;-2.433;0.515;110.914;-1.984;0.515;667;666;666;1070;1070;797;1000;1000.000;775.000;1000;1000.000;824.000;1;1;1;1;
28.39999999999999857891;141;142;0.981;-0.114;0.013;141.597;-0.115;0.041;141.598;-0.205;0.041;1.125;0.080;0.010;140.104;3.578;-0.522;140.123;2.615;-0.522;0.763;0.102;0.001;132.074;-1.186;0.062;132.083;-1.541;0.063;0.610;0.136;-0.054;111.489;-2.297;0.461;111.523;-1.843;0.461;670;668;668;1058;1058;804;1000;1000.000;760.000;1000;1000.000;840.000;1;1;1;1;
28.60000000000000142109;142;143;1.022;-0.143;0.012;142.619;-0.258;0.053;142.620;-0.346;0.053;0.972;0.103;-0.011;141.076;3.681;-0.533;141.096;2.709;-0.533;1.074;0.361;-0.042;133.147;-0.826;0.021;133.156;-1.180;0.021;0.690;0.814;-0.095;112.178;-1.484;0.365;112.208;-1.025;0.365;668;666;666;1082;1082;813;1000;1000.000;737.000;1000;1000.000;828.000;1;1;1;1;
28.80000000000000071054;143;144;0.976;0.047;-0.006;143.595;-0.211;0.047;143.596;-0.298;0.047;1.149;-0.373;0.070;142.225;3.309;-0.463;142.241;2.327;-0.463;0.780;0.171;-0.017;133.927;-0.654;0.004;133.936;-1.009;0.004;1.329;-0.631;0.079;113.507;-2.115;0.445;113.541;-1.646;0.445;683;682;682;1069;1069;778;1000;1000.000;720.000;1000;1000.000;788.000;1;1;1;1;
29.00000000000000000000;144;145;0.998;-0.029;0.005;144.593;-0.240;0.052;144.594;-0.327;0.052;0.848;0.670;-0.086;143.073;3.979;-0.549;143.096;2.989;-0.549;0.906;0.275;-0.048;134.834;-0.379;-0.044;134.843;-0.734;-0.044;0.296;-0.202;-0.022;113.804;-2.317;0.423;113.839;-1.846;0.423;669;668;668;1057;1057;786;1000;1000.000;752.000;1000;1000.000;809.000;1;1;1;1;
29.19999999999999928946;145;146;0.928;-0.131;0.014;145.521;-0.372;0.066;145.522;-0.457;0.066;0.974;0.871;-0.111;144.046;4.850;-0.660;144.080;3.848;-0.660;0.707;0.168;-0.047;135.540;-0.211;-0.091;135.550;-0.567;-0.091;1.410;0.740;-0.054;115.213;-1.577;0.368;115.244;-1.097;0.368;654;654;654;1066;1066;782;1000;1000.000;759.000;1000;1000.000;825.000;1;1;1;1;
29.39999999999999857891;146;147;1.049;0.036;-0.004;146.570;-0.336;0.062;146.571;-0.420;0.062;0.925;0.074;0.016;144.972;4.924;-0.644;145.006;3.912;-0.644;0.808;0.106;-0.037;136.348;-0.104;-0.129;136.358;-0.463;-0.129;1.397;-0.030;-0.081;116.611;-1.608;0.287;116.642;-1.120;0.287;664;662;662;1049;1049;792;1000;1000.000;754.000;1000;1000.000;833.000;1;1;1;1;
29.60000000000000142109;147;148;0.976;0.041;0.002;147.546;-0.294;0.064;147.547;-0.378;0.064;1.091;-0.139;0.002;146.062;4.785;-0.642;146.095;3.761;-0.642;1.094;-0.322;0.030;137.442;-0.426;-0.099;137.451;-0.786;-0.099;0.629;-0.023;0.064;117.239;-1.630;0.351;117.271;-1.139;0.351;663;662;662;1075;1075;793;1000;1000.000;756.000;1000;1000.000;836.000;1;1;1;1;
29.80000000000000071054;148;149;0.982;-0.179;0.021;148.528;-0.473;0.086;148.530;-0.555;0.085;0.988;-0.393;0.066;147.050;4.392;-0.576;147.079;3.358;-0.576;0.849;-0.424;0.052;138.291;-0.850;-0.047;138.300;-1.211;-0.047;0.667;0.367;-0.007;117.906;-1.263;0.344;117.935;-0.768;0.344;666;664;664;1063;1063;810;1000;1000.000;753.000;1000;1000.000;828.000;1;1;1;1;
30.00000000000000000000;149;150;1.010;0.169;-0.023;149.538;-0.304;0.063;149.540;-0.385;0.063;0.848;0.372;-0.035;147.899;4.764;-0.612;147.931;3.721;-0.612;0.971;0.003;0.007;139.262;-0.847;-0.040;139.271;-1.209;-0.040;1.000;-0.000;-0.000;118.906;-1.263;0.344;118.935;-0.762;0.344;669;669;669;1083;1083;824;1000;1000.000;737.000;1000;1000.000;817.000;1;1;1;1;
30.19999999999999928946;150;151;0.983;0.051;-0.000;150.521;-0.254;0.062;150.522;-0.333;0.062;1.057;0.065;-0.013;148.955;4.829;-0.624;148.988;3.774;-0.624;0.948;-0.359;0.062;140.210;-1.206;0.022;140.219;-1.567;0.022;0.692;0.697;-0.045;119.598;-0.566;0.299;119.624;-0.062;0.299;665;663;663;1089;1089;810;1000;1000.000;729.000;1000;1000.000;836.000;1;1;1;1;
30.39999999999999857891;151;152;0.962;-0.018;0.004;151.482;-0.271;0.066;151.484;-0.350;0.066;0.962;0.132;-0.027;149.918;4.961;-0.652;149.952;3.896;-0.652;0.934;-0.386;0.052;141.144;-1.592;0.073;141.153;-1.952;0.073;0.712;-0.006;-0.056;120.311;-0.572;0.243;120.336;-0.065;0.243;674;674;674;1068;1068;795;1000;1000.000;748.000;1000;1000.000;834.000;1;1;1;1;
30.60000000000000142109;152;153;1.038;0.013;-0.005;152.520;-0.259;0.061;152.521;-0.336;0.061;0.985;-0.140;0.023;150.903;4.821;-0.629;150.936;3.745;-0.629;0.980;-0.191;0.042;142.124;-1.783;0.115;142.134;-2.142;0.115;1.275;-1.053;0.107;121.586;-1.625;0.350;121.617;-1.110;0.350;683;679;679;1060;1060;786;1000;1000.000;761.000;1000;1000.000;833.000;1;1;1;1;
30.80000000000000071054;153;154;1.014;0.067;-0.004;153.534;-0.191;0.057;153.535;-0.268;0.057;1.007;0.139;0.011;151.910;4.960;-0.619;151.944;3.873;-0.619;1.200;-0.128;0.024;143.324;-1.912;0.140;143.334;-2.267;0.140;0.693;0.165;-0.078;122.279;-1.460;0.272;122.310;-0.941;0.272;674;674;674;1079;1079;810;1000;1000.000;769.000;1000;1000.000;822.000;1;1;1;1;
31.00000000000000000000;154;155;0.987;-0.035;0.005;154.520;-0.226;0.062;154.521;-0.301;0.062;0.984;0.158;-0.013;152.894;5.118;-0.632;152.930;4.020;-0.632;0.937;-0.143;0.013;144.261;-2.055;0.153;144.271;-2.407;0.153;0.650;-0.518;0.073;122.929;-1.978;0.345;122.963;-1.455;0.345;670;668;668;1061;1061;816;1000;1000.000;751.000;1000;1000.000;828.000;1;1;1;1;
31.19999999999999928946;155;156;1.016;0.030;-0.010;155.536;-0.196;0.053;155.537;-0.271;0.053;0.918;-0.055;0.032;153.812;5.063;-0.601;153.848;3.956;-0.601;0.829;0.658;-0.102;145.090;-1.396;0.051;145.100;-1.748;0.051;1.000;-0.000;-0.000;123.929;-1.978;0.345;123.963;-1.449;0.345;678;677;677;1075;1075;795;1000;1000.000;755.000;1000;1000.000;797.000;1;1;1;1;
31.39999999999999857891;156;157;0.987;-0.010;0.003;156.523;-0.207;0.056;156.524;-0.280;0.056;0.967;-0.081;0.017;154.780;4.982;-0.584;154.814;3.865;-0.584;0.996;-0.081;0.004;146.086;-1.477;0.055;146.096;-1.828;0.055;0.594;0.053;-0.059;124.523;-1.925;0.286;124.557;-1.393;0.286;670;667;667;1089;1089;820;1000;1000.000;759.000;1000;1000.000;828.000;1;1;1;1;
31.60000000000000142109;157;158;1.004;-0.015;0.006;157.527;-0.221;0.062;157.528;-0.294;0.062;1.001;-0.341;0.037;155.781;4.642;-0.547;155.812;3.515;-0.547;0.983;0.003;0.012;147.069;-1.474;0.067;147.079;-1.824;0.067;0.694;0.021;0.038;125.218;-1.904;0.324;125.251;-1.369;0.324;669;667;667;1075;1075;817;1000;1000.000;749.000;1000;1000.000;828.000;1;1;1;1;
31.80000000000000071054;158;159;0.964;0.160;-0.017;158.492;-0.061;0.045;158.493;-0.133;0.045;1.039;-0.155;0.007;156.820;4.487;-0.541;156.849;3.350;-0.541;0.912;0.032;-0.003;147.981;-1.441;0.064;147.991;-1.790;0.064;0.766;0.937;-0.093;125.983;-0.967;0.231;126.013;-0.429;0.231;675;673;673;1079;1079;831;1000;1000.000;754.000;1000;1000.000;841.000;1;1;1;1;
32.00000000000000000000;159;160;1.063;0.087;-0.006;159.554;0.026;0.040;159.555;-0.045;0.040;1.106;-0.258;0.031;157.926;4.228;-0.510;157.953;3.082;-0.510;0.878;0.154;-0.028;148.859;-1.287;0.036;148.869;-1.635;0.036;0.659;0.447;-0.022;126.642;-0.521;0.209;126.670;0.020;0.209;678;677;677;1089;1089;814;1000;1000.000;737.000;1000;1000.000;831.000;1;1;1;1;
32.20000000000000284217;160;161;1.005;0.073;-0.005;160.559;0.099;0.035;160.560;0.029;0.035;0.949;0.002;-0.012;158.875;4.231;-0.522;158.902;3.075;-0.522;1.102;-0.345;0.038;149.961;-1.632;0.074;149.971;-1.979;0.074;1.667;0.287;0.010;128.309;-0.234;0.218;128.336;0.313;0.218;673;669;669;1096;1096;806;1000;1000.000;745.000;1000;1000.000;831.000;1;1;1;1;
32.39999999999999857891;161;162;0.992;-0.147;0.009;161.551;-0.048;0.044;161.552;-0.117;0.044;0.827;0.093;-0.021;159.701;4.323;-0.543;159.729;3.160;-0.543;0.791;0.014;0.028;150.752;-1.618;0.101;150.762;-1.964;0.101;0.339;0.209;0.020;128.648;-0.025;0.238;128.674;0.524;0.238;684;681;681;1065;1065;791;1000;1000.000;732.000;1000;1000.000;825.000;1;1;1;1;
32.60000000000000142109;162;163;1.040;-0.155;0.017;162.591;-0.203;0.061;162.592;-0.271;0.061;1.038;0.163;-0.028;160.739;4.487;-0.571;160.769;3.313;-0.571;0.775;-0.014;0.010;151.527;-1.632;0.111;151.537;-1.976;0.111;0.533;0.791;-0.157;129.181;0.766;0.082;129.206;1.316;0.082;684;683;683;1064;1064;792;1000;1000.000;745.000;1000;1000.000;824.000;1;1;1;1;
32.79999999999999715783;163;164;0.965;0.006;-0.002;163.556;-0.197;0.059;163.558;-0.264;0.059;0.973;0.043;-0.019;161.712;4.530;-0.590;161.742;3.346;-0.590;0.938;-0.203;0.005;152.465;-1.836;0.116;152.475;-2.178;0.116;0.668;-0.214;0.066;129.849;0.552;0.148;129.875;1.103;0.148;682;680;680;1084;1084;808;1000;1000.000;741.000;1000;1000.000;831.000;1;1;1;1;
33.00000000000000000000;164;165;0.982;0.098;-0.016;164.539;-0.099;0.043;164.540;-0.165;0.043;1.113;0.146;-0.013;162.824;4.676;-0.604;162.856;3.481;-0.604;1.071;-0.080;0.032;153.536;-1.916;0.148;153.547;-2.255;0.148;0.654;0.147;-0.047;130.503;0.699;0.101;130.529;1.252;0.101;687;684;684;1060;1060;794;1000;1000.000;745.000;1000;1000.000;834.000;1;1;1;1;
33.20000000000000284217;165;166;0.982;-0.173;0.023;165.521;-0.272;0.065;165.522;-0.337;0.065;0.888;-0.075;0.016;163.712;4.601;-0.588;163.743;3.397;-0.588;0.719;-0.339;0.025;154.255;-2.255;0.173;154.267;-2.592;0.173;0.705;-0.126;-0.036;131.208;0.574;0.065;131.234;1.127;0.065;683;682;682;1068;1068;796;1000;1000.000;754.000;1000;1000.000;822.000;1;1;1;1;
33.39999999999999857891;166;167;1.019;0.167;-0.019;166.540;-0.105;0.047;166.541;-0.170;0.046;1.042;-0.034;0.021;164.755;4.567;-0.567;164.785;3.353;-0.567;0.874;0.281;-0.024;155.128;-1.973;0.149;155.140;-2.308;0.149;0.664;-0.220;0.049;131.872;0.353;0.114;131.898;0.908;0.114;683;682;682;1079;1079;800;1000;1000.000;758.000;1000;1000.000;828.000;1;1;1;1;
33.60000000000000142109;167;168;0.982;0.126;-0.018;167.523;0.021;0.029;167.524;-0.043;0.029;0.983;-0.427;0.042;165.738;4.140;-0.525;165.764;2.917;-0.525;1.039;-0.004;0.004;156.168;-1.977;0.153;156.179;-2.309;0.153;0.658;-0.452;0.064;132.531;-0.099;0.179;132.558;0.458;0.179;683;680;680;1055;1055;790;1000;1000.000;746.000;1000;1000.000;782.000;1;1;1;1;
33.79999999999999715783;168;169;1.027;0.009;-0.003;168.549;0.030;0.026;168.551;-0.033;0.026;0.998;0.105;-0.045;166.736;4.245;-0.569;166.763;3.011;-0.569;0.863;-0.240;0.035;157.031;-2.217;0.187;157.043;-2.547;0.187;0.639;0.501;-0.025;133.170;0.402;0.154;133.196;0.960;0.154;678;675;675;1074;1074;806;1000;1000.000;749.000;1000;1000.000;801.000;1;1;1;1;
34.00000000000000000000;169;170;1.017;-0.026;-0.001;169.566;0.005;0.025;169.567;-0.058;0.025;0.961;0.228;-0.037;167.697;4.472;-0.606;167.727;3.229;-0.606;0.830;0.723;-0.090;157.861;-1.495;0.098;157.872;-1.822;0.098;1.366;0.185;0.022;134.536;0.587;0.176;134.562;1.150;0.176;678;675;675;1083;1083;809;1000;1000.000;739.000;1000;1000.000;849.000;1;1;1;1;
34.20000000000000284217;170;171;1.008;0.146;-0.019;170.574;0.151;0.006;170.575;0.088;0.006;1.093;0.414;-0.056;168.790;4.886;-0.662;168.825;3.630;-0.662;0.984;-0.328;0.040;158.846;-1.822;0.137;158.857;-2.148;0.137;0.660;-0.429;0.022;135.196;0.158;0.197;135.223;0.723;0.197;695;692;692;1067;1067;812;1000;1000.000;738.000;1000;1000.000;821.000;1;1;1;1;
34.39999999999999857891;171;172;1.000;-0.093;0.011;171.574;0.059;0.017;171.575;-0.004;0.017;1.100;-0.291;0.051;169.890;4.595;-0.611;169.921;3.327;-0.611;1.012;-0.116;0.033;159.858;-1.938;0.170;159.870;-2.261;0.170;1.366;-0.126;-0.031;136.563;0.031;0.166;136.590;0.600;0.166;690;687;687;1112;1112;804;1000;1000.000;765.000;1000;1000.000;828.000;1;1;1;1;
34.60000000000000142109;172;173;1.048;0.019;-0.006;172.621;0.078;0.012;172.623;0.015;0.011;1.058;-0.014;-0.013;170.948;4.581;-0.624;170.979;3.302;-0.624;1.215;-0.149;0.012;161.073;-2.087;0.182;161.086;-2.406;0.182;0.616;-0.773;0.072;137.178;-0.741;0.238;137.209;-0.170;0.238;685;682;682;1085;1085;788;1000;1000.000;741.000;1000;1000.000;835.000;1;1;1;1;
34.79999999999999715783;173;174;0.974;-0.076;0.008;173.595;0.002;0.019;173.597;-0.060;0.019;0.821;-0.330;0.031;171.768;4.252;-0.593;171.796;2.964;-0.593;0.899;0.153;-0.018;161.973;-1.934;0.164;161.984;-2.250;0.164;0.383;-0.273;0.061;137.562;-1.014;0.299;137.593;-0.440;0.299;684;683;683;1087;1087;804;1001;1001.000;758.000;1000;1000.000;820.000;1;1;1;1;
35.00000000000000000000;174;175;0.993;-0.098;0.012;174.589;-0.096;0.031;174.590;-0.158;0.031;1.058;0.461;-0.074;172.826;4.712;-0.668;172.859;3.412;-0.668;0.939;-0.319;0.017;162.912;-2.253;0.181;162.925;-2.566;0.181;0.644;-0.207;0.097;138.206;-1.221;0.396;138.239;-0.643;0.396;665;664;664;1080;1080;812;1000;1000.000;730.000;1000;1000.000;847.000;1;1;1;1;
35.20000000000000284217;175;176;0.972;-0.031;0.010;175.560;-0.127;0.041;175.562;-0.188;0.041;0.937;-0.043;0.004;173.764;4.669;-0.663;173.796;3.358;-0.663;0.873;-0.076;0.020;163.785;-2.329;0.201;163.798;-2.639;0.201;0.701;-0.328;0.046;138.907;-1.549;0.442;138.943;-0.966;0.442;696;695;695;1097;1097;792;1000;1000.000;752.000;1000;1000.000;839.000;1;1;1;1;
35.39999999999999857891;176;177;1.000;-0.056;0.009;176.560;-0.183;0.050;176.561;-0.243;0.050;1.230;0.427;-0.084;174.994;5.096;-0.747;175.031;3.769;-0.747;0.728;0.357;-0.066;164.513;-1.972;0.135;164.525;-2.281;0.135;0.687;0.874;-0.081;139.594;-0.675;0.361;139.624;-0.087;0.361;681;679;679;1073;1073;802;1000;1000.000;748.000;1000;1000.000;821.000;1;1;1;1;
35.60000000000000142109;177;178;0.983;-0.118;0.013;177.543;-0.300;0.062;177.544;-0.360;0.062;0.787;0.153;-0.029;175.781;5.249;-0.776;175.821;3.911;-0.776;0.607;-0.165;0.017;165.120;-2.137;0.152;165.133;-2.444;0.152;0.606;-0.573;0.103;140.200;-1.248;0.464;140.235;-0.656;0.464;679;677;677;1089;1089;812;1000;1000.000;751.000;1000;1000.000;822.000;1;1;1;1;
35.79999999999999715783;178;179;1.057;0.008;0.004;178.600;-0.292;0.067;178.601;-0.350;0.067;1.031;-0.011;-0.009;176.812;5.238;-0.785;176.852;3.886;-0.785;1.120;-0.200;0.021;166.240;-2.337;0.173;166.254;-2.640;0.173;0.632;-0.520;0.024;140.832;-1.768;0.488;140.871;-1.170;0.488;688;687;687;1073;1073;817;1000;1000.000;749.000;1000;1000.000;821.000;1;1;1;1;
36.00000000000000000000;179;180;1.033;-0.099;0.015;179.633;-0.391;0.082;179.635;-0.447;0.082;1.047;-0.021;0.038;177.860;5.217;-0.747;177.899;3.851;-0.747;0.712;0.356;-0.031;166.953;-1.981;0.142;166.965;-2.283;0.142;1.030;0.924;-0.127;141.862;-0.844;0.361;141.895;-0.240;0.361;666;665;665;1069;1069;816;1000;1000.000;733.000;1000;1000.000;775.000;1;1;1;1;
36.20000000000000284217;180;181;0.995;-0.039;0.004;180.628;-0.430;0.086;180.629;-0.485;0.086;0.943;0.277;-0.036;178.803;5.494;-0.783;178.846;4.115;-0.783;0.996;-0.057;0.018;167.949;-2.038;0.159;167.961;-2.337;0.159;1.647;0.603;-0.036;143.509;-0.241;0.325;143.539;0.372;0.325;689;687;687;1071;1071;815;1000;1000.000;754.000;1000;1000.000;821.000;1;1;1;1;
36.39999999999999857891;181;182;0.987;-0.003;-0.009;181.614;-0.433;0.078;181.616;-0.487;0.078;0.888;-0.265;0.025;179.692;5.229;-0.758;179.731;3.838;-0.758;1.043;0.170;-0.037;168.991;-1.868;0.122;169.004;-2.165;0.122;1.319;-0.542;0.044;144.828;-0.783;0.369;144.861;-0.161;0.369;680;679;679;1082;1082;788;1000;1000.000;753.000;1000;1000.000;817.000;1;1;1;1;
36.60000000000000142109;182;183;1.013;-0.033;0.008;182.627;-0.466;0.085;182.628;-0.518;0.085;0.961;0.329;-0.066;180.652;5.558;-0.824;180.696;4.153;-0.824;1.080;-0.019;-0.002;170.072;-1.887;0.120;170.084;-2.182;0.120;0.699;-0.502;0.025;145.526;-1.285;0.395;145.563;-0.658;0.395;681;679;679;1085;1085;790;1000;1000.000;742.000;1000;1000.000;813.000;1;1;1;1;
36.79999999999999715783;183;184;0.966;-0.059;0.007;183.593;-0.525;0.092;183.595;-0.575;0.092;0.860;-0.101;0.002;181.513;5.456;-0.822;181.555;4.040;-0.822;1.030;-0.117;0.029;171.101;-2.004;0.149;171.114;-2.296;0.149;0.680;0.223;-0.043;146.206;-1.062;0.352;146.242;-0.431;0.352;675;673;673;1067;1067;802;1000;1000.000;748.000;1000;1000.000;836.000;1;1;1;1;
37.00000000000000000000;184;185;0.997;-0.095;0.011;184.590;-0.619;0.103;184.592;-0.668;0.103;0.974;-0.266;0.054;182.487;5.191;-0.767;182.525;3.761;-0.767;0.830;-0.073;0.006;171.932;-2.077;0.155;171.944;-2.366;0.155;1.335;0.652;0.003;147.542;-0.410;0.355;147.573;0.229;0.355;685;684;684;1090;1090;813;1000;1000.000;743.000;1000;1000.000;819.000;1;1;1;1;
37.20000000000000284217;185;186;0.973;0.076;-0.005;185.563;-0.543;0.098;185.565;-0.590;0.098;0.896;0.015;-0.010;183.383;5.206;-0.777;183.421;3.764;-0.777;1.044;0.090;0.002;172.976;-1.987;0.157;172.989;-2.274;0.157;1.362;0.825;-0.065;148.904;0.415;0.290;148.931;1.061;0.290;679;679;679;1105;1105;839;1000;1000.000;748.000;1000;1000.000;821.000;1;1;1;1;
37.39999999999999857891;186;187;0.994;-0.071;0.011;186.557;-0.614;0.109;186.559;-0.659;0.109;0.975;0.214;-0.035;184.358;5.420;-0.812;184.399;3.964;-0.812;0.884;0.402;-0.025;173.860;-1.585;0.132;173.871;-1.870;0.132;0.646;-0.349;-0.042;149.550;0.066;0.247;149.579;0.715;0.247;692;691;691;1088;1088;838;1000;1000.000;742.000;1000;1000.000;811.000;1;1;1;1;
37.60000000000000142109;187;188;0.988;-0.100;0.012;187.546;-0.714;0.121;187.548;-0.757;0.121;0.835;0.208;-0.019;185.193;5.627;-0.831;185.238;4.160;-0.831;0.968;0.329;-0.059;174.828;-1.257;0.073;174.839;-1.540;0.073;0.585;-0.099;0.075;150.135;-0.033;0.322;150.164;0.620;0.322;693;692;692;1078;1078;807;1000;1000.000;773.000;1000;1000.000;819.000;1;1;1;1;
37.79999999999999715783;188;189;0.962;-0.143;0.022;188.507;-0.857;0.143;188.510;-0.898;0.143;0.888;0.059;-0.017;186.080;5.687;-0.848;186.126;4.206;-0.848;0.941;-0.046;0.002;175.769;-1.303;0.075;175.780;-1.585;0.075;0.670;0.490;0.036;150.805;0.457;0.358;150.832;1.113;0.358;691;690;690;1086;1086;812;1000;1000.000;739.000;1000;1000.000;833.000;1;1;1;1;
38.00000000000000000000;189;190;1.001;0.015;0.003;189.508;-0.842;0.146;189.511;-0.880;0.146;0.957;0.236;-0.031;187.037;5.923;-0.879;187.086;4.427;-0.879;0.879;0.078;-0.025;176.647;-1.226;0.049;176.659;-1.507;0.050;0.693;-0.681;0.090;151.498;-0.224;0.448;151.529;0.438;0.448;683;682;682;1089;1089;809;1000;1000.000;743.000;1000;1000.000;825.000;1;1;1;1;
38.20000000000000284217;190;191;0.981;0.017;-0.005;190.489;-0.826;0.141;190.491;-0.862;0.141;1.012;-0.114;0.025;188.049;5.809;-0.853;188.097;4.298;-0.853;1.030;0.561;-0.023;177.677;-0.665;0.027;177.688;-0.946;0.027;0.669;-0.396;0.009;152.167;-0.620;0.456;152.201;0.047;0.456;685;684;684;1082;1082;814;1000;1000.000;761.000;1000;1000.000;819.000;1;1;1;1;
38.39999999999999857891;191;192;1.040;0.002;-0.006;191.529;-0.823;0.135;191.531;-0.857;0.134;1.075;0.116;-0.021;189.124;5.926;-0.875;189.173;4.398;-0.875;0.892;-0.270;0.038;178.569;-0.935;0.064;178.580;-1.215;0.064;1.000;-0.000;-0.000;153.167;-0.620;0.456;153.201;0.055;0.456;677;676;676;1082;1082;771;1000;1000.000;731.000;1000;1000.000;757.000;1;1;1;1;
38.60000000000000142109;192;193;0.953;0.108;-0.013;192.481;-0.715;0.121;192.483;-0.747;0.121;1.080;-0.033;-0.006;190.204;5.893;-0.881;190.253;4.349;-0.881;0.892;0.168;-0.003;179.462;-0.767;0.061;179.473;-1.046;0.061;1.000;-0.000;-0.000;154.167;-0.620;0.456;154.201;0.063;0.456;679;678;678;1093;1093;788;1000;1000.000;751.000;1000;1000.000;813.000;1;1;1;1;
38.79999999999999715783;193;194;1.001;-0.173;0.019;193.482;-0.888;0.141;193.484;-0.917;0.141;1.127;0.094;-0.035;191.332;5.987;-0.916;191.381;4.425;-0.916;0.835;-0.140;0.017;180.296;-0.908;0.078;180.307;-1.185;0.078;0.563;-0.673;0.103;154.730;-1.293;0.559;154.771;-0.605;0.559;679;678;678;1106;1106;818;1001;1001.000;749.000;1000;1000.000;840.000;1;1;1;1;
39.00000000000000000000;194;195;0.978;-0.193;0.021;194.460;-1.081;0.162;194.464;-1.107;0.162;0.897;-0.205;0.035;192.229;5.782;-0.881;192.275;4.207;-0.881;0.851;0.135;-0.011;181.147;-0.773;0.067;181.158;-1.049;0.067;0.665;-0.335;0.054;155.395;-1.629;0.613;155.439;-0.933;0.613;675;675;675;1065;1065;788;1000;1000.000;759.000;1000;1000.000;834.000;1;1;1;1;
39.20000000000000284217;195;196;0.967;0.150;-0.017;195.427;-0.930;0.145;195.430;-0.954;0.145;0.993;-0.110;0.002;193.222;5.673;-0.879;193.266;4.082;-0.879;0.954;0.098;-0.022;182.101;-0.675;0.045;182.112;-0.951;0.045;0.710;0.702;-0.104;156.105;-0.927;0.509;156.144;-0.225;0.509;686;685;685;1066;1066;795;1000;1000.000;756.000;1000;1000.000;832.000;1;1;1;1;
39.39999999999999857891;196;197;1.010;-0.111;0.021;196.437;-1.041;0.166;196.440;-1.062;0.166;0.922;0.007;0.002;194.144;5.680;-0.877;194.189;4.075;-0.877;1.244;0.345;-0.148;183.345;-0.330;-0.102;183.357;-0.608;-0.102;0.744;0.043;-0.056;156.849;-0.884;0.453;156.887;-0.176;0.453;691;690;690;1063;1063;805;1000;1000.000;771.000;1000;1000.000;834.000;1;1;1;1;
39.60000000000000142109;197;198;0.985;-0.030;0.003;197.421;-1.072;0.168;197.424;-1.089;0.168;1.071;0.114;0.003;195.215;5.794;-0.874;195.261;4.173;-0.874;0.860;-0.209;0.040;184.205;-0.539;-0.063;184.216;-0.819;-0.063;1.333;-0.347;0.002;158.182;-1.231;0.456;158.223;-0.513;0.456;673;672;672;1084;1084;807;1000;1000.000;761.000;1000;1000.000;826.000;1;1;1;1;
39.79999999999999715783;198;199;0.969;-0.011;-0.002;198.390;-1.083;0.166;198.393;-1.098;0.166;0.964;0.299;-0.049;196.179;6.093;-0.923;196.230;4.456;-0.923;0.943;0.282;-0.051;185.148;-0.257;-0.113;185.160;-0.538;-0.113;0.644;0.012;0.049;158.827;-1.219;0.505;158.867;-0.495;0.505;687;686;686;1084;1084;803;1000;1000.000;731.000;1000;1000.000;816.000;1;1;1;1;
