length=;359;
t1;t2;x;y;yaw;numCorners;numMatches;numInliers;estValid;
0.00000000000000000000;0.20000000000000001110;-0.000;-0.143;1.021;690;690;582;1;
0.20000000000000001110;0.40000000000000002220;0.034;0.169;0.981;689;689;585;1;
0.40000000000000002220;0.59999999999999997780;-0.058;0.144;0.985;683;683;581;1;
0.59999999999999997780;0.80000000000000004441;-0.025;-0.014;0.999;684;684;582;1;
0.80000000000000004441;1.00000000000000000000;-0.024;0.006;0.997;668;668;559;1;
1.00000000000000000000;1.19999999999999995559;-0.005;-0.011;0.998;674;674;570;1;
1.19999999999999995559;1.39999999999999991118;-0.020;0.125;0.982;692;689;582;1;
1.39999999999999991118;1.60000000000000008882;0.034;0.042;0.987;678;676;574;1;
1.60000000000000008882;1.80000000000000004441;-0.013;-0.044;1.012;677;677;577;1;
1.80000000000000004441;2.00000000000000000000;0.004;-0.077;1.016;675;675;566;1;
2.00000000000000000000;2.20000000000000017764;0.006;0.045;0.988;687;687;571;1;
2.20000000000000017764;2.39999999999999991118;0.062;0.096;0.984;687;687;586;1;
2.39999999999999991118;2.60000000000000008882;-0.045;0.122;0.991;684;684;592;1;
2.60000000000000008882;2.79999999999999982236;0.030;-0.007;1.005;682;680;585;1;
2.79999999999999982236;3.00000000000000000000;-0.017;0.070;0.999;687;687;585;1;
3.00000000000000000000;3.20000000000000017764;0.017;0.018;1.002;682;682;577;1;
3.20000000000000017764;3.39999999999999991118;0.005;0.124;0.987;681;680;575;1;
3.39999999999999991118;3.60000000000000008882;-0.005;-0.003;1.003;681;680;572;1;
3.60000000000000008882;3.79999999999999982236;0.014;-0.052;0.999;684;684;580;1;
3.79999999999999982236;4.00000000000000000000;0.024;-0.068;1.010;675;675;565;1;
4.00000000000000000000;4.20000000000000017764;0.013;-0.116;1.014;685;684;582;1;
4.20000000000000017764;4.40000000000000035527;0.015;-0.007;0.997;674;670;569;1;
4.40000000000000035527;4.59999999999999964473;-0.025;0.203;0.980;679;679;570;1;
4.59999999999999964473;4.79999999999999982236;-0.017;0.040;0.995;680;680;571;1;
4.79999999999999982236;5.00000000000000000000;0.016;0.036;0.995;699;695;588;1;
5.00000000000000000000;5.20000000000000017764;0.023;0.055;0.994;683;682;573;1;
5.20000000000000017764;5.40000000000000035527;-0.030;-0.103;1.014;682;681;573;1;
5.40000000000000035527;5.59999999999999964473;0.002;0.004;0.999;702;696;575;1;
5.59999999999999964473;5.79999999999999982236;-0.013;0.054;0.997;686;684;572;1;
5.79999999999999982236;6.00000000000000000000;-0.034;0.145;0.983;691;691;588;1;
6.00000000000000000000;6.20000000000000017764;0.009;0.057;0.993;691;691;585;1;
6.20000000000000017764;6.40000000000000035527;0.001;0.048;0.986;692;692;598;1;
6.40000000000000035527;6.59999999999999964473;0.030;-0.063;1.005;685;680;578;1;
6.59999999999999964473;6.79999999999999982236;-0.022;0.111;0.984;696;695;590;1;
6.79999999999999982236;7.00000000000000000000;0.043;-0.137;1.015;692;688;591;1;
7.00000000000000000000;7.20000000000000017764;-0.010;-0.020;1.004;695;692;588;1;
7.20000000000000017764;7.40000000000000035527;-0.008;0.049;0.996;670;669;570;1;
7.40000000000000035527;7.59999999999999964473;-0.011;0.087;0.984;657;654;559;1;
7.59999999999999964473;7.79999999999999982236;-0.010;-0.042;0.999;693;693;600;1;
7.79999999999999982236;8.00000000000000000000;-0.009;-0.154;1.026;682;682;586;1;
8.00000000000000000000;8.19999999999999928946;-0.022;-0.051;1.010;688;688;585;1;
8.19999999999999928946;8.40000000000000035527;-0.001;-0.098;1.016;699;695;585;1;
8.40000000000000035527;8.59999999999999964473;-0.007;-0.220;1.026;690;687;578;1;
8.59999999999999964473;8.80000000000000071054;-0.023;0.119;0.985;676;676;571;1;
8.80000000000000071054;9.00000000000000000000;-0.047;0.120;0.979;683;683;583;1;
9.00000000000000000000;9.19999999999999928946;-0.012;0.069;0.993;678;678;568;1;
9.19999999999999928946;9.40000000000000035527;0.000;-0.062;1.011;703;702;598;1;
9.40000000000000035527;9.59999999999999964473;-0.033;0.094;0.983;683;682;579;1;
9.59999999999999964473;9.80000000000000071054;0.001;-0.181;1.022;690;690;580;1;
9.80000000000000071054;10.00000000000000000000;-0.018;0.103;0.984;672;671;568;1;
10.00000000000000000000;10.19999999999999928946;0.020;0.021;1.003;678;678;575;1;
10.19999999999999928946;10.40000000000000035527;-0.030;0.010;1.005;676;676;570;1;
10.40000000000000035527;10.59999999999999964473;0.006;-0.103;1.012;685;677;578;1;
10.59999999999999964473;10.80000000000000071054;-0.012;-0.180;1.020;676;676;571;1;
10.80000000000000071054;11.00000000000000000000;-0.037;0.042;0.996;674;674;563;1;
11.00000000000000000000;11.19999999999999928946;0.010;0.033;0.996;690;687;586;1;
11.19999999999999928946;11.40000000000000035527;0.017;-0.026;1.003;687;686;583;1;
11.40000000000000035527;11.59999999999999964473;0.023;0.026;0.996;673;671;575;1;
11.59999999999999964473;11.80000000000000071054;0.036;0.006;0.994;679;679;572;1;
11.80000000000000071054;12.00000000000000000000;0.050;0.029;0.997;680;680;575;1;
12.00000000000000000000;12.19999999999999928946;-0.009;0.036;0.993;669;669;561;1;
12.19999999999999928946;12.40000000000000035527;0.001;-0.014;1.001;683;683;577;1;
12.40000000000000035527;12.59999999999999964473;0.014;-0.114;1.015;682;680;586;1;
12.59999999999999964473;12.80000000000000071054;0.002;0.039;1.002;671;671;570;1;
12.80000000000000071054;13.00000000000000000000;-0.009;0.114;0.984;678;678;575;1;
13.00000000000000000000;13.19999999999999928946;0.028;-0.030;1.003;668;668;564;1;
13.19999999999999928946;13.40000000000000035527;0.001;-0.054;1.004;668;668;564;1;
13.40000000000000035527;13.59999999999999964473;-0.009;0.150;0.984;652;652;562;1;
13.59999999999999964473;13.80000000000000071054;0.002;-0.004;1.006;668;668;574;1;
13.80000000000000071054;14.00000000000000000000;0.045;0.204;0.975;665;665;559;1;
14.00000000000000000000;14.19999999999999928946;0.019;0.023;0.997;668;668;567;1;
14.19999999999999928946;14.40000000000000035527;0.037;-0.049;1.003;669;669;566;1;
14.40000000000000035527;14.59999999999999964473;-0.053;-0.018;1.006;648;647;548;1;
14.59999999999999964473;14.80000000000000071054;0.003;-0.107;1.009;655;655;551;1;
14.80000000000000071054;15.00000000000000000000;0.052;0.052;0.995;647;647;538;1;
15.00000000000000000000;15.19999999999999928946;-0.056;0.029;0.997;648;648;544;1;
15.19999999999999928946;15.40000000000000035527;0.001;-0.071;1.013;650;650;542;1;
15.40000000000000035527;15.59999999999999964473;0.001;0.055;0.998;650;650;553;1;
15.59999999999999964473;15.80000000000000071054;-0.060;-0.024;1.006;648;648;544;1;
15.80000000000000071054;16.00000000000000000000;0.064;0.025;0.997;644;644;538;1;
16.00000000000000000000;16.19999999999999928946;0.016;0.012;0.992;653;653;542;1;
16.19999999999999928946;16.39999999999999857891;-0.037;-0.080;1.008;661;661;547;1;
16.39999999999999857891;16.60000000000000142109;0.022;-0.072;1.011;666;666;562;1;
16.60000000000000142109;16.80000000000000071054;-0.024;0.047;0.990;658;658;549;1;
16.80000000000000071054;17.00000000000000000000;0.015;0.035;0.998;656;656;546;1;
17.00000000000000000000;17.19999999999999928946;0.031;-0.073;1.004;643;643;540;1;
17.19999999999999928946;17.39999999999999857891;0.036;0.133;0.985;648;648;539;1;
17.39999999999999857891;17.60000000000000142109;-0.041;0.119;0.986;633;632;520;1;
17.60000000000000142109;17.80000000000000071054;0.052;-0.056;1.013;628;626;520;1;
17.80000000000000071054;18.00000000000000000000;-0.023;0.012;1.001;639;639;539;1;
18.00000000000000000000;18.19999999999999928946;-0.017;-0.034;1.004;639;637;528;1;
18.19999999999999928946;18.39999999999999857891;-0.036;0.139;0.983;632;632;522;1;
18.39999999999999857891;18.60000000000000142109;0.012;-0.040;1.001;635;635;534;1;
18.60000000000000142109;18.80000000000000071054;0.024;-0.006;1.001;635;635;529;1;
18.80000000000000071054;19.00000000000000000000;0.016;-0.006;0.998;646;646;539;1;
19.00000000000000000000;19.19999999999999928946;-0.002;-0.012;1.000;645;645;545;1;
19.19999999999999928946;19.39999999999999857891;-0.008;0.073;0.994;644;644;531;1;
19.39999999999999857891;19.60000000000000142109;-0.014;-0.031;1.003;636;636;537;1;
19.60000000000000142109;19.80000000000000071054;-0.002;0.117;0.984;654;654;549;1;
19.80000000000000071054;20.00000000000000000000;0.019;-0.060;1.004;655;655;551;1;
20.00000000000000000000;20.19999999999999928946;-0.031;0.018;1.005;630;630;527;1;
20.19999999999999928946;20.39999999999999857891;0.054;0.074;0.995;649;649;546;1;
20.39999999999999857891;20.60000000000000142109;0.009;0.014;1.000;647;645;543;1;
20.60000000000000142109;20.80000000000000071054;0.050;-0.087;1.004;657;656;555;1;
20.80000000000000071054;21.00000000000000000000;0.019;0.053;0.991;650;650;544;1;
21.00000000000000000000;21.19999999999999928946;0.029;0.034;0.993;672;671;566;1;
21.19999999999999928946;21.39999999999999857891;-0.060;-0.010;0.997;646;646;550;1;
21.39999999999999857891;21.60000000000000142109;0.042;0.105;0.984;646;646;545;1;
21.60000000000000142109;21.80000000000000071054;0.039;-0.129;1.017;665;664;554;1;
21.80000000000000071054;22.00000000000000000000;-0.007;0.036;0.997;658;657;546;1;
22.00000000000000000000;22.19999999999999928946;0.028;0.078;0.989;663;663;559;1;
22.19999999999999928946;22.39999999999999857891;0.020;0.101;0.989;665;665;555;1;
22.39999999999999857891;22.60000000000000142109;-0.001;0.100;0.990;670;670;552;1;
22.60000000000000142109;22.80000000000000071054;0.018;-0.139;1.017;660;660;551;1;
22.80000000000000071054;23.00000000000000000000;0.013;0.038;1.001;655;655;549;1;
23.00000000000000000000;23.19999999999999928946;-0.015;-0.224;1.025;658;658;554;1;
23.19999999999999928946;23.39999999999999857891;0.019;0.230;0.980;661;661;542;1;
23.39999999999999857891;23.60000000000000142109;-0.031;-0.033;1.000;662;662;553;1;
23.60000000000000142109;23.80000000000000071054;-0.026;0.015;0.996;666;665;554;1;
23.80000000000000071054;24.00000000000000000000;-0.027;-0.046;1.004;651;648;541;1;
24.00000000000000000000;24.19999999999999928946;0.022;-0.106;1.009;677;677;565;1;
24.19999999999999928946;24.39999999999999857891;0.004;-0.055;1.006;670;670;552;1;
24.39999999999999857891;24.60000000000000142109;-0.012;-0.047;1.008;655;655;548;1;
24.60000000000000142109;24.80000000000000071054;0.011;-0.085;1.011;662;660;555;1;
24.80000000000000071054;25.00000000000000000000;0.043;0.057;1.001;668;668;563;1;
25.00000000000000000000;25.19999999999999928946;-0.036;0.004;0.998;673;672;558;1;
25.19999999999999928946;25.39999999999999857891;0.013;0.001;1.002;672;670;567;1;
25.39999999999999857891;25.60000000000000142109;0.027;-0.066;1.011;664;663;557;1;
25.60000000000000142109;25.80000000000000071054;0.030;-0.052;1.011;663;663;562;1;
25.80000000000000071054;26.00000000000000000000;-0.008;0.021;0.998;677;677;564;1;
26.00000000000000000000;26.19999999999999928946;0.019;0.008;0.997;667;666;552;1;
26.19999999999999928946;26.39999999999999857891;0.012;0.017;1.001;668;668;556;1;
26.39999999999999857891;26.60000000000000142109;-0.024;0.030;0.991;664;664;557;1;
26.60000000000000142109;26.80000000000000071054;-0.023;0.155;0.983;668;667;557;1;
26.80000000000000071054;27.00000000000000000000;0.080;-0.001;0.993;666;666;575;1;
27.00000000000000000000;27.19999999999999928946;0.042;0.026;0.997;660;660;550;1;
27.19999999999999928946;27.39999999999999857891;-0.004;-0.041;1.004;663;663;555;1;
27.39999999999999857891;27.60000000000000142109;0.016;-0.174;1.027;656;656;549;1;
27.60000000000000142109;27.80000000000000071054;0.020;0.045;0.992;674;672;573;1;
27.80000000000000071054;28.00000000000000000000;0.010;-0.003;1.005;667;666;556;1;
28.00000000000000000000;28.19999999999999928946;-0.009;0.190;0.977;656;655;551;1;
28.19999999999999928946;28.39999999999999857891;0.023;0.014;1.000;653;650;554;1;
28.39999999999999857891;28.60000000000000142109;-0.008;0.162;0.982;649;646;540;1;
28.60000000000000142109;28.80000000000000071054;0.002;0.069;0.997;664;664;556;1;
28.80000000000000071054;29.00000000000000000000;-0.047;0.011;1.000;662;661;565;1;
29.00000000000000000000;29.19999999999999928946;-0.007;0.212;0.975;630;630;537;1;
29.19999999999999928946;29.39999999999999857891;-0.023;0.035;0.994;639;639;538;1;
29.39999999999999857891;29.60000000000000142109;0.048;0.002;1.003;645;645;547;1;
29.60000000000000142109;29.80000000000000071054;-0.029;-0.061;1.004;645;645;552;1;
29.80000000000000071054;30.00000000000000000000;0.005;-0.074;1.008;647;647;542;1;
30.00000000000000000000;30.19999999999999928946;0.021;0.007;1.001;660;660;551;1;
30.19999999999999928946;30.39999999999999857891;-0.004;0.025;1.000;635;635;542;1;
30.39999999999999857891;30.60000000000000142109;-0.003;-0.078;1.015;651;651;550;1;
30.60000000000000142109;30.80000000000000071054;0.002;0.055;0.991;634;634;533;1;
30.80000000000000071054;31.00000000000000000000;0.016;-0.001;1.003;636;636;537;1;
31.00000000000000000000;31.19999999999999928946;0.001;-0.059;1.001;626;626;529;1;
31.19999999999999928946;31.39999999999999857891;0.061;0.028;1.002;633;633;543;1;
31.39999999999999857891;31.60000000000000142109;0.013;0.096;0.991;620;620;531;1;
31.60000000000000142109;31.80000000000000071054;-0.015;-0.005;1.002;629;625;513;1;
31.80000000000000071054;32.00000000000000000000;0.024;-0.031;1.002;630;630;542;1;
32.00000000000000000000;32.20000000000000284217;0.015;-0.058;1.006;614;614;512;1;
32.20000000000000284217;32.39999999999999857891;0.061;0.107;0.988;614;611;517;1;
32.39999999999999857891;32.60000000000000142109;0.014;-0.213;1.022;608;606;519;1;
32.60000000000000142109;32.79999999999999715783;0.007;-0.179;1.025;623;622;514;1;
32.79999999999999715783;33.00000000000000000000;0.007;0.008;0.996;597;596;505;1;
33.00000000000000000000;33.20000000000000284217;0.001;0.111;0.986;606;605;511;1;
33.20000000000000284217;33.39999999999999857891;0.006;-0.025;1.007;593;593;498;1;
33.39999999999999857891;33.60000000000000142109;-0.000;-0.112;1.011;599;599;499;1;
33.60000000000000142109;33.79999999999999715783;0.025;-0.083;1.015;592;592;501;1;
33.79999999999999715783;34.00000000000000000000;0.016;0.207;0.977;593;592;492;1;
34.00000000000000000000;34.20000000000000284217;0.037;0.184;0.980;599;599;503;1;
34.20000000000000284217;34.39999999999999857891;0.013;-0.030;1.007;592;591;497;1;
34.39999999999999857891;34.60000000000000142109;-0.012;-0.028;1.003;583;583;492;1;
34.60000000000000142109;34.79999999999999715783;-0.024;0.166;0.984;585;584;495;1;
34.79999999999999715783;35.00000000000000000000;-0.009;0.087;0.986;585;584;487;1;
35.00000000000000000000;35.20000000000000284217;-0.021;0.217;0.977;569;569;484;1;
35.20000000000000284217;35.39999999999999857891;-0.028;-0.126;1.017;576;576;483;1;
35.39999999999999857891;35.60000000000000142109;-0.008;-0.030;1.002;583;582;485;1;
35.60000000000000142109;35.79999999999999715783;-0.044;-0.120;1.010;576;575;481;1;
35.79999999999999715783;36.00000000000000000000;0.077;0.042;1.003;567;566;485;1;
36.00000000000000000000;36.20000000000000284217;0.047;0.199;0.974;571;569;492;1;
36.20000000000000284217;36.39999999999999857891;0.030;-0.004;0.998;560;560;472;1;
36.39999999999999857891;36.60000000000000142109;0.010;0.001;1.004;584;584;494;1;
36.60000000000000142109;36.79999999999999715783;0.023;0.154;0.985;568;568;473;1;
36.79999999999999715783;37.00000000000000000000;-0.029;-0.011;1.000;568;566;475;1;
37.00000000000000000000;37.20000000000000284217;-0.013;-0.131;1.010;571;571;484;1;
37.20000000000000284217;37.39999999999999857891;0.058;0.130;0.977;577;577;490;1;
37.39999999999999857891;37.60000000000000142109;-0.015;0.050;1.001;585;583;498;1;
37.60000000000000142109;37.79999999999999715783;-0.021;0.074;0.989;590;590;505;1;
37.79999999999999715783;38.00000000000000000000;-0.036;-0.105;1.010;587;587;502;1;
38.00000000000000000000;38.20000000000000284217;0.039;0.054;0.991;597;597;501;1;
38.20000000000000284217;38.39999999999999857891;0.002;0.087;0.990;596;596;497;1;
38.39999999999999857891;38.60000000000000142109;-0.046;-0.002;1.001;601;601;508;1;
38.60000000000000142109;38.79999999999999715783;-0.004;-0.112;1.012;592;592;502;1;
38.79999999999999715783;39.00000000000000000000;-0.011;-0.055;1.010;600;599;514;1;
39.00000000000000000000;39.20000000000000284217;-0.027;-0.086;1.002;604;604;510;1;
39.20000000000000284217;39.39999999999999857891;-0.033;0.064;0.992;597;597;506;1;
39.39999999999999857891;39.60000000000000142109;0.034;0.048;0.991;610;610;509;1;
39.60000000000000142109;39.79999999999999715783;0.011;-0.041;1.006;611;610;510;1;
39.79999999999999715783;40.00000000000000000000;0.001;-0.088;1.005;617;617;529;1;
40.00000000000000000000;40.20000000000000284217;0.043;-0.103;1.007;615;613;523;1;
40.20000000000000284217;40.39999999999999857891;-0.041;-0.050;1.005;629;628;547;1;
40.39999999999999857891;40.60000000000000142109;-0.008;-0.053;1.006;625;624;543;1;
40.60000000000000142109;40.79999999999999715783;-0.004;0.078;0.988;620;620;528;1;
40.79999999999999715783;41.00000000000000000000;-0.014;-0.159;1.016;638;638;548;1;
41.00000000000000000000;41.20000000000000284217;0.045;0.005;0.999;627;627;531;1;
41.20000000000000284217;41.39999999999999857891;-0.028;-0.192;1.020;639;639;548;1;
41.39999999999999857891;41.60000000000000142109;0.013;0.009;1.005;643;643;547;1;
41.60000000000000142109;41.79999999999999715783;-0.014;0.134;0.984;647;647;547;1;
41.79999999999999715783;42.00000000000000000000;0.018;-0.166;1.021;649;647;546;1;
42.00000000000000000000;42.20000000000000284217;-0.009;0.075;0.989;665;663;563;1;
42.20000000000000284217;42.39999999999999857891;-0.027;-0.099;1.016;670;670;577;1;
42.39999999999999857891;42.60000000000000142109;-0.029;-0.023;1.002;660;660;558;1;
42.60000000000000142109;42.79999999999999715783;-0.006;0.254;0.968;666;665;558;1;
42.79999999999999715783;43.00000000000000000000;0.048;-0.038;1.005;661;659;553;1;
43.00000000000000000000;43.20000000000000284217;0.030;-0.088;1.018;667;667;573;1;
43.20000000000000284217;43.39999999999999857891;-0.049;0.076;0.987;677;677;577;1;
43.39999999999999857891;43.60000000000000142109;0.019;-0.003;0.997;676;676;565;1;
43.60000000000000142109;43.79999999999999715783;-0.008;0.017;1.005;675;674;580;1;
43.79999999999999715783;44.00000000000000000000;0.024;0.067;0.995;674;673;572;1;
44.00000000000000000000;44.20000000000000284217;-0.011;0.178;0.980;683;679;580;1;
44.20000000000000284217;44.39999999999999857891;-0.017;-0.013;1.001;684;684;572;1;
44.39999999999999857891;44.60000000000000142109;-0.025;0.052;0.992;686;686;595;1;
44.60000000000000142109;44.79999999999999715783;-0.025;0.016;0.998;679;679;571;1;
44.79999999999999715783;45.00000000000000000000;0.055;0.102;0.984;680;680;571;1;
45.00000000000000000000;45.20000000000000284217;0.054;-0.219;1.024;679;679;583;1;
45.20000000000000284217;45.39999999999999857891;0.020;0.048;0.994;671;671;566;1;
45.39999999999999857891;45.60000000000000142109;-0.070;0.047;0.995;686;686;582;1;
45.60000000000000142109;45.79999999999999715783;-0.031;-0.047;1.006;691;690;583;1;
45.79999999999999715783;46.00000000000000000000;-0.038;-0.016;0.996;685;685;583;1;
46.00000000000000000000;46.20000000000000284217;-0.000;0.066;0.992;682;682;586;1;
46.20000000000000284217;46.39999999999999857891;-0.029;-0.032;1.005;674;674;567;1;
46.39999999999999857891;46.60000000000000142109;-0.040;-0.080;1.010;684;684;575;1;
46.60000000000000142109;46.79999999999999715783;0.024;-0.062;1.008;684;684;570;1;
46.79999999999999715783;47.00000000000000000000;0.019;-0.056;1.008;681;681;570;1;
47.00000000000000000000;47.20000000000000284217;-0.010;-0.038;1.007;671;671;555;1;
47.20000000000000284217;47.39999999999999857891;0.041;-0.014;1.007;687;687;583;1;
47.39999999999999857891;47.60000000000000142109;-0.022;-0.094;1.006;675;675;582;1;
47.60000000000000142109;47.79999999999999715783;-0.012;0.017;0.995;679;678;574;1;
47.79999999999999715783;48.00000000000000000000;0.002;-0.044;1.004;675;675;573;1;
48.00000000000000000000;48.20000000000000284217;-0.031;-0.008;0.996;669;669;558;1;
48.20000000000000284217;48.39999999999999857891;-0.032;-0.007;0.993;682;682;576;1;
48.39999999999999857891;48.60000000000000142109;0.026;0.067;0.988;683;683;577;1;
48.60000000000000142109;48.79999999999999715783;-0.000;-0.077;1.012;672;672;575;1;
48.79999999999999715783;49.00000000000000000000;0.020;-0.091;1.009;676;675;576;1;
49.00000000000000000000;49.20000000000000284217;0.012;-0.019;1.004;693;691;583;1;
49.20000000000000284217;49.39999999999999857891;-0.001;-0.057;1.007;689;686;580;1;
49.39999999999999857891;49.60000000000000142109;0.027;0.019;0.996;679;678;575;1;
49.60000000000000142109;49.79999999999999715783;-0.026;-0.195;1.034;689;688;582;1;
49.79999999999999715783;50.00000000000000000000;0.031;0.023;0.992;686;686;577;1;
50.00000000000000000000;50.20000000000000284217;0.016;-0.087;1.004;693;693;580;1;
50.20000000000000284217;50.39999999999999857891;-0.042;-0.025;1.002;684;684;582;1;
50.39999999999999857891;50.60000000000000142109;-0.002;-0.009;0.993;702;702;586;1;
50.60000000000000142109;50.79999999999999715783;0.000;0.128;0.983;694;694;582;1;
50.79999999999999715783;51.00000000000000000000;0.026;-0.081;1.004;686;685;587;1;
51.00000000000000000000;51.20000000000000284217;-0.039;0.092;0.991;680;680;569;1;
51.20000000000000284217;51.39999999999999857891;0.036;0.134;0.983;694;694;590;1;
51.39999999999999857891;51.60000000000000142109;0.051;-0.049;1.001;684;684;577;1;
51.60000000000000142109;51.79999999999999715783;0.007;0.107;0.988;681;681;567;1;
51.79999999999999715783;52.00000000000000000000;-0.043;-0.105;1.017;687;687;576;1;
52.00000000000000000000;52.20000000000000284217;0.046;-0.020;1.006;678;678;576;1;
52.20000000000000284217;52.39999999999999857891;0.002;0.195;0.980;685;685;568;1;
52.39999999999999857891;52.60000000000000142109;-0.064;0.094;0.991;693;693;588;1;
52.60000000000000142109;52.79999999999999715783;0.026;0.043;0.995;694;694;580;1;
52.79999999999999715783;53.00000000000000000000;0.009;0.057;0.989;699;699;585;1;
53.00000000000000000000;53.20000000000000284217;0.021;-0.085;1.009;679;679;572;1;
53.20000000000000284217;53.39999999999999857891;-0.010;-0.110;1.014;683;683;576;1;
53.39999999999999857891;53.60000000000000142109;-0.048;-0.197;1.020;688;688;583;1;
53.60000000000000142109;53.79999999999999715783;0.030;0.158;0.979;685;685;575;1;
53.79999999999999715783;54.00000000000000000000;-0.043;-0.002;1.001;682;682;569;1;
54.00000000000000000000;54.20000000000000284217;0.033;0.027;0.994;692;692;580;1;
54.20000000000000284217;54.39999999999999857891;0.026;0.085;0.983;680;680;564;1;
54.39999999999999857891;54.60000000000000142109;-0.019;-0.017;0.997;691;691;578;1;
54.60000000000000142109;54.79999999999999715783;-0.021;-0.102;1.016;681;681;572;1;
54.79999999999999715783;55.00000000000000000000;0.006;-0.001;1.003;701;701;591;1;
55.00000000000000000000;55.20000000000000284217;-0.033;-0.123;1.020;693;693;586;1;
55.20000000000000284217;55.39999999999999857891;-0.001;-0.038;1.008;692;692;585;1;
55.39999999999999857891;55.60000000000000142109;-0.064;-0.081;1.014;689;689;583;1;
55.60000000000000142109;55.79999999999999715783;-0.039;-0.190;1.025;692;692;583;1;
55.79999999999999715783;56.00000000000000000000;0.000;-0.072;1.005;676;676;564;1;
56.00000000000000000000;56.20000000000000284217;-0.002;0.049;1.003;685;685;585;1;
56.20000000000000284217;56.39999999999999857891;0.043;0.004;0.994;684;684;585;1;
56.39999999999999857891;56.60000000000000142109;0.010;-0.189;1.033;682;682;579;1;
56.60000000000000142109;56.79999999999999715783;0.004;-0.140;1.014;682;682;582;1;
56.79999999999999715783;57.00000000000000000000;-0.027;-0.024;1.004;676;676;572;1;
57.00000000000000000000;57.20000000000000284217;-0.001;-0.061;1.001;692;692;575;1;
57.20000000000000284217;57.39999999999999857891;-0.032;0.144;0.979;691;691;584;1;
57.39999999999999857891;57.60000000000000142109;0.006;0.109;0.983;682;682;571;1;
57.60000000000000142109;57.79999999999999715783;0.003;-0.098;1.013;695;695;577;1;
57.79999999999999715783;58.00000000000000000000;0.013;-0.013;1.003;692;692;584;1;
58.00000000000000000000;58.20000000000000284217;0.025;0.001;1.007;681;679;567;1;
58.20000000000000284217;58.39999999999999857891;-0.031;-0.002;1.005;684;684;570;1;
58.39999999999999857891;58.60000000000000142109;0.004;0.014;0.994;685;685;578;1;
58.60000000000000142109;58.79999999999999715783;0.019;-0.052;1.004;685;685;584;1;
58.79999999999999715783;59.00000000000000000000;-0.010;-0.147;1.014;680;680;571;1;
59.00000000000000000000;59.20000000000000284217;0.028;-0.030;1.004;696;696;588;1;
59.20000000000000284217;59.39999999999999857891;0.015;0.077;0.989;694;694;587;1;
59.39999999999999857891;59.60000000000000142109;0.003;0.122;0.987;694;694;583;1;
59.60000000000000142109;59.79999999999999715783;-0.026;-0.029;0.996;689;689;583;1;
59.79999999999999715783;60.00000000000000000000;-0.055;-0.146;1.018;675;675;571;1;
60.00000000000000000000;60.20000000000000284217;0.016;-0.102;1.012;686;686;573;1;
60.20000000000000284217;60.39999999999999857891;-0.052;0.201;0.972;705;705;598;1;
60.39999999999999857891;60.60000000000000142109;0.024;0.039;0.994;678;678;559;1;
60.60000000000000142109;60.79999999999999715783;-0.042;0.023;0.999;684;684;571;1;
60.79999999999999715783;61.00000000000000000000;-0.050;-0.199;1.025;682;682;571;1;
61.00000000000000000000;61.20000000000000284217;0.003;-0.086;1.006;679;679;569;1;
61.20000000000000284217;61.39999999999999857891;-0.035;0.061;0.997;663;663;556;1;
61.39999999999999857891;61.60000000000000142109;-0.001;-0.079;1.002;676;676;572;1;
61.60000000000000142109;61.79999999999999715783;-0.019;0.137;0.978;685;685;567;1;
61.79999999999999715783;62.00000000000000000000;0.004;-0.118;1.014;678;677;582;1;
62.00000000000000000000;62.20000000000000284217;0.023;0.004;1.002;680;680;578;1;
62.20000000000000284217;62.39999999999999857891;0.029;0.024;0.999;684;684;573;1;
62.39999999999999857891;62.60000000000000142109;0.026;-0.350;1.049;688;688;591;1;
62.60000000000000142109;62.79999999999999715783;0.011;-0.110;1.018;681;681;581;1;
62.79999999999999715783;63.00000000000000000000;-0.020;0.178;0.985;683;683;575;1;
63.00000000000000000000;63.20000000000000284217;0.006;-0.097;1.006;672;672;569;1;
63.20000000000000284217;63.39999999999999857891;0.009;0.078;0.988;692;692;590;1;
63.39999999999999857891;63.60000000000000142109;0.006;-0.130;1.013;688;688;584;1;
63.60000000000000142109;63.79999999999999715783;-0.003;0.051;0.991;685;685;574;1;
63.79999999999999715783;64.00000000000000000000;0.011;-0.092;1.014;679;679;578;1;
64.00000000000000000000;64.20000000000000284217;-0.009;0.068;0.986;685;685;584;1;
64.20000000000000284217;64.40000000000000568434;-0.013;0.037;0.992;682;682;574;1;
64.40000000000000568434;64.59999999999999431566;-0.029;-0.122;1.018;668;668;570;1;
64.59999999999999431566;64.79999999999999715783;-0.006;-0.009;1.003;676;675;560;1;
64.79999999999999715783;65.00000000000000000000;0.029;0.040;0.996;679;679;578;1;
65.00000000000000000000;65.20000000000000284217;-0.036;-0.118;1.010;682;682;584;1;
65.20000000000000284217;65.40000000000000568434;0.026;-0.093;1.012;676;676;566;1;
65.40000000000000568434;65.59999999999999431566;-0.010;-0.038;1.000;678;678;579;1;
65.59999999999999431566;65.79999999999999715783;-0.007;-0.030;1.007;691;691;579;1;
65.79999999999999715783;66.00000000000000000000;-0.044;-0.021;1.001;678;678;565;1;
66.00000000000000000000;66.20000000000000284217;0.009;-0.037;1.006;692;692;585;1;
66.20000000000000284217;66.40000000000000568434;-0.036;0.072;0.996;688;686;582;1;
66.40000000000000568434;66.59999999999999431566;0.032;0.044;0.996;690;687;581;1;
66.59999999999999431566;66.79999999999999715783;0.031;-0.076;1.004;699;697;581;1;
66.79999999999999715783;67.00000000000000000000;-0.059;-0.035;0.995;685;685;584;1;
67.00000000000000000000;67.20000000000000284217;-0.050;0.103;0.992;696;696;599;1;
67.20000000000000284217;67.40000000000000568434;0.004;0.093;0.987;680;680;583;1;
67.40000000000000568434;67.59999999999999431566;0.059;-0.037;1.008;686;686;585;1;
67.59999999999999431566;67.79999999999999715783;-0.022;-0.004;1.000;690;690;581;1;
67.79999999999999715783;68.00000000000000000000;-0.010;0.126;0.984;684;684;575;1;
68.00000000000000000000;68.20000000000000284217;-0.016;-0.016;1.007;662;660;569;1;
68.20000000000000284217;68.40000000000000568434;-0.059;0.217;0.970;678;678;581;1;
68.40000000000000568434;68.59999999999999431566;0.002;-0.032;1.002;680;680;584;1;
68.59999999999999431566;68.79999999999999715783;0.043;-0.067;1.016;678;678;584;1;
68.79999999999999715783;69.00000000000000000000;-0.018;-0.088;1.008;658;658;568;1;
69.00000000000000000000;69.20000000000000284217;-0.050;-0.039;1.001;681;679;589;1;
69.20000000000000284217;69.40000000000000568434;-0.005;-0.133;1.008;686;685;595;1;
69.40000000000000568434;69.59999999999999431566;-0.035;-0.087;1.004;687;685;586;1;
69.59999999999999431566;69.79999999999999715783;-0.005;-0.027;1.004;683;681;578;1;
69.79999999999999715783;70.00000000000000000000;0.028;-0.040;0.999;672;670;572;1;
70.00000000000000000000;70.20000000000000284217;-0.024;-0.046;1.006;668;666;568;1;
70.20000000000000284217;70.40000000000000568434;-0.056;0.008;1.007;690;690;585;1;
70.40000000000000568434;70.59999999999999431566;0.028;-0.058;1.000;693;693;592;1;
70.59999999999999431566;70.79999999999999715783;-0.001;0.028;0.994;689;689;574;1;
70.79999999999999715783;71.00000000000000000000;-0.015;-0.111;1.000;682;681;570;1;
71.00000000000000000000;71.20000000000000284217;0.028;-0.010;0.999;689;685;577;1;
71.20000000000000284217;71.40000000000000568434;-0.052;0.096;0.985;681;680;578;1;
71.40000000000000568434;71.59999999999999431566;-0.002;0.127;0.981;686;686;578;1;
71.59999999999999431566;71.79999999999999715783;0.052;0.063;1.000;695;694;597;1;
