length=;599;
t1;t2;x;y;yaw;numCorners;numMatches;numInliers;estValid;
0.00000000000000000000;0.20000000000000001110;0.975;-0.058;0.003;687;687;687;1;
0.20000000000000001110;0.40000000000000002220;1.023;0.137;-0.014;680;680;680;1;
0.40000000000000002220;0.59999999999999997780;0.981;-0.053;0.006;668;668;668;1;
0.59999999999999997780;0.80000000000000004441;0.982;-0.030;0.006;664;664;664;1;
0.80000000000000004441;1.00000000000000000000;0.987;-0.117;0.013;675;675;675;1;
1.00000000000000000000;1.19999999999999995559;1.002;0.057;-0.015;671;671;671;1;
1.19999999999999995559;1.39999999999999991118;1.005;0.063;-0.011;667;667;667;1;
1.39999999999999991118;1.60000000000000008882;1.023;0.020;-0.004;688;688;688;1;
1.60000000000000008882;1.80000000000000004441;1.002;0.024;-0.005;689;689;689;1;
1.80000000000000004441;2.00000000000000000000;0.981;-0.072;0.008;668;668;668;1;
2.00000000000000000000;2.20000000000000017764;1.016;-0.004;0.001;666;666;666;1;
2.20000000000000017764;2.39999999999999991118;0.996;0.083;-0.012;681;681;681;1;
2.39999999999999991118;2.60000000000000008882;1.029;-0.002;-0.000;680;680;680;1;
2.60000000000000008882;2.79999999999999982236;1.067;0.072;-0.013;683;683;683;1;
2.79999999999999982236;3.00000000000000000000;0.942;0.060;-0.003;694;694;694;1;
3.00000000000000000000;3.20000000000000017764;1.035;0.006;-0.001;685;685;685;1;
3.20000000000000017764;3.39999999999999991118;1.009;-0.039;0.007;672;672;672;1;
3.39999999999999991118;3.60000000000000008882;0.992;-0.118;0.012;674;674;674;1;
3.60000000000000008882;3.79999999999999982236;1.016;-0.028;-0.003;689;689;689;1;
3.79999999999999982236;4.00000000000000000000;1.003;0.057;-0.011;686;686;686;1;
4.00000000000000000000;4.20000000000000017764;0.967;-0.014;0.001;671;671;671;1;
4.20000000000000017764;4.40000000000000035527;0.981;-0.088;0.012;671;671;671;1;
4.40000000000000035527;4.59999999999999964473;1.015;-0.035;0.001;684;684;684;1;
4.59999999999999964473;4.79999999999999982236;1.006;-0.027;0.003;673;673;673;1;
4.79999999999999982236;5.00000000000000000000;0.995;0.115;-0.016;666;666;666;1;
5.00000000000000000000;5.20000000000000017764;0.998;0.020;0.001;670;670;670;1;
5.20000000000000017764;5.40000000000000035527;0.993;0.036;-0.007;667;667;667;1;
5.40000000000000035527;5.59999999999999964473;1.016;0.138;-0.018;670;670;670;1;
5.59999999999999964473;5.79999999999999982236;1.027;-0.018;0.002;667;667;667;1;
5.79999999999999982236;6.00000000000000000000;1.002;0.193;-0.018;665;665;665;1;
6.00000000000000000000;6.20000000000000017764;1.004;-0.055;0.005;687;687;687;1;
6.20000000000000017764;6.40000000000000035527;0.989;-0.040;0.003;670;670;670;1;
6.40000000000000035527;6.59999999999999964473;0.965;0.004;-0.003;672;672;672;1;
6.59999999999999964473;6.79999999999999982236;0.984;-0.130;0.020;684;684;684;1;
6.79999999999999982236;7.00000000000000000000;1.032;0.043;-0.007;680;680;680;1;
7.00000000000000000000;7.20000000000000017764;0.994;-0.074;0.002;675;675;675;1;
7.20000000000000017764;7.40000000000000035527;0.985;-0.058;0.004;660;660;660;1;
7.40000000000000035527;7.59999999999999964473;1.006;0.022;0.001;666;666;666;1;
7.59999999999999964473;7.79999999999999982236;1.013;-0.125;0.019;661;661;661;1;
7.79999999999999982236;8.00000000000000000000;0.947;-0.095;0.009;671;671;671;1;
8.00000000000000000000;8.19999999999999928946;1.039;-0.034;0.008;660;660;660;1;
8.19999999999999928946;8.40000000000000035527;0.996;-0.053;0.009;653;653;653;1;
8.40000000000000035527;8.59999999999999964473;0.997;-0.001;-0.001;651;651;651;1;
8.59999999999999964473;8.80000000000000071054;0.995;0.086;-0.007;665;665;665;1;
8.80000000000000071054;9.00000000000000000000;0.985;-0.089;0.007;672;672;672;1;
9.00000000000000000000;9.19999999999999928946;1.007;-0.049;0.004;679;679;679;1;
9.19999999999999928946;9.40000000000000035527;1.013;-0.008;0.004;676;676;676;1;
9.40000000000000035527;9.59999999999999964473;0.984;0.145;-0.022;669;669;669;1;
9.59999999999999964473;9.80000000000000071054;1.023;-0.044;0.012;670;670;670;1;
9.80000000000000071054;10.00000000000000000000;0.995;-0.022;0.003;692;692;692;1;
10.00000000000000000000;10.19999999999999928946;0.982;-0.025;-0.002;689;689;689;1;
10.19999999999999928946;10.40000000000000035527;1.017;-0.015;-0.002;676;676;676;1;
10.40000000000000035527;10.59999999999999964473;1.019;0.027;-0.005;665;665;665;1;
10.59999999999999964473;10.80000000000000071054;0.990;-0.069;0.010;671;671;671;1;
10.80000000000000071054;11.00000000000000000000;0.993;0.035;-0.002;654;654;654;1;
11.00000000000000000000;11.19999999999999928946;0.989;-0.055;0.006;655;655;655;1;
11.19999999999999928946;11.40000000000000035527;0.963;0.005;0.001;652;652;652;1;
11.40000000000000035527;11.59999999999999964473;0.980;0.008;-0.006;656;656;656;1;
11.59999999999999964473;11.80000000000000071054;1.016;-0.043;0.001;672;672;672;1;
11.80000000000000071054;12.00000000000000000000;0.979;0.066;-0.012;675;675;675;1;
12.00000000000000000000;12.19999999999999928946;0.982;0.055;-0.006;672;672;672;1;
12.19999999999999928946;12.40000000000000035527;1.004;-0.074;0.009;671;671;671;1;
12.40000000000000035527;12.59999999999999964473;1.027;-0.030;0.006;665;665;665;1;
12.59999999999999964473;12.80000000000000071054;0.978;0.063;-0.004;663;663;663;1;
12.80000000000000071054;13.00000000000000000000;0.966;0.058;-0.010;664;664;664;1;
13.00000000000000000000;13.19999999999999928946;1.006;0.026;-0.002;689;689;689;1;
13.19999999999999928946;13.40000000000000035527;1.033;-0.021;0.001;678;678;678;1;
13.40000000000000035527;13.59999999999999964473;0.992;-0.149;0.021;665;665;665;1;
13.59999999999999964473;13.80000000000000071054;1.045;-0.001;-0.002;667;667;667;1;
13.80000000000000071054;14.00000000000000000000;0.988;-0.011;0.001;676;676;676;1;
14.00000000000000000000;14.19999999999999928946;1.016;0.003;-0.001;684;684;684;1;
14.19999999999999928946;14.40000000000000035527;0.983;-0.098;0.012;693;693;693;1;
14.40000000000000035527;14.59999999999999964473;1.046;0.051;-0.004;673;673;673;1;
14.59999999999999964473;14.80000000000000071054;0.996;0.031;-0.002;687;687;687;1;
14.80000000000000071054;15.00000000000000000000;0.947;-0.002;0.006;691;691;691;1;
15.00000000000000000000;15.19999999999999928946;0.962;-0.040;0.008;670;670;670;1;
15.19999999999999928946;15.40000000000000035527;0.923;-0.116;0.014;697;697;697;1;
15.40000000000000035527;15.59999999999999964473;1.006;-0.084;0.009;692;692;692;1;
15.59999999999999964473;15.80000000000000071054;1.029;0.098;-0.011;680;680;680;1;
15.80000000000000071054;16.00000000000000000000;0.984;-0.119;0.013;672;672;672;1;
16.00000000000000000000;16.19999999999999928946;0.995;-0.099;0.014;684;684;684;1;
16.19999999999999928946;16.39999999999999857891;0.978;-0.043;0.009;659;659;659;1;
16.39999999999999857891;16.60000000000000142109;1.028;0.037;-0.007;660;660;660;1;
16.60000000000000142109;16.80000000000000071054;0.993;-0.074;0.009;669;669;669;1;
16.80000000000000071054;17.00000000000000000000;1.029;0.025;-0.004;664;664;664;1;
17.00000000000000000000;17.19999999999999928946;1.010;-0.046;0.002;651;651;651;1;
17.19999999999999928946;17.39999999999999857891;0.999;-0.043;0.007;657;657;657;1;
17.39999999999999857891;17.60000000000000142109;0.987;0.085;-0.013;650;650;650;1;
17.60000000000000142109;17.80000000000000071054;1.005;-0.034;0.007;649;649;649;1;
17.80000000000000071054;18.00000000000000000000;1.019;-0.002;-0.006;648;648;648;1;
18.00000000000000000000;18.19999999999999928946;0.985;0.006;-0.003;670;670;670;1;
18.19999999999999928946;18.39999999999999857891;0.979;-0.056;0.012;654;654;654;1;
18.39999999999999857891;18.60000000000000142109;0.975;-0.100;0.012;664;664;664;1;
18.60000000000000142109;18.80000000000000071054;1.021;-0.033;0.006;665;665;665;1;
18.80000000000000071054;19.00000000000000000000;0.989;0.152;-0.024;665;665;665;1;
19.00000000000000000000;19.19999999999999928946;0.994;-0.039;0.008;654;654;654;1;
19.19999999999999928946;19.39999999999999857891;0.967;0.164;-0.020;664;664;664;1;
19.39999999999999857891;19.60000000000000142109;0.987;-0.021;0.000;672;672;672;1;
19.60000000000000142109;19.80000000000000071054;1.012;-0.190;0.026;656;656;656;1;
19.80000000000000071054;20.00000000000000000000;0.990;0.119;-0.020;672;672;672;1;
20.00000000000000000000;20.19999999999999928946;1.040;0.007;0.001;652;652;652;1;
20.19999999999999928946;20.39999999999999857891;0.970;0.026;-0.005;669;669;669;1;
20.39999999999999857891;20.60000000000000142109;0.989;0.128;-0.025;659;658;658;1;
20.60000000000000142109;20.80000000000000071054;1.005;0.080;-0.012;666;666;666;1;
20.80000000000000071054;21.00000000000000000000;1.019;-0.023;0.002;673;672;672;1;
21.00000000000000000000;21.19999999999999928946;0.990;0.070;-0.009;671;670;670;1;
21.19999999999999928946;21.39999999999999857891;0.971;-0.160;0.020;667;667;667;1;
21.39999999999999857891;21.60000000000000142109;1.034;-0.139;0.019;665;665;665;1;
21.60000000000000142109;21.80000000000000071054;1.043;-0.212;0.035;656;656;656;1;
21.80000000000000071054;22.00000000000000000000;1.018;-0.032;0.004;677;677;677;1;
22.00000000000000000000;22.19999999999999928946;1.005;0.012;-0.002;661;661;661;1;
22.19999999999999928946;22.39999999999999857891;1.025;0.021;-0.006;660;660;660;1;
22.39999999999999857891;22.60000000000000142109;1.017;0.022;-0.009;659;659;659;1;
22.60000000000000142109;22.80000000000000071054;0.945;0.009;0.001;660;660;660;1;
22.80000000000000071054;23.00000000000000000000;1.024;-0.097;0.018;651;650;650;1;
23.00000000000000000000;23.19999999999999928946;1.030;0.025;-0.004;650;649;649;1;
23.19999999999999928946;23.39999999999999857891;0.991;0.158;-0.016;666;665;665;1;
23.39999999999999857891;23.60000000000000142109;0.949;-0.140;0.015;653;653;653;1;
23.60000000000000142109;23.80000000000000071054;1.044;0.007;-0.005;659;659;659;1;
23.80000000000000071054;24.00000000000000000000;0.994;-0.181;0.020;654;653;653;1;
24.00000000000000000000;24.19999999999999928946;1.006;0.033;0.001;657;657;657;1;
24.19999999999999928946;24.39999999999999857891;1.003;0.023;0.001;662;662;662;1;
24.39999999999999857891;24.60000000000000142109;1.026;-0.096;0.012;665;665;665;1;
24.60000000000000142109;24.80000000000000071054;1.018;-0.103;0.013;653;653;653;1;
24.80000000000000071054;25.00000000000000000000;0.967;0.049;-0.001;668;667;667;1;
25.00000000000000000000;25.19999999999999928946;0.976;0.063;-0.003;669;667;667;1;
25.19999999999999928946;25.39999999999999857891;0.997;-0.140;0.009;655;653;653;1;
25.39999999999999857891;25.60000000000000142109;1.002;0.122;-0.028;655;655;655;1;
25.60000000000000142109;25.80000000000000071054;0.964;-0.002;0.002;652;651;651;1;
25.80000000000000071054;26.00000000000000000000;0.982;-0.204;0.033;665;665;665;1;
26.00000000000000000000;26.19999999999999928946;1.030;-0.118;0.007;673;670;670;1;
26.19999999999999928946;26.39999999999999857891;1.017;0.014;-0.008;670;668;667;1;
26.39999999999999857891;26.60000000000000142109;1.009;0.065;-0.008;663;662;661;1;
26.60000000000000142109;26.80000000000000071054;1.066;-0.042;0.000;662;661;661;1;
26.80000000000000071054;27.00000000000000000000;1.003;0.053;-0.006;663;663;663;1;
27.00000000000000000000;27.19999999999999928946;1.014;-0.087;0.009;656;656;656;1;
27.19999999999999928946;27.39999999999999857891;0.957;-0.103;0.006;666;665;665;1;
27.39999999999999857891;27.60000000000000142109;0.998;-0.003;-0.003;658;657;657;1;
27.60000000000000142109;27.80000000000000071054;1.023;-0.006;0.004;672;671;671;1;
27.80000000000000071054;28.00000000000000000000;0.980;-0.019;0.004;683;682;682;1;
28.00000000000000000000;28.19999999999999928946;0.969;0.002;0.003;662;661;661;1;
28.19999999999999928946;28.39999999999999857891;1.002;-0.095;0.009;663;663;663;1;
28.39999999999999857891;28.60000000000000142109;1.020;-0.148;0.024;657;656;656;1;
28.60000000000000142109;28.80000000000000071054;0.984;0.073;-0.009;656;656;656;1;
28.80000000000000071054;29.00000000000000000000;0.991;-0.073;0.015;659;659;659;1;
29.00000000000000000000;29.19999999999999928946;1.012;0.017;0.001;671;670;669;1;
29.19999999999999928946;29.39999999999999857891;1.000;-0.069;0.010;656;656;656;1;
29.39999999999999857891;29.60000000000000142109;1.042;-0.046;0.006;662;662;662;1;
29.60000000000000142109;29.80000000000000071054;0.976;0.075;-0.008;672;670;670;1;
29.80000000000000071054;30.00000000000000000000;0.998;-0.281;0.037;662;662;662;1;
30.00000000000000000000;30.19999999999999928946;1.001;0.033;-0.007;665;664;664;1;
30.19999999999999928946;30.39999999999999857891;1.016;0.071;-0.007;666;665;665;1;
30.39999999999999857891;30.60000000000000142109;1.010;-0.010;-0.000;673;671;671;1;
30.60000000000000142109;30.80000000000000071054;1.003;0.001;0.005;665;664;664;1;
30.80000000000000071054;31.00000000000000000000;0.964;-0.032;-0.001;656;656;656;1;
31.00000000000000000000;31.19999999999999928946;0.967;0.029;0.002;671;670;670;1;
31.19999999999999928946;31.39999999999999857891;1.014;0.029;-0.001;654;654;654;1;
31.39999999999999857891;31.60000000000000142109;1.007;-0.077;0.009;672;672;672;1;
31.60000000000000142109;31.80000000000000071054;0.976;-0.135;0.014;659;658;658;1;
31.80000000000000071054;32.00000000000000000000;0.970;-0.002;0.000;667;666;666;1;
32.00000000000000000000;32.20000000000000284217;0.965;0.073;-0.006;663;660;660;1;
32.20000000000000284217;32.39999999999999857891;1.003;-0.022;-0.001;670;668;668;1;
32.39999999999999857891;32.60000000000000142109;1.018;-0.030;0.005;669;669;669;1;
32.60000000000000142109;32.79999999999999715783;0.988;-0.009;0.001;662;661;661;1;
32.79999999999999715783;33.00000000000000000000;0.969;0.012;-0.002;677;676;676;1;
33.00000000000000000000;33.20000000000000284217;1.018;-0.018;0.009;666;665;665;1;
33.20000000000000284217;33.39999999999999857891;1.010;-0.209;0.022;670;668;668;1;
33.39999999999999857891;33.60000000000000142109;1.007;0.085;-0.008;660;659;659;1;
33.60000000000000142109;33.79999999999999715783;0.994;0.111;-0.013;663;662;662;1;
33.79999999999999715783;34.00000000000000000000;0.999;0.026;-0.005;665;665;665;1;
34.00000000000000000000;34.20000000000000284217;0.994;-0.108;0.016;652;652;652;1;
34.20000000000000284217;34.39999999999999857891;1.001;0.136;-0.015;665;665;665;1;
34.39999999999999857891;34.60000000000000142109;1.008;0.040;-0.002;663;662;662;1;
34.60000000000000142109;34.79999999999999715783;1.006;0.051;-0.002;666;666;666;1;
34.79999999999999715783;35.00000000000000000000;0.974;-0.007;0.005;657;656;656;1;
35.00000000000000000000;35.20000000000000284217;0.943;-0.176;0.030;641;641;641;1;
35.20000000000000284217;35.39999999999999857891;0.991;-0.008;0.004;629;629;629;1;
35.39999999999999857891;35.60000000000000142109;0.969;-0.069;0.010;631;631;631;1;
35.60000000000000142109;35.79999999999999715783;1.023;-0.196;0.028;628;628;628;1;
35.79999999999999715783;36.00000000000000000000;1.000;-0.021;0.007;639;639;639;1;
36.00000000000000000000;36.20000000000000284217;1.033;-0.020;0.006;644;644;644;1;
36.20000000000000284217;36.39999999999999857891;0.961;-0.023;0.010;651;651;651;1;
36.39999999999999857891;36.60000000000000142109;0.983;0.154;-0.019;655;654;654;1;
36.60000000000000142109;36.79999999999999715783;0.960;-0.136;0.018;654;653;653;1;
36.79999999999999715783;37.00000000000000000000;0.951;0.056;-0.008;658;657;657;1;
37.00000000000000000000;37.20000000000000284217;1.007;-0.026;0.009;660;659;659;1;
37.20000000000000284217;37.39999999999999857891;0.983;0.087;-0.009;649;648;648;1;
37.39999999999999857891;37.60000000000000142109;0.971;0.096;-0.013;650;650;650;1;
37.60000000000000142109;37.79999999999999715783;1.001;-0.028;0.007;633;633;633;1;
37.79999999999999715783;38.00000000000000000000;1.015;0.130;-0.013;638;638;638;1;
38.00000000000000000000;38.20000000000000284217;0.990;0.132;-0.017;631;631;631;1;
38.20000000000000284217;38.39999999999999857891;0.966;-0.123;0.023;605;605;605;1;
38.39999999999999857891;38.60000000000000142109;0.961;0.007;0.004;588;588;588;1;
38.60000000000000142109;38.79999999999999715783;1.004;0.004;-0.004;607;607;607;1;
38.79999999999999715783;39.00000000000000000000;1.017;-0.013;0.001;605;605;605;1;
39.00000000000000000000;39.20000000000000284217;1.034;0.103;-0.014;607;607;607;1;
39.20000000000000284217;39.39999999999999857891;0.965;0.000;-0.001;621;621;621;1;
39.39999999999999857891;39.60000000000000142109;1.008;0.069;-0.005;613;613;613;1;
39.60000000000000142109;39.79999999999999715783;0.994;-0.072;0.010;619;619;619;1;
39.79999999999999715783;40.00000000000000000000;0.999;-0.030;0.000;636;636;636;1;
40.00000000000000000000;40.20000000000000284217;1.015;0.062;-0.012;638;638;638;1;
40.20000000000000284217;40.39999999999999857891;0.977;0.137;-0.021;638;638;638;1;
40.39999999999999857891;40.60000000000000142109;0.955;0.067;-0.003;651;651;651;1;
40.60000000000000142109;40.79999999999999715783;1.036;0.052;-0.005;666;663;663;1;
40.79999999999999715783;41.00000000000000000000;0.990;-0.033;-0.001;675;673;673;1;
41.00000000000000000000;41.20000000000000284217;1.029;0.020;-0.001;676;674;674;1;
41.20000000000000284217;41.39999999999999857891;0.991;0.115;-0.009;662;661;661;1;
41.39999999999999857891;41.60000000000000142109;1.000;-0.052;0.011;679;678;678;1;
41.60000000000000142109;41.79999999999999715783;1.013;0.097;-0.009;685;683;683;1;
41.79999999999999715783;42.00000000000000000000;1.013;-0.008;-0.002;667;664;664;1;
42.00000000000000000000;42.20000000000000284217;0.991;0.043;-0.003;676;673;673;1;
42.20000000000000284217;42.39999999999999857891;1.035;-0.034;0.004;667;666;666;1;
42.39999999999999857891;42.60000000000000142109;1.026;-0.035;0.008;652;652;652;1;
42.60000000000000142109;42.79999999999999715783;0.974;-0.044;0.014;665;663;663;1;
42.79999999999999715783;43.00000000000000000000;0.996;-0.018;-0.004;659;659;659;1;
43.00000000000000000000;43.20000000000000284217;1.006;0.041;0.000;661;661;661;1;
43.20000000000000284217;43.39999999999999857891;0.984;0.110;-0.014;669;669;669;1;
43.39999999999999857891;43.60000000000000142109;1.009;0.060;-0.005;667;667;667;1;
43.60000000000000142109;43.79999999999999715783;1.008;-0.114;0.015;634;634;634;1;
43.79999999999999715783;44.00000000000000000000;1.014;-0.052;0.006;633;633;633;1;
44.00000000000000000000;44.20000000000000284217;0.973;0.104;-0.017;620;620;620;1;
44.20000000000000284217;44.39999999999999857891;1.041;-0.010;-0.001;624;624;624;1;
44.39999999999999857891;44.60000000000000142109;0.965;-0.103;0.013;627;627;627;1;
44.60000000000000142109;44.79999999999999715783;1.007;0.093;-0.008;644;644;644;1;
44.79999999999999715783;45.00000000000000000000;1.037;-0.064;0.008;631;631;631;1;
45.00000000000000000000;45.20000000000000284217;0.982;0.053;-0.008;631;631;631;1;
45.20000000000000284217;45.39999999999999857891;0.981;-0.099;0.018;624;624;624;1;
45.39999999999999857891;45.60000000000000142109;1.021;-0.021;0.008;629;629;629;1;
45.60000000000000142109;45.79999999999999715783;1.005;0.042;0.001;638;638;638;1;
45.79999999999999715783;46.00000000000000000000;0.993;-0.036;0.002;617;617;617;1;
46.00000000000000000000;46.20000000000000284217;0.985;0.031;0.002;634;634;634;1;
46.20000000000000284217;46.39999999999999857891;0.963;0.117;-0.018;628;628;628;1;
46.39999999999999857891;46.60000000000000142109;0.990;0.007;0.002;639;639;639;1;
46.60000000000000142109;46.79999999999999715783;0.992;0.114;-0.013;641;641;641;1;
46.79999999999999715783;47.00000000000000000000;0.980;-0.186;0.024;652;652;652;1;
47.00000000000000000000;47.20000000000000284217;1.014;0.039;-0.005;657;657;657;1;
47.20000000000000284217;47.39999999999999857891;0.991;-0.166;0.028;665;664;664;1;
47.39999999999999857891;47.60000000000000142109;1.000;-0.007;-0.004;654;652;652;1;
47.60000000000000142109;47.79999999999999715783;0.967;0.037;-0.004;673;673;673;1;
47.79999999999999715783;48.00000000000000000000;1.035;0.092;-0.011;660;660;660;1;
48.00000000000000000000;48.20000000000000284217;1.021;-0.143;0.016;666;666;666;1;
48.20000000000000284217;48.39999999999999857891;0.977;0.109;-0.016;663;662;662;1;
48.39999999999999857891;48.60000000000000142109;1.053;-0.015;-0.005;656;656;656;1;
48.60000000000000142109;48.79999999999999715783;1.011;-0.099;0.012;664;664;664;1;
48.79999999999999715783;49.00000000000000000000;0.987;0.053;-0.000;660;660;660;1;
49.00000000000000000000;49.20000000000000284217;1.028;-0.073;0.011;658;658;658;1;
49.20000000000000284217;49.39999999999999857891;0.999;0.022;-0.003;665;665;665;1;
49.39999999999999857891;49.60000000000000142109;0.984;0.133;-0.017;672;672;672;1;
49.60000000000000142109;49.79999999999999715783;1.005;-0.227;0.028;668;663;663;1;
49.79999999999999715783;50.00000000000000000000;1.008;-0.001;-0.010;664;663;663;1;
50.00000000000000000000;50.20000000000000284217;0.952;0.049;-0.004;655;654;654;1;
50.20000000000000284217;50.39999999999999857891;0.997;-0.116;0.021;661;661;661;1;
50.39999999999999857891;50.60000000000000142109;0.980;0.090;-0.009;667;665;665;1;
50.60000000000000142109;50.79999999999999715783;1.027;-0.147;0.021;665;664;664;1;
50.79999999999999715783;51.00000000000000000000;0.979;0.056;-0.010;673;673;673;1;
51.00000000000000000000;51.20000000000000284217;1.011;-0.195;0.029;660;659;658;1;
51.20000000000000284217;51.39999999999999857891;0.989;-0.033;0.007;680;679;679;1;
51.39999999999999857891;51.60000000000000142109;0.989;-0.060;0.009;688;687;687;1;
51.60000000000000142109;51.79999999999999715783;0.978;0.001;0.004;676;676;676;1;
51.79999999999999715783;52.00000000000000000000;0.996;0.057;-0.002;670;669;669;1;
52.00000000000000000000;52.20000000000000284217;0.983;0.018;0.004;669;668;668;1;
52.20000000000000284217;52.39999999999999857891;0.980;-0.008;0.005;673;671;671;1;
52.39999999999999857891;52.60000000000000142109;0.981;0.152;-0.021;659;656;656;1;
52.60000000000000142109;52.79999999999999715783;1.002;-0.044;0.009;658;658;658;1;
52.79999999999999715783;53.00000000000000000000;1.031;-0.040;0.002;662;661;661;1;
53.00000000000000000000;53.20000000000000284217;0.992;-0.028;0.001;675;672;672;1;
53.20000000000000284217;53.39999999999999857891;1.026;-0.055;0.006;673;671;671;1;
53.39999999999999857891;53.60000000000000142109;0.996;0.009;-0.004;659;657;657;1;
53.60000000000000142109;53.79999999999999715783;0.970;-0.130;0.007;671;670;670;1;
53.79999999999999715783;54.00000000000000000000;0.987;0.074;-0.004;660;660;660;1;
54.00000000000000000000;54.20000000000000284217;0.988;-0.042;0.004;677;676;676;1;
54.20000000000000284217;54.39999999999999857891;0.988;-0.181;0.021;676;674;674;1;
54.39999999999999857891;54.60000000000000142109;1.023;0.098;-0.018;672;670;670;1;
54.60000000000000142109;54.79999999999999715783;0.986;0.069;-0.009;674;674;674;1;
54.79999999999999715783;55.00000000000000000000;0.950;-0.065;0.010;683;682;682;1;
55.00000000000000000000;55.20000000000000284217;0.935;0.011;0.001;675;675;675;1;
55.20000000000000284217;55.39999999999999857891;0.948;-0.045;0.005;674;670;670;1;
55.39999999999999857891;55.60000000000000142109;1.028;0.042;-0.004;656;655;655;1;
55.60000000000000142109;55.79999999999999715783;0.982;0.013;-0.000;669;666;666;1;
55.79999999999999715783;56.00000000000000000000;0.967;-0.007;-0.002;660;658;658;1;
56.00000000000000000000;56.20000000000000284217;0.991;0.010;-0.005;663;661;661;1;
56.20000000000000284217;56.39999999999999857891;1.030;0.055;-0.005;651;650;650;1;
56.39999999999999857891;56.60000000000000142109;0.962;-0.095;0.011;660;659;659;1;
56.60000000000000142109;56.79999999999999715783;1.020;0.087;-0.010;666;664;664;1;
56.79999999999999715783;57.00000000000000000000;1.018;0.036;-0.007;660;660;660;1;
57.00000000000000000000;57.20000000000000284217;0.977;-0.023;0.002;667;667;667;1;
57.20000000000000284217;57.39999999999999857891;1.008;0.043;-0.006;669;669;669;1;
57.39999999999999857891;57.60000000000000142109;0.952;0.169;-0.021;657;656;656;1;
57.60000000000000142109;57.79999999999999715783;0.957;0.063;-0.010;656;655;655;1;
57.79999999999999715783;58.00000000000000000000;0.991;0.107;-0.016;648;648;648;1;
58.00000000000000000000;58.20000000000000284217;1.013;-0.010;0.000;631;631;631;1;
58.20000000000000284217;58.39999999999999857891;1.003;-0.004;-0.001;653;652;652;1;
58.39999999999999857891;58.60000000000000142109;1.026;-0.007;-0.000;663;663;663;1;
58.60000000000000142109;58.79999999999999715783;0.965;-0.067;0.009;645;645;645;1;
58.79999999999999715783;59.00000000000000000000;1.040;-0.020;0.001;642;641;641;1;
59.00000000000000000000;59.20000000000000284217;0.976;0.025;-0.004;649;649;649;1;
59.20000000000000284217;59.39999999999999857891;0.969;0.089;-0.013;630;630;630;1;
59.39999999999999857891;59.60000000000000142109;0.971;0.014;0.008;659;659;658;1;
59.60000000000000142109;59.79999999999999715783;0.984;-0.024;0.000;652;652;652;1;
59.79999999999999715783;60.00000000000000000000;1.041;-0.003;0.000;646;646;646;1;
60.00000000000000000000;60.20000000000000284217;0.981;-0.017;0.013;637;637;637;1;
60.20000000000000284217;60.39999999999999857891;0.945;-0.007;-0.006;628;628;628;1;
60.39999999999999857891;60.60000000000000142109;1.023;0.060;-0.005;627;627;627;1;
60.60000000000000142109;60.79999999999999715783;1.002;-0.085;0.012;625;625;625;1;
60.79999999999999715783;61.00000000000000000000;1.027;0.011;-0.005;603;603;603;1;
61.00000000000000000000;61.20000000000000284217;1.047;-0.099;0.010;609;609;609;1;
61.20000000000000284217;61.39999999999999857891;0.988;0.210;-0.022;587;587;587;1;
61.39999999999999857891;61.60000000000000142109;0.981;0.081;-0.008;600;600;600;1;
61.60000000000000142109;61.79999999999999715783;0.946;0.009;-0.001;619;619;619;1;
61.79999999999999715783;62.00000000000000000000;0.954;-0.038;0.011;628;628;628;1;
62.00000000000000000000;62.20000000000000284217;1.002;0.108;-0.011;639;639;639;1;
62.20000000000000284217;62.39999999999999857891;1.027;-0.022;-0.000;654;654;654;1;
62.39999999999999857891;62.60000000000000142109;1.026;0.078;-0.007;665;665;665;1;
62.60000000000000142109;62.79999999999999715783;1.018;-0.069;0.013;655;654;654;1;
62.79999999999999715783;63.00000000000000000000;0.961;-0.041;0.005;644;644;644;1;
63.00000000000000000000;63.20000000000000284217;1.007;0.101;-0.015;647;647;647;1;
63.20000000000000284217;63.39999999999999857891;0.998;0.055;-0.010;646;646;646;1;
63.39999999999999857891;63.60000000000000142109;0.936;0.123;-0.017;632;632;632;1;
63.60000000000000142109;63.79999999999999715783;1.000;-0.003;0.003;623;623;623;1;
63.79999999999999715783;64.00000000000000000000;0.986;0.079;-0.005;630;630;630;1;
64.00000000000000000000;64.20000000000000284217;0.996;0.029;-0.006;625;625;625;1;
64.20000000000000284217;64.40000000000000568434;0.973;-0.093;0.014;629;629;629;1;
64.40000000000000568434;64.59999999999999431566;0.988;-0.037;0.005;620;620;620;1;
64.59999999999999431566;64.79999999999999715783;0.982;-0.123;0.018;640;640;640;1;
64.79999999999999715783;65.00000000000000000000;0.977;0.018;-0.004;641;641;641;1;
65.00000000000000000000;65.20000000000000284217;1.007;0.030;-0.008;649;649;649;1;
65.20000000000000284217;65.40000000000000568434;0.961;-0.144;0.020;636;636;636;1;
65.40000000000000568434;65.59999999999999431566;1.007;0.041;-0.010;655;655;655;1;
65.59999999999999431566;65.79999999999999715783;1.007;0.010;0.001;652;651;651;1;
65.79999999999999715783;66.00000000000000000000;0.994;-0.070;0.008;648;648;648;1;
66.00000000000000000000;66.20000000000000284217;0.939;0.066;0.003;653;652;652;1;
66.20000000000000284217;66.40000000000000568434;0.970;-0.116;0.017;651;651;651;1;
66.40000000000000568434;66.59999999999999431566;0.945;0.052;-0.002;672;671;671;1;
66.59999999999999431566;66.79999999999999715783;1.016;-0.086;0.010;657;655;655;1;
66.79999999999999715783;67.00000000000000000000;0.968;0.121;-0.013;667;665;665;1;
67.00000000000000000000;67.20000000000000284217;1.002;0.155;-0.023;664;663;663;1;
67.20000000000000284217;67.40000000000000568434;0.936;-0.152;0.017;649;649;649;1;
67.40000000000000568434;67.59999999999999431566;1.012;-0.082;0.010;665;665;665;1;
67.59999999999999431566;67.79999999999999715783;0.971;-0.093;0.010;661;661;661;1;
67.79999999999999715783;68.00000000000000000000;1.020;0.003;-0.000;666;666;666;1;
68.00000000000000000000;68.20000000000000284217;1.025;-0.062;0.008;653;653;653;1;
68.20000000000000284217;68.40000000000000568434;0.973;0.010;0.004;651;651;651;1;
68.40000000000000568434;68.59999999999999431566;0.991;0.046;-0.009;663;663;663;1;
68.59999999999999431566;68.79999999999999715783;1.005;-0.101;0.015;651;651;651;1;
68.79999999999999715783;69.00000000000000000000;1.039;0.020;-0.001;675;673;673;1;
69.00000000000000000000;69.20000000000000284217;0.984;-0.132;0.013;667;666;666;1;
69.20000000000000284217;69.40000000000000568434;0.996;0.037;-0.007;656;655;655;1;
69.40000000000000568434;69.59999999999999431566;0.988;-0.007;-0.002;665;664;664;1;
69.59999999999999431566;69.79999999999999715783;0.968;-0.113;0.014;653;653;653;1;
69.79999999999999715783;70.00000000000000000000;0.977;0.036;-0.006;639;639;639;1;
70.00000000000000000000;70.20000000000000284217;0.980;0.017;-0.005;639;639;639;1;
70.20000000000000284217;70.40000000000000568434;1.009;0.078;-0.007;639;639;639;1;
70.40000000000000568434;70.59999999999999431566;1.012;-0.067;0.005;628;628;628;1;
70.59999999999999431566;70.79999999999999715783;1.016;-0.034;0.009;629;628;628;1;
70.79999999999999715783;71.00000000000000000000;0.998;0.104;-0.009;632;632;632;1;
71.00000000000000000000;71.20000000000000284217;0.983;-0.041;0.013;637;637;637;1;
71.20000000000000284217;71.40000000000000568434;0.989;0.067;-0.003;663;663;663;1;
71.40000000000000568434;71.59999999999999431566;1.006;0.044;-0.009;660;659;659;1;
71.59999999999999431566;71.79999999999999715783;1.015;-0.059;0.010;650;649;649;1;
71.79999999999999715783;72.00000000000000000000;0.984;-0.097;0.012;641;641;641;1;
72.00000000000000000000;72.20000000000000284217;0.964;0.009;-0.001;657;657;657;1;
72.20000000000000284217;72.40000000000000568434;1.010;0.001;-0.001;643;643;643;1;
72.40000000000000568434;72.59999999999999431566;0.971;-0.101;0.015;628;628;628;1;
72.59999999999999431566;72.79999999999999715783;1.001;-0.039;0.003;626;626;626;1;
72.79999999999999715783;73.00000000000000000000;0.994;0.079;-0.007;596;596;596;1;
73.00000000000000000000;73.20000000000000284217;1.018;-0.096;0.014;597;597;597;1;
73.20000000000000284217;73.40000000000000568434;0.976;-0.070;0.005;579;579;579;1;
73.40000000000000568434;73.59999999999999431566;0.997;-0.098;0.011;593;593;593;1;
73.59999999999999431566;73.79999999999999715783;1.008;0.053;-0.015;577;577;577;1;
73.79999999999999715783;74.00000000000000000000;0.974;0.066;-0.005;580;580;580;1;
74.00000000000000000000;74.20000000000000284217;1.056;0.015;-0.005;580;580;580;1;
74.20000000000000284217;74.40000000000000568434;1.055;0.109;-0.009;603;603;603;1;
74.40000000000000568434;74.59999999999999431566;1.009;-0.055;0.001;594;594;594;1;
74.59999999999999431566;74.79999999999999715783;0.978;-0.095;0.019;603;603;603;1;
74.79999999999999715783;75.00000000000000000000;1.000;-0.040;-0.001;651;651;651;1;
75.00000000000000000000;75.20000000000000284217;0.961;0.036;-0.006;651;651;651;1;
75.20000000000000284217;75.40000000000000568434;0.989;-0.158;0.017;667;664;664;1;
75.40000000000000568434;75.59999999999999431566;1.001;0.129;-0.018;659;656;656;1;
75.59999999999999431566;75.79999999999999715783;0.976;-0.028;0.000;670;669;669;1;
75.79999999999999715783;76.00000000000000000000;1.033;0.075;-0.008;657;657;657;1;
76.00000000000000000000;76.20000000000000284217;0.961;0.032;-0.001;652;652;651;1;
76.20000000000000284217;76.40000000000000568434;1.024;-0.064;0.004;645;644;643;1;
76.40000000000000568434;76.59999999999999431566;0.960;-0.071;0.006;653;652;652;1;
76.59999999999999431566;76.79999999999999715783;0.969;-0.118;0.009;653;653;653;1;
76.79999999999999715783;77.00000000000000000000;1.007;-0.203;0.026;652;651;651;1;
77.00000000000000000000;77.20000000000000284217;1.039;0.005;0.003;653;653;653;1;
77.20000000000000284217;77.40000000000000568434;1.014;0.007;-0.010;648;648;648;1;
77.40000000000000568434;77.59999999999999431566;1.013;-0.031;0.008;650;650;650;1;
77.59999999999999431566;77.79999999999999715783;0.994;-0.132;0.014;649;649;649;1;
77.79999999999999715783;78.00000000000000000000;0.972;0.021;-0.008;668;667;667;1;
78.00000000000000000000;78.20000000000000284217;1.038;-0.107;0.017;657;657;657;1;
78.20000000000000284217;78.40000000000000568434;0.974;-0.053;0.004;659;659;659;1;
78.40000000000000568434;78.59999999999999431566;1.040;-0.057;0.010;660;660;660;1;
78.59999999999999431566;78.79999999999999715783;0.957;-0.097;0.010;657;657;657;1;
78.79999999999999715783;79.00000000000000000000;1.023;0.033;-0.009;655;655;655;1;
79.00000000000000000000;79.20000000000000284217;1.045;0.077;-0.001;654;654;654;1;
79.20000000000000284217;79.40000000000000568434;0.971;-0.037;0.006;671;671;671;1;
79.40000000000000568434;79.59999999999999431566;1.043;-0.083;0.012;653;653;653;1;
79.59999999999999431566;79.79999999999999715783;1.001;-0.081;0.010;651;651;651;1;
79.79999999999999715783;80.00000000000000000000;0.997;0.057;-0.009;653;653;653;1;
80.00000000000000000000;80.20000000000000284217;1.007;0.010;-0.003;652;652;652;1;
80.20000000000000284217;80.40000000000000568434;1.025;-0.142;0.019;628;628;628;1;
80.40000000000000568434;80.59999999999999431566;0.968;0.159;-0.024;634;634;634;1;
80.59999999999999431566;80.79999999999999715783;0.980;-0.081;0.003;624;624;624;1;
80.79999999999999715783;81.00000000000000000000;0.990;0.012;-0.001;611;611;611;1;
81.00000000000000000000;81.20000000000000284217;1.012;-0.064;0.009;609;609;609;1;
81.20000000000000284217;81.40000000000000568434;0.996;0.155;-0.018;608;608;608;1;
81.40000000000000568434;81.59999999999999431566;0.964;-0.006;0.007;599;599;599;1;
81.59999999999999431566;81.79999999999999715783;1.002;-0.069;0.006;601;601;601;1;
81.79999999999999715783;82.00000000000000000000;1.029;-0.022;0.001;620;620;620;1;
82.00000000000000000000;82.20000000000000284217;0.992;0.129;-0.017;595;595;595;1;
82.20000000000000284217;82.40000000000000568434;0.923;0.001;0.001;604;604;604;1;
82.40000000000000568434;82.59999999999999431566;0.975;-0.071;0.002;611;611;611;1;
82.59999999999999431566;82.79999999999999715783;0.914;0.063;-0.009;621;621;621;1;
82.79999999999999715783;83.00000000000000000000;1.000;-0.201;0.028;625;625;625;1;
83.00000000000000000000;83.20000000000000284217;0.981;-0.133;0.015;633;633;633;1;
83.20000000000000284217;83.40000000000000568434;0.997;0.044;0.002;638;638;638;1;
83.40000000000000568434;83.59999999999999431566;0.967;-0.089;0.012;627;627;627;1;
83.59999999999999431566;83.79999999999999715783;1.000;0.155;-0.014;611;611;611;1;
83.79999999999999715783;84.00000000000000000000;0.972;-0.052;0.009;605;605;605;1;
84.00000000000000000000;84.20000000000000284217;1.028;-0.085;0.014;589;589;589;1;
84.20000000000000284217;84.40000000000000568434;1.016;0.010;-0.004;582;582;582;1;
84.40000000000000568434;84.59999999999999431566;0.983;0.135;-0.014;605;605;605;1;
84.59999999999999431566;84.79999999999999715783;1.038;-0.135;0.013;601;601;601;1;
84.79999999999999715783;85.00000000000000000000;1.024;0.022;-0.002;609;608;608;1;
85.00000000000000000000;85.20000000000000284217;0.981;0.114;-0.013;614;614;614;1;
85.20000000000000284217;85.40000000000000568434;0.999;-0.018;0.006;613;613;613;1;
85.40000000000000568434;85.59999999999999431566;0.941;-0.057;0.005;627;627;627;1;
85.59999999999999431566;85.79999999999999715783;1.016;0.040;-0.001;619;619;619;1;
85.79999999999999715783;86.00000000000000000000;1.027;0.028;-0.003;646;646;646;1;
86.00000000000000000000;86.20000000000000284217;1.023;0.135;-0.021;631;631;631;1;
86.20000000000000284217;86.40000000000000568434;1.000;-0.101;0.009;651;651;651;1;
86.40000000000000568434;86.59999999999999431566;0.957;-0.094;0.010;657;656;656;1;
86.59999999999999431566;86.79999999999999715783;1.002;0.234;-0.032;652;649;649;1;
86.79999999999999715783;87.00000000000000000000;1.036;-0.137;0.017;671;668;668;1;
87.00000000000000000000;87.20000000000000284217;1.001;0.128;-0.016;672;672;672;1;
87.20000000000000284217;87.40000000000000568434;0.951;-0.068;0.011;690;689;689;1;
87.40000000000000568434;87.59999999999999431566;1.001;0.118;-0.009;668;667;667;1;
87.59999999999999431566;87.79999999999999715783;0.935;-0.080;0.010;671;669;669;1;
87.79999999999999715783;88.00000000000000000000;1.022;-0.113;0.013;661;660;660;1;
88.00000000000000000000;88.20000000000000284217;0.997;-0.082;0.010;677;674;674;1;
88.20000000000000284217;88.40000000000000568434;0.991;-0.098;0.009;669;668;667;1;
88.40000000000000568434;88.59999999999999431566;0.995;0.008;0.002;665;662;662;1;
88.59999999999999431566;88.79999999999999715783;0.952;-0.180;0.021;671;671;671;1;
88.79999999999999715783;89.00000000000000000000;0.959;0.097;-0.013;656;655;655;1;
89.00000000000000000000;89.20000000000000284217;1.026;0.098;-0.004;659;658;658;1;
89.20000000000000284217;89.40000000000000568434;1.009;0.046;-0.011;656;655;655;1;
89.40000000000000568434;89.59999999999999431566;0.996;-0.090;0.006;664;664;664;1;
89.59999999999999431566;89.79999999999999715783;0.989;0.109;-0.010;654;654;654;1;
89.79999999999999715783;90.00000000000000000000;1.006;-0.052;0.005;662;662;662;1;
90.00000000000000000000;90.20000000000000284217;0.999;0.048;-0.004;662;662;662;1;
90.20000000000000284217;90.40000000000000568434;1.009;0.005;-0.000;650;650;650;1;
90.40000000000000568434;90.59999999999999431566;0.984;0.096;-0.010;662;661;661;1;
90.59999999999999431566;90.79999999999999715783;0.989;0.046;-0.010;659;657;657;1;
90.79999999999999715783;91.00000000000000000000;0.986;0.056;0.001;649;649;649;1;
91.00000000000000000000;91.20000000000000284217;0.981;0.068;-0.009;655;655;655;1;
91.20000000000000284217;91.40000000000000568434;0.988;-0.161;0.022;636;636;636;1;
91.40000000000000568434;91.59999999999999431566;0.966;-0.016;0.006;642;642;642;1;
91.59999999999999431566;91.79999999999999715783;1.036;-0.023;-0.002;637;637;637;1;
91.79999999999999715783;92.00000000000000000000;1.006;-0.118;0.020;621;621;621;1;
92.00000000000000000000;92.20000000000000284217;1.034;-0.054;0.011;643;643;643;1;
92.20000000000000284217;92.40000000000000568434;0.975;-0.101;0.007;644;644;644;1;
92.40000000000000568434;92.59999999999999431566;1.007;-0.044;0.006;643;643;643;1;
92.59999999999999431566;92.79999999999999715783;1.011;0.057;-0.011;651;651;651;1;
92.79999999999999715783;93.00000000000000000000;0.956;-0.167;0.020;639;637;636;1;
93.00000000000000000000;93.20000000000000284217;1.037;0.015;0.002;641;641;641;1;
93.20000000000000284217;93.40000000000000568434;1.002;-0.007;-0.003;636;636;636;1;
93.40000000000000568434;93.59999999999999431566;1.039;-0.096;0.017;642;642;642;1;
93.59999999999999431566;93.79999999999999715783;0.977;-0.033;0.006;618;618;618;1;
93.79999999999999715783;94.00000000000000000000;1.009;-0.082;0.015;617;617;617;1;
94.00000000000000000000;94.20000000000000284217;1.063;-0.026;0.002;627;627;627;1;
94.20000000000000284217;94.40000000000000568434;0.990;-0.105;0.018;628;628;628;1;
94.40000000000000568434;94.59999999999999431566;0.970;-0.089;0.011;645;645;645;1;
94.59999999999999431566;94.79999999999999715783;0.966;0.006;-0.003;656;656;656;1;
94.79999999999999715783;95.00000000000000000000;0.993;0.022;-0.004;655;655;655;1;
95.00000000000000000000;95.20000000000000284217;1.008;-0.077;0.016;671;671;671;1;
95.20000000000000284217;95.40000000000000568434;1.010;-0.094;0.013;663;660;660;1;
95.40000000000000568434;95.59999999999999431566;0.977;0.158;-0.020;671;669;668;1;
95.59999999999999431566;95.79999999999999715783;1.004;-0.020;0.003;656;654;654;1;
95.79999999999999715783;96.00000000000000000000;1.009;0.136;-0.009;672;669;668;1;
96.00000000000000000000;96.20000000000000284217;1.041;0.081;-0.012;681;679;679;1;
96.20000000000000284217;96.40000000000000568434;0.999;-0.103;0.018;673;671;671;1;
96.40000000000000568434;96.59999999999999431566;0.988;0.222;-0.034;672;669;669;1;
96.59999999999999431566;96.79999999999999715783;0.989;-0.083;0.011;658;657;657;1;
96.79999999999999715783;97.00000000000000000000;1.012;-0.030;0.003;657;656;656;1;
97.00000000000000000000;97.20000000000000284217;1.018;0.056;-0.004;657;657;657;1;
97.20000000000000284217;97.40000000000000568434;0.971;-0.121;0.016;649;649;649;1;
97.40000000000000568434;97.59999999999999431566;1.027;-0.102;0.014;651;651;651;1;
97.59999999999999431566;97.79999999999999715783;0.963;-0.097;0.015;634;634;634;1;
97.79999999999999715783;98.00000000000000000000;1.039;-0.029;0.002;631;631;631;1;
98.00000000000000000000;98.20000000000000284217;1.019;-0.066;0.004;641;641;641;1;
98.20000000000000284217;98.40000000000000568434;0.990;0.244;-0.028;653;653;653;1;
98.40000000000000568434;98.59999999999999431566;0.992;-0.047;0.006;636;635;635;1;
98.59999999999999431566;98.79999999999999715783;0.961;-0.100;0.015;652;651;651;1;
98.79999999999999715783;99.00000000000000000000;1.009;-0.065;0.012;658;657;657;1;
99.00000000000000000000;99.20000000000000284217;1.011;-0.010;-0.003;653;653;653;1;
99.20000000000000284217;99.40000000000000568434;0.990;0.151;-0.013;672;671;671;1;
99.40000000000000568434;99.59999999999999431566;0.978;-0.004;-0.000;670;668;668;1;
99.59999999999999431566;99.79999999999999715783;1.018;0.049;-0.009;663;662;662;1;
99.79999999999999715783;100.00000000000000000000;0.983;0.027;-0.004;655;654;654;1;
100.00000000000000000000;100.20000000000000284217;0.991;0.074;-0.005;663;663;663;1;
100.20000000000000284217;100.40000000000000568434;0.985;-0.049;0.005;660;660;660;1;
100.40000000000000568434;100.59999999999999431566;0.980;-0.031;-0.001;657;656;656;1;
100.59999999999999431566;100.79999999999999715783;1.018;0.005;-0.002;653;652;652;1;
100.79999999999999715783;101.00000000000000000000;1.012;0.172;-0.021;625;625;625;1;
101.00000000000000000000;101.20000000000000284217;0.975;0.005;0.002;627;627;627;1;
101.20000000000000284217;101.40000000000000568434;1.021;0.021;-0.001;605;605;605;1;
101.40000000000000568434;101.59999999999999431566;0.991;-0.060;0.007;611;611;611;1;
101.59999999999999431566;101.79999999999999715783;0.989;-0.159;0.019;610;610;610;1;
101.79999999999999715783;102.00000000000000000000;0.966;0.053;-0.003;618;618;618;1;
102.00000000000000000000;102.20000000000000284217;0.974;-0.060;0.010;630;630;630;1;
102.20000000000000284217;102.40000000000000568434;0.967;0.079;-0.008;664;664;664;1;
102.40000000000000568434;102.59999999999999431566;1.006;-0.197;0.029;668;668;668;1;
102.59999999999999431566;102.79999999999999715783;1.038;0.042;-0.003;673;672;672;1;
102.79999999999999715783;103.00000000000000000000;0.987;-0.037;0.001;668;667;667;1;
103.00000000000000000000;103.20000000000000284217;0.984;-0.138;0.016;676;675;675;1;
103.20000000000000284217;103.40000000000000568434;0.975;0.061;-0.010;668;666;666;1;
103.40000000000000568434;103.59999999999999431566;0.988;0.012;0.003;674;673;673;1;
103.59999999999999431566;103.79999999999999715783;1.007;0.020;-0.002;655;654;654;1;
103.79999999999999715783;104.00000000000000000000;0.971;0.051;-0.011;660;659;659;1;
104.00000000000000000000;104.20000000000000284217;0.960;0.016;0.003;669;669;669;1;
104.20000000000000284217;104.40000000000000568434;1.014;0.137;-0.019;664;664;664;1;
104.40000000000000568434;104.59999999999999431566;0.969;0.045;-0.005;674;674;674;1;
104.59999999999999431566;104.79999999999999715783;0.979;0.124;-0.016;683;681;681;1;
104.79999999999999715783;105.00000000000000000000;0.994;-0.113;0.018;677;676;676;1;
105.00000000000000000000;105.20000000000000284217;1.009;-0.092;0.006;672;671;671;1;
105.20000000000000284217;105.40000000000000568434;1.000;-0.044;0.009;675;673;673;1;
105.40000000000000568434;105.59999999999999431566;0.984;-0.072;0.008;662;661;661;1;
105.59999999999999431566;105.79999999999999715783;0.993;0.125;-0.010;651;651;651;1;
105.79999999999999715783;106.00000000000000000000;1.022;-0.047;0.007;654;654;654;1;
106.00000000000000000000;106.20000000000000284217;1.012;-0.087;0.011;640;640;640;1;
106.20000000000000284217;106.40000000000000568434;0.938;0.094;-0.011;634;634;634;1;
106.40000000000000568434;106.59999999999999431566;1.017;0.162;-0.019;641;641;641;1;
106.59999999999999431566;106.79999999999999715783;1.022;-0.022;0.002;632;632;632;1;
106.79999999999999715783;107.00000000000000000000;1.022;0.092;-0.011;642;642;642;1;
107.00000000000000000000;107.20000000000000284217;1.037;0.034;-0.002;635;635;635;1;
107.20000000000000284217;107.40000000000000568434;1.001;-0.112;0.016;627;627;627;1;
107.40000000000000568434;107.59999999999999431566;0.999;-0.138;0.016;636;636;636;1;
107.59999999999999431566;107.79999999999999715783;1.034;-0.015;0.003;652;652;652;1;
107.79999999999999715783;108.00000000000000000000;0.996;-0.008;0.001;644;644;644;1;
108.00000000000000000000;108.20000000000000284217;0.995;-0.057;0.006;636;636;636;1;
108.20000000000000284217;108.40000000000000568434;0.963;0.217;-0.034;647;647;647;1;
108.40000000000000568434;108.59999999999999431566;0.976;-0.044;0.003;661;661;661;1;
108.59999999999999431566;108.79999999999999715783;0.993;0.129;-0.021;652;651;650;1;
108.79999999999999715783;109.00000000000000000000;0.957;-0.060;0.011;671;670;670;1;
109.00000000000000000000;109.20000000000000284217;0.996;0.105;-0.013;670;670;670;1;
109.20000000000000284217;109.40000000000000568434;1.000;0.058;-0.011;661;661;661;1;
109.40000000000000568434;109.59999999999999431566;1.006;-0.156;0.021;660;658;658;1;
109.59999999999999431566;109.79999999999999715783;1.042;0.147;-0.019;669;669;669;1;
109.79999999999999715783;110.00000000000000000000;0.956;0.035;-0.004;645;645;645;1;
110.00000000000000000000;110.20000000000000284217;1.054;0.041;-0.005;637;637;637;1;
110.20000000000000284217;110.40000000000000568434;0.936;0.064;-0.004;620;620;620;1;
110.40000000000000568434;110.59999999999999431566;0.976;0.062;-0.007;653;653;653;1;
110.59999999999999431566;110.79999999999999715783;0.967;-0.053;0.010;634;634;634;1;
110.79999999999999715783;111.00000000000000000000;0.976;0.010;0.004;626;626;626;1;
111.00000000000000000000;111.20000000000000284217;0.995;0.010;-0.001;634;634;634;1;
111.20000000000000284217;111.40000000000000568434;0.991;-0.013;0.004;650;650;650;1;
111.40000000000000568434;111.59999999999999431566;1.007;0.040;-0.004;654;654;653;1;
111.59999999999999431566;111.79999999999999715783;0.978;-0.068;0.003;659;659;659;1;
111.79999999999999715783;112.00000000000000000000;0.999;0.150;-0.011;670;668;668;1;
112.00000000000000000000;112.20000000000000284217;1.004;0.142;-0.017;666;665;665;1;
112.20000000000000284217;112.40000000000000568434;0.998;0.140;-0.019;657;656;656;1;
112.40000000000000568434;112.59999999999999431566;0.981;0.148;-0.020;667;665;665;1;
112.59999999999999431566;112.79999999999999715783;0.980;0.046;-0.000;669;668;668;1;
112.79999999999999715783;113.00000000000000000000;0.993;0.014;0.003;657;656;656;1;
113.00000000000000000000;113.20000000000000284217;0.977;-0.082;0.014;675;671;671;1;
113.20000000000000284217;113.40000000000000568434;0.973;-0.069;0.007;671;670;670;1;
113.40000000000000568434;113.59999999999999431566;0.998;-0.089;0.006;666;665;665;1;
113.59999999999999431566;113.79999999999999715783;1.021;0.030;-0.005;671;669;669;1;
113.79999999999999715783;114.00000000000000000000;0.962;-0.032;0.005;659;659;659;1;
114.00000000000000000000;114.20000000000000284217;1.011;0.041;-0.000;684;684;684;1;
114.20000000000000284217;114.40000000000000568434;0.983;0.040;-0.006;684;684;684;1;
114.40000000000000568434;114.59999999999999431566;1.034;0.022;-0.009;659;658;658;1;
114.59999999999999431566;114.79999999999999715783;0.981;-0.030;0.003;653;653;653;1;
114.79999999999999715783;115.00000000000000000000;0.992;0.147;-0.018;670;670;669;1;
115.00000000000000000000;115.20000000000000284217;0.980;0.055;-0.006;660;660;660;1;
115.20000000000000284217;115.40000000000000568434;0.969;-0.051;0.004;662;662;662;1;
115.40000000000000568434;115.59999999999999431566;1.010;0.003;0.003;658;658;658;1;
115.59999999999999431566;115.79999999999999715783;1.030;-0.104;0.009;655;655;655;1;
115.79999999999999715783;116.00000000000000000000;1.035;0.028;-0.003;667;667;667;1;
116.00000000000000000000;116.20000000000000284217;1.000;0.016;-0.002;667;666;666;1;
116.20000000000000284217;116.40000000000000568434;1.015;-0.054;0.006;662;662;662;1;
116.40000000000000568434;116.59999999999999431566;1.043;0.053;-0.004;672;671;671;1;
116.59999999999999431566;116.79999999999999715783;1.006;-0.163;0.019;661;660;660;1;
116.79999999999999715783;117.00000000000000000000;0.980;-0.033;0.001;658;658;658;1;
117.00000000000000000000;117.20000000000000284217;1.074;-0.170;0.022;648;648;648;1;
117.20000000000000284217;117.40000000000000568434;1.017;0.066;-0.011;644;644;643;1;
117.40000000000000568434;117.59999999999999431566;0.947;-0.030;0.007;658;657;657;1;
117.59999999999999431566;117.79999999999999715783;0.994;-0.240;0.028;663;661;661;1;
117.79999999999999715783;118.00000000000000000000;1.040;-0.013;0.002;658;657;657;1;
118.00000000000000000000;118.20000000000000284217;0.933;-0.121;0.015;650;650;650;1;
118.20000000000000284217;118.40000000000000568434;0.993;0.070;-0.015;656;655;655;1;
118.40000000000000568434;118.59999999999999431566;1.004;-0.061;0.010;654;653;653;1;
118.59999999999999431566;118.79999999999999715783;0.984;0.093;-0.009;654;653;653;1;
118.79999999999999715783;119.00000000000000000000;0.981;0.048;-0.004;660;660;660;1;
119.00000000000000000000;119.20000000000000284217;0.953;0.007;-0.009;648;648;648;1;
119.20000000000000284217;119.40000000000000568434;0.948;-0.112;0.014;659;658;658;1;
119.40000000000000568434;119.59999999999999431566;1.019;0.115;-0.010;660;660;660;1;
119.59999999999999431566;119.79999999999999715783;0.979;-0.019;-0.003;655;654;654;1;
