PROPERTIES:;SonarFileName=../sonar_sim_cloud/forward200frames10x.avi;TIME0(sec)=0.000;numPings=200;SonarWidth=400;SonarHeight=600;FPS=5.000
SURFminHessian=300;SIFTthreshold=0.001;SIFTedgeThresh=100.000;CLAHEclipLimit=4;CLAHEtileSize=[16 x 16];FOVX=45;BLUR_IMGS=1;ROBUST_EST=4;PROCESS_00FRAME=0;Threshold Imgs=0;APPLY_CLAHE=0;CARTESIAN=1;VIDEO_SONAR_FILE=1;PROCESS_00FRAME=0;USE_RADIUS_MATCH=0;THRESHOLD_JUMPS=1;MAX_X=10;MAX_Y=20;MAX_PSI=20;

time2(sec);frame1;frame2;sonOFxshift;sonOFyshift;sonOFtheta;sonOFxshiftsum;sonOFyshiftsum;sonOFthetasum;sonOFxshiftsumGlobal;sonOFyshiftsumGlobal;sonOFthetasumGlobal;sonSURFxshift;sonSURFyshift;sonSURFtheta;sonSURFxshiftsum;sonSURFyshiftsum;sonSURFthetasum;sonSURFxshiftsumGlobal;sonSURFyshiftsumGlobal;sonSURFthetasumGlobal;sonSIFTxshift;sonSIFTyshift;sonSIFTtheta;sonSIFTxshiftsum;sonSIFTyshiftsum;sonSIFTthetasum;sonSIFTxshiftsumGlobal;sonSIFTyshiftsumGlobal;sonSIFTthetasumGlobal;sonHARRISxshift;sonHARRISyshift;sonHARRIStheta;sonHARRISxshiftsum;sonHARRISyshiftsum;sonHARRISthetasum;sonHARRISxshiftsumGlobal;sonHARRISyshiftsumGlobal;sonHARRISthetasumGlobal;OFnumCorners;OFnumMatches;OFnumInliers;SURFnumCorners;SURFnumMatches;SURFnumInliers;SIFTnumCorners;SIFTnumMatches;SIFTnumInliers;HARRISnumCorners;HARRISnumMatches;HARRISnumInliers;OF_EstValid;SURF_EstValid;SIFT_EstValid;HARRIS_EstValid;
0.20000000000000001110;0;1;10.009;-0.053;0.004;10.009;-0.053;0.004;10.009;-0.052;0.004;0.000;-0.000;-0.000;0.000;-0.000;-0.000;0.000;0.000;0.000;9.942;-0.668;0.087;9.942;-0.668;0.087;9.943;-0.653;0.087;10.000;-0.000;-0.000;10.000;-0.000;-0.000;10.000;0.000;0.000;668;668;540;1175;1175;1037;1000;1000.000;659.000;1000;1000.000;738.000;1;0;1;1;
0.40000000000000002220;1;2;9.993;-0.181;0.025;20.002;-0.234;0.028;20.002;-0.228;0.028;9.877;0.432;-0.061;9.877;0.432;-0.061;9.878;0.421;-0.061;10.048;-0.401;0.057;19.990;-1.069;0.144;19.992;-1.029;0.144;10.000;-0.000;-0.000;20.000;-0.000;-0.000;20.000;0.000;0.000;657;657;534;1160;1160;791;1000;1000.000;671.000;1000;1000.000;755.000;1;1;1;1;
0.59999999999999997780;2;3;10.027;-0.066;0.007;30.029;-0.300;0.035;30.029;-0.288;0.035;10.179;-0.337;0.030;20.056;0.095;-0.031;20.057;0.079;-0.031;9.932;0.065;-0.002;29.922;-1.005;0.142;29.924;-0.939;0.142;10.286;-0.997;0.074;30.286;-0.997;0.074;30.288;-0.983;0.074;670;670;545;1161;1161;800;1000;1000.000;679.000;1000;1000.000;753.000;1;1;1;1;
0.80000000000000004441;3;4;9.978;-0.008;0.001;40.007;-0.308;0.036;40.007;-0.290;0.036;9.987;-0.278;0.048;30.043;-0.183;0.017;30.044;-0.196;0.017;10.087;0.455;-0.077;40.009;-0.549;0.065;40.010;-0.473;0.065;10.031;-0.061;0.049;40.317;-1.057;0.123;40.319;-1.022;0.123;655;655;529;1149;1149;787;1000;1000.000;708.000;1000;1000.000;753.000;1;1;1;1;
1.00000000000000000000;4;5;10.048;-0.105;0.016;50.056;-0.414;0.052;50.056;-0.386;0.052;9.878;0.262;-0.040;39.921;0.079;-0.023;39.922;0.062;-0.023;10.118;-0.172;0.010;50.127;-0.722;0.075;50.128;-0.632;0.075;10.004;0.190;-0.022;50.321;-0.867;0.101;50.322;-0.814;0.101;680;680;554;1149;1149;801;1000;1000.000;665.000;1000;1000.000;775.000;1;1;1;1;
1.19999999999999995559;5;6;9.990;0.050;-0.008;60.046;-0.363;0.044;60.046;-0.329;0.044;10.055;-0.229;0.046;49.976;-0.150;0.024;49.976;-0.163;0.024;9.878;-0.068;0.023;60.005;-0.790;0.097;60.007;-0.684;0.097;10.017;-0.425;0.012;60.338;-1.292;0.113;60.340;-1.220;0.113;682;682;554;1180;1180;777;1001;1001.000;678.000;1000;1000.000;762.000;1;1;1;1;
1.39999999999999991118;6;7;9.995;-0.011;0.002;70.041;-0.374;0.046;70.042;-0.332;0.046;9.809;0.254;-0.010;59.785;0.104;0.014;59.785;0.093;0.014;10.040;0.178;-0.067;70.045;-0.613;0.030;70.047;-0.501;0.030;10.025;0.273;-0.037;70.363;-1.019;0.077;70.364;-0.933;0.077;683;683;552;1147;1147;766;1000;1000.000;673.000;1000;1000.000;751.000;1;1;1;1;
1.60000000000000008882;7;8;10.002;-0.026;0.010;80.043;-0.401;0.056;80.043;-0.348;0.056;9.931;-0.170;0.025;69.716;-0.066;0.038;69.717;-0.070;0.038;9.860;0.203;0.006;79.905;-0.410;0.036;79.907;-0.292;0.036;10.000;-0.000;-0.000;80.363;-1.019;0.077;80.364;-0.920;0.077;678;678;549;1148;1148;782;1000;1000.000;702.000;1000;1000.000;751.000;1;1;1;1;
1.80000000000000004441;8;9;10.024;-0.092;0.014;90.067;-0.492;0.069;90.067;-0.428;0.069;9.888;-0.039;-0.007;79.604;-0.105;0.032;79.605;-0.103;0.032;9.872;-0.153;0.036;89.777;-0.564;0.072;89.779;-0.433;0.072;9.989;-0.066;0.066;90.352;-1.085;0.142;90.353;-0.961;0.142;661;661;528;1130;1130;769;1000;1000.000;693.000;1000;1000.000;730.000;1;1;1;1;
2.00000000000000000000;9;10;10.012;-0.034;0.005;100.079;-0.527;0.074;100.080;-0.449;0.074;10.059;0.302;-0.043;89.663;0.197;-0.011;89.664;0.197;-0.011;10.441;-0.005;-0.028;100.219;-0.568;0.044;100.220;-0.430;0.044;10.000;-0.000;-0.000;100.352;-1.085;0.142;100.353;-0.936;0.142;678;678;555;1147;1147;763;1000;1000.000;683.000;1000;1000.000;748.000;1;1;1;1;
2.20000000000000017764;10;11;10.010;-0.176;0.022;110.089;-0.703;0.096;110.090;-0.608;0.096;9.897;0.491;-0.052;99.560;0.688;-0.063;99.561;0.677;-0.063;10.063;0.331;-0.038;110.281;-0.237;0.006;110.283;-0.098;0.006;10.000;-0.000;-0.000;110.352;-1.085;0.142;110.353;-0.911;0.142;676;676;569;1129;1129;781;1001;1001.000;708.000;1000;1000.000;753.000;1;1;1;1;
2.39999999999999991118;11;12;10.002;-0.017;-0.001;120.092;-0.720;0.095;120.092;-0.609;0.095;9.954;0.123;-0.042;109.514;0.811;-0.105;109.516;0.782;-0.105;9.879;-0.076;-0.009;120.160;-0.313;-0.003;120.161;-0.174;-0.003;9.661;-0.038;0.008;120.013;-1.123;0.150;120.014;-0.925;0.150;675;675;554;1124;1124;739;1000;1000.000;666.000;1000;1000.000;715.000;1;1;1;1;
2.60000000000000008882;12;13;10.021;0.051;-0.005;130.112;-0.669;0.090;130.113;-0.543;0.090;9.857;0.495;-0.061;119.371;1.306;-0.167;119.374;1.248;-0.167;9.927;-0.121;0.062;130.087;-0.435;0.060;130.088;-0.285;0.060;10.000;-0.000;-0.000;130.013;-1.123;0.150;130.014;-0.899;0.150;690;690;574;1107;1107;737;1000;1000.000;662.000;1000;1000.000;740.000;1;1;1;1;
2.79999999999999982236;13;14;9.942;-0.063;0.006;140.054;-0.733;0.096;140.055;-0.589;0.096;9.938;0.232;-0.047;129.309;1.538;-0.214;129.313;1.443;-0.214;10.452;-1.429;0.165;140.538;-1.864;0.225;140.546;-1.673;0.225;10.000;-0.000;-0.000;140.013;-1.123;0.150;140.014;-0.872;0.150;675;675;557;1108;1108;754;1001;1001.000;665.000;1000;1000.000;760.000;1;1;1;1;
3.00000000000000000000;14;15;10.071;0.138;-0.028;150.125;-0.595;0.068;150.126;-0.439;0.068;10.045;0.588;-0.067;139.354;2.126;-0.280;139.361;1.982;-0.280;10.045;0.346;-0.059;150.583;-1.518;0.166;150.589;-1.298;0.166;10.000;-0.000;-0.000;150.013;-1.123;0.150;150.014;-0.846;0.150;664;664;556;1083;1083;725;1000;1000.000;660.000;1000;1000.000;757.000;1;1;1;1;
3.20000000000000017764;15;16;10.024;-0.166;0.024;160.150;-0.760;0.092;160.150;-0.589;0.092;10.069;-0.296;0.052;149.423;1.830;-0.228;149.428;1.646;-0.228;10.269;-0.437;0.088;160.852;-1.954;0.254;160.860;-1.689;0.254;10.000;-0.000;-0.000;160.013;-1.123;0.150;160.014;-0.820;0.150;683;683;570;1101;1101;751;1000;1000.000;675.000;1000;1000.000;753.000;1;1;1;1;
3.39999999999999991118;16;17;9.985;0.039;-0.006;170.135;-0.721;0.086;170.135;-0.535;0.086;9.845;0.790;-0.087;159.268;2.620;-0.315;159.277;2.382;-0.315;9.915;-0.090;0.018;170.768;-2.044;0.272;170.776;-1.732;0.272;10.081;0.290;-0.073;170.093;-0.833;0.076;170.094;-0.517;0.076;680;680;559;1100;1100;733;1001;1001.000;679.000;1000;1000.000;752.000;1;1;1;1;
3.60000000000000008882;17;18;9.991;-0.108;0.007;180.125;-0.829;0.093;180.126;-0.627;0.093;9.916;0.591;-0.086;169.184;3.211;-0.401;169.197;2.903;-0.401;10.011;0.848;-0.115;180.779;-1.196;0.157;180.785;-0.856;0.157;9.993;-0.370;0.007;180.086;-1.203;0.083;180.088;-0.872;0.083;646;646;530;1084;1084;759;1000;1000.000;691.000;1000;1000.000;731.000;1;1;1;1;
3.79999999999999982236;18;19;9.999;-0.035;-0.002;190.124;-0.865;0.091;190.125;-0.646;0.091;9.877;-0.314;0.033;179.060;2.897;-0.369;179.071;2.526;-0.369;10.113;0.683;-0.056;190.892;-0.512;0.101;190.897;-0.155;0.101;10.000;-0.000;-0.000;190.086;-1.203;0.083;190.088;-0.857;0.083;660;660;544;1100;1100;758;1000;1000.000;690.000;1000;1000.000;723.000;1;1;1;1;
4.00000000000000000000;19;20;9.945;-0.003;0.001;200.069;-0.868;0.092;200.070;-0.633;0.092;9.965;0.409;-0.043;189.026;3.306;-0.412;189.040;2.863;-0.412;10.122;-0.094;0.030;201.014;-0.606;0.131;201.019;-0.226;0.131;10.000;-0.000;-0.000;200.086;-1.203;0.083;200.088;-0.843;0.083;647;647;529;1093;1093;752;1001;1001.000;692.000;1000;1000.000;710.000;1;1;1;1;
4.20000000000000017764;20;21;10.018;0.134;-0.015;210.087;-0.733;0.076;210.088;-0.486;0.076;9.928;-0.024;-0.028;198.954;3.282;-0.439;198.967;2.763;-0.439;9.994;-0.423;0.019;211.008;-1.029;0.151;211.014;-0.622;0.151;10.050;0.750;-0.069;210.136;-0.453;0.014;210.137;-0.090;0.014;689;689;553;1119;1119;779;1000;1000.000;701.000;1000;1000.000;732.000;1;1;1;1;
4.40000000000000035527;21;22;10.020;-0.077;0.014;220.107;-0.810;0.090;220.108;-0.547;0.090;10.082;-0.250;0.040;209.036;3.032;-0.400;209.047;2.442;-0.400;10.090;0.053;0.007;221.097;-0.977;0.157;221.103;-0.542;0.157;10.000;-0.000;-0.000;220.136;-0.453;0.014;220.137;-0.087;0.014;661;661;534;1110;1110;750;1000;1000.000;679.000;1000;1000.000;725.000;1;1;1;1;
4.59999999999999964473;22;23;9.989;-0.047;0.006;230.096;-0.858;0.096;230.097;-0.577;0.096;10.325;0.688;-0.099;219.360;3.719;-0.499;219.377;3.040;-0.499;10.129;0.548;-0.040;231.226;-0.429;0.118;231.231;0.026;0.118;9.912;-0.246;0.078;230.048;-0.699;0.091;230.049;-0.318;0.091;653;653;532;1105;1105;756;1000;1000.000;691.000;1000;1000.000;747.000;1;1;1;1;
4.79999999999999982236;23;24;10.044;0.055;-0.007;240.140;-0.802;0.088;240.141;-0.506;0.088;9.926;0.630;-0.059;229.287;4.349;-0.558;229.309;3.573;-0.558;9.981;0.143;-0.009;241.207;-0.286;0.109;241.211;0.188;0.109;9.449;1.123;-0.162;239.496;0.424;-0.071;239.499;0.793;-0.071;688;688;572;1113;1113;720;1000;1000.000;688.000;1000;1000.000;701.000;1;1;1;1;
5.00000000000000000000;24;25;10.015;0.080;-0.015;250.155;-0.723;0.074;250.156;-0.414;0.074;9.821;0.043;-0.001;239.108;4.392;-0.559;239.130;3.520;-0.559;10.166;0.127;-0.025;251.373;-0.159;0.084;251.378;0.331;0.084;10.002;-0.013;0.003;249.498;0.412;-0.068;249.501;0.769;-0.068;678;678;564;1084;1084;710;1000;1000.000;693.000;1000;1000.000;718.000;1;1;1;1;
5.20000000000000017764;25;26;10.006;-0.035;0.001;260.161;-0.758;0.074;260.162;-0.436;0.074;9.945;0.070;-0.004;249.053;4.462;-0.563;249.075;3.492;-0.563;10.004;-0.139;0.001;261.377;-0.297;0.085;261.382;0.207;0.085;10.000;-0.000;-0.000;259.498;0.412;-0.068;259.501;0.757;-0.068;683;683;565;1098;1098;726;1000;1000.000;704.000;1000;1000.000;734.000;1;1;1;1;
5.40000000000000035527;26;27;9.979;0.049;-0.008;270.140;-0.709;0.067;270.141;-0.376;0.067;10.002;-0.490;0.065;259.054;3.971;-0.498;259.072;2.915;-0.498;10.149;0.222;0.023;271.526;-0.075;0.108;271.530;0.448;0.108;10.000;-0.000;-0.000;269.498;0.412;-0.068;269.501;0.745;-0.068;700;699;578;1071;1071;740;1000;1000.000;682.000;1000;1000.000;740.000;1;1;1;1;
5.59999999999999964473;27;28;9.963;0.107;-0.014;280.104;-0.602;0.053;280.104;-0.260;0.053;9.969;-0.086;-0.003;269.024;3.885;-0.501;269.040;2.742;-0.501;9.184;-1.402;0.133;280.710;-1.477;0.242;280.720;-0.915;0.242;9.999;-0.265;0.035;279.497;0.146;-0.033;279.500;0.474;-0.033;697;697;579;1070;1070;724;1000;1000.000;683.000;1000;1000.000;713.000;1;1;1;1;
5.79999999999999982236;28;29;10.088;0.269;-0.038;290.191;-0.334;0.015;290.192;0.012;0.015;9.784;-0.131;0.019;278.807;3.755;-0.482;278.823;2.529;-0.482;10.610;-0.453;0.059;291.320;-1.930;0.301;291.332;-1.312;0.301;10.000;-0.000;-0.000;289.497;0.146;-0.033;289.500;0.468;-0.033;659;659;573;1090;1090;744;1000;1000.000;678.000;1000;1000.000;736.000;1;1;1;1;
6.00000000000000000000;29;30;9.965;0.072;-0.013;300.157;-0.262;0.002;300.157;0.084;0.002;10.033;-0.186;0.001;288.840;3.569;-0.481;288.854;2.259;-0.481;10.135;0.326;-0.060;301.455;-1.604;0.241;301.466;-0.944;0.241;10.006;-0.271;-0.011;299.503;-0.125;-0.044;299.506;0.189;-0.044;666;666;559;1115;1115;767;1000;1000.000;688.000;1000;1000.000;723.000;1;1;1;1;
6.20000000000000017764;30;31;10.026;-0.046;0.007;310.183;-0.308;0.009;310.183;0.040;0.009;9.884;0.038;-0.014;298.724;3.607;-0.496;298.737;2.211;-0.496;9.867;-0.025;0.007;311.322;-1.630;0.247;311.333;-0.926;0.247;10.000;-0.000;-0.000;309.503;-0.125;-0.044;309.506;0.181;-0.044;643;643;528;1101;1101;758;1000;1000.000;671.000;1000;1000.000;735.000;1;1;1;1;
6.40000000000000035527;31;32;10.010;0.012;-0.002;320.193;-0.296;0.007;320.194;0.053;0.007;10.009;0.232;-0.075;308.733;3.840;-0.570;308.748;2.344;-0.570;10.129;0.420;-0.050;321.451;-1.210;0.197;321.460;-0.472;0.197;10.000;-0.000;-0.000;319.503;-0.125;-0.044;319.506;0.173;-0.044;625;625;505;1124;1124;721;1000;1000.000;670.000;1000;1000.000;728.000;1;1;1;1;
6.59999999999999964473;32;33;10.061;-0.010;-0.002;330.254;-0.306;0.005;330.255;0.043;0.005;10.033;-0.130;0.020;318.766;3.709;-0.550;318.779;2.118;-0.550;10.044;0.278;-0.041;331.495;-0.932;0.156;331.503;-0.167;0.156;10.000;-0.000;-0.000;329.503;-0.125;-0.044;329.506;0.166;-0.044;686;686;564;1113;1113;747;1000;1000.000;676.000;1000;1000.000;729.000;1;1;1;1;
6.79999999999999982236;33;34;9.973;0.016;-0.006;340.227;-0.290;-0.001;340.228;0.059;-0.001;10.073;-0.970;0.136;328.838;2.740;-0.414;328.845;1.075;-0.414;10.103;-0.087;0.033;341.598;-1.020;0.190;341.607;-0.221;0.190;9.713;-0.611;0.080;339.216;-0.736;0.035;339.219;-0.439;0.035;671;671;574;1103;1103;743;1000;1000.000;675.000;1000;1000.000;741.000;1;1;1;1;
7.00000000000000000000;34;35;10.000;-0.108;0.005;350.228;-0.398;0.004;350.228;-0.048;0.004;9.912;-0.290;0.015;338.750;2.449;-0.399;338.754;0.716;-0.399;9.953;0.084;-0.016;351.552;-0.936;0.174;351.560;-0.107;0.174;10.368;0.164;-0.021;349.584;-0.572;0.014;349.587;-0.272;0.014;658;658;562;1112;1112;748;1000;1000.000;682.000;1000;1000.000;726.000;1;1;1;1;
7.20000000000000017764;35;36;9.964;-0.047;0.006;360.192;-0.445;0.010;360.193;-0.094;0.010;9.969;0.173;-0.041;348.720;2.622;-0.440;348.725;0.812;-0.440;9.873;-0.176;0.015;361.425;-1.112;0.189;361.433;-0.250;0.189;9.333;0.337;-0.000;358.917;-0.235;0.014;358.920;0.066;0.014;673;673;559;1107;1107;719;1000;1000.000;667.000;1000;1000.000;597.000;1;1;1;1;
7.40000000000000035527;36;37;9.995;0.134;-0.009;370.187;-0.311;0.001;370.188;0.041;0.001;9.932;0.008;-0.009;358.652;2.630;-0.449;358.657;0.743;-0.449;9.933;-0.162;0.006;371.358;-1.273;0.194;371.367;-0.378;0.194;10.000;-0.345;0.039;368.917;-0.581;0.053;368.921;-0.270;0.053;575;575;473;1107;1107;756;1000;1000.000;682.000;769;769.000;595.000;1;1;1;1;
7.59999999999999964473;37;38;9.982;0.000;0.001;380.169;-0.311;0.002;380.169;0.041;0.002;9.891;0.784;-0.121;368.543;3.414;-0.570;368.555;1.428;-0.570;9.937;0.250;-0.029;381.294;-1.023;0.165;381.303;-0.099;0.165;10.000;-0.000;-0.000;378.917;-0.581;0.053;378.921;-0.260;0.053;687;687;564;1128;1128;759;1000;1000.000;659.000;1000;1000.000;737.000;1;1;1;1;
7.79999999999999982236;38;39;9.989;0.081;-0.010;390.158;-0.230;-0.008;390.158;0.121;-0.008;10.214;0.595;-0.076;378.757;4.009;-0.646;378.775;1.907;-0.646;9.946;-0.277;0.040;391.240;-1.300;0.205;391.250;-0.341;0.205;10.000;-0.000;-0.000;388.917;-0.581;0.053;388.921;-0.251;0.053;667;667;546;1133;1133;775;1000;1000.000;677.000;1000;1000.000;740.000;1;1;1;1;
8.00000000000000000000;39;40;10.010;-0.010;-0.002;400.168;-0.240;-0.010;400.168;0.110;-0.010;9.973;-0.313;0.050;388.730;3.696;-0.595;388.745;1.491;-0.595;9.992;0.167;-0.006;401.232;-1.133;0.199;401.240;-0.139;0.199;10.000;-0.000;-0.000;398.917;-0.581;0.053;398.921;-0.242;0.053;683;683;567;1110;1110;769;1000;1000.000;690.000;1000;1000.000;718.000;1;1;1;1;
8.19999999999999928946;40;41;10.081;0.076;-0.012;410.249;-0.164;-0.022;410.249;0.182;-0.022;9.985;0.810;-0.094;398.716;4.506;-0.690;398.739;2.180;-0.690;9.793;0.399;-0.045;411.024;-0.734;0.154;411.032;0.286;0.154;9.667;-0.000;-0.000;408.584;-0.581;0.053;408.587;-0.233;0.053;629;627;521;1124;1124;736;1000;1000.000;679.000;1000;1000.000;720.000;1;1;1;1;
8.40000000000000035527;41;42;9.970;-0.057;0.003;420.219;-0.221;-0.019;420.219;0.121;-0.019;9.791;-0.625;0.073;408.507;3.880;-0.617;408.523;1.449;-0.617;10.078;-0.206;0.049;421.103;-0.941;0.203;421.111;0.116;0.203;10.000;-0.000;-0.000;418.584;-0.581;0.053;418.587;-0.224;0.053;636;636;514;1129;1129;755;1000;1000.000;675.000;1000;1000.000;731.000;1;1;1;1;
8.59999999999999964473;42;43;9.961;-0.023;0.005;430.179;-0.244;-0.014;430.180;0.096;-0.014;10.009;-0.092;0.025;418.516;3.788;-0.592;418.530;1.254;-0.592;9.601;-0.574;0.065;430.704;-1.515;0.269;430.714;-0.414;0.269;10.082;0.008;-0.056;428.666;-0.572;-0.003;428.669;-0.216;-0.003;663;663;548;1114;1114;772;1000;1000.000;665.000;1000;1000.000;728.000;1;1;1;1;
8.80000000000000071054;43;44;10.017;0.314;-0.034;440.196;0.069;-0.048;440.197;0.401;-0.048;9.885;0.059;-0.018;428.401;3.847;-0.611;428.415;1.208;-0.611;10.028;0.148;-0.020;440.732;-1.368;0.249;440.742;-0.223;0.249;10.330;0.043;-0.007;438.997;-0.529;-0.010;439.000;-0.174;-0.010;683;683;578;1121;1121;789;1000;1000.000;696.000;1000;1000.000;745.000;1;1;1;1;
9.00000000000000000000;44;45;10.011;0.036;-0.005;450.207;0.105;-0.053;450.207;0.427;-0.053;10.154;0.484;-0.096;438.555;4.331;-0.707;438.575;1.566;-0.707;10.089;0.070;0.005;450.821;-1.297;0.254;450.831;-0.108;0.254;9.987;-0.015;-0.037;448.984;-0.544;-0.047;448.987;-0.197;-0.047;671;671;552;1136;1136;782;1000;1000.000;656.000;1000;1000.000;729.000;1;1;1;1;
9.19999999999999928946;45;46;9.998;0.044;-0.008;460.205;0.149;-0.061;460.206;0.461;-0.061;9.941;2.060;-0.257;448.495;6.391;-0.964;448.549;3.459;-0.964;10.108;0.071;-0.020;460.930;-1.226;0.234;460.939;0.005;0.234;10.000;-0.000;-0.000;458.984;-0.544;-0.047;458.987;-0.205;-0.047;660;660;547;1106;1106;749;1000;1000.000;647.000;1000;1000.000;742.000;1;1;1;1;
9.40000000000000035527;46;47;9.999;-0.085;0.014;470.204;0.064;-0.047;470.205;0.368;-0.047;9.880;0.151;-0.006;458.376;6.542;-0.970;458.430;3.442;-0.970;9.927;-0.026;0.000;470.857;-1.252;0.234;470.866;0.019;0.234;10.339;-0.184;0.019;469.323;-0.728;-0.028;469.326;-0.395;-0.028;651;651;541;1091;1091;746;1000;1000.000;652.000;1000;1000.000;738.000;1;1;1;1;
9.59999999999999964473;47;48;10.020;0.130;-0.015;480.224;0.194;-0.063;480.225;0.486;-0.063;10.026;-0.004;-0.009;468.402;6.538;-0.979;468.455;3.267;-0.979;10.163;0.404;-0.055;481.020;-0.848;0.180;481.028;0.455;0.180;10.079;-1.829;0.212;479.402;-2.557;0.184;479.411;-2.191;0.184;683;683;567;1096;1096;726;1000;1000.000;670.000;1000;1000.000;667.000;1;1;1;1;
9.80000000000000071054;48;49;9.968;-0.002;-0.003;490.192;0.192;-0.066;490.193;0.473;-0.066;9.902;-0.325;0.034;478.304;6.213;-0.945;478.350;2.779;-0.945;9.978;0.361;-0.050;490.998;-0.487;0.130;491.005;0.839;0.130;10.000;-0.000;-0.000;489.402;-2.557;0.184;489.411;-2.159;0.184;659;659;542;1104;1104;754;1000;1000.000;688.000;1000;1000.000;715.000;1;1;1;1;
10.00000000000000000000;49;50;9.973;-0.004;0.000;500.164;0.188;-0.065;500.165;0.458;-0.065;9.852;-0.079;0.017;488.156;6.134;-0.928;488.199;2.541;-0.928;10.078;0.269;-0.049;501.076;-0.218;0.081;501.083;1.122;0.081;10.047;0.202;-0.065;499.449;-2.355;0.120;499.457;-1.936;0.120;688;688;562;1129;1129;768;1000;1000.000;683.000;1000;1000.000;741.000;1;1;1;1;
10.19999999999999928946;50;51;9.966;0.090;-0.006;510.130;0.278;-0.072;510.131;0.535;-0.072;9.931;0.090;0.008;498.087;6.225;-0.920;498.130;2.472;-0.920;10.218;0.442;-0.038;511.295;0.223;0.043;511.301;1.571;0.043;10.000;-0.000;-0.000;509.449;-2.355;0.120;509.457;-1.915;0.120;634;634;517;1117;1117;749;1000;1000.000;699.000;1000;1000.000;721.000;1;1;1;1;
10.40000000000000035527;51;52;10.027;0.058;-0.008;520.158;0.336;-0.080;520.159;0.579;-0.080;9.990;0.062;0.009;508.076;6.287;-0.911;508.120;2.375;-0.911;9.819;-0.043;0.016;521.114;0.181;0.059;521.120;1.539;0.059;9.613;-0.340;0.040;519.062;-2.694;0.159;519.071;-2.228;0.159;693;693;569;1096;1096;751;1000;1000.000;673.000;1000;1000.000;733.000;1;1;1;1;
10.59999999999999964473;52;53;9.971;0.072;-0.000;530.129;0.408;-0.080;530.130;0.637;-0.080;10.122;-0.302;0.018;518.198;5.985;-0.892;518.235;1.916;-0.892;10.091;-0.164;0.033;531.205;0.017;0.092;531.212;1.391;0.092;10.000;-0.000;-0.000;529.062;-2.694;0.159;529.071;-2.200;0.159;669;669;554;1132;1132;799;1000;1000.000;678.000;1000;1000.000;713.000;1;1;1;1;
10.80000000000000071054;53;54;9.967;-0.089;0.012;540.096;0.319;-0.068;540.097;0.536;-0.068;9.957;0.163;-0.021;528.154;6.148;-0.914;528.193;1.920;-0.914;9.851;0.347;-0.048;541.056;0.364;0.044;541.062;1.746;0.044;10.000;-0.000;-0.000;539.062;-2.694;0.159;539.071;-2.172;0.159;677;677;554;1160;1160;783;1000;1000.000;689.000;1000;1000.000;726.000;1;1;1;1;
11.00000000000000000000;54;55;9.980;0.105;-0.010;550.076;0.423;-0.079;550.077;0.627;-0.079;9.957;-0.089;0.025;538.111;6.059;-0.889;538.148;1.677;-0.889;10.051;-0.358;0.054;551.107;0.006;0.098;551.114;1.405;0.098;10.000;-0.000;-0.000;549.062;-2.694;0.159;549.071;-2.144;0.159;672;672;553;1125;1125;767;1000;1000.000;678.000;1000;1000.000;711.000;1;1;1;1;
11.19999999999999928946;55;56;10.002;0.154;-0.021;560.078;0.577;-0.100;560.079;0.763;-0.100;10.063;0.216;-0.014;548.174;6.275;-0.903;548.213;1.734;-0.903;9.976;0.273;-0.035;561.083;0.279;0.063;561.090;1.689;0.063;10.000;-0.000;-0.000;559.062;-2.694;0.159;559.071;-2.117;0.159;689;689;567;1160;1160;782;1000;1000.000;637.000;1000;1000.000;730.000;1;1;1;1;
11.40000000000000035527;56;57;10.028;-0.013;0.006;570.105;0.564;-0.094;570.107;0.733;-0.094;9.963;0.478;-0.051;558.137;6.753;-0.953;558.182;2.046;-0.953;9.980;0.083;0.026;571.063;0.362;0.088;571.070;1.787;0.088;10.000;-0.000;-0.000;569.062;-2.694;0.159;569.071;-2.089;0.159;684;684;565;1129;1129;759;1000;1000.000;671.000;1000;1000.000;718.000;1;1;1;1;
11.59999999999999964473;57;58;9.990;0.034;-0.011;580.096;0.598;-0.105;580.097;0.749;-0.105;10.013;0.426;-0.069;568.151;7.179;-1.023;568.202;2.293;-1.023;9.862;-0.930;0.116;580.925;-0.568;0.204;580.935;0.892;0.204;10.309;-0.839;0.108;579.371;-3.534;0.267;579.384;-2.880;0.267;678;678;552;1146;1146;767;1000;1000.000;684.000;1000;1000.000;714.000;1;1;1;1;
11.80000000000000071054;58;59;10.004;-0.199;0.022;590.099;0.398;-0.083;590.100;0.535;-0.083;10.069;0.456;-0.034;578.220;7.635;-1.056;578.277;2.563;-1.056;9.990;0.394;-0.051;590.915;-0.174;0.154;590.924;1.313;0.154;10.000;-0.000;-0.000;589.371;-3.534;0.267;589.384;-2.834;0.267;678;678;557;1152;1152;802;1000;1000.000;668.000;1000;1000.000;748.000;1;1;1;1;
12.00000000000000000000;59;60;9.982;0.176;-0.017;600.081;0.574;-0.100;600.082;0.693;-0.100;10.016;-0.312;0.007;588.235;7.323;-1.050;588.286;2.069;-1.050;9.669;0.184;-0.045;600.584;0.010;0.109;600.593;1.515;0.109;9.687;-0.157;0.029;599.057;-3.691;0.295;599.071;-2.941;0.295;681;681;563;1137;1137;744;1000;1000.000;667.000;1000;1000.000;697.000;1;1;1;1;
12.19999999999999928946;60;61;10.012;-0.149;0.018;610.093;0.425;-0.081;610.094;0.530;-0.081;10.068;-0.146;-0.029;598.304;7.177;-1.078;598.349;1.733;-1.078;9.795;-0.364;0.073;610.379;-0.355;0.182;610.389;1.182;0.182;9.651;0.233;0.012;608.709;-3.458;0.307;608.721;-2.656;0.307;684;684;567;1118;1118;760;1000;1000.000;680.000;1000;1000.000;705.000;1;1;1;1;
12.40000000000000035527;61;62;10.020;-0.099;0.008;620.113;0.326;-0.073;620.114;0.418;-0.073;9.879;0.520;-0.049;608.182;7.697;-1.127;608.236;2.058;-1.127;9.991;-0.096;0.006;620.371;-0.450;0.188;620.381;1.119;0.188;10.000;-0.000;-0.000;618.709;-3.458;0.307;618.721;-2.602;0.307;674;674;566;1131;1131;775;1000;1000.000;672.000;1000;1000.000;741.000;1;1;1;1;
12.59999999999999964473;62;63;10.006;0.102;-0.013;630.119;0.428;-0.086;630.120;0.506;-0.086;10.000;-0.054;-0.001;618.183;7.643;-1.128;618.234;1.807;-1.128;9.893;0.473;-0.051;630.264;0.022;0.136;630.273;1.615;0.136;10.000;-0.000;-0.000;628.709;-3.458;0.307;628.721;-2.549;0.307;696;696;583;1135;1135;781;1000;1000.000;647.000;1000;1000.000;746.000;1;1;1;1;
12.80000000000000071054;63;64;10.014;-0.091;0.005;640.133;0.337;-0.081;640.134;0.401;-0.081;10.091;0.162;-0.019;628.273;7.805;-1.147;628.326;1.767;-1.147;10.056;0.300;-0.025;640.320;0.322;0.111;640.328;1.935;0.111;10.000;-0.000;-0.000;638.709;-3.458;0.307;638.720;-2.495;0.307;672;672;560;1147;1147;812;1000;1000.000;684.000;1000;1000.000;745.000;1;1;1;1;
13.00000000000000000000;64;65;10.005;0.047;-0.004;650.138;0.384;-0.085;650.139;0.432;-0.085;10.088;0.396;-0.054;638.362;8.201;-1.201;638.420;1.952;-1.201;9.956;0.612;-0.065;650.276;0.934;0.047;650.283;2.555;0.047;10.075;0.884;-0.088;648.783;-2.574;0.220;648.792;-1.572;0.220;680;680;551;1171;1171;823;1000;1000.000;654.000;1000;1000.000;749.000;1;1;1;1;
13.19999999999999928946;65;66;10.007;-0.053;0.008;660.146;0.331;-0.077;660.147;0.366;-0.077;9.893;-0.253;0.016;648.254;7.948;-1.185;648.305;1.494;-1.185;10.355;0.880;-0.138;660.631;1.814;-0.091;660.639;3.418;-0.091;10.000;-0.000;-0.000;658.783;-2.574;0.220;658.792;-1.534;0.220;675;675;557;1162;1162;792;1000;1000.000;662.000;1000;1000.000;739.000;1;1;1;1;
13.40000000000000035527;66;67;10.009;-0.091;0.006;670.155;0.241;-0.072;670.156;0.263;-0.072;9.912;-0.043;0.003;658.167;7.905;-1.183;658.214;1.247;-1.183;9.955;-0.213;0.019;670.586;1.601;-0.072;670.594;3.193;-0.072;9.760;-1.601;0.166;668.544;-4.174;0.386;668.563;-3.069;0.386;696;696;578;1138;1138;788;1000;1000.000;692.000;1000;1000.000;721.000;1;1;1;1;
13.59999999999999964473;67;68;9.986;-0.198;0.023;680.141;0.043;-0.049;680.142;0.056;-0.049;9.952;-0.872;0.144;668.119;7.033;-1.039;668.149;0.194;-1.039;10.109;0.570;-0.039;680.695;2.171;-0.111;680.704;3.743;-0.111;10.000;-0.000;-0.000;678.544;-4.174;0.386;678.562;-3.002;0.386;674;674;551;1139;1139;762;1000;1000.000;663.000;1000;1000.000;738.000;1;1;1;1;
13.80000000000000071054;68;69;10.009;0.177;-0.023;690.151;0.219;-0.072;690.152;0.220;-0.072;10.004;-0.957;0.126;678.122;6.076;-0.913;678.136;-0.922;-0.913;10.145;-0.422;0.051;690.840;1.749;-0.060;690.849;3.310;-0.060;10.000;-0.000;-0.000;688.544;-4.174;0.386;688.562;-2.934;0.386;689;689;569;1131;1131;778;1000;1000.000;691.000;1000;1000.000;722.000;1;1;1;1;
14.00000000000000000000;69;70;10.006;-0.040;0.002;700.156;0.179;-0.069;700.157;0.168;-0.069;9.930;0.171;-0.030;688.052;6.247;-0.943;688.068;-0.915;-0.943;9.933;-0.204;0.038;700.773;1.545;-0.021;700.782;3.103;-0.021;9.746;-1.943;0.207;698.290;-6.117;0.592;698.328;-4.776;0.592;665;665;543;1134;1134;776;1000;1000.000;665.000;1000;1000.000;743.000;1;1;1;1;
14.19999999999999928946;70;71;10.013;0.008;0.003;710.170;0.187;-0.066;710.171;0.165;-0.066;9.903;-0.189;0.029;697.955;6.058;-0.914;697.966;-1.262;-0.914;9.996;0.124;-0.015;710.768;1.669;-0.036;710.778;3.220;-0.036;10.000;-0.000;-0.000;708.290;-6.117;0.592;708.327;-4.673;0.592;678;678;560;1149;1149;770;1000;1000.000;672.000;1000;1000.000;732.000;1;1;1;1;
14.40000000000000035527;71;72;10.018;0.068;-0.006;720.188;0.256;-0.073;720.189;0.220;-0.073;10.034;-0.171;0.005;707.988;5.887;-0.909;707.996;-1.591;-0.909;9.767;0.350;-0.090;720.536;2.019;-0.126;720.546;3.549;-0.126;10.067;0.729;-0.066;718.357;-5.388;0.527;718.387;-3.851;0.527;683;683;554;1147;1147;740;1000;1000.000;661.000;1000;1000.000;702.000;1;1;1;1;
14.59999999999999964473;72;73;9.977;-0.048;0.001;730.165;0.208;-0.072;730.166;0.160;-0.072;10.192;1.025;-0.147;718.181;6.912;-1.056;718.205;-0.755;-1.056;9.984;-0.307;0.031;730.520;1.712;-0.096;730.530;3.225;-0.096;10.333;0.536;-0.059;728.690;-4.852;0.467;728.716;-3.231;0.467;695;695;569;1152;1152;785;1000;1000.000;670.000;1000;1000.000;730.000;1;1;1;1;
14.80000000000000071054;73;74;10.001;0.083;-0.014;740.166;0.291;-0.085;740.167;0.228;-0.085;9.962;0.426;-0.046;728.142;7.337;-1.102;728.173;-0.521;-1.102;9.852;0.411;-0.065;740.372;2.122;-0.161;740.383;3.608;-0.161;9.667;0.131;-0.018;738.357;-4.721;0.450;738.381;-3.024;0.450;682;682;557;1148;1148;788;1000;1000.000;662.000;1000;1000.000;729.000;1;1;1;1;
15.00000000000000000000;74;75;10.007;-0.007;0.013;750.173;0.284;-0.073;750.174;0.208;-0.073;10.136;-0.480;0.075;738.278;6.858;-1.028;738.299;-1.182;-1.028;9.808;0.267;-0.013;750.181;2.389;-0.174;750.192;3.845;-0.174;9.861;1.144;-0.131;748.219;-3.577;0.318;748.236;-1.825;0.318;670;670;562;1183;1183;798;1000;1000.000;647.000;1000;1000.000;737.000;1;1;1;1;
15.19999999999999928946;75;76;10.037;0.131;-0.015;760.210;0.414;-0.088;760.211;0.324;-0.088;10.016;-0.381;0.059;748.294;6.477;-0.968;748.307;-1.732;-0.968;10.142;0.012;-0.029;760.323;2.401;-0.202;760.334;3.821;-0.202;10.092;0.906;-0.121;758.311;-2.671;0.197;758.325;-0.884;0.197;668;668;554;1166;1166;812;1000;1000.000;671.000;1000;1000.000;737.000;1;1;1;1;
15.40000000000000035527;76;77;10.004;0.046;-0.003;770.215;0.460;-0.091;770.216;0.354;-0.091;10.067;0.038;-0.014;758.361;6.514;-0.983;758.373;-1.868;-0.983;10.840;1.178;-0.143;771.162;3.579;-0.345;771.180;4.934;-0.345;10.000;-0.000;-0.000;768.311;-2.671;0.197;768.325;-0.850;0.197;687;687;561;1155;1155;796;1002;1002.000;676.000;1000;1000.000;740.000;1;1;1;1;
15.59999999999999964473;77;78;10.013;-0.054;0.005;780.228;0.406;-0.086;780.229;0.284;-0.086;9.909;-0.270;0.036;768.270;6.244;-0.947;768.276;-2.301;-0.947;9.955;0.487;-0.077;781.117;4.066;-0.422;781.138;5.347;-0.422;10.000;-0.000;-0.000;778.311;-2.671;0.197;778.325;-0.815;0.197;689;689;560;1167;1167;780;1000;1000.000;661.000;1000;1000.000;750.000;1;1;1;1;
15.80000000000000071054;78;79;9.977;0.089;-0.011;790.204;0.495;-0.097;790.206;0.356;-0.097;10.103;0.138;0.008;778.372;6.383;-0.939;778.379;-2.328;-0.939;9.646;0.065;-0.005;790.763;4.130;-0.427;790.785;5.340;-0.427;10.172;0.741;-0.129;788.483;-1.930;0.069;788.496;-0.063;0.069;684;684;557;1182;1182;805;1000;1000.000;664.000;1000;1000.000;737.000;1;1;1;1;
16.00000000000000000000;79;80;10.031;-0.066;0.004;800.235;0.429;-0.094;800.236;0.274;-0.094;9.908;0.078;-0.016;788.281;6.461;-0.955;788.288;-2.415;-0.955;10.374;-0.790;0.144;801.137;3.340;-0.283;801.155;4.498;-0.283;10.000;-0.000;-0.000;798.483;-1.930;0.069;798.496;-0.051;0.069;674;674;541;1186;1186;795;1000;1000.000;682.000;1000;1000.000;729.000;1;1;1;1;
16.19999999999999928946;80;81;9.995;-0.071;0.013;810.230;0.357;-0.080;810.231;0.188;-0.080;9.803;0.703;-0.092;798.084;7.164;-1.047;798.102;-1.891;-1.047;10.071;0.744;-0.100;811.208;4.084;-0.383;811.231;5.175;-0.383;10.000;-0.000;-0.000;808.483;-1.930;0.069;808.496;-0.039;0.069;685;685;560;1172;1172;793;1000;1000.000;667.000;1000;1000.000;755.000;1;1;1;1;
16.39999999999999857891;81;82;10.014;-0.036;0.008;820.245;0.321;-0.072;820.246;0.140;-0.072;10.098;-0.398;0.060;808.182;6.766;-0.988;808.192;-2.464;-0.988;9.884;-0.062;0.026;821.092;4.022;-0.357;821.114;5.051;-0.357;10.000;-0.000;-0.000;818.483;-1.930;0.069;818.496;-0.027;0.069;669;669;542;1176;1176;796;1000;1000.000;675.000;1000;1000.000;753.000;1;1;1;1;
16.60000000000000142109;82;83;9.975;-0.055;0.003;830.219;0.266;-0.069;830.220;0.073;-0.069;10.059;0.175;-0.013;818.241;6.941;-1.000;818.253;-2.464;-1.000;10.036;0.046;-0.001;831.128;4.068;-0.358;831.150;5.035;-0.358;10.001;-0.194;-0.024;828.483;-2.124;0.045;828.497;-0.213;0.045;672;672;544;1170;1170;808;1001;1001.000;706.000;1000;1000.000;756.000;1;1;1;1;
16.80000000000000071054;83;84;10.013;-0.035;-0.004;840.233;0.232;-0.073;840.234;0.025;-0.073;9.997;0.252;-0.016;828.239;7.193;-1.017;828.253;-2.389;-1.017;9.938;0.411;-0.038;841.067;4.480;-0.397;841.091;5.378;-0.397;9.652;0.505;-0.021;838.135;-1.619;0.024;838.149;0.297;0.024;665;665;548;1168;1168;787;1000;1000.000;696.000;1000;1000.000;712.000;1;1;1;1;
17.00000000000000000000;84;85;9.981;0.028;-0.000;850.214;0.260;-0.073;850.215;0.041;-0.073;10.118;-0.104;0.024;838.356;7.089;-0.992;838.367;-2.669;-0.992;10.110;-0.226;0.024;851.176;4.253;-0.373;851.199;5.085;-0.373;10.000;-0.000;-0.000;848.135;-1.619;0.024;848.149;0.301;0.024;687;687;558;1140;1140;787;1000;1000.000;692.000;1000;1000.000;737.000;1;1;1;1;
17.19999999999999928946;85;86;10.002;-0.048;0.009;860.216;0.211;-0.064;860.217;-0.019;-0.064;9.945;0.503;-0.045;848.301;7.592;-1.037;848.319;-2.346;-1.037;9.897;0.500;-0.058;861.073;4.753;-0.430;861.099;5.511;-0.430;10.000;-0.000;-0.000;858.135;-1.619;0.024;858.149;0.305;0.024;675;675;555;1161;1161;803;1000;1000.000;679.000;1000;1000.000;737.000;1;1;1;1;
17.39999999999999857891;86;87;10.013;-0.000;-0.003;870.229;0.211;-0.066;870.230;-0.031;-0.066;10.051;0.122;-0.020;858.353;7.714;-1.057;858.372;-2.410;-1.057;9.914;0.628;-0.054;870.987;5.381;-0.484;871.018;6.055;-0.484;9.995;0.240;0.016;868.130;-1.379;0.040;868.143;0.552;0.040;674;674;549;1163;1163;786;1000;1000.000;653.000;1000;1000.000;751.000;1;1;1;1;
17.60000000000000142109;87;88;10.020;0.044;-0.014;880.249;0.255;-0.080;880.250;-0.001;-0.080;9.951;-0.279;0.032;868.304;7.435;-1.025;868.316;-2.866;-1.025;9.886;-0.618;0.054;880.873;4.762;-0.430;880.899;5.362;-0.430;10.000;-0.000;-0.000;878.130;-1.379;0.040;878.143;0.559;0.040;677;677;563;1153;1153;782;1000;1000.000;709.000;1000;1000.000;747.000;1;1;1;1;
17.80000000000000071054;88;89;9.999;0.012;-0.006;890.248;0.267;-0.087;890.249;-0.004;-0.087;9.695;-0.102;0.028;877.999;7.333;-0.997;878.008;-3.137;-0.997;9.703;-0.658;0.094;890.576;4.105;-0.336;890.598;4.647;-0.336;10.000;-0.000;-0.000;888.130;-1.379;0.040;888.143;0.566;0.040;652;652;531;1136;1136;775;1000;1000.000;678.000;1000;1000.000;739.000;1;1;1;1;
18.00000000000000000000;89;90;9.995;0.061;-0.011;900.243;0.328;-0.098;900.244;0.040;-0.098;9.833;0.288;-0.005;887.831;7.621;-1.002;887.844;-3.021;-1.002;10.250;0.049;-0.014;900.825;4.154;-0.350;900.848;4.634;-0.350;10.000;-0.000;-0.000;898.130;-1.379;0.040;898.143;0.572;0.040;643;643;520;1125;1125;761;1000;1000.000;701.000;1000;1000.000;744.000;1;1;1;1;
18.19999999999999928946;90;91;10.018;0.048;-0.006;910.261;0.376;-0.103;910.262;0.070;-0.103;9.980;0.647;-0.061;897.811;8.267;-1.063;897.834;-2.560;-1.063;9.784;0.219;-0.014;910.610;4.373;-0.364;910.633;4.791;-0.364;10.012;-0.141;0.022;908.142;-1.520;0.062;908.155;0.442;0.062;664;663;550;1114;1114;760;1000;1000.000;701.000;1000;1000.000;753.000;1;1;1;1;
18.39999999999999857891;91;92;9.968;-0.026;0.010;920.228;0.350;-0.093;920.229;0.028;-0.093;10.224;0.593;-0.092;908.036;8.860;-1.155;908.068;-2.173;-1.155;9.592;0.213;-0.011;920.201;4.586;-0.375;920.226;4.941;-0.375;10.001;-0.049;0.062;918.143;-1.569;0.124;918.156;0.415;0.124;648;648;536;1093;1093;760;1000;1000.000;685.000;1000;1000.000;769.000;1;1;1;1;
18.60000000000000142109;92;93;10.003;-0.157;0.018;930.232;0.193;-0.076;930.232;-0.142;-0.076;9.921;-0.169;0.011;917.957;8.692;-1.144;917.984;-2.539;-1.144;9.789;0.600;-0.055;929.990;5.186;-0.430;930.019;5.468;-0.430;10.000;-0.000;-0.000;928.143;-1.569;0.124;928.156;0.437;0.124;670;669;554;1108;1108;756;1000;1000.000;689.000;1000;1000.000;758.000;1;1;1;1;
18.80000000000000071054;93;94;10.017;0.012;0.003;940.248;0.205;-0.072;940.249;-0.143;-0.072;10.154;0.373;-0.020;928.111;9.064;-1.164;928.144;-2.373;-1.164;9.980;-0.290;0.049;939.971;4.896;-0.381;939.998;5.111;-0.381;10.321;0.169;-0.020;938.464;-1.400;0.104;938.477;0.625;0.104;668;668;545;1067;1067;733;1000;1000.000;708.000;1000;1000.000;782.000;1;1;1;1;
19.00000000000000000000;94;95;10.033;0.010;-0.002;950.281;0.215;-0.075;950.281;-0.146;-0.075;9.971;-0.095;0.024;938.082;8.970;-1.140;938.111;-2.666;-1.140;10.042;0.714;-0.110;950.012;5.610;-0.491;950.045;5.739;-0.491;10.000;-0.000;-0.000;948.464;-1.400;0.104;948.477;0.643;0.104;658;658;541;1062;1062;710;1000;1000.000;687.000;1000;1000.000;762.000;1;1;1;1;
19.19999999999999928946;95;96;10.010;0.043;-0.006;960.291;0.258;-0.080;960.292;-0.117;-0.080;9.781;0.357;-0.077;947.863;9.327;-1.216;947.897;-2.516;-1.216;9.924;-0.593;0.063;959.936;5.016;-0.428;959.964;5.071;-0.428;9.938;-0.854;0.084;958.402;-2.254;0.188;958.418;-0.179;0.188;652;651;540;1054;1054;695;1000;1000.000;677.000;1000;1000.000;720.000;1;1;1;1;
19.39999999999999857891;96;97;10.058;0.030;-0.012;970.349;0.288;-0.092;970.350;-0.103;-0.092;9.969;-0.019;0.044;957.831;9.308;-1.172;957.863;-2.740;-1.172;9.709;-0.861;0.061;969.645;4.155;-0.367;969.668;4.148;-0.367;10.045;0.465;-0.068;968.447;-1.789;0.121;968.462;0.308;0.121;668;667;566;1047;1047;705;1000;1000.000;658.000;1000;1000.000;738.000;1;1;1;1;
19.60000000000000142109;97;98;10.004;-0.018;-0.000;980.353;0.270;-0.093;980.354;-0.138;-0.093;10.111;0.244;0.018;967.943;9.552;-1.155;967.977;-2.699;-1.155;9.962;0.287;-0.033;979.608;4.442;-0.400;979.632;4.365;-0.400;10.000;-0.000;-0.000;978.447;-1.789;0.121;978.462;0.329;0.121;631;630;509;1050;1050;721;1000;1000.000;680.000;1000;1000.000;735.000;1;1;1;1;
19.80000000000000071054;98;99;10.041;-0.190;0.032;990.394;0.080;-0.061;990.394;-0.338;-0.061;10.051;-0.066;0.017;977.994;9.486;-1.138;978.025;-2.965;-1.138;10.011;0.550;-0.090;989.619;4.992;-0.490;989.648;4.829;-0.490;10.000;-0.000;-0.000;988.447;-1.789;0.121;988.462;0.350;0.121;635;635;531;1042;1042;713;1000;1000.000;706.000;1000;1000.000;732.000;1;1;1;1;
20.00000000000000000000;99;100;10.028;-0.128;0.011;1000.422;-0.048;-0.050;1000.422;-0.475;-0.050;9.961;-0.669;0.110;987.955;8.817;-1.027;987.972;-3.813;-1.027;9.921;0.452;-0.023;999.541;5.443;-0.513;999.573;5.192;-0.513;9.714;-0.328;0.058;998.161;-2.117;0.179;998.177;0.052;0.179;636;636;515;1048;1048;710;1000;1000.000;694.000;1000;1000.000;713.000;1;1;1;1;
20.19999999999999928946;100;101;9.947;-0.081;0.012;1010.369;-0.130;-0.037;1010.370;-0.563;-0.037;10.018;-0.111;0.002;997.973;8.706;-1.025;997.987;-4.103;-1.025;10.125;-0.405;0.023;1009.666;5.038;-0.491;1009.694;4.700;-0.491;10.000;-0.000;-0.000;1008.161;-2.117;0.179;1008.177;0.083;0.179;677;675;559;1044;1044;724;1000;1000.000;683.000;1000;1000.000;713.000;1;1;1;1;
20.39999999999999857891;101;102;10.000;0.081;-0.011;1020.370;-0.049;-0.049;1020.370;-0.491;-0.049;9.936;0.272;-0.041;1007.909;8.977;-1.066;1007.927;-4.016;-1.066;10.171;-0.154;0.007;1019.837;4.884;-0.484;1019.864;4.460;-0.484;10.000;-0.000;-0.000;1018.161;-2.117;0.179;1018.177;0.115;0.179;648;647;531;1072;1072;730;1000;1000.000;672.000;1000;1000.000;729.000;1;1;1;1;
20.60000000000000142109;102;103;10.026;0.159;-0.017;1030.396;0.110;-0.066;1030.396;-0.344;-0.066;10.076;0.327;-0.053;1017.986;9.304;-1.119;1018.008;-3.886;-1.119;10.230;-0.333;0.052;1030.067;4.551;-0.432;1030.091;4.050;-0.432;9.680;0.206;-0.028;1027.841;-1.911;0.151;1027.856;0.346;0.151;653;653;540;1074;1074;708;1000;1000.000;698.000;1000;1000.000;732.000;1;1;1;1;
20.80000000000000071054;103;104;9.988;-0.033;-0.005;1040.383;0.077;-0.071;1040.384;-0.389;-0.071;10.223;-0.097;0.008;1028.208;9.207;-1.112;1028.226;-4.181;-1.112;9.916;0.310;-0.040;1039.983;4.861;-0.472;1040.009;4.278;-0.472;10.000;-0.000;-0.000;1037.841;-1.911;0.151;1037.856;0.372;0.151;676;676;553;1074;1074;708;1000;1000.000;686.000;1000;1000.000;743.000;1;1;1;1;
21.00000000000000000000;104;105;10.043;-0.007;0.004;1050.427;0.071;-0.068;1050.428;-0.407;-0.068;9.985;0.110;-0.013;1038.193;9.318;-1.124;1038.212;-4.267;-1.124;10.216;0.720;-0.042;1050.198;5.581;-0.515;1050.230;4.906;-0.515;9.733;1.427;-0.204;1047.574;-0.485;-0.053;1047.590;1.790;-0.053;672;671;547;1037;1037;709;1000;1000.000;706.000;1000;1000.000;734.000;1;1;1;1;
21.19999999999999928946;105;106;9.973;-0.074;0.009;1060.400;-0.003;-0.059;1060.401;-0.491;-0.059;9.822;-0.083;0.029;1048.015;9.235;-1.095;1048.030;-4.537;-1.095;10.005;-0.177;0.020;1060.204;5.403;-0.495;1060.234;4.642;-0.495;10.000;-0.000;-0.000;1057.574;-0.485;-0.053;1057.590;1.781;-0.053;666;665;549;1074;1074;710;1000;1000.000;688.000;1000;1000.000;727.000;1;1;1;1;
21.39999999999999857891;106;107;10.034;0.055;-0.007;1070.435;0.052;-0.066;1070.435;-0.447;-0.066;10.002;0.061;-0.004;1058.016;9.295;-1.100;1058.031;-4.669;-1.100;10.140;-0.439;0.073;1070.344;4.964;-0.421;1070.371;4.129;-0.421;9.971;-0.190;-0.023;1067.545;-0.675;-0.076;1067.561;1.577;-0.076;678;677;566;1047;1047;708;1000;1000.000;669.000;1000;1000.000;731.000;1;1;1;1;
21.60000000000000142109;107;108;9.942;0.038;-0.006;1080.377;0.090;-0.072;1080.377;-0.421;-0.072;10.203;0.144;-0.021;1068.220;9.439;-1.120;1068.235;-4.724;-1.120;9.917;0.275;-0.047;1080.261;5.239;-0.468;1080.289;4.322;-0.468;9.606;1.197;-0.164;1077.151;0.523;-0.240;1077.172;2.734;-0.240;649;648;534;1056;1056;678;1000;1000.000;674.000;1000;1000.000;698.000;1;1;1;1;
21.80000000000000071054;108;109;10.032;-0.048;0.005;1090.409;0.042;-0.067;1090.409;-0.481;-0.067;9.870;0.123;-0.026;1078.090;9.562;-1.146;1078.106;-4.799;-1.146;9.863;0.517;-0.097;1090.123;5.756;-0.565;1090.156;4.742;-0.565;10.000;-0.000;-0.000;1087.151;0.523;-0.240;1087.172;2.693;-0.240;656;655;542;1061;1061;702;1000;1000.000;678.000;1000;1000.000;721.000;1;1;1;1;
22.00000000000000000000;109;110;9.976;-0.015;0.005;1100.384;0.028;-0.061;1100.385;-0.507;-0.061;10.086;-0.001;0.002;1088.176;9.561;-1.144;1088.190;-5.001;-1.144;10.058;-0.044;0.031;1100.181;5.712;-0.535;1100.214;4.604;-0.535;9.900;-0.094;0.070;1097.051;0.429;-0.170;1097.072;2.569;-0.170;658;658;538;1062;1062;720;1000;1000.000;691.000;1000;1000.000;731.000;1;1;1;1;
22.19999999999999928946;110;111;9.976;-0.022;0.003;1110.360;0.006;-0.059;1110.361;-0.539;-0.059;10.238;-0.145;0.027;1098.414;9.416;-1.117;1098.423;-5.346;-1.117;10.010;0.517;-0.042;1110.192;6.229;-0.576;1110.229;5.020;-0.576;10.008;-0.187;0.035;1107.059;0.242;-0.135;1107.080;2.359;-0.135;627;627;532;1067;1067;737;1000;1000.000;679.000;1000;1000.000;732.000;1;1;1;1;
22.39999999999999857891;111;112;9.992;-0.121;0.010;1120.353;-0.115;-0.049;1120.353;-0.668;-0.049;10.008;0.335;-0.046;1108.422;9.751;-1.163;1108.435;-5.214;-1.163;9.868;-0.449;0.054;1120.060;5.780;-0.522;1120.092;4.482;-0.522;10.333;-0.010;0.002;1117.392;0.232;-0.132;1117.412;2.325;-0.132;601;601;504;1051;1051;712;1000;1000.000;675.000;1000;1000.000;726.000;1;1;1;1;
22.60000000000000142109;112;113;10.004;0.063;-0.007;1130.357;-0.052;-0.056;1130.357;-0.615;-0.056;10.165;0.344;-0.036;1118.587;10.095;-1.198;1118.606;-5.083;-1.198;9.781;-0.027;0.001;1129.840;5.753;-0.521;1129.872;4.366;-0.521;10.000;-0.000;-0.000;1127.392;0.232;-0.132;1127.412;2.302;-0.132;657;657;535;1076;1076;742;1000;1000.000;684.000;1000;1000.000;726.000;1;1;1;1;
22.80000000000000071054;113;114;10.029;-0.014;0.003;1140.386;-0.066;-0.054;1140.386;-0.638;-0.054;9.892;0.178;-0.044;1128.479;10.273;-1.243;1128.499;-5.119;-1.243;9.907;-0.476;0.071;1139.747;5.277;-0.450;1139.775;3.812;-0.450;10.000;-0.000;-0.000;1137.392;0.232;-0.132;1137.412;2.279;-0.132;651;651;542;1094;1094;737;1000;1000.000;683.000;1000;1000.000;730.000;1;1;1;1;
23.00000000000000000000;114;115;9.967;-0.262;0.034;1150.353;-0.328;-0.020;1150.353;-0.904;-0.020;9.921;0.130;-0.040;1138.400;10.403;-1.283;1138.420;-5.211;-1.283;10.292;-0.931;0.097;1150.039;4.346;-0.353;1150.060;2.818;-0.353;10.000;-0.000;-0.000;1147.392;0.232;-0.132;1147.412;2.256;-0.132;634;634;554;1099;1099;738;1000;1000.000;670.000;1000;1000.000;721.000;1;1;1;1;
23.19999999999999928946;115;116;9.989;0.094;-0.013;1160.342;-0.234;-0.033;1160.342;-0.816;-0.033;10.138;0.092;-0.005;1148.538;10.495;-1.288;1148.558;-5.347;-1.288;10.222;-0.626;0.094;1160.260;3.720;-0.259;1160.279;2.145;-0.259;9.657;-0.470;0.031;1157.049;-0.238;-0.101;1157.068;1.769;-0.101;666;665;547;1063;1063;731;1000;1000.000;669.000;1000;1000.000;633.000;1;1;1;1;
23.39999999999999857891;116;117;9.983;-0.083;0.011;1170.325;-0.317;-0.022;1170.325;-0.903;-0.022;9.852;0.203;-0.047;1158.390;10.698;-1.335;1158.412;-5.374;-1.335;9.500;-0.526;0.006;1169.761;3.193;-0.253;1169.777;1.577;-0.253;10.067;0.690;-0.084;1167.116;0.452;-0.185;1167.137;2.426;-0.185;571;571;464;1072;1072;738;1000;1000.000;689.000;808;808.000;613.000;1;1;1;1;
23.60000000000000142109;117;118;10.002;-0.029;0.004;1180.326;-0.347;-0.018;1180.327;-0.935;-0.018;10.179;0.137;-0.036;1168.568;10.835;-1.371;1168.591;-5.481;-1.371;9.887;0.244;-0.018;1179.648;3.438;-0.271;1179.666;1.774;-0.271;9.995;-0.605;-0.007;1177.110;-0.153;-0.192;1177.129;1.788;-0.192;660;658;531;1082;1082;731;1001;1001.000;670.000;1000;1000.000;738.000;1;1;1;1;
23.80000000000000071054;118;119;9.978;0.109;-0.016;1190.305;-0.237;-0.033;1190.305;-0.831;-0.033;9.942;-0.200;0.013;1178.511;10.635;-1.358;1178.526;-5.916;-1.358;9.838;-0.241;0.030;1189.486;3.197;-0.241;1189.503;1.492;-0.241;10.000;-0.000;-0.000;1187.110;-0.153;-0.192;1187.129;1.755;-0.192;660;659;548;1083;1083;713;1000;1000.000;671.000;1000;1000.000;746.000;1;1;1;1;
24.00000000000000000000;119;120;10.011;0.122;-0.008;1200.316;-0.116;-0.041;1200.317;-0.717;-0.041;9.890;0.410;-0.047;1188.401;11.045;-1.404;1188.423;-5.748;-1.404;10.130;0.034;0.006;1199.616;3.231;-0.235;1199.633;1.484;-0.235;9.996;1.054;-0.105;1197.106;0.902;-0.297;1197.130;2.757;-0.297;642;642;524;1079;1079;714;1000;1000.000;656.000;1000;1000.000;693.000;1;1;1;1;
24.19999999999999928946;120;121;10.023;-0.079;0.012;1210.340;-0.195;-0.029;1210.340;-0.801;-0.029;9.828;0.040;-0.070;1198.229;11.085;-1.475;1198.249;-5.961;-1.475;9.999;-0.852;0.149;1209.615;2.378;-0.086;1209.630;0.617;-0.086;10.000;-0.000;-0.000;1207.106;0.902;-0.297;1207.130;2.706;-0.297;608;608;496;1090;1090;707;1000;1000.000;669.000;1000;1000.000;713.000;1;1;1;1;
24.39999999999999857891;121;122;10.017;0.039;-0.004;1220.357;-0.156;-0.034;1220.357;-0.768;-0.034;9.927;-0.444;0.049;1208.156;10.641;-1.425;1208.162;-6.652;-1.425;10.063;0.675;-0.041;1219.677;3.054;-0.127;1219.694;1.270;-0.127;10.000;-0.000;-0.000;1217.106;0.902;-0.297;1217.130;2.654;-0.297;625;625;504;1080;1080;741;1000;1000.000;670.000;1000;1000.000;731.000;1;1;1;1;
24.60000000000000142109;122;123;9.977;0.033;-0.011;1230.334;-0.123;-0.044;1230.334;-0.743;-0.044;10.077;-0.031;-0.010;1218.233;10.611;-1.436;1218.235;-6.935;-1.436;10.081;-0.228;0.057;1229.758;2.826;-0.071;1229.775;1.029;-0.071;10.134;-0.853;0.099;1227.240;0.048;-0.198;1227.261;1.765;-0.198;632;632;511;1080;1080;728;1000;1000.000;699.000;1000;1000.000;744.000;1;1;1;1;
24.80000000000000071054;123;124;10.006;-0.173;0.022;1240.340;-0.296;-0.022;1240.340;-0.920;-0.022;9.897;-0.201;0.038;1228.130;10.409;-1.398;1228.124;-7.378;-1.398;9.657;0.101;0.018;1239.415;2.927;-0.053;1239.432;1.121;-0.053;9.915;-0.413;0.058;1237.156;-0.365;-0.139;1237.176;1.328;-0.139;672;669;553;1072;1072;751;1000;1000.000;675.000;1000;1000.000;724.000;1;1;1;1;
25.00000000000000000000;124;125;10.006;0.010;0.005;1250.346;-0.286;-0.017;1250.346;-0.913;-0.017;10.041;0.291;-0.044;1238.171;10.700;-1.441;1238.169;-7.339;-1.441;9.890;-0.251;0.043;1249.305;2.676;-0.010;1249.322;0.869;-0.010;10.000;-0.000;-0.000;1247.156;-0.365;-0.139;1247.176;1.304;-0.139;657;657;533;1075;1075;737;1000;1000.000;681.000;1000;1000.000;725.000;1;1;1;1;
25.19999999999999928946;125;126;9.955;-0.190;0.028;1260.301;-0.475;0.011;1260.302;-1.100;0.011;9.836;-0.216;0.044;1248.007;10.485;-1.397;1247.997;-7.795;-1.397;9.676;0.283;0.004;1258.981;2.959;-0.006;1258.998;1.151;-0.006;10.135;1.112;-0.166;1257.291;0.747;-0.305;1257.317;2.362;-0.305;628;628;522;1070;1070;722;1000;1000.000;661.000;1000;1000.000;722.000;1;1;1;1;
25.39999999999999857891;126;127;10.016;0.026;0.002;1270.317;-0.449;0.014;1270.318;-1.071;0.014;10.020;0.139;0.006;1258.027;10.624;-1.391;1258.018;-7.899;-1.391;10.076;-0.570;0.061;1269.057;2.389;0.055;1269.074;0.591;0.055;10.000;-0.000;-0.000;1267.291;0.747;-0.305;1267.317;2.309;-0.305;639;639;531;1063;1063;724;1000;1000.000;664.000;1000;1000.000;746.000;1;1;1;1;
25.60000000000000142109;127;128;9.985;-0.064;0.009;1280.302;-0.513;0.023;1280.303;-1.131;0.023;10.088;0.361;-0.067;1268.115;10.984;-1.458;1268.111;-7.795;-1.458;9.963;-0.773;0.133;1279.020;1.616;0.188;1279.040;-0.149;0.188;10.000;0.056;-0.007;1277.290;0.803;-0.311;1277.316;2.310;-0.311;670;669;558;1057;1057;732;1000;1000.000;671.000;1000;1000.000;714.000;1;1;1;1;
25.80000000000000071054;128;129;10.024;0.054;-0.007;1290.326;-0.459;0.016;1290.326;-1.075;0.016;9.936;-0.338;0.038;1278.051;10.646;-1.421;1278.035;-8.380;-1.421;10.218;0.457;-0.052;1289.238;2.074;0.136;1289.257;0.332;0.136;9.639;-0.932;0.114;1286.930;-0.129;-0.197;1286.952;1.345;-0.197;651;651;531;1046;1046;701;1000;1000.000;690.000;1000;1000.000;732.000;1;1;1;1;
26.00000000000000000000;129;130;9.980;-0.052;0.006;1300.306;-0.512;0.023;1300.306;-1.123;0.023;9.797;0.372;-0.061;1287.848;11.018;-1.482;1287.839;-8.261;-1.482;10.044;-0.195;0.052;1299.283;1.878;0.187;1299.302;0.170;0.187;10.000;-0.000;-0.000;1296.930;-0.129;-0.197;1296.952;1.311;-0.197;661;661;538;1061;1061;724;1000;1000.000;698.000;1000;1000.000;724.000;1;1;1;1;
26.19999999999999928946;130;131;10.001;0.100;-0.012;1310.307;-0.411;0.010;1310.307;-1.021;0.010;9.984;-0.388;0.053;1297.831;10.630;-1.429;1297.810;-8.898;-1.429;10.066;-0.367;0.067;1309.349;1.511;0.255;1309.369;-0.152;0.255;10.000;-0.000;-0.000;1306.930;-0.129;-0.197;1306.952;1.276;-0.197;621;621;500;1064;1064;726;1000;1000.000;708.000;1000;1000.000;724.000;1;1;1;1;
26.39999999999999857891;131;132;9.977;0.103;-0.018;1320.284;-0.308;-0.007;1320.285;-0.920;-0.007;10.017;0.119;0.005;1307.849;10.749;-1.425;1307.827;-9.029;-1.425;10.099;1.132;-0.141;1319.448;2.644;0.113;1319.466;1.000;0.113;10.274;-0.505;0.105;1317.204;-0.634;-0.092;1317.226;0.755;-0.092;661;661;559;1049;1049;700;1000;1000.000;686.000;1000;1000.000;696.000;1;1;1;1;
26.60000000000000142109;132;133;10.058;0.017;-0.001;1330.342;-0.291;-0.009;1330.342;-0.904;-0.009;10.107;0.297;-0.037;1317.955;11.046;-1.461;1317.938;-8.990;-1.461;10.256;0.299;-0.029;1329.704;2.942;0.084;1329.722;1.314;0.084;10.005;-0.602;-0.010;1327.208;-1.236;-0.101;1327.229;0.135;-0.101;638;638;532;1081;1081;745;1000;1000.000;725.000;1000;1000.000;715.000;1;1;1;1;
26.80000000000000071054;133;134;9.973;0.126;-0.010;1340.315;-0.165;-0.019;1340.315;-0.781;-0.019;10.148;-0.242;0.022;1328.103;10.804;-1.439;1328.077;-9.486;-1.439;9.633;-1.148;0.117;1339.338;1.794;0.201;1339.360;0.199;0.201;10.000;-0.000;-0.000;1337.208;-1.236;-0.101;1337.229;0.118;-0.101;635;635;518;1105;1105;726;1000;1000.000;678.000;1000;1000.000;724.000;1;1;1;1;
27.00000000000000000000;134;135;9.998;-0.010;0.006;1350.312;-0.175;-0.013;1350.313;-0.794;-0.013;9.956;-0.180;0.031;1338.059;10.624;-1.408;1338.025;-9.911;-1.408;10.089;-0.165;0.003;1349.427;1.629;0.204;1349.449;0.070;0.204;9.673;0.421;-0.057;1346.882;-0.814;-0.158;1346.903;0.512;-0.158;646;646;522;1097;1097;744;1000;1000.000;683.000;1000;1000.000;719.000;1;1;1;1;
27.19999999999999928946;135;136;9.988;-0.014;0.003;1360.300;-0.189;-0.010;1360.301;-0.810;-0.010;9.939;-0.455;0.057;1347.999;10.169;-1.352;1347.951;-10.600;-1.352;9.804;0.832;-0.081;1359.231;2.461;0.123;1359.251;0.923;0.123;10.000;-0.000;-0.000;1356.882;-0.814;-0.158;1356.903;0.485;-0.158;661;660;545;1114;1114;741;1000;1000.000;670.000;1000;1000.000;749.000;1;1;1;1;
27.39999999999999857891;136;137;10.013;0.211;-0.023;1370.313;0.022;-0.034;1370.314;-0.604;-0.034;10.077;0.076;0.001;1358.075;10.246;-1.351;1358.027;-10.761;-1.351;10.251;0.507;-0.051;1369.481;2.968;0.072;1369.501;1.443;0.072;9.686;0.144;-0.020;1366.567;-0.670;-0.178;1366.589;0.599;-0.178;658;656;546;1069;1069;746;1000;1000.000;696.000;1000;1000.000;737.000;1;1;1;1;
27.60000000000000142109;137;138;9.969;0.108;-0.011;1380.282;0.130;-0.045;1380.283;-0.504;-0.045;10.149;0.161;-0.015;1368.225;10.407;-1.366;1368.177;-10.842;-1.366;9.953;0.496;-0.058;1379.434;3.464;0.014;1379.454;1.941;0.014;10.000;-0.000;-0.000;1376.567;-0.670;-0.178;1376.589;0.568;-0.178;656;656;540;1093;1093;745;1000;1000.000;698.000;1000;1000.000;728.000;1;1;1;1;
27.80000000000000071054;138;139;10.017;0.029;0.002;1390.299;0.158;-0.043;1390.300;-0.483;-0.043;10.001;0.556;-0.067;1378.225;10.962;-1.433;1378.188;-10.536;-1.433;10.000;0.380;-0.066;1389.434;3.843;-0.052;1389.454;2.312;-0.052;10.000;-0.000;-0.000;1386.567;-0.670;-0.178;1386.589;0.537;-0.178;670;670;555;1084;1084;768;1000;1000.000;702.000;1000;1000.000;747.000;1;1;1;1;
28.00000000000000000000;139;140;9.994;-0.083;0.011;1400.293;0.076;-0.032;1400.294;-0.571;-0.032;10.012;0.313;-0.084;1388.238;11.275;-1.517;1388.205;-10.489;-1.517;10.202;-0.593;0.091;1399.636;3.251;0.039;1399.657;1.726;0.039;10.000;-0.000;-0.000;1396.567;-0.670;-0.178;1396.589;0.506;-0.178;666;665;553;1100;1100;740;1000;1000.000;680.000;1000;1000.000;747.000;1;1;1;1;
28.19999999999999928946;140;141;9.980;-0.047;0.008;1410.273;0.028;-0.024;1410.273;-0.623;-0.024;10.127;-0.151;0.027;1398.364;11.124;-1.489;1398.325;-10.903;-1.489;10.004;0.075;0.003;1409.641;3.325;0.041;1409.661;1.808;0.041;10.000;-0.000;-0.000;1406.567;-0.670;-0.178;1406.589;0.475;-0.178;675;675;560;1082;1082;751;1000;1000.000;682.000;1000;1000.000;729.000;1;1;1;1;
28.39999999999999857891;141;142;9.986;-0.085;0.019;1420.258;-0.057;-0.005;1420.259;-0.709;-0.005;10.029;-0.140;0.021;1408.393;10.984;-1.468;1408.347;-11.299;-1.468;9.853;0.055;-0.000;1419.494;3.381;0.041;1419.514;1.870;0.041;10.355;-0.471;0.022;1416.922;-1.141;-0.156;1416.943;-0.024;-0.156;667;665;568;1102;1102;763;1000;1000.000;682.000;1000;1000.000;765.000;1;1;1;1;
28.60000000000000142109;142;143;9.999;0.120;-0.013;1430.257;0.063;-0.019;1430.258;-0.592;-0.019;9.955;-0.169;0.027;1418.348;10.815;-1.441;1418.295;-11.719;-1.441;9.928;0.483;-0.024;1429.422;3.864;0.017;1429.442;2.356;0.017;9.842;-1.430;0.178;1426.764;-2.572;0.022;1426.785;-1.451;0.022;661;658;551;1110;1110;763;1000;1000.000;654.000;1000;1000.000;751.000;1;1;1;1;
28.80000000000000071054;143;144;10.058;0.059;-0.002;1440.316;0.122;-0.021;1440.316;-0.537;-0.021;10.198;-0.165;0.015;1428.546;10.650;-1.426;1428.485;-12.138;-1.426;9.936;-0.186;0.024;1439.358;3.678;0.041;1439.378;2.178;0.041;10.304;0.570;-0.065;1437.068;-2.001;-0.043;1437.090;-0.888;-0.043;669;668;565;1099;1099;766;1001;1001.000;672.000;1000;1000.000;714.000;1;1;1;1;
29.00000000000000000000;144;145;10.003;0.075;-0.009;1450.319;0.197;-0.030;1450.320;-0.467;-0.030;10.008;0.187;-0.014;1438.554;10.837;-1.440;1438.494;-12.202;-1.440;9.965;-0.158;0.009;1449.323;3.520;0.050;1449.343;2.028;0.050;10.002;-0.092;0.014;1447.071;-2.093;-0.029;1447.092;-0.985;-0.029;676;675;557;1143;1143;774;1000;1000.000;646.000;1000;1000.000;762.000;1;1;1;1;
29.19999999999999928946;145;146;10.068;-0.127;0.015;1460.386;0.070;-0.015;1460.387;-0.596;-0.015;9.956;0.253;-0.038;1448.510;11.090;-1.478;1448.454;-12.207;-1.478;10.137;0.179;-0.019;1459.459;3.699;0.030;1459.480;2.213;0.030;9.645;0.105;-0.016;1456.716;-1.987;-0.045;1456.737;-0.887;-0.045;687;686;566;1145;1145;776;1000;1000.000;656.000;1000;1000.000;746.000;1;1;1;1;
29.39999999999999857891;146;147;9.997;0.212;-0.025;1470.383;0.283;-0.040;1470.384;-0.391;-0.040;9.924;0.163;-0.016;1458.434;11.252;-1.493;1458.379;-12.303;-1.493;9.985;-0.245;0.028;1469.445;3.455;0.058;1469.465;1.978;0.058;10.000;-0.000;-0.000;1466.716;-1.987;-0.045;1466.737;-0.895;-0.045;676;674;561;1131;1131;785;1000;1000.000;685.000;1000;1000.000;739.000;1;1;1;1;
29.60000000000000142109;147;148;10.045;0.004;-0.004;1480.428;0.287;-0.044;1480.429;-0.394;-0.044;9.985;0.771;-0.094;1468.419;12.024;-1.587;1468.381;-11.808;-1.587;10.133;0.451;-0.061;1479.577;3.905;-0.003;1479.598;2.428;-0.003;10.015;-0.146;-0.019;1476.731;-2.134;-0.064;1476.752;-1.053;-0.064;687;687;567;1145;1145;757;1000;1000.000;665.000;1000;1000.000;742.000;1;1;1;1;
29.80000000000000071054;148;149;9.960;0.052;-0.004;1490.388;0.339;-0.048;1490.389;-0.351;-0.048;9.751;-0.369;0.033;1478.171;11.654;-1.554;1478.119;-12.441;-1.554;9.837;0.056;-0.000;1489.414;3.961;-0.003;1489.435;2.484;-0.003;9.993;0.419;-0.016;1486.724;-1.715;-0.080;1486.746;-0.648;-0.080;691;690;572;1143;1143;772;1000;1000.000;670.000;1000;1000.000;746.000;1;1;1;1;
30.00000000000000000000;149;150;10.010;-0.012;-0.008;1500.398;0.327;-0.056;1500.399;-0.373;-0.056;10.013;0.305;-0.051;1488.184;11.959;-1.605;1488.137;-12.418;-1.605;10.076;-0.333;0.016;1499.490;3.628;0.012;1499.511;2.153;0.012;10.000;-0.000;-0.000;1496.724;-1.715;-0.080;1496.746;-0.662;-0.080;684;683;566;1123;1123;765;1000;1000.000;654.000;1000;1000.000;744.000;1;1;1;1;
30.19999999999999928946;150;151;10.000;-0.076;0.005;1510.398;0.251;-0.051;1510.399;-0.458;-0.051;10.046;0.165;-0.023;1498.230;12.124;-1.628;1498.183;-12.538;-1.628;9.539;-2.381;0.403;1509.030;1.248;0.415;1509.067;-0.158;0.415;10.000;-0.000;-0.000;1506.724;-1.715;-0.080;1506.746;-0.676;-0.080;672;671;548;1154;1154;774;1000;1000.000;655.000;1000;1000.000;734.000;1;1;1;1;
30.39999999999999857891;151;152;9.952;-0.043;0.013;1520.350;0.208;-0.038;1520.351;-0.507;-0.038;9.893;0.176;-0.024;1508.123;12.300;-1.652;1508.078;-12.647;-1.652;9.877;0.207;-0.029;1518.906;1.454;0.386;1518.942;0.115;0.386;10.328;-0.473;0.081;1517.052;-2.188;0.001;1517.074;-1.149;0.001;680;680;552;1139;1139;790;1000;1000.000;667.000;1000;1000.000;732.000;1;1;1;1;
30.60000000000000142109;152;153;10.018;0.025;0.002;1530.369;0.233;-0.036;1530.369;-0.489;-0.036;10.245;-0.596;0.068;1518.368;11.704;-1.584;1518.302;-13.526;-1.584;9.746;-0.211;0.001;1528.653;1.244;0.387;1528.690;-0.030;0.387;10.013;0.529;-0.075;1527.065;-1.659;-0.074;1527.087;-0.633;-0.074;697;697;579;1148;1148;810;1000;1000.000;675.000;1000;1000.000;764.000;1;1;1;1;
30.80000000000000071054;153;154;9.996;0.123;-0.011;1540.364;0.356;-0.048;1540.365;-0.374;-0.048;9.995;0.105;-0.007;1528.363;11.809;-1.591;1528.296;-13.698;-1.591;9.898;0.237;-0.050;1538.551;1.481;0.337;1538.587;0.265;0.337;10.000;-0.000;-0.000;1537.065;-1.659;-0.074;1537.087;-0.646;-0.074;680;680;556;1154;1154;809;1000;1000.000;674.000;1000;1000.000;750.000;1;1;1;1;
31.00000000000000000000;154;155;10.003;-0.020;-0.002;1550.367;0.336;-0.049;1550.368;-0.403;-0.049;9.972;-0.158;0.013;1538.334;11.652;-1.578;1538.259;-14.131;-1.578;10.072;0.124;-0.014;1548.623;1.605;0.323;1548.658;0.446;0.323;10.000;-0.000;-0.000;1547.065;-1.659;-0.074;1547.087;-0.659;-0.074;681;681;554;1168;1168;795;1000;1000.000;651.000;1000;1000.000;759.000;1;1;1;1;
31.19999999999999928946;155;156;9.996;-0.001;-0.004;1560.362;0.335;-0.053;1560.363;-0.413;-0.053;9.905;-0.116;0.015;1548.239;11.536;-1.563;1548.157;-14.516;-1.563;10.068;-0.647;0.060;1558.690;0.958;0.383;1558.729;-0.133;0.383;9.989;-0.092;0.010;1557.053;-1.751;-0.063;1557.076;-0.761;-0.063;668;668;551;1151;1151;762;1001;1001.000;661.000;1000;1000.000;700.000;1;1;1;1;
31.39999999999999857891;156;157;9.976;-0.038;0.013;1570.339;0.297;-0.041;1570.340;-0.458;-0.041;9.961;0.012;-0.012;1558.200;11.549;-1.575;1558.115;-14.778;-1.575;9.807;0.448;-0.046;1568.498;1.406;0.337;1568.534;0.372;0.337;10.000;-0.000;-0.000;1567.053;-1.751;-0.063;1567.076;-0.772;-0.063;687;687;559;1160;1160;779;1000;1000.000;654.000;1000;1000.000;747.000;1;1;1;1;
31.60000000000000142109;157;158;10.046;-0.039;0.003;1580.384;0.258;-0.037;1580.385;-0.503;-0.037;10.031;0.328;-0.048;1568.231;11.877;-1.623;1568.152;-14.733;-1.623;10.011;0.521;-0.074;1578.508;1.927;0.263;1578.542;0.939;0.263;9.956;0.790;-0.054;1577.009;-0.960;-0.117;1577.033;-0.002;-0.117;689;689;569;1181;1181;807;1001;1001.000;656.000;1000;1000.000;744.000;1;1;1;1;
31.80000000000000071054;158;159;10.010;0.015;0.002;1590.394;0.273;-0.035;1590.395;-0.494;-0.035;9.969;0.072;-0.005;1578.200;11.949;-1.628;1578.118;-14.945;-1.628;9.858;-0.355;0.051;1588.366;1.572;0.314;1588.402;0.639;0.314;10.000;-0.000;-0.000;1587.009;-0.960;-0.117;1587.033;-0.022;-0.117;687;687;563;1178;1178;824;1000;1000.000;662.000;1000;1000.000;741.000;1;1;1;1;
32.00000000000000000000;159;160;9.996;0.177;-0.021;1600.390;0.450;-0.057;1600.391;-0.327;-0.057;9.607;-0.029;0.008;1587.807;11.920;-1.620;1587.720;-15.246;-1.620;9.950;-0.742;0.095;1598.316;0.830;0.409;1598.356;-0.032;0.409;10.000;-0.000;-0.000;1597.009;-0.960;-0.117;1597.033;-0.043;-0.117;692;692;564;1185;1185;782;1000;1000.000;663.000;1000;1000.000;728.000;1;1;1;1;
32.20000000000000284217;160;161;9.997;-0.187;0.025;1610.386;0.264;-0.031;1610.387;-0.519;-0.031;10.054;-0.120;-0.011;1597.861;11.799;-1.632;1597.767;-15.652;-1.632;9.968;-0.506;0.072;1608.284;0.324;0.481;1608.329;-0.454;0.481;10.000;-0.000;-0.000;1607.009;-0.960;-0.117;1607.033;-0.063;-0.117;691;691;561;1168;1168;790;1000;1000.000;665.000;1000;1000.000;746.000;1;1;1;1;
32.39999999999999857891;161;162;10.047;0.031;-0.012;1620.433;0.295;-0.044;1620.434;-0.495;-0.044;9.978;-0.274;0.010;1607.839;11.526;-1.621;1607.733;-16.208;-1.621;9.989;-0.111;0.008;1618.274;0.214;0.489;1618.319;-0.480;0.489;10.000;-0.000;-0.000;1617.009;-0.960;-0.117;1617.033;-0.083;-0.117;675;675;560;1177;1177;794;1000;1000.000;686.000;1000;1000.000;766.000;1;1;1;1;
32.60000000000000142109;162;163;10.003;0.028;-0.003;1630.436;0.323;-0.046;1630.437;-0.475;-0.046;10.293;-0.376;0.080;1618.132;11.150;-1.541;1618.012;-16.861;-1.541;9.709;0.054;0.004;1627.982;0.267;0.494;1628.026;-0.342;0.494;9.935;0.343;-0.097;1626.945;-0.617;-0.213;1626.970;0.223;-0.213;672;672;545;1148;1148;793;1000;1000.000;691.000;1000;1000.000;760.000;1;1;1;1;
32.79999999999999715783;163;164;10.030;-0.097;0.006;1640.465;0.226;-0.040;1640.466;-0.579;-0.040;10.076;0.010;-0.054;1628.208;11.160;-1.596;1628.085;-17.131;-1.596;10.054;0.576;-0.077;1638.036;0.844;0.417;1638.076;0.307;0.417;10.039;-0.140;0.054;1636.984;-0.757;-0.159;1637.009;0.055;-0.159;666;666;546;1154;1154;794;1000;1000.000;697.000;1000;1000.000;764.000;1;1;1;1;
33.00000000000000000000;164;165;9.986;-0.056;0.008;1650.451;0.170;-0.032;1650.452;-0.640;-0.032;10.004;0.249;-0.008;1638.212;11.410;-1.603;1638.092;-17.161;-1.603;9.966;-0.134;0.025;1648.003;0.710;0.442;1648.043;0.250;0.442;10.664;0.519;-0.026;1647.648;-0.238;-0.185;1647.675;0.539;-0.185;681;681;550;1156;1156;780;1000;1000.000;675.000;1000;1000.000;781.000;1;1;1;1;
33.20000000000000284217;165;166;10.020;-0.060;0.011;1660.471;0.111;-0.020;1660.472;-0.704;-0.020;10.067;-0.308;0.050;1648.279;11.102;-1.554;1648.147;-17.742;-1.554;9.985;-0.209;-0.005;1657.988;0.501;0.437;1658.030;0.118;0.437;10.000;-0.000;-0.000;1657.648;-0.238;-0.185;1657.674;0.507;-0.185;685;685;564;1158;1158;797;1001;1001.000;668.000;1000;1000.000;758.000;1;1;1;1;
33.39999999999999857891;166;167;9.970;0.004;-0.003;1670.441;0.115;-0.023;1670.442;-0.703;-0.023;9.888;0.407;-0.047;1658.167;11.509;-1.600;1658.043;-17.611;-1.600;9.935;-0.377;0.027;1667.923;0.124;0.464;1667.967;-0.179;0.464;10.074;1.019;-0.120;1667.722;0.780;-0.305;1667.754;1.472;-0.305;677;677;550;1164;1164;765;1000;1000.000;670.000;1000;1000.000;764.000;1;1;1;1;
33.60000000000000142109;167;168;9.970;-0.096;0.011;1680.410;0.019;-0.012;1680.411;-0.802;-0.012;10.238;0.344;-0.051;1668.405;11.853;-1.652;1668.286;-17.563;-1.652;9.757;-0.373;0.046;1677.679;-0.249;0.510;1677.727;-0.466;0.510;10.274;-0.324;0.074;1677.996;0.457;-0.231;1678.026;1.107;-0.231;677;677;553;1129;1129;760;1000;1000.000;703.000;1000;1000.000;717.000;1;1;1;1;
33.79999999999999715783;168;169;9.979;0.058;-0.008;1690.389;0.076;-0.020;1690.390;-0.747;-0.020;9.888;-0.271;0.039;1678.293;11.582;-1.613;1678.162;-18.112;-1.613;9.737;0.397;-0.060;1687.416;0.147;0.449;1687.460;0.007;0.449;10.000;-0.000;-0.000;1687.996;0.457;-0.231;1688.026;1.066;-0.231;660;660;537;1134;1134;774;1000;1000.000;684.000;1000;1000.000;722.000;1;1;1;1;
34.00000000000000000000;169;170;9.998;0.004;-0.007;1700.387;0.081;-0.027;1700.388;-0.748;-0.027;9.836;-0.267;0.042;1688.129;11.314;-1.571;1687.987;-18.649;-1.571;10.056;-0.280;0.011;1697.472;-0.132;0.461;1697.518;-0.192;0.461;10.000;-0.000;-0.000;1697.996;0.457;-0.231;1698.026;1.026;-0.231;668;668;544;1148;1148;778;1000;1000.000;693.000;1000;1000.000;742.000;1;1;1;1;
34.20000000000000284217;170;171;10.014;0.006;-0.002;1710.401;0.087;-0.029;1710.402;-0.747;-0.029;9.939;-0.415;0.053;1698.067;10.899;-1.518;1697.911;-19.327;-1.518;9.859;-0.302;0.062;1707.332;-0.434;0.523;1707.380;-0.403;0.523;10.000;-0.000;-0.000;1707.996;0.457;-0.231;1708.026;0.986;-0.231;679;679;568;1126;1126;769;1000;1000.000;687.000;1000;1000.000;740.000;1;1;1;1;
34.39999999999999857891;171;172;9.969;-0.018;0.007;1720.370;0.068;-0.022;1720.370;-0.769;-0.022;10.097;1.201;-0.128;1708.164;12.100;-1.646;1708.039;-18.417;-1.646;10.063;-0.924;0.109;1717.395;-1.358;0.632;1717.453;-1.217;0.632;9.999;0.124;-0.018;1717.995;0.581;-0.249;1718.025;1.066;-0.249;681;681;571;1136;1136;773;1000;1000.000;679.000;1000;1000.000;745.000;1;1;1;1;
34.60000000000000142109;172;173;10.031;-0.082;0.014;1730.400;-0.014;-0.008;1730.401;-0.853;-0.008;10.031;0.485;-0.035;1718.195;12.585;-1.681;1718.079;-18.226;-1.681;10.247;0.281;-0.020;1727.641;-1.077;0.612;1727.696;-0.826;0.612;10.000;-0.000;-0.000;1727.995;0.581;-0.249;1728.025;1.023;-0.249;701;701;570;1116;1116;761;1000;1000.000;665.000;1000;1000.000;760.000;1;1;1;1;
34.79999999999999715783;173;174;10.018;-0.076;0.012;1740.419;-0.090;0.004;1740.420;-0.929;0.004;10.084;-0.063;0.007;1728.279;12.522;-1.674;1728.157;-18.584;-1.674;10.033;0.051;-0.008;1737.674;-1.026;0.604;1737.727;-0.669;0.604;10.000;-0.000;-0.000;1737.995;0.581;-0.249;1738.025;0.979;-0.249;695;695;572;1117;1117;774;1000;1000.000;678.000;1000;1000.000;768.000;1;1;1;1;
35.00000000000000000000;174;175;10.022;-0.081;0.018;1750.441;-0.171;0.022;1750.442;-1.006;0.022;10.037;-0.250;0.035;1738.315;12.272;-1.639;1738.182;-19.120;-1.639;10.088;-0.196;0.024;1747.762;-1.222;0.628;1747.817;-0.754;0.628;9.993;-0.644;0.071;1747.988;-0.063;-0.178;1748.016;0.304;-0.178;678;678;554;1099;1099;736;1001;1001.000;688.000;1000;1000.000;745.000;1;1;1;1;
35.20000000000000284217;175;176;10.039;0.028;-0.008;1760.479;-0.143;0.014;1760.480;-0.976;0.014;10.234;-0.256;0.016;1748.549;12.016;-1.622;1748.405;-19.666;-1.622;9.924;0.505;-0.047;1757.686;-0.717;0.581;1757.735;-0.148;0.581;10.000;-0.000;-0.000;1757.988;-0.063;-0.178;1758.016;0.273;-0.178;685;685;569;1092;1092;749;1000;1000.000;680.000;1000;1000.000;746.000;1;1;1;1;
35.39999999999999857891;176;177;10.045;-0.011;-0.002;1770.524;-0.155;0.012;1770.525;-0.985;0.012;10.034;0.017;-0.007;1758.583;12.033;-1.629;1758.435;-19.935;-1.629;10.096;-0.280;-0.007;1767.782;-0.997;0.574;1767.833;-0.328;0.574;9.942;-0.560;0.135;1767.930;-0.623;-0.043;1767.958;-0.294;-0.043;691;691;585;1104;1104;745;1000;1000.000;682.000;1000;1000.000;731.000;1;1;1;1;
35.60000000000000142109;177;178;9.935;-0.166;0.016;1780.459;-0.320;0.028;1780.460;-1.145;0.028;9.975;-0.251;0.027;1768.558;11.782;-1.602;1768.399;-20.465;-1.602;10.060;-0.084;0.022;1777.843;-1.081;0.596;1777.894;-0.307;0.596;10.000;-0.000;-0.000;1777.930;-0.623;-0.043;1777.958;-0.302;-0.043;650;650;524;1088;1088;731;1000;1000.000;684.000;1000;1000.000;742.000;1;1;1;1;
35.79999999999999715783;178;179;10.021;-0.075;0.008;1790.480;-0.395;0.036;1790.481;-1.214;0.036;9.882;0.076;0.025;1778.440;11.858;-1.578;1778.279;-20.661;-1.578;10.199;0.516;-0.073;1788.042;-0.565;0.523;1788.088;0.302;0.523;9.637;0.759;-0.124;1787.567;0.136;-0.167;1787.597;0.429;-0.167;656;656;544;1099;1099;756;1000;1000.000;714.000;1000;1000.000;750.000;1;1;1;1;
36.00000000000000000000;179;180;10.013;0.006;0.000;1800.494;-0.389;0.036;1800.495;-1.201;0.036;9.874;-0.144;-0.017;1788.314;11.713;-1.595;1788.146;-21.080;-1.595;9.931;-0.106;0.015;1797.973;-0.671;0.538;1798.020;0.289;0.538;9.662;-0.020;0.003;1797.229;0.116;-0.164;1797.259;0.382;-0.164;646;646;536;1087;1087;700;1000;1000.000;670.000;1000;1000.000;687.000;1;1;1;1;
36.20000000000000284217;180;181;9.972;0.022;-0.002;1810.466;-0.367;0.035;1810.466;-1.174;0.035;10.063;0.712;-0.080;1798.377;12.426;-1.675;1798.225;-20.662;-1.675;9.934;0.213;-0.026;1807.907;-0.458;0.512;1807.952;0.591;0.512;10.000;-0.000;-0.000;1807.229;0.116;-0.164;1807.259;0.353;-0.164;693;693;572;1097;1097;763;1000;1000.000;687.000;1000;1000.000;723.000;1;1;1;1;
36.39999999999999857891;181;182;9.998;-0.109;0.009;1820.464;-0.476;0.044;1820.465;-1.275;0.044;9.877;0.099;-0.015;1808.254;12.525;-1.690;1808.100;-20.854;-1.690;10.221;1.031;-0.118;1818.128;0.573;0.394;1818.166;1.692;0.394;10.000;-0.000;-0.000;1817.229;0.116;-0.164;1817.259;0.324;-0.164;660;658;559;1111;1111;781;1000;1000.000;690.000;1000;1000.000;736.000;1;1;1;1;
36.60000000000000142109;182;183;9.991;0.018;-0.008;1830.454;-0.458;0.036;1830.455;-1.250;0.036;10.188;0.454;-0.049;1818.441;12.979;-1.739;1818.297;-20.710;-1.739;9.975;-0.382;0.044;1828.103;0.191;0.438;1828.143;1.387;0.439;10.045;0.924;-0.076;1827.274;1.040;-0.241;1827.308;1.206;-0.241;664;664;544;1103;1103;735;1000;1000.000;687.000;1000;1000.000;730.000;1;1;1;1;
36.79999999999999715783;183;184;9.993;0.112;-0.014;1840.448;-0.346;0.022;1840.449;-1.135;0.022;9.988;0.038;-0.005;1828.430;13.017;-1.743;1828.282;-20.975;-1.743;10.118;-0.055;-0.008;1838.221;0.136;0.430;1838.261;1.408;0.430;10.000;-0.000;-0.000;1837.274;1.040;-0.241;1837.307;1.164;-0.241;691;691;567;1113;1113;752;1000;1000.000;687.000;1000;1000.000;739.000;1;1;1;1;
37.00000000000000000000;184;185;10.020;0.075;-0.003;1850.467;-0.271;0.019;1850.468;-1.056;0.019;10.013;0.037;-0.021;1838.443;13.054;-1.764;1838.291;-21.246;-1.764;9.778;-0.176;0.046;1847.999;-0.040;0.476;1848.041;1.313;0.476;10.005;-0.283;-0.008;1847.279;0.757;-0.249;1847.312;0.838;-0.249;683;683;574;1105;1105;739;1001;1001.000;682.000;1000;1000.000;730.000;1;1;1;1;
37.20000000000000284217;185;186;9.975;0.093;-0.016;1860.442;-0.178;0.003;1860.443;-0.963;0.003;9.523;0.635;-0.130;1847.966;13.689;-1.894;1847.830;-20.927;-1.894;10.083;-1.067;0.124;1858.082;-1.107;0.599;1858.134;0.352;0.599;10.000;-0.000;-0.000;1857.279;0.757;-0.249;1857.311;0.794;-0.249;683;683;580;1115;1115;755;1000;1000.000;694.000;1000;1000.000;731.000;1;1;1;1;
37.39999999999999857891;186;187;10.004;0.120;-0.007;1870.447;-0.058;-0.004;1870.448;-0.843;-0.004;10.083;0.160;-0.041;1858.049;13.849;-1.935;1857.913;-21.107;-1.935;9.942;0.739;-0.100;1868.023;-0.368;0.499;1868.069;1.177;0.499;10.000;-0.000;-0.000;1867.279;0.757;-0.249;1867.311;0.751;-0.249;698;697;576;1082;1082;735;1000;1000.000;688.000;1000;1000.000;728.000;1;1;1;1;
37.60000000000000142109;187;188;10.011;0.020;0.002;1880.458;-0.038;-0.002;1880.459;-0.824;-0.002;10.095;1.570;-0.301;1868.144;15.420;-2.236;1868.061;-19.931;-2.236;10.066;-0.549;0.053;1878.090;-0.917;0.552;1878.140;0.725;0.552;10.000;-0.000;-0.000;1877.279;0.757;-0.249;1877.311;0.708;-0.249;680;680;561;1058;1058;732;1000;1000.000;689.000;1000;1000.000;721.000;1;1;1;1;
37.79999999999999715783;188;189;10.034;-0.038;0.004;1890.492;-0.075;0.002;1890.493;-0.861;0.002;10.223;-0.102;0.018;1878.367;15.318;-2.218;1878.273;-20.428;-2.218;9.884;0.124;-0.004;1887.974;-0.793;0.548;1888.022;0.944;0.548;10.000;-0.000;-0.000;1887.279;0.757;-0.249;1887.311;0.664;-0.249;662;662;543;1084;1084;743;1000;1000.000;665.000;1000;1000.000;749.000;1;1;1;1;
38.00000000000000000000;189;190;10.038;-0.115;0.017;1900.531;-0.190;0.019;1900.532;-0.973;0.019;10.098;0.105;-0.003;1888.465;15.423;-2.220;1888.367;-20.715;-2.220;10.002;-0.170;-0.009;1897.976;-0.963;0.538;1898.025;0.868;0.538;10.000;-0.000;-0.000;1897.279;0.757;-0.249;1897.311;0.621;-0.249;659;659;548;1108;1108;773;1000;1000.000;704.000;1000;1000.000;729.000;1;1;1;1;
38.20000000000000284217;190;191;10.049;0.006;-0.000;1910.579;-0.184;0.019;1910.580;-0.963;0.019;10.111;0.338;-0.059;1898.575;15.761;-2.279;1898.483;-20.779;-2.279;9.899;-0.199;0.020;1907.875;-1.161;0.559;1907.926;0.766;0.559;10.078;0.849;-0.089;1907.358;1.607;-0.337;1907.394;1.411;-0.337;647;647;527;1137;1137;784;1000;1000.000;705.000;1000;1000.000;739.000;1;1;1;1;
38.39999999999999857891;191;192;10.020;-0.095;0.010;1920.600;-0.279;0.029;1920.601;-1.053;0.029;9.888;-0.237;0.028;1908.463;15.524;-2.251;1908.354;-21.405;-2.251;9.934;-0.465;0.075;1917.809;-1.626;0.634;1917.865;0.411;0.634;9.996;0.284;-0.038;1917.354;1.891;-0.375;1917.392;1.629;-0.375;642;642;535;1108;1108;725;1000;1000.000;679.000;1000;1000.000;682.000;1;1;1;1;
38.60000000000000142109;192;193;9.949;-0.138;0.015;1930.549;-0.417;0.044;1930.550;-1.183;0.044;9.993;0.716;-0.072;1918.456;16.240;-2.323;1918.368;-21.094;-2.323;9.969;-0.244;0.009;1927.778;-1.871;0.643;1927.836;0.278;0.643;9.893;-1.757;0.181;1927.247;0.133;-0.194;1927.279;-0.161;-0.194;673;673;565;1110;1110;730;1000;1000.000;676.000;1000;1000.000;728.000;1;1;1;1;
38.79999999999999715783;193;194;10.004;-0.040;0.000;1940.553;-0.457;0.044;1940.554;-1.216;0.044;9.964;-0.063;0.016;1928.420;16.177;-2.307;1928.322;-21.558;-2.307;10.189;-0.449;0.087;1937.967;-2.320;0.730;1938.030;-0.041;0.730;10.000;-0.000;-0.000;1937.247;0.133;-0.194;1937.279;-0.195;-0.194;656;656;552;1111;1111;735;1000;1000.000;679.000;1000;1000.000;733.000;1;1;1;1;
39.00000000000000000000;194;195;10.049;0.021;-0.002;1950.601;-0.436;0.043;1950.602;-1.187;0.043;10.037;-0.032;0.001;1938.457;16.146;-2.306;1938.349;-21.993;-2.306;9.806;0.306;-0.045;1947.773;-2.014;0.685;1947.831;0.382;0.685;10.000;-0.000;-0.000;1947.247;0.133;-0.194;1947.279;-0.229;-0.194;657;657;557;1130;1130;772;1000;1000.000;677.000;1000;1000.000;739.000;1;1;1;1;
39.20000000000000284217;195;196;10.002;0.168;-0.015;1960.604;-0.268;0.028;1960.605;-1.014;0.028;9.496;-0.378;0.052;1947.953;15.768;-2.255;1947.823;-22.744;-2.255;10.189;0.068;-0.059;1957.961;-1.946;0.626;1958.018;0.562;0.626;10.000;-0.000;-0.000;1957.247;0.133;-0.194;1957.279;-0.263;-0.194;680;680;562;1112;1112;762;1000;1000.000;698.000;1000;1000.000;646.000;1;1;1;1;
39.39999999999999857891;196;197;9.970;0.098;-0.011;1970.573;-0.170;0.017;1970.574;-0.913;0.017;10.000;0.681;-0.062;1957.953;16.449;-2.317;1957.842;-22.468;-2.317;9.939;-0.456;0.044;1967.900;-2.402;0.670;1967.962;0.222;0.670;9.693;0.952;-0.114;1966.940;1.085;-0.307;1966.977;0.637;-0.307;595;595;490;1123;1123;792;1000;1000.000;691.000;829;829.000;634.000;1;1;1;1;
39.60000000000000142109;197;198;9.967;0.017;0.003;1980.540;-0.152;0.020;1980.541;-0.892;0.020;10.072;-0.036;0.015;1968.026;16.413;-2.302;1967.905;-22.909;-2.302;9.966;-0.146;-0.011;1977.866;-2.548;0.659;1977.928;0.190;0.659;10.000;-0.000;-0.000;1976.940;1.085;-0.307;1976.977;0.583;-0.307;683;683;567;1127;1127;747;1000;1000.000;674.000;1000;1000.000;741.000;1;1;1;1;
39.79999999999999715783;198;199;9.990;-0.048;0.005;1990.530;-0.201;0.025;1990.531;-0.936;0.025;9.867;0.039;0.006;1977.893;16.451;-2.296;1977.766;-23.265;-2.296;9.882;0.406;-0.042;1987.748;-2.142;0.617;1987.805;0.703;0.618;10.661;-0.292;0.053;1987.601;0.793;-0.254;1987.636;0.244;-0.254;702;702;584;1113;1113;751;1000;1000.000;686.000;1000;1000.000;734.000;1;1;1;1;
