length=;999;
t1;t2;x;y;yaw;numCorners;numMatches;numInliers;estValid;
0.00000000000000000000;0.20000000000000001110;3.968;-0.181;-0.696;589;589;508;1;
0.20000000000000001110;0.40000000000000002220;3.967;-0.072;-0.702;614;614;534;1;
0.40000000000000002220;0.59999999999999997780;2.983;0.254;-0.744;672;672;586;1;
0.59999999999999997780;0.80000000000000004441;3.994;0.022;-0.707;689;689;595;1;
0.80000000000000004441;1.00000000000000000000;3.994;-0.707;-0.727;658;658;564;1;
1.00000000000000000000;1.19999999999999995559;4.002;0.283;-0.723;602;602;523;1;
1.19999999999999995559;1.39999999999999991118;2.993;0.320;-0.724;619;619;534;1;
1.39999999999999991118;1.60000000000000008882;4.111;-0.664;-0.708;635;635;536;1;
1.60000000000000008882;1.80000000000000004441;3.943;0.594;-0.737;677;677;595;1;
1.80000000000000004441;2.00000000000000000000;3.947;0.617;-0.740;677;677;596;1;
2.00000000000000000000;2.20000000000000017764;3.120;-0.587;-0.716;690;690;576;1;
2.20000000000000017764;2.39999999999999991118;3.979;0.598;-0.720;682;682;596;1;
2.39999999999999991118;2.60000000000000008882;4.096;-0.221;-0.732;699;699;595;1;
2.60000000000000008882;2.79999999999999982236;4.105;-0.355;-0.710;682;682;590;1;
2.79999999999999982236;3.00000000000000000000;2.940;0.556;-0.723;686;686;600;1;
3.00000000000000000000;3.20000000000000017764;4.118;-0.127;-0.729;667;667;580;1;
3.20000000000000017764;3.39999999999999991118;4.109;-0.025;-0.739;679;679;592;1;
3.39999999999999991118;3.60000000000000008882;3.133;-0.366;-0.712;647;647;560;1;
3.60000000000000008882;3.79999999999999982236;4.091;-0.094;-0.706;654;654;573;1;
3.79999999999999982236;4.00000000000000000000;3.862;0.993;-0.719;676;676;598;1;
4.00000000000000000000;4.20000000000000017764;3.190;-0.042;-0.735;678;678;590;1;
4.20000000000000017764;4.40000000000000035527;4.129;0.083;-0.715;653;653;565;1;
4.40000000000000035527;4.59999999999999964473;4.132;0.204;-0.720;682;682;596;1;
4.59999999999999964473;4.79999999999999982236;3.465;-1.110;-0.710;689;688;577;1;
4.79999999999999982236;5.00000000000000000000;4.133;0.346;-0.727;683;683;599;1;
5.00000000000000000000;5.20000000000000017764;3.120;-0.029;-0.712;674;674;571;1;
5.20000000000000017764;5.40000000000000035527;4.078;0.216;-0.697;649;649;563;1;
5.40000000000000035527;5.59999999999999964473;3.156;0.114;-0.722;614;614;525;1;
5.59999999999999964473;5.79999999999999982236;4.441;-0.411;-0.724;610;609;519;1;
5.79999999999999982236;6.00000000000000000000;3.138;0.098;-0.702;601;601;514;1;
6.00000000000000000000;6.20000000000000017764;4.074;0.490;-0.710;623;623;538;1;
6.20000000000000017764;6.40000000000000035527;3.534;-0.524;-0.739;652;652;558;1;
6.40000000000000035527;6.59999999999999964473;4.032;0.713;-0.722;665;665;584;1;
6.59999999999999964473;6.79999999999999982236;3.546;-0.636;-0.709;652;652;555;1;
6.79999999999999982236;7.00000000000000000000;4.525;-0.163;-0.715;670;670;579;1;
7.00000000000000000000;7.20000000000000017764;3.134;0.279;-0.699;670;670;592;1;
7.20000000000000017764;7.40000000000000035527;4.472;-0.017;-0.721;672;672;576;1;
7.40000000000000035527;7.59999999999999964473;3.551;-0.232;-0.734;685;685;591;1;
7.59999999999999964473;7.79999999999999982236;3.114;0.534;-0.721;686;686;600;1;
7.79999999999999982236;8.00000000000000000000;4.504;0.187;-0.722;687;687;585;1;
8.00000000000000000000;8.19999999999999928946;3.630;-0.282;-0.715;687;687;582;1;
8.19999999999999928946;8.40000000000000035527;3.600;-0.183;-0.727;684;684;576;1;
8.40000000000000035527;8.59999999999999964473;3.625;-0.305;-0.707;679;679;579;1;
8.59999999999999964473;8.80000000000000071054;4.468;0.360;-0.713;685;685;595;1;
8.80000000000000071054;9.00000000000000000000;3.625;-0.156;-0.710;678;678;576;1;
9.00000000000000000000;9.19999999999999928946;3.607;-0.163;-0.712;688;688;586;1;
9.19999999999999928946;9.40000000000000035527;3.641;-0.090;-0.704;682;682;586;1;
9.40000000000000035527;9.59999999999999964473;3.645;0.121;-0.735;682;682;589;1;
9.59999999999999964473;9.80000000000000071054;3.611;-0.055;-0.699;628;628;542;1;
9.80000000000000071054;10.00000000000000000000;3.593;0.163;-0.725;645;645;554;1;
10.00000000000000000000;10.19999999999999928946;4.215;-0.574;-0.728;685;685;579;1;
10.19999999999999928946;10.40000000000000035527;3.554;0.117;-0.704;687;687;598;1;
10.40000000000000035527;10.59999999999999964473;3.553;0.312;-0.728;675;675;581;1;
10.59999999999999964473;10.80000000000000071054;3.583;0.325;-0.719;678;678;583;1;
10.80000000000000071054;11.00000000000000000000;4.194;-0.375;-0.720;677;677;571;1;
11.00000000000000000000;11.19999999999999928946;3.596;0.442;-0.725;690;690;596;1;
11.19999999999999928946;11.40000000000000035527;4.246;-0.325;-0.711;679;679;567;1;
11.40000000000000035527;11.59999999999999964473;3.598;0.614;-0.732;682;682;587;1;
11.59999999999999964473;11.80000000000000071054;4.280;-0.204;-0.720;662;662;562;1;
11.80000000000000071054;12.00000000000000000000;2.857;-0.242;-0.701;675;675;591;1;
12.00000000000000000000;12.19999999999999928946;4.225;0.131;-0.743;697;697;595;1;
12.19999999999999928946;12.40000000000000035527;4.228;0.074;-0.727;691;691;594;1;
12.40000000000000035527;12.59999999999999964473;2.849;-0.063;-0.714;680;680;594;1;
12.59999999999999964473;12.80000000000000071054;4.229;0.065;-0.724;686;686;586;1;
12.80000000000000071054;13.00000000000000000000;4.258;0.123;-0.721;700;700;600;1;
13.00000000000000000000;13.19999999999999928946;2.842;0.047;-0.706;665;665;579;1;
13.19999999999999928946;13.40000000000000035527;4.210;0.269;-0.723;691;691;597;1;
13.40000000000000035527;13.59999999999999964473;3.572;-0.530;-0.712;673;673;574;1;
13.59999999999999964473;13.80000000000000071054;4.218;0.256;-0.707;663;663;568;1;
13.80000000000000071054;14.00000000000000000000;3.636;-0.251;-0.730;684;684;576;1;
14.00000000000000000000;14.19999999999999928946;4.220;0.567;-0.737;674;674;580;1;
14.19999999999999928946;14.40000000000000035527;3.631;-0.525;-0.684;689;689;590;1;
14.40000000000000035527;14.59999999999999964473;3.610;-0.237;-0.719;679;679;572;1;
14.59999999999999964473;14.80000000000000071054;3.563;-0.073;-0.733;647;647;552;1;
14.80000000000000071054;15.00000000000000000000;4.234;0.651;-0.719;657;657;572;1;
15.00000000000000000000;15.19999999999999928946;3.626;-0.148;-0.721;676;676;578;1;
15.19999999999999928946;15.40000000000000035527;3.549;-0.078;-0.719;678;678;577;1;
15.40000000000000035527;15.59999999999999964473;3.609;0.007;-0.719;679;679;579;1;
15.59999999999999964473;15.80000000000000071054;3.582;0.059;-0.717;694;694;591;1;
15.80000000000000071054;16.00000000000000000000;3.642;0.078;-0.718;669;669;572;1;
16.00000000000000000000;16.19999999999999928946;3.605;0.147;-0.721;671;671;573;1;
16.19999999999999928946;16.39999999999999857891;4.505;-0.304;-0.721;690;690;590;1;
16.39999999999999857891;16.60000000000000142109;3.558;0.242;-0.725;685;685;591;1;
16.60000000000000142109;16.80000000000000071054;3.551;0.323;-0.727;687;687;594;1;
16.80000000000000071054;17.00000000000000000000;3.578;0.189;-0.708;682;682;583;1;
17.00000000000000000000;17.19999999999999928946;4.468;-0.047;-0.729;682;682;580;1;
17.19999999999999928946;17.39999999999999857891;3.144;-0.434;-0.728;638;638;539;1;
17.39999999999999857891;17.60000000000000142109;3.569;0.432;-0.715;637;637;554;1;
17.60000000000000142109;17.80000000000000071054;4.440;0.051;-0.718;688;688;595;1;
17.80000000000000071054;18.00000000000000000000;3.130;-0.499;-0.705;677;677;565;1;
18.00000000000000000000;18.19999999999999928946;4.506;0.168;-0.725;677;677;590;1;
18.19999999999999928946;18.39999999999999857891;3.563;0.739;-0.731;684;684;601;1;
18.39999999999999857891;18.60000000000000142109;4.098;-0.575;-0.719;687;687;593;1;
18.60000000000000142109;18.80000000000000071054;3.537;0.708;-0.727;689;689;614;1;
18.80000000000000071054;19.00000000000000000000;4.057;-0.578;-0.712;639;639;540;1;
19.00000000000000000000;19.19999999999999928946;3.182;-0.046;-0.734;653;653;557;1;
19.19999999999999928946;19.39999999999999857891;4.426;0.363;-0.701;660;660;576;1;
19.39999999999999857891;19.60000000000000142109;3.188;0.194;-0.749;673;673;584;1;
19.60000000000000142109;19.80000000000000071054;4.102;-0.310;-0.722;687;687;589;1;
19.80000000000000071054;20.00000000000000000000;3.199;-0.059;-0.709;680;680;589;1;
20.00000000000000000000;20.19999999999999928946;4.105;-0.284;-0.714;686;686;589;1;
20.19999999999999928946;20.39999999999999857891;3.433;1.048;-0.728;692;692;614;1;
20.39999999999999857891;20.60000000000000142109;4.130;-0.132;-0.711;669;669;575;1;
20.60000000000000142109;20.80000000000000071054;4.146;-0.242;-0.701;681;681;578;1;
20.80000000000000071054;21.00000000000000000000;3.161;0.416;-0.756;681;681;610;1;
21.00000000000000000000;21.19999999999999928946;3.840;-0.918;-0.728;653;653;545;1;
21.19999999999999928946;21.39999999999999857891;4.167;0.223;-0.742;673;673;580;1;
21.39999999999999857891;21.60000000000000142109;3.107;0.393;-0.724;657;657;571;1;
21.60000000000000142109;21.80000000000000071054;4.096;0.092;-0.713;675;675;586;1;
21.80000000000000071054;22.00000000000000000000;4.148;0.260;-0.723;663;663;573;1;
22.00000000000000000000;22.19999999999999928946;2.937;-0.467;-0.720;658;658;567;1;
22.19999999999999928946;22.39999999999999857891;4.112;0.387;-0.728;659;659;575;1;
22.39999999999999857891;22.60000000000000142109;4.111;0.585;-0.745;652;652;579;1;
22.60000000000000142109;22.80000000000000071054;3.966;-0.564;-0.713;685;685;580;1;
22.80000000000000071054;23.00000000000000000000;3.159;0.528;-0.709;677;677;591;1;
23.00000000000000000000;23.19999999999999928946;3.957;-0.519;-0.716;693;693;583;1;
23.19999999999999928946;23.39999999999999857891;4.029;-0.431;-0.715;689;689;589;1;
23.39999999999999857891;23.60000000000000142109;4.070;0.608;-0.711;680;680;607;1;
23.60000000000000142109;23.80000000000000071054;2.981;-0.327;-0.708;663;663;574;1;
23.80000000000000071054;24.00000000000000000000;3.969;-0.118;-0.735;693;693;599;1;
24.00000000000000000000;24.19999999999999928946;4.032;0.966;-0.736;687;687;614;1;
24.19999999999999928946;24.39999999999999857891;3.955;-0.051;-0.731;661;661;575;1;
24.39999999999999857891;24.60000000000000142109;2.934;0.043;-0.730;674;674;586;1;
24.60000000000000142109;24.80000000000000071054;4.080;-0.127;-0.709;671;671;584;1;
24.80000000000000071054;25.00000000000000000000;3.975;-0.060;-0.720;666;666;582;1;
25.00000000000000000000;25.19999999999999928946;3.998;0.201;-0.730;653;653;575;1;
25.19999999999999928946;25.39999999999999857891;4.001;0.141;-0.723;681;681;596;1;
25.39999999999999857891;25.60000000000000142109;2.992;0.038;-0.703;645;645;564;1;
25.60000000000000142109;25.80000000000000071054;4.023;0.338;-0.743;674;674;598;1;
25.80000000000000071054;26.00000000000000000000;4.078;-0.633;-0.736;681;681;575;1;
26.00000000000000000000;26.19999999999999928946;4.002;0.172;-0.703;673;673;588;1;
26.19999999999999928946;26.39999999999999857891;3.027;0.116;-0.695;685;685;606;1;
26.39999999999999857891;26.60000000000000142109;4.070;-0.452;-0.733;661;661;560;1;
26.60000000000000142109;26.80000000000000071054;3.960;0.196;-0.693;645;643;564;1;
26.80000000000000071054;27.00000000000000000000;4.016;0.436;-0.711;687;687;605;1;
27.00000000000000000000;27.19999999999999928946;3.103;-0.580;-0.717;690;690;579;1;
27.19999999999999928946;27.39999999999999857891;3.902;0.510;-0.706;680;680;595;1;
27.39999999999999857891;27.60000000000000142109;4.094;-0.453;-0.703;679;679;584;1;
27.60000000000000142109;27.80000000000000071054;4.097;-0.271;-0.718;693;693;598;1;
27.80000000000000071054;28.00000000000000000000;2.997;0.545;-0.720;684;684;602;1;
28.00000000000000000000;28.19999999999999928946;4.126;-0.197;-0.711;677;677;583;1;
28.19999999999999928946;28.39999999999999857891;4.051;-0.144;-0.717;667;667;579;1;
28.39999999999999857891;28.60000000000000142109;3.169;-0.371;-0.707;673;673;579;1;
28.60000000000000142109;28.80000000000000071054;4.109;0.022;-0.731;635;635;546;1;
28.80000000000000071054;29.00000000000000000000;3.779;0.942;-0.709;663;663;604;1;
29.00000000000000000000;29.19999999999999928946;3.128;-0.074;-0.732;687;687;599;1;
29.19999999999999928946;29.39999999999999857891;4.087;0.178;-0.727;684;684;593;1;
29.39999999999999857891;29.60000000000000142109;4.144;0.238;-0.717;682;682;595;1;
29.60000000000000142109;29.80000000000000071054;3.504;-1.174;-0.705;687;687;580;1;
29.80000000000000071054;30.00000000000000000000;4.132;0.386;-0.726;669;669;596;1;
30.00000000000000000000;30.19999999999999928946;3.194;0.029;-0.719;673;673;594;1;
30.19999999999999928946;30.39999999999999857891;4.104;0.315;-0.703;669;669;592;1;
30.39999999999999857891;30.60000000000000142109;3.160;0.048;-0.717;648;648;572;1;
30.60000000000000142109;30.80000000000000071054;4.452;-0.447;-0.720;663;663;569;1;
30.80000000000000071054;31.00000000000000000000;3.138;0.158;-0.719;678;678;587;1;
31.00000000000000000000;31.19999999999999928946;4.043;0.367;-0.691;643;643;564;1;
31.19999999999999928946;31.39999999999999857891;3.554;-0.575;-0.732;609;609;517;1;
31.39999999999999857891;31.60000000000000142109;4.058;0.670;-0.719;615;615;539;1;
31.60000000000000142109;31.80000000000000071054;3.569;-0.616;-0.716;634;634;543;1;
31.80000000000000071054;32.00000000000000000000;4.439;-0.161;-0.707;642;642;562;1;
32.00000000000000000000;32.20000000000000284217;3.135;0.409;-0.718;639;639;553;1;
32.20000000000000284217;32.39999999999999857891;4.435;0.052;-0.722;678;678;581;1;
32.39999999999999857891;32.60000000000000142109;3.585;-0.355;-0.726;673;673;567;1;
32.60000000000000142109;32.79999999999999715783;3.103;0.522;-0.718;669;669;587;1;
32.79999999999999715783;33.00000000000000000000;4.445;0.245;-0.727;672;672;591;1;
33.00000000000000000000;33.20000000000000284217;3.618;-0.323;-0.710;658;658;569;1;
33.20000000000000284217;33.39999999999999857891;3.615;-0.206;-0.728;675;674;590;1;
33.39999999999999857891;33.60000000000000142109;3.576;-0.031;-0.731;653;653;579;1;
33.60000000000000142109;33.79999999999999715783;4.446;0.319;-0.705;648;648;569;1;
33.79999999999999715783;34.00000000000000000000;3.606;-0.005;-0.728;666;665;578;1;
34.00000000000000000000;34.20000000000000284217;3.608;-0.127;-0.712;623;622;535;1;
34.20000000000000284217;34.39999999999999857891;3.599;-0.077;-0.713;664;664;565;1;
34.39999999999999857891;34.60000000000000142109;3.598;-0.000;-0.707;674;674;591;1;
34.60000000000000142109;34.79999999999999715783;3.615;0.169;-0.731;665;665;576;1;
34.79999999999999715783;35.00000000000000000000;3.617;0.123;-0.714;636;636;560;1;
35.00000000000000000000;35.20000000000000284217;4.205;-0.430;-0.745;646;646;550;1;
35.20000000000000284217;35.39999999999999857891;3.553;0.139;-0.704;642;642;559;1;
35.39999999999999857891;35.60000000000000142109;3.579;0.260;-0.712;656;656;571;1;
35.60000000000000142109;35.79999999999999715783;3.574;0.322;-0.720;652;652;566;1;
35.79999999999999715783;36.00000000000000000000;4.251;-0.524;-0.702;680;680;585;1;
36.00000000000000000000;36.20000000000000284217;3.624;0.294;-0.710;693;693;614;1;
36.20000000000000284217;36.39999999999999857891;4.263;-0.349;-0.711;681;681;588;1;
36.39999999999999857891;36.60000000000000142109;3.614;0.440;-0.706;683;682;608;1;
36.60000000000000142109;36.79999999999999715783;4.259;-0.176;-0.721;653;653;560;1;
36.79999999999999715783;37.00000000000000000000;2.806;-0.187;-0.711;636;636;546;1;
37.00000000000000000000;37.20000000000000284217;4.228;-0.119;-0.716;604;604;521;1;
37.20000000000000284217;37.39999999999999857891;4.274;-0.109;-0.710;611;611;526;1;
37.39999999999999857891;37.60000000000000142109;2.844;0.083;-0.732;665;665;570;1;
37.60000000000000142109;37.79999999999999715783;4.253;-0.108;-0.693;687;687;599;1;
37.79999999999999715783;38.00000000000000000000;4.280;0.133;-0.721;684;684;586;1;
38.00000000000000000000;38.20000000000000284217;2.816;0.235;-0.727;665;664;581;1;
38.20000000000000284217;38.39999999999999857891;4.271;0.120;-0.704;692;692;603;1;
38.39999999999999857891;38.60000000000000142109;3.563;-0.583;-0.708;683;683;586;1;
38.60000000000000142109;38.79999999999999715783;4.244;0.402;-0.723;696;696;611;1;
38.79999999999999715783;39.00000000000000000000;3.544;-0.339;-0.723;655;655;561;1;
39.00000000000000000000;39.20000000000000284217;4.236;0.461;-0.718;668;668;581;1;
39.20000000000000284217;39.39999999999999857891;3.653;-0.286;-0.724;680;680;592;1;
39.39999999999999857891;39.60000000000000142109;3.638;-0.268;-0.715;674;673;582;1;
39.60000000000000142109;39.79999999999999715783;3.568;-0.226;-0.711;660;659;572;1;
39.79999999999999715783;40.00000000000000000000;4.227;0.429;-0.693;644;643;564;1;
40.00000000000000000000;40.20000000000000284217;3.612;-0.124;-0.710;647;644;562;1;
40.20000000000000284217;40.39999999999999857891;3.602;-0.033;-0.722;656;655;568;1;
40.39999999999999857891;40.60000000000000142109;3.619;-0.060;-0.720;670;670;584;1;
40.60000000000000142109;40.79999999999999715783;3.608;-0.158;-0.695;682;682;597;1;
40.79999999999999715783;41.00000000000000000000;3.596;0.108;-0.725;679;679;600;1;
41.00000000000000000000;41.20000000000000284217;3.586;0.093;-0.714;670;670;578;1;
41.20000000000000284217;41.39999999999999857891;4.455;-0.398;-0.719;682;682;589;1;
41.39999999999999857891;41.60000000000000142109;3.625;0.270;-0.726;653;653;563;1;
41.60000000000000142109;41.79999999999999715783;3.623;0.343;-0.725;682;682;597;1;
41.79999999999999715783;42.00000000000000000000;3.559;0.415;-0.736;649;649;565;1;
42.00000000000000000000;42.20000000000000284217;4.517;-0.210;-0.706;637;636;553;1;
42.20000000000000284217;42.39999999999999857891;3.137;-0.678;-0.691;680;680;589;1;
42.39999999999999857891;42.60000000000000142109;3.603;0.331;-0.705;695;695;608;1;
42.60000000000000142109;42.79999999999999715783;4.460;0.150;-0.735;686;686;599;1;
42.79999999999999715783;43.00000000000000000000;3.100;-0.406;-0.712;688;688;610;1;
43.00000000000000000000;43.20000000000000284217;4.488;0.026;-0.700;679;679;608;1;
43.20000000000000284217;43.39999999999999857891;3.557;0.568;-0.716;661;661;596;1;
43.39999999999999857891;43.60000000000000142109;4.098;-0.751;-0.701;688;688;603;1;
43.60000000000000142109;43.79999999999999715783;3.499;0.802;-0.737;616;616;553;1;
43.79999999999999715783;44.00000000000000000000;4.046;-0.664;-0.704;591;591;515;1;
44.00000000000000000000;44.20000000000000284217;3.095;0.052;-0.743;597;597;521;1;
44.20000000000000284217;44.39999999999999857891;4.415;0.507;-0.722;613;613;530;1;
44.39999999999999857891;44.60000000000000142109;3.158;-0.049;-0.721;594;594;512;1;
44.60000000000000142109;44.79999999999999715783;4.069;-0.526;-0.698;651;651;557;1;
44.79999999999999715783;45.00000000000000000000;3.081;-0.047;-0.716;652;652;565;1;
45.00000000000000000000;45.20000000000000284217;4.120;-0.267;-0.717;652;652;551;1;
45.20000000000000284217;45.39999999999999857891;3.444;1.166;-0.729;650;650;594;1;
45.39999999999999857891;45.60000000000000142109;4.130;-0.065;-0.727;675;673;594;1;
45.60000000000000142109;45.79999999999999715783;4.192;-0.208;-0.702;692;692;597;1;
45.79999999999999715783;46.00000000000000000000;3.118;0.335;-0.734;686;686;613;1;
46.00000000000000000000;46.20000000000000284217;3.849;-0.845;-0.738;688;688;593;1;
46.20000000000000284217;46.39999999999999857891;4.139;-0.182;-0.693;681;680;603;1;
46.39999999999999857891;46.60000000000000142109;3.178;0.339;-0.716;676;676;599;1;
46.60000000000000142109;46.79999999999999715783;4.084;0.037;-0.702;672;672;592;1;
46.79999999999999715783;47.00000000000000000000;4.130;0.200;-0.714;655;655;577;1;
47.00000000000000000000;47.20000000000000284217;2.979;-0.515;-0.717;619;619;532;1;
47.20000000000000284217;47.39999999999999857891;4.120;0.302;-0.724;653;653;574;1;
47.39999999999999857891;47.60000000000000142109;4.135;0.345;-0.719;668;668;591;1;
47.60000000000000142109;47.79999999999999715783;3.966;-0.530;-0.721;687;687;595;1;
47.79999999999999715783;48.00000000000000000000;3.098;0.664;-0.720;682;682;613;1;
48.00000000000000000000;48.20000000000000284217;3.914;-0.474;-0.712;666;666;574;1;
48.20000000000000284217;48.39999999999999857891;3.985;-0.475;-0.711;652;652;564;1;
48.39999999999999857891;48.60000000000000142109;4.070;0.646;-0.720;672;672;586;1;
48.60000000000000142109;48.79999999999999715783;2.993;-0.097;-0.733;684;684;596;1;
48.79999999999999715783;49.00000000000000000000;4.016;-0.303;-0.713;696;696;603;1;
49.00000000000000000000;49.20000000000000284217;3.981;0.797;-0.723;672;672;601;1;
49.20000000000000284217;49.39999999999999857891;3.982;-0.241;-0.713;685;685;589;1;
49.39999999999999857891;49.60000000000000142109;3.028;-0.035;-0.726;676;676;586;1;
49.60000000000000142109;49.79999999999999715783;4.030;-0.047;-0.719;697;697;607;1;
49.79999999999999715783;50.00000000000000000000;4.032;-0.075;-0.710;677;676;586;1;
50.00000000000000000000;50.20000000000000284217;3.991;-0.008;0.712;672;672;574;1;
50.20000000000000284217;50.39999999999999857891;4.027;-0.122;0.717;673;673;584;1;
50.39999999999999857891;50.60000000000000142109;2.973;-0.172;0.728;679;677;594;1;
50.60000000000000142109;50.79999999999999715783;4.049;-0.246;0.726;674;674;600;1;
50.79999999999999715783;51.00000000000000000000;4.002;0.728;0.723;698;698;599;1;
51.00000000000000000000;51.20000000000000284217;4.042;-0.194;0.701;657;657;580;1;
51.20000000000000284217;51.39999999999999857891;2.958;-0.375;0.729;669;668;593;1;
51.39999999999999857891;51.60000000000000142109;4.053;0.405;0.744;673;672;582;1;
51.60000000000000142109;51.79999999999999715783;3.981;-0.378;0.709;674;672;583;1;
51.79999999999999715783;52.00000000000000000000;3.981;-0.459;0.715;674;674;604;1;
52.00000000000000000000;52.20000000000000284217;3.118;0.752;0.700;683;683;590;1;
52.20000000000000284217;52.39999999999999857891;3.985;-0.616;0.726;681;681;604;1;
52.39999999999999857891;52.60000000000000142109;4.087;0.423;0.704;679;678;583;1;
52.60000000000000142109;52.79999999999999715783;4.109;0.245;0.723;664;660;576;1;
52.79999999999999715783;53.00000000000000000000;2.995;-0.623;0.725;674;674;603;1;
53.00000000000000000000;53.20000000000000284217;4.142;0.256;0.713;662;661;576;1;
53.20000000000000284217;53.39999999999999857891;4.131;0.185;0.708;665;665;577;1;
53.39999999999999857891;53.60000000000000142109;3.112;0.381;0.717;674;672;588;1;
53.60000000000000142109;53.79999999999999715783;4.161;0.208;0.693;685;685;592;1;
53.79999999999999715783;54.00000000000000000000;3.857;-0.953;0.717;678;678;605;1;
54.00000000000000000000;54.20000000000000284217;3.196;0.319;0.709;689;689;593;1;
54.20000000000000284217;54.39999999999999857891;4.120;-0.031;0.703;683;683;593;1;
54.39999999999999857891;54.60000000000000142109;4.094;-0.242;0.733;680;679;588;1;
54.60000000000000142109;54.79999999999999715783;3.447;1.005;0.715;657;657;557;1;
54.79999999999999715783;55.00000000000000000000;4.133;-0.099;0.699;651;651;582;1;
55.00000000000000000000;55.20000000000000284217;3.200;0.058;0.705;661;661;576;1;
55.20000000000000284217;55.39999999999999857891;4.114;-0.254;0.705;680;680;597;1;
55.39999999999999857891;55.60000000000000142109;3.172;0.033;0.710;679;679;593;1;
55.60000000000000142109;55.79999999999999715783;4.377;0.471;0.719;683;683;590;1;
55.79999999999999715783;56.00000000000000000000;3.076;-0.277;0.730;683;681;602;1;
56.00000000000000000000;56.20000000000000284217;4.110;-0.637;0.728;696;696;615;1;
56.20000000000000284217;56.39999999999999857891;3.486;0.588;0.731;700;700;594;1;
56.39999999999999857891;56.60000000000000142109;4.052;-0.669;0.720;682;682;607;1;
56.60000000000000142109;56.79999999999999715783;3.559;0.751;0.700;675;675;570;1;
56.79999999999999715783;57.00000000000000000000;4.457;0.201;0.706;678;678;588;1;
57.00000000000000000000;57.20000000000000284217;3.148;-0.400;0.717;672;672;590;1;
57.20000000000000284217;57.39999999999999857891;4.517;-0.130;0.734;681;681;596;1;
57.39999999999999857891;57.60000000000000142109;3.545;0.468;0.704;670;670;581;1;
57.60000000000000142109;57.79999999999999715783;3.167;-0.345;0.698;650;650;570;1;
57.79999999999999715783;58.00000000000000000000;4.467;-0.092;0.711;670;670;576;1;
58.00000000000000000000;58.20000000000000284217;3.625;0.463;0.697;677;677;581;1;
58.20000000000000284217;58.39999999999999857891;3.582;0.188;0.726;677;676;580;1;
58.39999999999999857891;58.60000000000000142109;3.572;0.230;0.717;681;681;591;1;
58.60000000000000142109;58.79999999999999715783;4.467;-0.274;0.705;691;691;607;1;
58.79999999999999715783;59.00000000000000000000;3.666;0.030;0.720;681;681;580;1;
59.00000000000000000000;59.20000000000000284217;3.612;0.015;0.725;672;672;581;1;
59.20000000000000284217;59.39999999999999857891;3.613;0.051;0.716;669;669;570;1;
59.39999999999999857891;59.60000000000000142109;3.566;0.002;0.708;656;656;559;1;
59.60000000000000142109;59.79999999999999715783;3.576;-0.057;0.712;674;674;582;1;
59.79999999999999715783;60.00000000000000000000;3.564;-0.069;0.709;677;677;590;1;
60.00000000000000000000;60.20000000000000284217;4.179;0.582;0.721;690;690;580;1;
60.20000000000000284217;60.39999999999999857891;3.654;-0.190;0.711;695;695;598;1;
60.39999999999999857891;60.60000000000000142109;3.541;-0.287;0.718;673;673;580;1;
60.60000000000000142109;60.79999999999999715783;3.621;-0.464;0.730;692;692;607;1;
60.79999999999999715783;61.00000000000000000000;4.192;0.362;0.724;685;685;585;1;
61.00000000000000000000;61.20000000000000284217;3.598;-0.538;0.735;686;686;593;1;
61.20000000000000284217;61.39999999999999857891;4.205;0.231;0.728;673;673;579;1;
61.39999999999999857891;61.60000000000000142109;3.604;-0.402;0.708;684;684;607;1;
61.60000000000000142109;61.79999999999999715783;4.199;0.118;0.726;687;686;591;1;
61.79999999999999715783;62.00000000000000000000;2.847;0.029;0.726;689;689;594;1;
62.00000000000000000000;62.20000000000000284217;4.246;-0.038;0.736;681;681;584;1;
62.20000000000000284217;62.39999999999999857891;4.248;0.116;0.710;666;666;578;1;
62.39999999999999857891;62.60000000000000142109;2.842;-0.132;0.735;692;692;603;1;
62.60000000000000142109;62.79999999999999715783;4.242;-0.114;0.726;676;676;583;1;
62.79999999999999715783;63.00000000000000000000;4.255;-0.091;0.716;683;683;586;1;
63.00000000000000000000;63.20000000000000284217;2.816;-0.169;0.724;672;672;580;1;
63.20000000000000284217;63.39999999999999857891;4.255;-0.194;0.712;677;677;589;1;
63.39999999999999857891;63.60000000000000142109;3.647;0.534;0.711;675;675;574;1;
63.60000000000000142109;63.79999999999999715783;4.235;-0.301;0.720;686;685;597;1;
63.79999999999999715783;64.00000000000000000000;3.580;0.274;0.729;672;672;573;1;
64.00000000000000000000;64.20000000000000284217;4.161;-0.451;0.720;664;664;580;1;
64.20000000000000284217;64.40000000000000568434;3.607;0.360;0.712;669;669;570;1;
64.40000000000000568434;64.59999999999999431566;3.616;0.180;0.728;668;668;569;1;
64.59999999999999431566;64.79999999999999715783;3.583;0.120;0.728;673;673;589;1;
64.79999999999999715783;65.00000000000000000000;4.175;-0.750;0.730;666;665;583;1;
65.00000000000000000000;65.20000000000000284217;3.594;-0.093;0.747;687;687;588;1;
65.20000000000000284217;65.40000000000000568434;3.605;0.001;0.724;671;671;582;1;
65.40000000000000568434;65.59999999999999431566;3.594;0.000;0.722;692;692;592;1;
65.59999999999999431566;65.79999999999999715783;3.575;0.047;0.712;691;691;597;1;
65.79999999999999715783;66.00000000000000000000;3.567;-0.051;0.715;660;660;572;1;
66.00000000000000000000;66.20000000000000284217;3.568;-0.110;0.715;655;651;570;1;
66.20000000000000284217;66.40000000000000568434;4.482;0.407;0.712;666;666;565;1;
66.40000000000000568434;66.59999999999999431566;3.612;-0.121;0.708;672;672;578;1;
66.59999999999999431566;66.79999999999999715783;3.601;-0.310;0.726;682;682;606;1;
66.79999999999999715783;67.00000000000000000000;3.620;-0.286;0.718;673;673;586;1;
67.00000000000000000000;67.20000000000000284217;4.454;0.095;0.719;668;668;572;1;
67.20000000000000284217;67.40000000000000568434;3.144;0.439;0.725;685;685;582;1;
67.40000000000000568434;67.59999999999999431566;3.546;-0.449;0.722;676;676;589;1;
67.59999999999999431566;67.79999999999999715783;4.434;0.088;0.704;687;687;596;1;
67.79999999999999715783;68.00000000000000000000;3.165;0.349;0.726;692;692;585;1;
68.00000000000000000000;68.20000000000000284217;4.448;-0.300;0.739;695;695;605;1;
68.20000000000000284217;68.40000000000000568434;3.527;-0.682;0.727;675;675;594;1;
68.40000000000000568434;68.59999999999999431566;4.066;0.542;0.733;688;688;582;1;
68.59999999999999431566;68.79999999999999715783;3.516;-0.577;0.705;691;691;608;1;
68.79999999999999715783;69.00000000000000000000;4.057;0.511;0.717;689;687;593;1;
69.00000000000000000000;69.20000000000000284217;3.105;0.118;0.721;676;676;585;1;
69.20000000000000284217;69.40000000000000568434;4.460;-0.448;0.708;686;686;603;1;
69.40000000000000568434;69.59999999999999431566;3.164;0.156;0.715;682;682;577;1;
69.59999999999999431566;69.79999999999999715783;4.153;0.309;0.721;690;690;589;1;
69.79999999999999715783;70.00000000000000000000;3.129;-0.112;0.741;688;688;609;1;
70.00000000000000000000;70.20000000000000284217;4.123;0.299;0.709;691;691;591;1;
70.20000000000000284217;70.40000000000000568434;3.425;-1.150;0.731;689;689;615;1;
70.40000000000000568434;70.59999999999999431566;4.090;0.065;0.734;700;700;605;1;
70.59999999999999431566;70.79999999999999715783;4.084;0.113;0.714;681;681;581;1;
70.79999999999999715783;71.00000000000000000000;3.130;-0.360;0.728;668;668;583;1;
71.00000000000000000000;71.20000000000000284217;3.894;0.805;0.739;646;646;540;1;
71.20000000000000284217;71.40000000000000568434;4.103;-0.059;0.709;685;685;594;1;
71.40000000000000568434;71.59999999999999431566;3.146;-0.392;0.729;670;670;586;1;
71.59999999999999431566;71.79999999999999715783;4.109;-0.340;0.740;668;668;574;1;
71.79999999999999715783;72.00000000000000000000;4.124;-0.106;0.702;680;680;592;1;
72.00000000000000000000;72.20000000000000284217;2.969;0.442;0.729;677;677;579;1;
72.20000000000000284217;72.40000000000000568434;4.096;-0.474;0.735;690;690;603;1;
72.40000000000000568434;72.59999999999999431566;4.067;-0.427;0.716;679;679;599;1;
72.59999999999999431566;72.79999999999999715783;3.968;0.445;0.731;642;642;545;1;
72.79999999999999715783;73.00000000000000000000;3.130;-0.609;0.718;686;686;603;1;
73.00000000000000000000;73.20000000000000284217;3.943;0.519;0.707;687;687;579;1;
73.20000000000000284217;73.40000000000000568434;4.020;0.218;0.743;670;670;578;1;
73.40000000000000568434;73.59999999999999431566;4.058;-0.612;0.708;653;653;572;1;
73.59999999999999431566;73.79999999999999715783;2.991;0.210;0.732;650;650;556;1;
73.79999999999999715783;74.00000000000000000000;3.985;0.252;0.722;662;661;569;1;
74.00000000000000000000;74.20000000000000284217;4.058;-0.847;0.728;654;654;576;1;
74.20000000000000284217;74.40000000000000568434;4.026;-0.133;0.753;671;671;577;1;
74.40000000000000568434;74.59999999999999431566;3.003;0.160;0.693;668;668;585;1;
74.59999999999999431566;74.79999999999999715783;4.002;0.080;0.708;686;686;593;1;
74.79999999999999715783;75.00000000000000000000;3.988;0.003;0.728;677;677;586;1;
75.00000000000000000000;75.20000000000000284217;4.044;-0.066;0.723;685;685;591;1;
75.20000000000000284217;75.40000000000000568434;3.951;-0.129;0.719;677;677;586;1;
75.40000000000000568434;75.59999999999999431566;2.997;-0.095;0.724;665;665;578;1;
75.59999999999999431566;75.79999999999999715783;3.981;-0.168;0.714;677;677;593;1;
75.79999999999999715783;76.00000000000000000000;4.060;0.802;0.711;669;669;570;1;
76.00000000000000000000;76.20000000000000284217;3.979;-0.263;0.707;665;665;578;1;
76.20000000000000284217;76.40000000000000568434;2.975;-0.232;0.715;640;640;559;1;
76.40000000000000568434;76.59999999999999431566;4.062;0.605;0.719;680;680;577;1;
76.59999999999999431566;76.79999999999999715783;3.966;-0.516;0.737;677;677;608;1;
76.79999999999999715783;77.00000000000000000000;3.903;-0.412;0.710;683;683;608;1;
77.00000000000000000000;77.20000000000000284217;3.096;0.657;0.704;671;671;575;1;
77.20000000000000284217;77.40000000000000568434;3.973;-0.615;0.726;671;671;594;1;
77.40000000000000568434;77.59999999999999431566;4.099;0.334;0.719;654;654;555;1;
77.59999999999999431566;77.79999999999999715783;4.141;0.421;0.698;682;682;582;1;
77.79999999999999715783;78.00000000000000000000;2.948;-0.535;0.719;674;674;594;1;
78.00000000000000000000;78.20000000000000284217;4.093;0.259;0.712;670;670;577;1;
78.20000000000000284217;78.40000000000000568434;4.141;0.128;0.724;652;652;566;1;
78.40000000000000568434;78.59999999999999431566;3.180;0.262;0.725;682;682;591;1;
78.59999999999999431566;78.79999999999999715783;4.167;0.027;0.725;696;696;600;1;
78.79999999999999715783;79.00000000000000000000;3.870;-1.176;0.741;669;669;594;1;
79.00000000000000000000;79.20000000000000284217;3.161;0.223;0.717;673;673;576;1;
79.20000000000000284217;79.40000000000000568434;4.092;-0.135;0.722;671;671;585;1;
79.40000000000000568434;79.59999999999999431566;4.137;-0.364;0.738;683;683;600;1;
79.59999999999999431566;79.79999999999999715783;3.459;1.257;0.691;684;684;565;1;
79.79999999999999715783;80.00000000000000000000;4.102;-0.436;0.730;650;650;570;1;
80.00000000000000000000;80.20000000000000284217;3.194;-0.054;0.723;662;662;568;1;
80.20000000000000284217;80.40000000000000568434;4.091;-0.297;0.716;662;662;572;1;
80.40000000000000568434;80.59999999999999431566;3.164;-0.306;0.750;683;683;601;1;
80.59999999999999431566;80.79999999999999715783;4.484;0.441;0.718;660;660;565;1;
80.79999999999999715783;81.00000000000000000000;3.219;0.011;0.709;672;672;582;1;
81.00000000000000000000;81.20000000000000284217;4.086;-0.776;0.739;678;678;590;1;
81.20000000000000284217;81.40000000000000568434;3.542;0.791;0.710;682;682;571;1;
81.40000000000000568434;81.59999999999999431566;4.072;-0.577;0.704;669;669;578;1;
81.59999999999999431566;81.79999999999999715783;3.554;0.608;0.720;669;669;569;1;
81.79999999999999715783;82.00000000000000000000;4.421;-0.008;0.734;663;663;570;1;
82.00000000000000000000;82.20000000000000284217;3.180;-0.171;0.694;671;671;595;1;
82.20000000000000284217;82.40000000000000568434;4.514;0.088;0.713;678;678;587;1;
82.40000000000000568434;82.59999999999999431566;3.559;0.480;0.710;681;681;587;1;
82.59999999999999431566;82.79999999999999715783;3.108;-0.409;0.705;666;666;587;1;
82.79999999999999715783;83.00000000000000000000;4.434;-0.288;0.736;683;683;607;1;
83.00000000000000000000;83.20000000000000284217;3.591;0.303;0.713;684;684;592;1;
83.20000000000000284217;83.40000000000000568434;3.513;0.312;0.708;663;663;570;1;
83.40000000000000568434;83.59999999999999431566;3.595;0.285;0.706;622;622;524;1;
83.59999999999999431566;83.79999999999999715783;4.492;-0.374;0.720;625;625;538;1;
83.79999999999999715783;84.00000000000000000000;3.584;0.190;0.704;661;661;565;1;
84.00000000000000000000;84.20000000000000284217;3.598;0.083;0.714;606;606;517;1;
84.20000000000000284217;84.40000000000000568434;3.585;-0.090;0.736;653;653;552;1;
84.40000000000000568434;84.59999999999999431566;3.641;0.000;0.712;667;667;574;1;
84.59999999999999431566;84.79999999999999715783;3.624;-0.056;0.718;674;674;578;1;
84.79999999999999715783;85.00000000000000000000;3.587;-0.322;0.738;675;674;588;1;
85.00000000000000000000;85.20000000000000284217;4.226;0.781;0.693;660;660;545;1;
85.20000000000000284217;85.40000000000000568434;3.638;-0.383;0.734;651;651;564;1;
85.40000000000000568434;85.59999999999999431566;3.614;-0.127;0.708;656;656;575;1;
85.59999999999999431566;85.79999999999999715783;3.656;-0.164;0.702;668;668;574;1;
85.79999999999999715783;86.00000000000000000000;4.287;0.466;0.710;650;650;553;1;
86.00000000000000000000;86.20000000000000284217;3.585;-0.435;0.722;651;651;558;1;
86.20000000000000284217;86.40000000000000568434;4.205;0.341;0.711;645;645;554;1;
86.40000000000000568434;86.59999999999999431566;3.507;-0.385;0.704;615;615;538;1;
86.59999999999999431566;86.79999999999999715783;4.260;0.116;0.729;639;639;544;1;
86.79999999999999715783;87.00000000000000000000;2.868;0.192;0.705;673;671;576;1;
87.00000000000000000000;87.20000000000000284217;4.214;0.219;0.710;665;665;576;1;
87.20000000000000284217;87.40000000000000568434;4.233;0.033;0.720;644;643;539;1;
87.40000000000000568434;87.59999999999999431566;2.856;-0.030;0.723;664;664;575;1;
87.59999999999999431566;87.79999999999999715783;4.248;-0.138;0.724;677;674;577;1;
87.79999999999999715783;88.00000000000000000000;4.199;-0.141;0.724;657;657;569;1;
88.00000000000000000000;88.20000000000000284217;2.826;-0.246;0.745;636;636;554;1;
88.20000000000000284217;88.40000000000000568434;4.222;-0.207;0.713;628;628;539;1;
88.40000000000000568434;88.59999999999999431566;3.569;0.596;0.705;658;657;562;1;
88.59999999999999431566;88.79999999999999715783;4.205;-0.430;0.735;669;668;581;1;
88.79999999999999715783;89.00000000000000000000;3.583;0.225;0.735;650;650;560;1;
89.00000000000000000000;89.20000000000000284217;4.222;-0.518;0.726;627;627;552;1;
89.20000000000000284217;89.40000000000000568434;3.625;0.363;0.713;642;642;557;1;
89.40000000000000568434;89.59999999999999431566;3.566;0.177;0.730;655;654;563;1;
89.59999999999999431566;89.79999999999999715783;3.618;0.062;0.737;613;613;525;1;
89.79999999999999715783;90.00000000000000000000;4.180;-0.581;0.695;600;600;532;1;
90.00000000000000000000;90.20000000000000284217;3.568;0.091;0.728;642;642;557;1;
90.20000000000000284217;90.40000000000000568434;3.601;0.022;0.720;673;672;574;1;
90.40000000000000568434;90.59999999999999431566;3.615;-0.138;0.740;658;656;567;1;
90.59999999999999431566;90.79999999999999715783;3.632;-0.060;0.716;638;638;543;1;
90.79999999999999715783;91.00000000000000000000;3.590;-0.234;0.750;636;636;564;1;
91.00000000000000000000;91.20000000000000284217;3.626;-0.325;0.743;640;640;559;1;
91.20000000000000284217;91.40000000000000568434;4.490;0.364;0.716;651;651;553;1;
91.40000000000000568434;91.59999999999999431566;3.586;-0.270;0.726;654;654;562;1;
91.59999999999999431566;91.79999999999999715783;3.579;-0.280;0.726;656;656;575;1;
91.79999999999999715783;92.00000000000000000000;3.558;-0.322;0.726;631;631;551;1;
92.00000000000000000000;92.20000000000000284217;4.468;0.154;0.711;607;607;516;1;
92.20000000000000284217;92.40000000000000568434;3.104;0.550;0.716;663;662;566;1;
92.40000000000000568434;92.59999999999999431566;3.601;-0.517;0.733;662;661;581;1;
92.59999999999999431566;92.79999999999999715783;4.421;-0.139;0.725;668;668;584;1;
92.79999999999999715783;93.00000000000000000000;3.134;0.411;0.715;678;677;577;1;
93.00000000000000000000;93.20000000000000284217;4.488;-0.212;0.732;665;665;577;1;
93.20000000000000284217;93.40000000000000568434;3.563;-0.516;0.701;681;680;600;1;
93.40000000000000568434;93.59999999999999431566;4.054;0.695;0.711;684;684;582;1;
93.59999999999999431566;93.79999999999999715783;3.543;-0.757;0.725;663;663;579;1;
93.79999999999999715783;94.00000000000000000000;4.071;0.535;0.720;612;612;503;1;
94.00000000000000000000;94.20000000000000284217;3.201;0.048;0.731;658;658;562;1;
94.20000000000000284217;94.40000000000000568434;4.443;-0.363;0.704;644;644;566;1;
94.40000000000000568434;94.59999999999999431566;3.193;0.070;0.721;676;676;578;1;
94.59999999999999431566;94.79999999999999715783;4.133;0.402;0.718;688;688;593;1;
94.79999999999999715783;95.00000000000000000000;3.120;0.042;0.717;681;681;593;1;
95.00000000000000000000;95.20000000000000284217;4.054;0.268;0.716;683;683;590;1;
95.20000000000000284217;95.40000000000000568434;3.488;-1.034;0.717;685;685;603;1;
95.40000000000000568434;95.59999999999999431566;4.200;0.142;0.717;688;688;598;1;
95.59999999999999431566;95.79999999999999715783;4.071;0.155;0.707;687;687;588;1;
95.79999999999999715783;96.00000000000000000000;3.170;-0.274;0.724;684;684;599;1;
96.00000000000000000000;96.20000000000000284217;3.923;0.947;0.729;679;679;572;1;
96.20000000000000284217;96.40000000000000568434;4.115;-0.105;0.730;693;693;594;1;
96.40000000000000568434;96.59999999999999431566;3.168;-0.337;0.719;685;685;598;1;
96.59999999999999431566;96.79999999999999715783;4.133;-0.172;0.719;670;669;582;1;
96.79999999999999715783;97.00000000000000000000;4.139;-0.352;0.728;691;691;604;1;
97.00000000000000000000;97.20000000000000284217;2.947;0.541;0.719;674;674;574;1;
97.20000000000000284217;97.40000000000000568434;4.084;-0.348;0.718;681;681;590;1;
97.40000000000000568434;97.59999999999999431566;4.126;-0.459;0.725;669;669;585;1;
97.59999999999999431566;97.79999999999999715783;3.922;0.486;0.727;665;665;560;1;
97.79999999999999715783;98.00000000000000000000;3.122;-0.531;0.709;675;675;602;1;
98.00000000000000000000;98.20000000000000284217;3.961;0.461;0.718;672;672;573;1;
98.20000000000000284217;98.40000000000000568434;3.954;0.325;0.722;650;650;558;1;
98.40000000000000568434;98.59999999999999431566;4.087;-0.529;0.709;624;624;547;1;
98.59999999999999431566;98.79999999999999715783;2.999;0.180;0.724;660;660;568;1;
98.79999999999999715783;99.00000000000000000000;3.993;0.188;0.724;675;675;585;1;
99.00000000000000000000;99.20000000000000284217;4.027;-0.904;0.732;681;681;596;1;
99.20000000000000284217;99.40000000000000568434;4.023;0.144;0.721;664;664;565;1;
99.40000000000000568434;99.59999999999999431566;3.014;0.126;0.717;678;678;582;1;
99.59999999999999431566;99.79999999999999715783;3.971;0.254;0.692;651;650;566;1;
99.79999999999999715783;100.00000000000000000000;4.029;0.019;0.717;650;650;555;1;
100.00000000000000000000;100.20000000000000284217;3.983;-0.093;-0.696;678;678;583;1;
100.20000000000000284217;100.40000000000000568434;3.919;0.109;-0.720;670;670;584;1;
100.40000000000000568434;100.59999999999999431566;2.994;0.218;-0.733;672;672;588;1;
100.59999999999999431566;100.79999999999999715783;3.928;0.195;-0.718;682;682;585;1;
100.79999999999999715783;101.00000000000000000000;4.060;-0.754;-0.724;658;657;549;1;
101.00000000000000000000;101.20000000000000284217;3.982;0.395;-0.735;646;646;562;1;
101.20000000000000284217;101.40000000000000568434;3.030;0.356;-0.730;651;651;578;1;
101.40000000000000568434;101.59999999999999431566;4.094;-0.545;-0.728;661;661;562;1;
101.59999999999999431566;101.79999999999999715783;3.972;0.495;-0.722;688;688;605;1;
101.79999999999999715783;102.00000000000000000000;3.983;0.392;-0.700;683;683;601;1;
102.00000000000000000000;102.20000000000000284217;3.106;-0.482;-0.736;675;675;577;1;
102.20000000000000284217;102.40000000000000568434;3.956;0.508;-0.708;686;686;597;1;
102.40000000000000568434;102.59999999999999431566;4.111;-0.299;-0.725;687;687;575;1;
102.59999999999999431566;102.79999999999999715783;4.114;-0.263;-0.729;659;659;550;1;
102.79999999999999715783;103.00000000000000000000;2.890;0.395;-0.695;643;643;562;1;
103.00000000000000000000;103.20000000000000284217;4.156;-0.367;-0.689;653;653;557;1;
103.20000000000000284217;103.40000000000000568434;4.180;-0.058;-0.729;653;653;562;1;
103.40000000000000568434;103.59999999999999431566;3.149;-0.326;-0.721;641;641;541;1;
103.59999999999999431566;103.79999999999999715783;4.123;-0.052;-0.713;670;670;570;1;
103.79999999999999715783;104.00000000000000000000;3.859;1.072;-0.730;663;663;594;1;
104.00000000000000000000;104.20000000000000284217;3.163;-0.084;-0.736;675;675;582;1;
104.20000000000000284217;104.40000000000000568434;4.094;0.020;-0.709;687;686;587;1;
104.40000000000000568434;104.59999999999999431566;4.084;0.143;-0.716;660;660;575;1;
104.59999999999999431566;104.79999999999999715783;3.483;-1.063;-0.720;671;671;562;1;
104.79999999999999715783;105.00000000000000000000;4.092;0.256;-0.719;667;667;572;1;
105.00000000000000000000;105.20000000000000284217;3.149;0.020;-0.718;670;670;574;1;
105.20000000000000284217;105.40000000000000568434;4.091;0.347;-0.720;665;665;580;1;
105.40000000000000568434;105.59999999999999431566;3.179;0.255;-0.742;651;650;572;1;
105.59999999999999431566;105.79999999999999715783;4.487;-0.400;-0.720;668;668;573;1;
105.79999999999999715783;106.00000000000000000000;3.148;0.214;-0.729;665;665;564;1;
106.00000000000000000000;106.20000000000000284217;4.113;0.668;-0.733;647;647;567;1;
106.20000000000000284217;106.40000000000000568434;3.517;-0.692;-0.718;665;665;567;1;
106.40000000000000568434;106.59999999999999431566;4.101;0.805;-0.730;678;677;596;1;
106.59999999999999431566;106.79999999999999715783;3.553;-0.644;-0.713;669;669;572;1;
106.79999999999999715783;107.00000000000000000000;4.495;0.004;-0.741;604;604;515;1;
107.00000000000000000000;107.20000000000000284217;3.145;0.458;-0.727;634;634;553;1;
107.20000000000000284217;107.40000000000000568434;4.489;0.102;-0.733;672;672;580;1;
107.40000000000000568434;107.59999999999999431566;3.609;-0.400;-0.719;695;695;590;1;
107.59999999999999431566;107.79999999999999715783;3.117;0.417;-0.706;680;680;600;1;
107.79999999999999715783;108.00000000000000000000;4.470;0.072;-0.703;695;695;603;1;
108.00000000000000000000;108.20000000000000284217;3.554;-0.059;-0.751;644;644;555;1;
108.20000000000000284217;108.40000000000000568434;3.651;-0.407;-0.698;657;657;559;1;
108.40000000000000568434;108.59999999999999431566;3.593;-0.284;-0.696;671;671;584;1;
108.59999999999999431566;108.79999999999999715783;4.454;0.219;-0.698;689;689;600;1;
108.79999999999999715783;109.00000000000000000000;3.608;0.068;-0.742;686;686;594;1;
109.00000000000000000000;109.20000000000000284217;3.577;-0.039;-0.717;678;678;579;1;
109.20000000000000284217;109.40000000000000568434;3.646;-0.127;-0.708;668;668;581;1;
109.40000000000000568434;109.59999999999999431566;3.572;0.021;-0.718;623;623;545;1;
109.59999999999999431566;109.79999999999999715783;3.626;0.181;-0.731;675;675;576;1;
109.79999999999999715783;110.00000000000000000000;3.598;0.283;-0.742;629;629;549;1;
110.00000000000000000000;110.20000000000000284217;4.244;-0.545;-0.724;603;603;516;1;
110.20000000000000284217;110.40000000000000568434;3.601;0.221;-0.716;676;676;594;1;
110.40000000000000568434;110.59999999999999431566;3.691;0.428;-0.739;686;686;610;1;
110.59999999999999431566;110.79999999999999715783;3.586;0.257;-0.720;670;670;588;1;
110.79999999999999715783;111.00000000000000000000;4.269;-0.387;-0.722;668;668;562;1;
111.00000000000000000000;111.20000000000000284217;3.630;0.488;-0.729;677;677;597;1;
111.20000000000000284217;111.40000000000000568434;4.239;-0.273;-0.724;653;653;550;1;
111.40000000000000568434;111.59999999999999431566;3.593;0.534;-0.715;665;663;583;1;
111.59999999999999431566;111.79999999999999715783;4.182;-0.129;-0.727;680;680;588;1;
111.79999999999999715783;112.00000000000000000000;2.829;-0.165;-0.716;662;662;563;1;
112.00000000000000000000;112.20000000000000284217;4.229;0.097;-0.742;653;653;562;1;
112.20000000000000284217;112.40000000000000568434;4.235;0.021;-0.729;652;652;552;1;
112.40000000000000568434;112.59999999999999431566;2.849;0.007;-0.717;679;679;587;1;
112.59999999999999431566;112.79999999999999715783;4.268;0.189;-0.735;696;696;593;1;
112.79999999999999715783;113.00000000000000000000;4.256;0.088;-0.714;688;688;599;1;
113.00000000000000000000;113.20000000000000284217;2.789;0.083;-0.712;687;687;592;1;
113.20000000000000284217;113.40000000000000568434;4.242;0.110;-0.706;686;686;586;1;
113.40000000000000568434;113.59999999999999431566;3.605;-0.550;-0.707;680;680;572;1;
113.59999999999999431566;113.79999999999999715783;4.210;0.302;-0.717;654;654;566;1;
113.79999999999999715783;114.00000000000000000000;3.594;-0.168;-0.747;639;639;554;1;
114.00000000000000000000;114.20000000000000284217;4.236;0.424;-0.718;655;655;568;1;
114.20000000000000284217;114.40000000000000568434;3.599;-0.419;-0.702;617;617;525;1;
114.40000000000000568434;114.59999999999999431566;3.584;-0.268;-0.713;671;671;578;1;
114.59999999999999431566;114.79999999999999715783;3.630;-0.010;-0.739;693;693;610;1;
114.79999999999999715783;115.00000000000000000000;4.206;0.772;-0.736;682;682;596;1;
115.00000000000000000000;115.20000000000000284217;3.605;-0.156;-0.718;674;674;587;1;
115.20000000000000284217;115.40000000000000568434;3.652;0.092;-0.740;685;685;591;1;
115.40000000000000568434;115.59999999999999431566;3.645;0.172;-0.740;674;674;586;1;
115.59999999999999431566;115.79999999999999715783;3.588;-0.081;-0.710;691;691;598;1;
115.79999999999999715783;116.00000000000000000000;3.655;-0.088;-0.692;690;690;592;1;
116.00000000000000000000;116.20000000000000284217;3.584;0.170;-0.719;679;679;584;1;
116.20000000000000284217;116.40000000000000568434;4.423;-0.371;-0.712;695;695;593;1;
116.40000000000000568434;116.59999999999999431566;3.606;0.195;-0.710;696;696;610;1;
116.59999999999999431566;116.79999999999999715783;3.613;0.311;-0.724;669;669;586;1;
116.79999999999999715783;117.00000000000000000000;3.580;0.101;-0.694;687;687;600;1;
117.00000000000000000000;117.20000000000000284217;4.477;-0.064;-0.723;681;681;576;1;
117.20000000000000284217;117.40000000000000568434;3.141;-0.676;-0.695;678;678;578;1;
117.40000000000000568434;117.59999999999999431566;3.545;0.413;-0.715;692;692;596;1;
117.59999999999999431566;117.79999999999999715783;4.497;-0.036;-0.706;662;662;568;1;
117.79999999999999715783;118.00000000000000000000;3.121;-0.271;-0.727;665;665;564;1;
118.00000000000000000000;118.20000000000000284217;4.463;0.085;-0.712;671;671;579;1;
118.20000000000000284217;118.40000000000000568434;3.552;0.693;-0.721;672;672;588;1;
118.40000000000000568434;118.59999999999999431566;4.081;-0.575;-0.730;663;663;555;1;
118.59999999999999431566;118.79999999999999715783;3.543;0.688;-0.712;669;669;587;1;
118.79999999999999715783;119.00000000000000000000;4.112;-0.537;-0.723;674;674;576;1;
119.00000000000000000000;119.20000000000000284217;3.166;-0.114;-0.725;684;684;593;1;
119.20000000000000284217;119.40000000000000568434;4.447;0.484;-0.714;669;669;585;1;
119.40000000000000568434;119.59999999999999431566;3.190;-0.005;-0.723;675;674;582;1;
119.59999999999999431566;119.79999999999999715783;4.094;-0.446;-0.705;684;684;577;1;
119.79999999999999715783;120.00000000000000000000;3.130;0.114;-0.725;691;691;596;1;
120.00000000000000000000;120.20000000000000284217;4.096;-0.237;-0.717;682;682;584;1;
120.20000000000000284217;120.40000000000000568434;3.421;1.097;-0.723;678;678;601;1;
120.40000000000000568434;120.59999999999999431566;4.156;-0.145;-0.714;686;686;587;1;
120.59999999999999431566;120.79999999999999715783;4.103;0.045;-0.740;693;693;595;1;
120.79999999999999715783;121.00000000000000000000;3.149;0.139;-0.711;686;686;590;1;
121.00000000000000000000;121.20000000000000284217;3.924;-0.848;-0.725;693;693;587;1;
121.20000000000000284217;121.40000000000000568434;4.077;0.201;-0.736;686;686;593;1;
121.40000000000000568434;121.59999999999999431566;3.099;0.375;-0.725;676;676;594;1;
121.59999999999999431566;121.79999999999999715783;4.073;0.193;-0.727;678;678;584;1;
121.79999999999999715783;122.00000000000000000000;4.118;0.272;-0.732;698;698;607;1;
122.00000000000000000000;122.20000000000000284217;2.945;-0.600;-0.712;695;695;593;1;
122.20000000000000284217;122.40000000000000568434;4.192;0.320;-0.721;691;691;591;1;
122.40000000000000568434;122.59999999999999431566;4.071;0.488;-0.730;690;690;591;1;
122.59999999999999431566;122.79999999999999715783;3.942;-0.698;-0.697;690;690;578;1;
122.79999999999999715783;123.00000000000000000000;3.142;0.755;-0.735;683;683;604;1;
123.00000000000000000000;123.20000000000000284217;3.960;-0.348;-0.738;685;685;576;1;
123.20000000000000284217;123.40000000000000568434;4.014;-0.452;-0.717;682;682;586;1;
123.40000000000000568434;123.59999999999999431566;4.089;0.599;-0.717;683;683;602;1;
123.59999999999999431566;123.79999999999999715783;2.995;-0.121;-0.735;678;678;585;1;
123.79999999999999715783;124.00000000000000000000;3.966;-0.256;-0.717;669;669;578;1;
124.00000000000000000000;124.20000000000000284217;4.082;0.784;-0.708;696;696;622;1;
124.20000000000000284217;124.40000000000000568434;3.974;0.029;-0.743;693;693;593;1;
124.40000000000000568434;124.59999999999999431566;2.979;-0.097;-0.715;678;678;577;1;
124.59999999999999431566;124.79999999999999715783;4.026;0.042;-0.733;664;663;570;1;
124.79999999999999715783;125.00000000000000000000;4.013;-0.065;-0.715;662;662;559;1;
125.00000000000000000000;125.20000000000000284217;3.969;-0.036;-0.707;625;625;531;1;
125.20000000000000284217;125.40000000000000568434;4.004;0.008;-0.705;642;642;554;1;
125.40000000000000568434;125.59999999999999431566;3.029;0.003;-0.709;683;683;583;1;
125.59999999999999431566;125.79999999999999715783;4.013;0.200;-0.717;684;684;585;1;
125.79999999999999715783;126.00000000000000000000;4.027;-0.711;-0.732;674;673;576;1;
126.00000000000000000000;126.20000000000000284217;3.997;0.388;-0.730;674;674;582;1;
126.20000000000000284217;126.40000000000000568434;2.991;0.289;-0.720;682;682;588;1;
126.40000000000000568434;126.59999999999999431566;4.123;-0.388;-0.747;697;697;589;1;
126.59999999999999431566;126.79999999999999715783;3.966;0.462;-0.723;688;688;599;1;
126.79999999999999715783;127.00000000000000000000;3.998;0.543;-0.718;685;685;598;1;
127.00000000000000000000;127.20000000000000284217;3.110;-0.545;-0.721;682;682;582;1;
127.20000000000000284217;127.40000000000000568434;3.951;0.593;-0.721;686;684;594;1;
127.40000000000000568434;127.59999999999999431566;4.137;-0.484;-0.698;686;684;586;1;
127.59999999999999431566;127.79999999999999715783;4.150;-0.204;-0.729;683;682;586;1;
127.79999999999999715783;128.00000000000000000000;2.921;0.648;-0.731;675;675;590;1;
128.00000000000000000000;128.19999999999998863132;4.135;-0.110;-0.725;681;681;580;1;
128.19999999999998863132;128.40000000000000568434;4.095;-0.204;-0.707;685;685;575;1;
128.40000000000000568434;128.59999999999999431566;3.149;-0.238;-0.726;666;666;560;1;
128.59999999999999431566;128.80000000000001136868;4.079;-0.032;-0.723;657;657;554;1;
128.80000000000001136868;129.00000000000000000000;3.894;1.045;-0.724;637;637;555;1;
129.00000000000000000000;129.19999999999998863132;3.165;-0.093;-0.734;655;655;556;1;
129.19999999999998863132;129.40000000000000568434;4.144;0.026;-0.704;670;670;574;1;
129.40000000000000568434;129.59999999999999431566;4.126;0.286;-0.733;683;683;590;1;
129.59999999999999431566;129.80000000000001136868;3.468;-1.021;-0.718;666;666;552;1;
129.80000000000001136868;130.00000000000000000000;4.139;0.313;-0.727;671;671;582;1;
130.00000000000000000000;130.19999999999998863132;3.169;-0.009;-0.718;677;677;572;1;
130.19999999999998863132;130.40000000000000568434;4.135;0.326;-0.718;682;682;586;1;
130.40000000000000568434;130.59999999999999431566;3.130;0.173;-0.723;688;688;594;1;
130.59999999999999431566;130.80000000000001136868;4.457;-0.467;-0.719;699;699;599;1;
130.80000000000001136868;131.00000000000000000000;3.173;0.059;-0.696;676;676;593;1;
131.00000000000000000000;131.19999999999998863132;4.061;0.575;-0.716;675;675;589;1;
131.19999999999998863132;131.40000000000000568434;3.546;-0.586;-0.734;675;675;579;1;
131.40000000000000568434;131.59999999999999431566;4.038;0.621;-0.706;675;675;600;1;
131.59999999999999431566;131.80000000000001136868;3.564;-0.525;-0.722;681;681;584;1;
131.80000000000001136868;132.00000000000000000000;4.475;-0.220;-0.706;680;680;583;1;
132.00000000000000000000;132.19999999999998863132;3.111;0.348;-0.710;683;683;612;1;
132.19999999999998863132;132.40000000000000568434;4.464;0.079;-0.730;689;688;594;1;
132.40000000000000568434;132.59999999999999431566;3.562;-0.329;-0.730;686;685;581;1;
132.59999999999999431566;132.80000000000001136868;3.125;0.558;-0.724;687;687;594;1;
132.80000000000001136868;133.00000000000000000000;4.439;0.052;-0.706;684;684;600;1;
133.00000000000000000000;133.19999999999998863132;3.619;-0.345;-0.710;679;679;577;1;
133.19999999999998863132;133.40000000000000568434;3.581;-0.119;-0.729;658;658;558;1;
133.40000000000000568434;133.59999999999999431566;3.615;-0.155;-0.719;676;676;575;1;
133.59999999999999431566;133.80000000000001136868;4.399;0.350;-0.706;680;680;596;1;
133.80000000000001136868;134.00000000000000000000;3.612;-0.035;-0.721;691;691;599;1;
134.00000000000000000000;134.19999999999998863132;3.597;-0.144;-0.707;680;680;584;1;
134.19999999999998863132;134.40000000000000568434;3.622;0.102;-0.730;682;682;589;1;
134.40000000000000568434;134.59999999999999431566;3.588;0.045;-0.722;688;686;590;1;
134.59999999999999431566;134.80000000000001136868;3.580;0.238;-0.735;672;672;586;1;
134.80000000000001136868;135.00000000000000000000;3.584;0.145;-0.729;663;663;574;1;
135.00000000000000000000;135.19999999999998863132;4.176;-0.597;-0.714;659;659;555;1;
135.19999999999998863132;135.40000000000000568434;3.604;0.013;-0.697;673;673;588;1;
135.40000000000000568434;135.59999999999999431566;3.587;0.312;-0.731;665;665;580;1;
135.59999999999999431566;135.80000000000001136868;3.610;0.403;-0.730;662;662;572;1;
135.80000000000001136868;136.00000000000000000000;4.203;-0.325;-0.722;665;665;567;1;
136.00000000000000000000;136.19999999999998863132;3.562;0.433;-0.723;676;676;591;1;
136.19999999999998863132;136.40000000000000568434;4.283;-0.285;-0.717;682;682;586;1;
136.40000000000000568434;136.59999999999999431566;3.620;0.561;-0.726;690;690;598;1;
136.59999999999999431566;136.80000000000001136868;4.213;-0.159;-0.727;693;693;592;1;
136.80000000000001136868;137.00000000000000000000;2.781;-0.168;-0.710;677;677;586;1;
137.00000000000000000000;137.19999999999998863132;4.282;-0.037;-0.730;682;682;585;1;
137.19999999999998863132;137.40000000000000568434;4.168;-0.014;-0.723;681;681;583;1;
137.40000000000000568434;137.59999999999999431566;2.847;0.147;-0.737;690;690;600;1;
137.59999999999999431566;137.80000000000001136868;4.246;0.080;-0.722;682;682;587;1;
137.80000000000001136868;138.00000000000000000000;4.220;0.124;-0.722;680;679;591;1;
138.00000000000000000000;138.19999999999998863132;2.812;0.228;-0.732;690;690;602;1;
138.19999999999998863132;138.40000000000000568434;4.204;0.160;-0.709;675;674;585;1;
138.40000000000000568434;138.59999999999999431566;3.569;-0.421;-0.725;674;674;575;1;
138.59999999999999431566;138.80000000000001136868;4.216;0.191;-0.699;687;686;589;1;
138.80000000000001136868;139.00000000000000000000;3.625;-0.476;-0.711;684;683;586;1;
139.00000000000000000000;139.19999999999998863132;4.204;0.525;-0.728;678;678;586;1;
139.19999999999998863132;139.40000000000000568434;3.618;-0.442;-0.699;681;680;589;1;
139.40000000000000568434;139.59999999999999431566;3.593;-0.359;-0.705;686;686;588;1;
139.59999999999999431566;139.80000000000001136868;3.592;-0.324;-0.698;682;682;589;1;
139.80000000000001136868;140.00000000000000000000;4.173;0.722;-0.731;668;668;584;1;
140.00000000000000000000;140.19999999999998863132;3.573;-0.128;-0.710;647;647;558;1;
140.19999999999998863132;140.40000000000000568434;3.568;0.069;-0.737;637;637;552;1;
140.40000000000000568434;140.59999999999999431566;3.649;-0.040;-0.717;669;669;578;1;
140.59999999999999431566;140.80000000000001136868;3.589;-0.020;-0.713;640;640;553;1;
140.80000000000001136868;141.00000000000000000000;3.613;0.092;-0.723;658;658;567;1;
141.00000000000000000000;141.19999999999998863132;3.594;0.070;-0.711;661;658;577;1;
141.19999999999998863132;141.40000000000000568434;4.445;-0.390;-0.713;677;676;586;1;
141.40000000000000568434;141.59999999999999431566;3.627;0.285;-0.730;679;679;594;1;
141.59999999999999431566;141.80000000000001136868;3.635;0.180;-0.712;682;682;597;1;
141.80000000000001136868;142.00000000000000000000;3.574;0.265;-0.713;675;675;579;1;
142.00000000000000000000;142.19999999999998863132;4.471;-0.238;-0.701;677;677;587;1;
142.19999999999998863132;142.40000000000000568434;3.158;-0.428;-0.730;684;684;574;1;
142.40000000000000568434;142.59999999999999431566;3.618;0.383;-0.709;672;672;581;1;
142.59999999999999431566;142.80000000000001136868;4.447;0.001;-0.709;685;685;580;1;
142.80000000000001136868;143.00000000000000000000;3.086;-0.355;-0.721;684;683;583;1;
143.00000000000000000000;143.19999999999998863132;4.475;0.249;-0.733;689;689;602;1;
143.19999999999998863132;143.40000000000000568434;3.514;0.546;-0.706;679;679;609;1;
143.40000000000000568434;143.59999999999999431566;4.096;-0.572;-0.729;672;672;567;1;
143.59999999999999431566;143.80000000000001136868;3.512;0.657;-0.710;674;674;598;1;
143.80000000000001136868;144.00000000000000000000;4.082;-0.511;-0.719;678;678;580;1;
144.00000000000000000000;144.19999999999998863132;3.188;0.011;-0.737;674;674;583;1;
144.19999999999998863132;144.40000000000000568434;4.426;0.455;-0.709;682;682;592;1;
144.40000000000000568434;144.59999999999999431566;3.181;0.021;-0.732;684;684;592;1;
144.59999999999999431566;144.80000000000001136868;4.068;-0.291;-0.715;683;683;600;1;
144.80000000000001136868;145.00000000000000000000;3.133;-0.024;-0.721;691;691;597;1;
145.00000000000000000000;145.19999999999998863132;4.107;-0.138;-0.736;681;680;580;1;
145.19999999999998863132;145.40000000000000568434;3.445;1.158;-0.728;687;687;612;1;
145.40000000000000568434;145.59999999999999431566;4.137;-0.135;-0.718;690;690;593;1;
145.59999999999999431566;145.80000000000001136868;4.117;-0.098;-0.712;682;682;583;1;
145.80000000000001136868;146.00000000000000000000;3.136;0.184;-0.715;691;691;603;1;
146.00000000000000000000;146.19999999999998863132;3.855;-0.944;-0.723;690;690;584;1;
146.19999999999998863132;146.40000000000000568434;4.089;0.182;-0.742;690;690;608;1;
146.40000000000000568434;146.59999999999999431566;3.106;0.468;-0.737;694;694;610;1;
146.59999999999999431566;146.80000000000001136868;4.087;0.179;-0.722;696;696;616;1;
146.80000000000001136868;147.00000000000000000000;4.063;0.325;-0.727;675;675;597;1;
147.00000000000000000000;147.19999999999998863132;2.980;-0.570;-0.710;669;669;577;1;
147.19999999999998863132;147.40000000000000568434;4.125;0.302;-0.719;665;665;581;1;
147.40000000000000568434;147.59999999999999431566;4.128;0.360;-0.714;680;680;596;1;
147.59999999999999431566;147.80000000000001136868;3.936;-0.585;-0.719;678;678;578;1;
147.80000000000001136868;148.00000000000000000000;3.113;0.650;-0.725;644;644;561;1;
148.00000000000000000000;148.19999999999998863132;3.977;-0.479;-0.713;661;660;560;1;
148.19999999999998863132;148.40000000000000568434;4.007;-0.414;-0.722;689;689;585;1;
148.40000000000000568434;148.59999999999999431566;4.095;0.601;-0.713;692;692;601;1;
148.59999999999999431566;148.80000000000001136868;3.011;-0.463;-0.686;700;700;604;1;
148.80000000000001136868;149.00000000000000000000;4.027;-0.203;-0.724;687;687;598;1;
149.00000000000000000000;149.19999999999998863132;4.035;0.805;-0.727;678;678;600;1;
149.19999999999998863132;149.40000000000000568434;3.945;-0.247;-0.709;664;664;572;1;
149.40000000000000568434;149.59999999999999431566;3.018;0.023;-0.731;663;663;573;1;
149.59999999999999431566;149.80000000000001136868;4.004;-0.159;-0.704;658;658;570;1;
149.80000000000001136868;150.00000000000000000000;4.022;-0.019;-0.718;686;686;592;1;
150.00000000000000000000;150.19999999999998863132;3.964;-0.062;0.721;684;684;597;1;
150.19999999999998863132;150.40000000000000568434;3.992;-0.176;0.731;691;691;600;1;
150.40000000000000568434;150.59999999999999431566;3.005;-0.040;0.709;689;689;599;1;
150.59999999999999431566;150.80000000000001136868;3.961;-0.285;0.729;687;685;593;1;
150.80000000000001136868;151.00000000000000000000;4.029;0.881;0.709;681;681;574;1;
151.00000000000000000000;151.19999999999998863132;4.018;-0.165;0.703;673;673;581;1;
151.19999999999998863132;151.40000000000000568434;2.944;-0.200;0.714;661;661;573;1;
151.40000000000000568434;151.59999999999999431566;4.084;0.607;0.718;679;679;567;1;
151.59999999999999431566;151.80000000000001136868;3.990;-0.421;0.712;675;675;583;1;
151.80000000000001136868;152.00000000000000000000;3.973;-0.279;0.693;664;664;584;1;
152.00000000000000000000;152.19999999999998863132;3.061;0.567;0.718;662;662;573;1;
152.19999999999998863132;152.40000000000000568434;3.967;-0.594;0.716;659;657;572;1;
152.40000000000000568434;152.59999999999999431566;4.127;0.362;0.716;661;661;560;1;
152.59999999999999431566;152.80000000000001136868;4.075;0.242;0.727;658;658;560;1;
152.80000000000001136868;153.00000000000000000000;2.983;-0.498;0.714;667;667;590;1;
153.00000000000000000000;153.19999999999998863132;4.132;0.148;0.728;690;689;601;1;
153.19999999999998863132;153.40000000000000568434;4.136;0.103;0.720;666;666;588;1;
153.40000000000000568434;153.59999999999999431566;3.170;0.276;0.720;638;638;542;1;
153.59999999999999431566;153.80000000000001136868;4.144;0.048;0.715;670;670;566;1;
153.80000000000001136868;154.00000000000000000000;3.881;-0.951;0.712;678;678;605;1;
154.00000000000000000000;154.19999999999998863132;3.167;0.090;0.726;692;692;596;1;
154.19999999999998863132;154.40000000000000568434;4.091;0.109;0.693;685;685;592;1;
154.40000000000000568434;154.59999999999999431566;4.137;-0.228;0.727;685;685;592;1;
154.59999999999999431566;154.80000000000001136868;3.444;0.888;0.734;693;693;588;1;
154.80000000000001136868;155.00000000000000000000;4.168;-0.312;0.722;691;691;603;1;
155.00000000000000000000;155.19999999999998863132;3.172;-0.106;0.731;660;660;583;1;
155.19999999999998863132;155.40000000000000568434;4.075;-0.341;0.709;664;664;577;1;
155.40000000000000568434;155.59999999999999431566;3.182;-0.059;0.719;691;691;594;1;
155.59999999999999431566;155.80000000000001136868;4.459;0.531;0.702;701;701;590;1;
155.80000000000001136868;156.00000000000000000000;3.116;-0.100;0.715;685;683;592;1;
156.00000000000000000000;156.19999999999998863132;4.097;-0.602;0.726;684;684;591;1;
156.19999999999998863132;156.40000000000000568434;3.527;0.628;0.727;666;666;555;1;
156.40000000000000568434;156.59999999999999431566;4.063;-0.675;0.713;648;647;560;1;
156.59999999999999431566;156.80000000000001136868;3.540;0.478;0.731;659;659;555;1;
156.80000000000001136868;157.00000000000000000000;4.461;0.202;0.706;673;673;582;1;
157.00000000000000000000;157.19999999999998863132;3.093;-0.510;0.735;685;685;604;1;
157.19999999999998863132;157.40000000000000568434;4.448;0.016;0.724;689;688;596;1;
157.40000000000000568434;157.59999999999999431566;3.571;0.349;0.725;686;686;579;1;
157.59999999999999431566;157.80000000000001136868;3.149;-0.377;0.701;683;683;600;1;
157.80000000000001136868;158.00000000000000000000;4.492;-0.266;0.729;686;686;590;1;
158.00000000000000000000;158.19999999999998863132;3.563;0.419;0.695;667;667;563;1;
158.19999999999998863132;158.40000000000000568434;3.622;0.201;0.719;680;680;583;1;
158.40000000000000568434;158.59999999999999431566;3.628;0.169;0.715;679;679;591;1;
158.59999999999999431566;158.80000000000001136868;4.488;-0.312;0.714;676;676;598;1;
158.80000000000001136868;159.00000000000000000000;3.549;-0.039;0.734;665;665;569;1;
159.00000000000000000000;159.19999999999998863132;3.638;0.082;0.715;672;672;574;1;
159.19999999999998863132;159.40000000000000568434;3.637;0.019;0.719;687;687;598;1;
159.40000000000000568434;159.59999999999999431566;3.595;0.031;0.707;676;676;582;1;
159.59999999999999431566;159.80000000000001136868;3.560;-0.122;0.723;686;685;592;1;
159.80000000000001136868;160.00000000000000000000;3.583;-0.142;0.718;652;652;566;1;
160.00000000000000000000;160.19999999999998863132;4.164;0.581;0.720;672;672;579;1;
160.19999999999998863132;160.40000000000000568434;3.568;-0.282;0.735;670;670;584;1;
160.40000000000000568434;160.59999999999999431566;3.565;-0.327;0.732;685;685;599;1;
160.59999999999999431566;160.80000000000001136868;3.575;-0.207;0.706;683;683;595;1;
160.80000000000001136868;161.00000000000000000000;4.230;0.429;0.715;682;682;583;1;
161.00000000000000000000;161.19999999999998863132;3.610;-0.358;0.712;691;691;602;1;
161.19999999999998863132;161.40000000000000568434;4.186;0.127;0.737;672;672;585;1;
161.40000000000000568434;161.59999999999999431566;3.620;-0.411;0.708;679;679;603;1;
161.59999999999999431566;161.80000000000001136868;4.210;0.283;0.712;685;685;583;1;
161.80000000000001136868;162.00000000000000000000;2.842;0.050;0.728;661;661;567;1;
162.00000000000000000000;162.19999999999998863132;4.217;0.135;0.714;675;675;581;1;
162.19999999999998863132;162.40000000000000568434;4.267;0.046;0.721;671;671;588;1;
162.40000000000000568434;162.59999999999999431566;2.830;0.046;0.713;627;627;539;1;
162.59999999999999431566;162.80000000000001136868;4.281;0.034;0.710;633;633;546;1;
162.80000000000001136868;163.00000000000000000000;4.256;-0.325;0.746;655;655;571;1;
163.00000000000000000000;163.19999999999998863132;2.821;-0.086;0.726;658;658;572;1;
163.19999999999998863132;163.40000000000000568434;4.254;-0.309;0.721;679;679;601;1;
163.40000000000000568434;163.59999999999999431566;3.608;0.501;0.714;667;667;565;1;
163.59999999999999431566;163.80000000000001136868;4.184;-0.407;0.723;695;695;621;1;
163.80000000000001136868;164.00000000000000000000;3.591;0.283;0.729;660;660;578;1;
164.00000000000000000000;164.19999999999998863132;4.246;-0.311;0.705;647;647;575;1;
164.19999999999998863132;164.40000000000000568434;3.595;0.500;0.690;663;663;567;1;
164.40000000000000568434;164.59999999999999431566;3.601;0.119;0.732;671;670;584;1;
164.59999999999999431566;164.80000000000001136868;3.594;0.380;0.694;659;659;578;1;
164.80000000000001136868;165.00000000000000000000;4.192;-0.685;0.717;632;629;559;1;
165.00000000000000000000;165.19999999999998863132;3.653;0.069;0.713;604;604;538;1;
165.19999999999998863132;165.40000000000000568434;3.619;-0.016;0.726;619;619;537;1;
165.40000000000000568434;165.59999999999999431566;3.640;0.148;0.708;657;657;574;1;
165.59999999999999431566;165.80000000000001136868;3.631;-0.065;0.711;670;670;591;1;
165.80000000000001136868;166.00000000000000000000;3.601;-0.066;0.710;643;643;562;1;
166.00000000000000000000;166.19999999999998863132;3.606;-0.211;0.730;629;629;546;1;
166.19999999999998863132;166.40000000000000568434;4.488;0.372;0.709;622;622;534;1;
166.40000000000000568434;166.59999999999999431566;3.620;-0.163;0.709;653;653;570;1;
166.59999999999999431566;166.80000000000001136868;3.650;-0.404;0.744;648;648;576;1;
166.80000000000001136868;167.00000000000000000000;3.609;-0.269;0.719;662;662;575;1;
167.00000000000000000000;167.19999999999998863132;4.468;0.164;0.716;656;656;572;1;
167.19999999999998863132;167.40000000000000568434;3.114;0.570;0.709;668;668;576;1;
167.40000000000000568434;167.59999999999999431566;3.584;-0.489;0.717;665;665;586;1;
167.59999999999999431566;167.80000000000001136868;4.418;-0.109;0.723;670;668;582;1;
167.80000000000001136868;168.00000000000000000000;3.119;0.339;0.733;684;684;593;1;
168.00000000000000000000;168.19999999999998863132;4.498;-0.174;0.722;683;683;598;1;
168.19999999999998863132;168.40000000000000568434;3.523;-0.672;0.723;674;674;589;1;
168.40000000000000568434;168.59999999999999431566;4.070;0.464;0.739;685;685;587;1;
168.59999999999999431566;168.80000000000001136868;3.560;-0.622;0.711;668;668;588;1;
168.80000000000001136868;169.00000000000000000000;4.073;0.555;0.709;671;671;575;1;
169.00000000000000000000;169.19999999999998863132;3.139;0.144;0.722;671;671;574;1;
169.19999999999998863132;169.40000000000000568434;4.417;-0.413;0.708;686;686;603;1;
169.40000000000000568434;169.59999999999999431566;3.185;0.193;0.702;665;665;572;1;
169.59999999999999431566;169.80000000000001136868;4.081;0.357;0.712;669;669;579;1;
169.80000000000001136868;170.00000000000000000000;3.112;-0.258;0.747;685;685;604;1;
170.00000000000000000000;170.19999999999998863132;4.116;0.189;0.720;646;646;567;1;
170.19999999999998863132;170.40000000000000568434;3.437;-0.941;0.707;607;607;533;1;
170.40000000000000568434;170.59999999999999431566;4.136;0.147;0.711;637;637;550;1;
170.59999999999999431566;170.80000000000001136868;4.171;0.228;0.702;654;654;566;1;
170.80000000000001136868;171.00000000000000000000;3.105;-0.254;0.726;659;659;576;1;
171.00000000000000000000;171.19999999999998863132;3.871;0.932;0.717;686;686;581;1;
171.19999999999998863132;171.40000000000000568434;4.117;-0.055;0.717;667;667;569;1;
171.40000000000000568434;171.59999999999999431566;3.174;-0.168;0.702;682;682;597;1;
171.59999999999999431566;171.80000000000001136868;4.143;-0.355;0.742;694;694;602;1;
171.80000000000001136868;172.00000000000000000000;4.105;-0.148;0.713;679;679;586;1;
172.00000000000000000000;172.19999999999998863132;2.957;0.536;0.725;672;672;570;1;
172.19999999999998863132;172.40000000000000568434;4.092;-0.394;0.725;638;637;547;1;
172.40000000000000568434;172.59999999999999431566;4.085;-0.525;0.737;632;632;550;1;
172.59999999999999431566;172.80000000000001136868;3.938;0.463;0.727;621;621;523;1;
172.80000000000001136868;173.00000000000000000000;3.112;-0.627;0.718;594;594;517;1;
173.00000000000000000000;173.19999999999998863132;3.954;0.436;0.720;611;611;529;1;
173.19999999999998863132;173.40000000000000568434;4.064;0.408;0.717;644;644;553;1;
173.40000000000000568434;173.59999999999999431566;4.100;-0.606;0.721;646;646;567;1;
173.59999999999999431566;173.80000000000001136868;3.031;0.281;0.716;660;660;564;1;
173.80000000000001136868;174.00000000000000000000;3.907;0.256;0.722;675;675;584;1;
174.00000000000000000000;174.19999999999998863132;3.973;-0.846;0.721;697;697;633;1;
174.19999999999998863132;174.40000000000000568434;4.040;0.039;0.733;667;667;577;1;
174.40000000000000568434;174.59999999999999431566;3.011;-0.007;0.721;653;653;564;1;
174.59999999999999431566;174.80000000000001136868;4.007;-0.059;0.735;664;664;569;1;
174.80000000000001136868;175.00000000000000000000;4.057;0.023;0.709;682;682;592;1;
175.00000000000000000000;175.19999999999998863132;4.018;-0.023;0.718;687;687;592;1;
175.19999999999998863132;175.40000000000000568434;4.001;-0.208;0.732;635;635;546;1;
175.40000000000000568434;175.59999999999999431566;3.001;0.084;0.698;631;631;547;1;
175.59999999999999431566;175.80000000000001136868;4.033;-0.227;0.717;646;646;566;1;
175.80000000000001136868;176.00000000000000000000;4.036;0.810;0.711;691;691;586;1;
176.00000000000000000000;176.19999999999998863132;4.014;-0.224;0.712;690;690;598;1;
176.19999999999998863132;176.40000000000000568434;2.946;-0.169;0.708;686;686;603;1;
176.40000000000000568434;176.59999999999999431566;4.086;0.542;0.723;693;693;591;1;
176.59999999999999431566;176.80000000000001136868;3.984;-0.397;0.717;694;694;597;1;
176.80000000000001136868;177.00000000000000000000;3.933;-0.299;0.695;692;692;608;1;
177.00000000000000000000;177.19999999999998863132;3.083;0.673;0.713;675;675;579;1;
177.19999999999998863132;177.40000000000000568434;3.995;-0.682;0.727;652;652;569;1;
177.40000000000000568434;177.59999999999999431566;4.095;0.368;0.712;671;671;573;1;
177.59999999999999431566;177.80000000000001136868;4.083;0.138;0.742;696;696;597;1;
177.80000000000001136868;178.00000000000000000000;2.933;-0.696;0.732;694;694;610;1;
178.00000000000000000000;178.19999999999998863132;4.135;0.368;0.698;681;681;584;1;
178.19999999999998863132;178.40000000000000568434;4.115;0.111;0.715;681;681;577;1;
178.40000000000000568434;178.59999999999999431566;3.100;0.431;0.706;683;683;593;1;
178.59999999999999431566;178.80000000000001136868;4.110;0.128;0.713;644;644;554;1;
178.80000000000001136868;179.00000000000000000000;3.876;-1.036;0.726;634;634;558;1;
179.00000000000000000000;179.19999999999998863132;3.154;0.200;0.720;665;665;569;1;
179.19999999999998863132;179.40000000000000568434;4.141;-0.150;0.734;665;665;575;1;
179.40000000000000568434;179.59999999999999431566;4.103;-0.032;0.701;617;617;531;1;
179.59999999999999431566;179.80000000000001136868;3.461;1.005;0.720;611;611;507;1;
179.80000000000001136868;180.00000000000000000000;4.093;-0.063;0.690;654;654;566;1;
180.00000000000000000000;180.19999999999998863132;3.138;-0.012;0.725;667;667;583;1;
180.19999999999998863132;180.40000000000000568434;4.153;-0.429;0.718;671;671;589;1;
180.40000000000000568434;180.59999999999999431566;3.203;-0.214;0.738;680;680;587;1;
180.59999999999999431566;180.80000000000001136868;4.426;0.335;0.736;675;675;579;1;
180.80000000000001136868;181.00000000000000000000;3.158;-0.104;0.709;672;672;579;1;
181.00000000000000000000;181.19999999999998863132;4.060;-0.521;0.714;694;694;603;1;
181.19999999999998863132;181.40000000000000568434;3.589;0.473;0.742;670;670;575;1;
181.40000000000000568434;181.59999999999999431566;4.070;-0.693;0.717;665;665;580;1;
181.59999999999999431566;181.80000000000001136868;3.574;0.564;0.718;668;668;569;1;
181.80000000000001136868;182.00000000000000000000;4.458;0.178;0.713;659;659;563;1;
182.00000000000000000000;182.19999999999998863132;3.090;-0.389;0.715;670;670;593;1;
182.19999999999998863132;182.40000000000000568434;4.516;0.112;0.702;665;665;564;1;
182.40000000000000568434;182.59999999999999431566;3.574;0.461;0.707;655;655;554;1;
182.59999999999999431566;182.80000000000001136868;3.087;-0.596;0.729;662;662;576;1;
182.80000000000001136868;183.00000000000000000000;4.496;0.048;0.692;652;652;565;1;
183.00000000000000000000;183.19999999999998863132;3.621;0.463;0.689;664;664;577;1;
183.19999999999998863132;183.40000000000000568434;3.583;0.156;0.732;641;641;558;1;
183.40000000000000568434;183.59999999999999431566;3.613;0.228;0.705;669;669;576;1;
183.59999999999999431566;183.80000000000001136868;4.435;-0.372;0.715;656;656;569;1;
183.80000000000001136868;184.00000000000000000000;3.563;0.027;0.737;652;652;559;1;
184.00000000000000000000;184.19999999999998863132;3.610;0.183;0.699;662;662;568;1;
184.19999999999998863132;184.40000000000000568434;3.613;0.048;0.712;663;663;569;1;
184.40000000000000568434;184.59999999999999431566;3.610;-0.047;0.720;657;657;565;1;
184.59999999999999431566;184.80000000000001136868;3.609;-0.196;0.732;648;648;557;1;
184.80000000000001136868;185.00000000000000000000;3.584;0.116;0.686;655;655;573;1;
185.00000000000000000000;185.19999999999998863132;4.203;0.434;0.748;658;658;556;1;
185.19999999999998863132;185.40000000000000568434;3.599;-0.184;0.707;648;648;565;1;
185.40000000000000568434;185.59999999999999431566;3.570;-0.235;0.718;655;655;578;1;
185.59999999999999431566;185.80000000000001136868;3.598;-0.334;0.729;648;648;564;1;
185.80000000000001136868;186.00000000000000000000;4.200;0.235;0.743;636;634;549;1;
186.00000000000000000000;186.19999999999998863132;3.579;-0.588;0.740;646;646;564;1;
186.19999999999998863132;186.40000000000000568434;4.254;0.227;0.728;649;649;545;1;
186.40000000000000568434;186.59999999999999431566;3.573;-0.604;0.736;650;650;569;1;
186.59999999999999431566;186.80000000000001136868;4.216;0.234;0.714;646;646;559;1;
186.80000000000001136868;187.00000000000000000000;2.851;0.166;0.710;644;644;555;1;
187.00000000000000000000;187.19999999999998863132;4.260;0.131;0.719;664;664;567;1;
187.19999999999998863132;187.40000000000000568434;4.259;-0.031;0.724;658;658;563;1;
187.40000000000000568434;187.59999999999999431566;2.806;-0.054;0.722;665;665;576;1;
187.59999999999999431566;187.80000000000001136868;4.256;-0.091;0.718;652;652;571;1;
187.80000000000001136868;188.00000000000000000000;4.255;-0.281;0.731;660;660;582;1;
188.00000000000000000000;188.19999999999998863132;2.810;-0.089;0.722;646;646;557;1;
188.19999999999998863132;188.40000000000000568434;4.243;-0.284;0.724;658;658;575;1;
188.40000000000000568434;188.59999999999999431566;3.546;0.460;0.724;669;669;571;1;
188.59999999999999431566;188.80000000000001136868;4.209;-0.349;0.722;655;655;572;1;
188.80000000000001136868;189.00000000000000000000;3.609;0.469;0.712;670;670;581;1;
189.00000000000000000000;189.19999999999998863132;4.200;-0.367;0.715;665;665;590;1;
189.19999999999998863132;189.40000000000000568434;3.607;0.265;0.712;677;677;595;1;
189.40000000000000568434;189.59999999999999431566;3.610;-0.061;0.751;657;657;582;1;
189.59999999999999431566;189.80000000000001136868;3.605;0.238;0.708;642;642;551;1;
189.80000000000001136868;190.00000000000000000000;4.156;-0.758;0.732;636;636;564;1;
190.00000000000000000000;190.19999999999998863132;3.561;0.063;0.725;660;660;571;1;
190.19999999999998863132;190.40000000000000568434;3.635;0.120;0.712;675;675;584;1;
190.40000000000000568434;190.59999999999999431566;3.587;-0.065;0.728;665;665;572;1;
190.59999999999999431566;190.80000000000001136868;3.616;0.063;0.710;660;660;579;1;
190.80000000000001136868;191.00000000000000000000;3.625;0.057;0.708;667;667;572;1;
191.00000000000000000000;191.19999999999998863132;3.617;-0.025;0.709;655;654;566;1;
191.19999999999998863132;191.40000000000000568434;4.471;0.345;0.717;665;664;571;1;
191.40000000000000568434;191.59999999999999431566;3.627;-0.107;0.706;647;647;574;1;
191.59999999999999431566;191.80000000000001136868;3.547;-0.379;0.733;653;653;561;1;
191.80000000000001136868;192.00000000000000000000;3.625;-0.288;0.713;672;672;582;1;
192.00000000000000000000;192.19999999999998863132;4.457;0.022;0.731;677;677;585;1;
192.19999999999998863132;192.40000000000000568434;3.155;0.589;0.708;656;656;555;1;
192.40000000000000568434;192.59999999999999431566;3.594;-0.350;0.708;623;623;541;1;
192.59999999999999431566;192.80000000000001136868;4.477;0.005;0.717;648;648;556;1;
192.80000000000001136868;193.00000000000000000000;3.100;0.368;0.714;681;681;582;1;
193.00000000000000000000;193.19999999999998863132;4.435;-0.235;0.729;692;692;595;1;
193.19999999999998863132;193.40000000000000568434;3.556;-0.719;0.735;681;681;588;1;
193.40000000000000568434;193.59999999999999431566;4.102;0.503;0.732;677;677;583;1;
193.59999999999999431566;193.80000000000001136868;3.541;-0.657;0.714;688;688;599;1;
193.80000000000001136868;194.00000000000000000000;4.109;0.610;0.705;687;687;588;1;
194.00000000000000000000;194.19999999999998863132;3.190;0.337;0.697;687;687;597;1;
194.19999999999998863132;194.40000000000000568434;4.423;-0.497;0.718;691;691;603;1;
194.40000000000000568434;194.59999999999999431566;3.208;0.107;0.714;676;676;585;1;
194.59999999999999431566;194.80000000000001136868;4.084;0.414;0.711;684;684;580;1;
194.80000000000001136868;195.00000000000000000000;3.143;-0.025;0.714;687;687;598;1;
195.00000000000000000000;195.19999999999998863132;4.110;0.212;0.719;655;655;558;1;
195.19999999999998863132;195.40000000000000568434;3.425;-0.966;0.714;675;675;604;1;
195.40000000000000568434;195.59999999999999431566;4.124;0.108;0.730;672;672;573;1;
195.59999999999999431566;195.80000000000001136868;4.120;0.056;0.723;676;676;578;1;
195.80000000000001136868;196.00000000000000000000;3.170;-0.144;0.714;697;697;599;1;
196.00000000000000000000;196.19999999999998863132;3.862;0.839;0.729;686;686;577;1;
196.19999999999998863132;196.40000000000000568434;4.159;-0.210;0.736;684;684;595;1;
196.40000000000000568434;196.59999999999999431566;3.166;-0.264;0.706;678;678;591;1;
196.59999999999999431566;196.80000000000001136868;4.138;0.068;0.687;663;663;567;1;
196.80000000000001136868;197.00000000000000000000;4.106;-0.298;0.731;661;661;568;1;
197.00000000000000000000;197.19999999999998863132;2.941;0.462;0.724;678;678;578;1;
197.19999999999998863132;197.40000000000000568434;4.094;-0.458;0.733;689;689;602;1;
197.40000000000000568434;197.59999999999999431566;4.142;-0.188;0.693;674;674;578;1;
197.59999999999999431566;197.80000000000001136868;3.949;0.634;0.709;634;633;533;1;
197.80000000000001136868;198.00000000000000000000;3.133;-0.470;0.703;650;650;568;1;
198.00000000000000000000;198.19999999999998863132;4.014;0.548;0.709;689;688;582;1;
198.19999999999998863132;198.40000000000000568434;3.970;0.185;0.744;676;676;586;1;
198.40000000000000568434;198.59999999999999431566;4.075;-0.724;0.729;680;680;596;1;
198.59999999999999431566;198.80000000000001136868;2.978;0.182;0.720;684;684;594;1;
198.80000000000001136868;199.00000000000000000000;4.037;0.376;0.693;687;687;596;1;
199.00000000000000000000;199.19999999999998863132;4.007;-0.887;0.732;693;693;612;1;
199.19999999999998863132;199.40000000000000568434;4.010;0.127;0.724;696;696;595;1;
199.40000000000000568434;199.59999999999999431566;3.038;0.187;0.701;677;676;586;1;
199.59999999999999431566;199.80000000000001136868;4.050;0.136;0.713;678;678;596;1;
