PROPERTIES:;VideoFileName=../../Data/IceTesting/IceTestingLinux/Ice/Run19/2014-01-25_15-06-57.son.avi;CameraType=2;videoSize=[496 x 480];videoFPS=30;videoFrameCount=169;SURFminHessian=400;SIFTthreshold=0.001;SIFTedgeThresh=100;CLAHEclipLimit=4;CLAHEtileSize=[16 x 16];fx_new=295.555;fy_new=391.459;princPt=[247.5, 239.5];FRONT_CAMERA=1;DES_FOVX=80;BLUR_IMGS=0;ROBUST_EST=4;PROCESS_00FRAME=0;THRESHOLD_JUMPS=1;MAX_ROT=30;

frame1;frame2;vidOF_x_rot;vidOF_y_rot;vidOF_z_rot;vidOF_x_sum;vidOF_y_sum;vidOF_z_sum;vidSURF_x_rot;vidSURF_y_rot;vidSURF_z_rot;vidSURF_x_sum;vidSURF_y_sum;vidSURF_z_sum;vidSIFT_x_rot;vidSIFT_y_rot;vidSIFT_z_rot;vidSIFT_x_sum;vidSIFT_y_sum;vidSIFT_z_sum;vidHARRIS_x_rot;vidHARRIS_y_rot;vidHARRIS_z_rot;vidHARRIS_x_sum;vidHARRIS_y_sum;vidHARRIS_z_sum;vidOFtranslMat_x;vidOFtranslMat_y;vidOFtranslMat_z;vidSURFtranslMat_x;vidSURFtranslMat_y;vidSURFtranslMat_z;vidSIFTtranslMat_x;vidSIFTtranslMat_y;vidSIFTtranslMat_z;vidHARRIStranslMat_x;vidHARRIStranslMat_y;vidHARRIStranslMat_z;vidOFglobalSum_x;vidOFglobalSum_y;vidOFglobalSum_z;vidOFglobalSum_roll;vidOFglobalSum_pitch;vidOFglobalSum_yaw;vidSURFglobalSum_x;vidSURFglobalSum_y;vidSURFglobalSum_z;vidSURFglobalSum_roll;vidSURFglobalSum_pitch;vidSURFglobalSum_yaw;vidSIFTglobalSum_x;vidSIFTglobalSum_y;vidSIFTglobalSum_z;vidSIFTglobalSum_roll;vidSIFTglobalSum_pitch;vidSIFTglobalSum_yaw;vidHARRISglobalSum_x;vidHARRISglobalSum_y;vidHARRISglobalSum_z;vidHARRISglobalSum_roll;vidHARRISglobalSum_pitch;vidHARRISglobalSum_yaw;vidOFcorners2;vidOFmatches;vidOFinliers;vidSURFcorners2;vidSURFmatches;vidSURFinliers;vidSIFTcorners2;vidSIFTmatches;vidSIFTinliers;vidHARRIScorners2;vidHARRISmatches;vidHARRISinliers;OF_EstValid;SURF_EstValid;SIFT_EstValid;HARRIS_EstValid;
0;1;0;0;-0.0728658;0;0;-0.0728658;0;0;1.28434;0;0;1.28434;0;0;2.87098;0;0;2.87098;0;0;4.51652;0;0;4.51652;0.846006;0.519456;0.120163;-0.897934;-0.361867;0.250534;0.492289;-0.447459;-0.746613;0.50612;-0.492254;-0.708186;0.846666;0.518379;0.120163;0;0;-0.0728658;-0.889598;-0.381902;0.250534;0;0;1.28434;0.514083;-0.42224;-0.746613;0;0;2.87098;0.543312;-0.45087;-0.708186;0;0;4.51652;723;682;516;826;826;810;1000;1000;916;779;779;625;1;1;1;1;
1;2;0;0;0.364082;0;0;0.291216;0;0;7.80188;0;0;9.08622;0;0;9.58096;0;0;12.4519;0;0;-0.124754;0;0;4.39176;-0.657159;0.298458;0.692145;0.924704;-0.306789;-0.225397;0.468113;-0.501968;-0.727254;0.99267;-0.0439683;-0.112577;0.187999;0.813493;0.812308;0;0;0.291216;0.071951;-0.538811;0.0251366;0;0;9.08622;1.07942;-0.811466;-1.47387;0;0;12.4519;1.53643;-0.418695;-0.820764;0;0;4.39176;980;867;612;817;817;800;1000;1000;931;1000;1000;813;1;1;1;1;
2;3;0;0;-0.00275644;0;0;0.288459;0;0;-2.99488;0;0;6.09134;0;0;-1.42527;0;0;11.0267;0;0;4.35742;0;0;8.74919;0.573511;0.818334;-0.0376123;0.916091;0.248875;-0.314388;0.860612;0.507864;0.0376904;-0.834373;-0.549855;0.0384855;0.757382;1.6347;0.774696;0;0;0.288459;0.95646;-0.194132;-0.289251;0;0;6.09134;1.82701;-0.148372;-1.43618;0;0;11.0267;0.795408;-1.08907;-0.782278;0;0;8.74919;752;717;570;713;713;684;1000;1000;882;904;904;756;1;1;1;1;
3;4;0;0;0.13486;0;0;0.42332;0;0;0.356588;0;0;6.44793;0;0;0.777448;0;0;11.8041;0;0;-0.058557;0;0;8.69063;0.249328;-0.87596;0.412952;0.882955;0.201871;-0.423837;0.907413;-0.371958;-0.195571;0.98013;0.121186;-0.15703;1.01318;0.76061;1.18765;0;0;0.42332;1.81116;0.105618;-0.713089;0;0;6.44793;2.79132;-0.326838;-1.63175;0;0;11.8041;1.74597;-0.821176;-0.939308;0;0;8.69063;935;935;834;678;678;408;1000;1000;626;737;737;443;1;1;1;1;
4;5;0;0;0.00493768;0;0;0.428257;0;0;-0.107662;0;0;6.34027;0;0;-0.0353404;0;0;11.7688;0;0;-0.310959;0;0;8.37967;-0.835942;-0.548296;0.0239137;0.885535;0.440688;-0.147041;0.92622;0.316634;-0.204594;-0.935804;0.314574;0.159105;0.181355;0.206081;1.21156;0;0;0.428257;2.64261;0.641403;-0.86013;0;0;6.34027;3.63349;0.172054;-1.83634;0;0;11.7688;0.774317;-0.646337;-0.780203;0;0;8.37967;745;745;643;647;647;390;1000;1000;561;771;771;497;1;1;1;1;
5;6;0;0;-0.214081;0;0;0.214176;0;0;0.0546745;0;0;6.39494;0;0;0.404393;0;0;12.1732;0;0;0.519617;0;0;8.89929;-0.427718;0.812409;-0.396293;0.975442;0.203788;-0.0835618;0.904864;-0.415897;-0.0908369;0.968242;-0.193476;-0.158348;-0.249397;1.01689;0.815269;0;0;0.214176;3.58929;0.952568;-0.943691;0;0;6.39494;4.60571;-0.0436852;-1.92718;0;0;12.1732;1.76083;-0.687699;-0.938551;0;0;8.89929;855;850;768;645;645;368;1000;1000;592;990;990;634;1;1;1;1;
6;7;0;0;0.0378239;0;0;0.252;0;0;-0.395896;0;0;5.99905;0;0;-0.237663;0;0;11.9355;0;0;-0.200535;0;0;8.69875;-0.563758;-0.8236;0.0621253;0.970657;0.174047;-0.16593;-0.876546;-0.276567;0.393927;-0.753645;-0.654985;0.0549035;-0.809528;0.190814;0.877394;0;0;0.252;4.53644;1.22711;-1.10962;0;0;5.99905;3.80531;-0.495552;-1.53325;0;0;11.9355;1.11492;-1.44913;-0.883648;0;0;8.69875;722;722;632;664;664;484;1001;1001;756;464;464;277;1;1;1;1;
7;8;0;0;-0.0857944;0;0;0.166206;0;0;-2.88941;0;0;3.10964;0;0;2.89165;0;0;14.8271;0;0;-0.439932;0;0;8.25882;-0.116641;-0.988422;-0.0970448;0.971171;0.118193;-0.20702;0.9443;-0.220347;-0.244429;-0.977759;-0.128563;0.165706;-0.923301;-0.797942;0.780349;0;0;0.166206;5.49977;1.39781;-1.31664;0;0;3.10964;4.77455;-0.466911;-1.77768;0;0;14.8271;0.165766;-1.71681;-0.717942;0;0;8.25882;829;824;659;653;653;586;1000;1000;860;1000;1000;708;1;1;1;1;
8;9;0;0;-0.117813;0;0;0.0483926;0;0;1.07092;0;0;4.18056;0;0;-0.112889;0;0;14.7143;0;0;-1.00337;0;0;7.25545;0.00397144;-0.99999;0.00180307;0.980754;-0.0669513;-0.183408;-0.98814;0.110351;0.106776;0.701105;0.453636;-0.550151;-0.918485;-1.79793;0.782152;0;0;0.0483926;6.48279;1.40253;-1.50005;0;0;4.18056;3.79079;-0.611166;-1.6709;0;0;14.7143;0.803966;-1.17826;-1.26809;0;0;7.25545;914;911;713;695;695;576;1000;1000;837;1000;1000;616;1;1;1;1;
9;10;0;0;0.00849444;0;0;0.056887;0;0;-0.0251131;0;0;4.15544;0;0;-0.037709;0;0;14.6766;0;0;-0.0093606;0;0;7.24609;-0.174558;0.041438;0.983775;0.603799;-0.369219;-0.706473;0.489448;-0.539128;-0.685406;-0.156821;0.147505;0.97655;-1.09308;-1.75666;1.76593;0;0;0.056887;7.11176;1.07804;-2.20652;0;0;4.15544;4.40086;-1.0087;-2.35631;0;0;14.6766;0.629792;-1.05171;-0.291543;0;0;7.24609;874;868;685;771;771;465;1000;1000;567;1000;1000;661;1;1;1;1;
10;11;0;0;0.0326634;0;0;0.0895504;0;0;0.0887901;0;0;4.24423;0;0;-0.0558745;0;0;14.6207;0;0;0;0;0;7.24609;0.596828;-0.79781;-0.0854133;0.998844;0.0426114;-0.0222604;0.629654;-0.744655;-0.221415;0;-1;0;-0.49501;-2.55354;1.68051;0;0;0.0895504;8.10471;1.19445;-2.22878;0;0;4.24423;5.19809;-1.5703;-2.57773;0;0;14.6207;0.755923;-2.04373;-0.291543;0;0;7.24609;788;787;670;741;741;455;1000;1000;580;1000;1000;601;1;1;1;1;
11;12;0;0;-0.00733875;0;0;0.0822117;0;0;0.0502642;0;0;4.2945;0;0;-0.0365995;0;0;14.5841;0;0;0.919289;0;0;8.16538;0.979097;-0.155352;0.131284;0.646154;-0.59842;0.473686;0.932847;0.346622;-0.0982339;0.139249;-0.983674;0.113998;0.484309;-2.70749;1.8118;0;0;0.0822117;8.79386;0.6461;-1.7551;0;0;4.2945;6.0136;-0.999957;-2.67596;0;0;14.5841;1.03347;-2.99765;-0.177545;0;0;8.16538;813;806;648;729;729;450;1000;1000;564;881;881;571;1;1;1;1;
12;13;0;0;-0.0198622;0;0;0.0623495;0;0;-0.0535119;0;0;4.24098;0;0;0.0654099;0;0;14.6495;0;0;-0.220399;0;0;7.94498;-0.295926;0.201925;0.933624;0.23048;0.293756;-0.927678;0.493277;-0.666119;-0.559431;0.400006;-0.852345;0.336903;0.188163;-2.50588;2.74542;0;0;0.0623495;9.00199;0.956096;-2.68277;0;0;4.24098;6.65931;-1.51967;-3.23539;0;0;14.6495;1.54745;-3.78652;0.159358;0;0;7.94498;667;667;557;731;731;468;1000;1000;588;743;743;480;1;1;1;1;
13;14;0;0;-0.0446515;0;0;0.017698;0;0;-0.057795;0;0;4.18319;0;0;-0.00240175;0;0;14.6471;0;0;0;0;0;7.94498;-0.693699;0.171978;0.699432;0.918565;0.269762;-0.288905;0.90445;0.42499;-0.0367813;0.976344;0.134259;-0.16949;-0.505589;-2.33412;3.44485;0;0;0.017698;9.89843;1.29214;-2.97168;0;0;4.18319;7.4269;-0.879786;-3.27217;0;0;14.6471;2.49587;-3.5186;-0.0101324;0;0;7.94498;760;760;651;752;752;485;1000;1000;606;908;908;617;1;1;1;1;
14;15;0;0;-0.0254467;0;0;-0.00774873;0;0;0.00986732;0;0;4.19306;0;0;-0.239684;0;0;14.4074;0;0;-0.162598;0;0;7.78238;0.153752;0.393545;0.906357;0.917391;0.0891342;-0.387877;-0.0648779;0.969492;0.236381;-0.0865272;0.771797;0.629954;-0.351784;-1.9406;4.35121;0;0;-0.00774873;10.8068;1.44812;-3.35956;0;0;4.19306;7.12284;0.0430736;-3.03579;0;0;14.4074;2.30563;-2.76563;0.619822;0;0;7.78238;828;828;673;754;754;475;1000;1000;619;1000;1000;637;1;1;1;1;
15;16;0;0;-0.00151308;0;0;-0.00926181;0;0;-0.0383771;0;0;4.15468;0;0;-0.120727;0;0;14.2867;0;0;0.0330399;0;0;7.81542;0.0419779;-0.139227;-0.98937;0.902413;-0.364715;0.229419;-0.311749;0.948803;0.0508495;0.0624037;0.00153638;-0.99805;-0.309828;-2.07983;3.36184;0;0;-0.00926181;11.7333;1.14974;-3.13014;0;0;4.15468;6.58659;0.885601;-2.98494;0;0;14.2867;2.36724;-2.75562;-0.378228;0;0;7.81542;846;846;700;720;720;469;1000;1000;608;821;821;562;1;1;1;1;
16;17;0;0;0.00624754;0;0;-0.00301428;0;0;-0.108725;0;0;4.04595;0;0;-0.00484701;0;0;14.2818;0;0;0.0868476;0;0;7.90227;-0.0692276;-0.333954;-0.940044;0.768904;-0.038868;0.638181;0.0591;0.769917;0.635402;0.81777;-0.489302;-0.303043;-0.379074;-2.41378;2.4218;0;0;-0.00301428;12.503;1.16522;-2.49196;0;0;4.04595;6.45393;1.6463;-2.34954;0;0;14.2818;3.24452;-3.12785;-0.681271;0;0;7.90227;795;788;690;757;757;471;1000;1000;615;880;880;610;1;1;1;1;
17;18;0;0;0.25906;0;0;0.256046;0;0;1.72574;0;0;5.7717;0;0;-1.07687;0;0;13.205;0;0;0.71923;0;0;8.6215;0.229057;0.739309;0.63321;0.916088;0.136513;-0.377023;0.986584;-0.0609677;-0.151444;0.988783;0.00372948;-0.149313;-0.153323;-1.67346;3.05501;0;0;0.256046;13.4008;1.39317;-2.86898;0;0;5.7717;7.42836;1.81232;-2.50098;0;0;13.205;4.22157;-2.97594;-0.830583;0;0;8.6215;935;907;798;753;753;549;1000;1000;787;947;947;563;1;1;1;1;
18;19;0;0;-0.0321192;0;0;0.223927;0;0;-0.980433;0;0;4.79126;0;0;-8.14337;0;0;5.06159;0;0;2.7387;0;0;11.3602;-0.399786;0.535112;0.744195;0.904445;0.160247;-0.395348;0.984632;-0.056072;-0.165394;0.986669;-0.101384;-0.127298;-0.555197;-1.13991;3.7992;0;0;0.223927;14.2887;1.6284;-3.26433;0;0;4.79126;8.4141;1.84333;-2.66638;0;0;5.06159;5.20888;-2.88098;-0.957882;0;0;11.3602;907;880;667;724;724;689;1000;1000;869;1000;1000;793;1;1;1;1;
19;20;0;0;-0.0142079;0;0;0.209719;0;0;-1.37781;0;0;3.41346;0;0;-9.87467;0;0;-4.81308;0;0;0.311677;0;0;11.6719;-0.540852;0.115538;0.833145;0.827062;0.106853;-0.551861;0.994684;-0.0726441;-0.0729782;0.975166;-0.174205;-0.136763;-1.09647;-1.02635;4.63235;0;0;0.209719;15.1079;1.78431;-3.81619;0;0;3.41346;9.39918;1.68749;-2.73936;0;0;-4.81308;6.19912;-2.8543;-1.09464;0;0;11.6719;923;874;593;715;715;699;1000;1000;895;934;934;805;1;1;1;1;
20;21;0;0;-0.0391795;0;0;0.170539;0;0;-1.45487;0;0;1.95859;0;0;2.73087;0;0;-2.08221;0;0;-0.352537;0;0;11.3193;0.650669;-0.537485;0.536413;0.864603;0.254443;-0.433268;-0.848341;-0.516122;0.118054;0.950524;0.310318;-0.0143517;-0.444202;-1.5619;5.16876;0;0;0.170539;15.9633;2.06815;-4.24946;0;0;1.95859;8.53264;1.20253;-2.6213;0;0;-2.08221;7.07025;-2.36345;-1.109;0;0;11.3193;1000;979;760;755;755;730;1000;1000;740;1000;1000;850;1;1;1;1;
21;22;0;0;-1.38434;0;0;-1.2138;0;0;1.58773;0;0;3.54632;0;0;-3.53355;0;0;-5.61576;0;0;-1.4059;0;0;9.91344;-0.434093;0.737622;-0.517182;0.925677;0.138558;-0.352028;0.841532;0.516065;-0.15969;0.787498;0.60965;-0.0904103;-0.862572;-0.815248;4.65158;0;0;-1.2138;16.8786;2.2637;-4.60148;0;0;3.54632;9.42064;1.63377;-2.78099;0;0;-5.61576;7.74103;-1.62733;-1.19941;0;0;9.91344;866;860;705;803;803;778;1000;1000;781;903;903;655;1;1;1;1;
22;23;0;0;-0.203803;0;0;-1.4176;0;0;-1.12267;0;0;2.42365;0;0;-1.1615;0;0;-6.77726;0;0;-3.88467;0;0;6.02876;-0.50092;0.428747;0.751834;-0.836617;0.153297;0.5259;0.985177;-0.0451707;-0.165485;-0.817501;0.0141392;0.575754;-1.35273;-0.37424;5.40341;0;0;-1.4176;16.0363;2.38148;-4.07558;0;0;2.42365;10.3936;1.47265;-2.94648;0;0;-6.77726;6.92657;-1.69913;-0.623653;0;0;6.02876;984;963;696;798;798;796;1000;1000;896;1000;1000;877;1;1;1;1;
23;24;0;0;0.227438;0;0;-1.19016;0;0;0.822087;0;0;3.24573;0;0;-3.29887;0;0;-10.0761;0;0;-2.19862;0;0;3.83015;0.890692;-0.419922;0.174168;0.833027;0.459313;-0.30838;-0.872125;-0.0218371;0.488796;0.893499;0.431767;-0.12344;-0.470955;-0.812571;5.57758;0;0;-1.19016;16.842;2.88722;-4.38396;0;0;3.24573;9.53111;1.60374;-2.45768;0;0;-10.0761;7.78923;-1.20864;-0.747092;0;0;3.83015;1000;943;774;767;767;746;1000;1000;940;1000;1000;834;1;1;1;1;
24;25;0;0;0.252904;0;0;-0.937258;0;0;4.98877;0;0;8.23451;0;0;0;0;0;-10.0761;0;0;-3.42324;0;0;0.406911;-0.791665;0.391269;-0.469228;0.914609;0.171944;-0.365958;-0.752891;0.0614477;0.65527;0.889596;0.0990019;-0.44589;-1.25611;-0.408404;5.10835;0;0;-0.937258;17.7225;3.18839;-4.74992;0;0;8.23451;8.80058;1.79596;-1.80241;0;0;-10.0761;8.6781;-1.10333;-1.19298;0;0;0.406911;1000;913;708;784;784;777;1000;1000;966;1000;1000;945;1;1;0;1;
25;26;0;0;0.815305;0;0;-0.121953;0;0;4.96974;0;0;13.2042;0;0;-3.75862;0;0;-13.8348;0;0;4.08162;0;0;4.48853;0.536355;-0.294725;0.79086;0.790558;-0.0852003;-0.606432;0.91684;0.197585;-0.346936;0.991454;-0.0988831;-0.0850921;-0.720387;-0.70427;5.89921;0;0;-0.121953;18.5116;3.28602;-5.35635;0;0;13.2042;9.73807;1.76858;-2.14935;0;0;-13.8348;9.67425;-1.12432;-1.27807;0;0;4.48853;1000;924;735;774;774;769;1000;1000;979;1000;1000;864;1;1;1;1;
26;27;0;0;-0.370987;0;0;-0.49294;0;0;-1.12956;0;0;12.0747;0;0;-13.4165;0;0;-27.2512;0;0;-4.69111;0;0;-0.202575;0.606466;-0.104077;0.788268;0.904612;0.231573;-0.357842;0.907715;0.324927;-0.265473;0.96624;0.107293;-0.234239;-0.114838;-0.813561;6.68748;0;0;-0.49294;19.3478;3.70171;-5.71419;0;0;12.0747;10.6938;1.6418;-2.41482;0;0;-27.2512;10.6409;-1.02044;-1.51231;0;0;-0.202575;1000;973;802;839;839;832;1000;1000;938;1000;1000;903;1;1;1;1;
27;28;0;0;-0.184662;0;0;-0.677602;0;0;-1.1558;0;0;10.9189;0;0;-1.58394;0;0;-28.8352;0;0;1.07706;0;0;0.874486;0.791303;-0.218281;0.571133;0.835532;0.214094;-0.506015;-0.594686;0.00185526;0.803956;-0.656905;0.108209;0.746168;0.673828;-1.04118;7.25861;0;0;-0.677602;20.1276;4.07019;-6.22021;0;0;10.9189;10.1738;1.93024;-1.61087;0;0;-28.8352;9.98238;-0.922268;-0.766145;0;0;0.874486;983;966;802;780;780;767;1000;1000;887;1000;1000;778;1;1;1;1;
28;29;0;0;0.628207;0;0;-0.0493952;0;0;-7.66179;0;0;3.25709;0;0;0;0;0;-28.8352;0;0;-7.77656;0;0;-6.90207;0.527336;-0.16742;0.832999;0.684047;0.497884;-0.533096;-0.510666;-0.0180039;0.859591;0.781064;0.0778476;-0.619579;1.20102;-1.20906;8.09161;0;0;-0.0493952;20.7823;4.60614;-6.75331;0;0;3.25709;9.71773;2.16076;-0.751274;0;0;-28.8352;10.7671;-0.938848;-1.38572;0;0;-6.90207;983;917;795;826;826;823;1000;1000;894;1000;1000;945;1;1;0;1;
29;30;0;0;8.59248;0;0;8.54309;0;0;5.06592;0;0;8.32301;0;0;0;0;0;-28.8352;0;0;7.43471;0;0;0.532643;0.425331;-0.721283;0.546667;0.624678;-0.100636;-0.774371;-0.552463;-0.028663;0.833044;0.86364;0.207402;-0.459467;1.72878;-1.85915;8.63828;0;0;8.54309;21.415;4.59698;-7.52768;0;0;8.32301;9.21994;2.4021;0.0817697;0;0;-28.8352;11.6288;-0.723426;-1.84519;0;0;0.532643;1000;850;751;852;852;847;1000;1000;937;1000;1000;958;1;1;0;1;
30;31;0;0;-0.227974;0;0;8.31511;0;0;0;0;0;8.32301;0;0;1.66645;0;0;-27.1687;0;0;0;0;0;0.532643;-0.0393525;-0.4367;-0.898746;-0.724487;-0.22195;0.652577;-0.871413;-0.145476;0.468483;-0.875998;-0.101597;0.471492;1.75299;-2.29695;7.73953;0;0;8.31511;20.7302;4.2725;-6.8751;0;0;8.32301;8.37825;2.67057;0.550253;0;0;-27.1687;10.7538;-0.833163;-1.3737;0;0;0.532643;1000;660;637;1039;1039;1021;1000;1000;930;1000;1000;961;1;0;1;0;
31;32;0;0;-15.5477;0;0;-7.2326;0;0;0;0;0;8.32301;0;0;-16.017;0;0;-43.1857;0;0;-8.90015;0;0;-8.36751;0.568209;0.763511;0.306904;-0.683322;0.433562;0.587448;0.707089;0.56793;-0.421285;0.725344;0.487002;-0.486522;2.41281;-1.61105;8.04644;0;0;-7.2326;19.9913;4.60258;-6.28765;0;0;8.32301;9.28248;2.60076;0.128968;0;0;-43.1857;11.5423;-0.456898;-1.86022;0;0;-8.36751;1000;797;730;721;721;692;1000;1000;893;1000;1000;825;1;0;1;1;
32;33;0;0;-5.32864;0;0;-12.5612;0;0;0;0;0;8.32301;0;0;0;0;0;-43.1857;0;0;0;0;0;-8.36751;-0.276825;0.913526;0.298057;-0.646551;-0.566284;0.511169;-0.737928;-0.344071;0.580584;-0.696053;-0.436845;0.569804;2.34128;-0.65919;8.3445;0;0;-12.5612;19.4336;3.94867;-5.77648;0;0;8.32301;8.50896;2.8549;0.709551;0;0;-43.1857;10.7901;-0.787801;-1.29042;0;0;-8.36751;953;786;692;488;488;443;1000;1000;928;1000;1000;943;1;0;0;0;
33;34;0;0;1.15948;0;0;-11.4018;0;0;2.74214;0;0;11.0651;0;0;-2.3261;0;0;-45.5118;0;0;0;0;0;-8.36751;0.937021;0.1735;-0.303134;-0.719382;-0.377192;0.58328;0.677534;0.440765;-0.58879;-0.350582;-0.912648;0.210156;3.29411;-0.674352;8.04136;0;0;-11.4018;18.8;3.44042;-5.1932;0;0;11.0651;9.29819;2.68042;0.120761;0;0;-45.5118;10.3104;-1.63972;-1.08026;0;0;-8.36751;766;734;620;253;253;224;1000;1000;901;851;851;705;1;1;1;0;
34;35;0;0;-5.42034;0;0;-16.8221;0;0;8.01331;0;0;19.0785;0;0;4.56003;0;0;-40.9517;0;0;5.7998;0;0;-2.56771;-0.200847;0.754791;0.624461;0.829929;0.0743801;-0.552888;0.633034;0.555336;-0.539323;-0.595581;-0.632149;0.495652;3.3203;0.106265;8.66582;0;0;-16.8221;19.56;3.78199;-5.74609;0;0;19.0785;10.1403;2.68494;-0.418562;0;0;-40.9517;9.68712;-2.24455;-0.58461;0;0;-2.56771;612;557;515;236;236;221;1000;1000;907;598;598;548;1;1;1;1;
35;36;0;0;-2.29962;0;0;-19.1217;0;0;-0.215205;0;0;18.8633;0;0;-18.8157;0;0;-59.7675;0;0;0.685019;0;0;-1.88269;0.179075;0.977379;-0.112527;0.597871;0.632766;-0.492095;0.612942;0.592932;-0.522238;0.708925;0.399823;-0.581005;3.80966;0.971056;8.5533;0;0;-19.1217;19.9212;4.57407;-6.23819;0;0;18.8633;10.9612;2.45391;-0.9408;0;0;-59.7675;10.4088;-1.86823;-1.16561;0;0;-1.88269;626;575;464;253;253;204;1000;1000;890;664;664;538;1;1;1;1;
36;37;0;0;-0.289896;0;0;-19.4116;0;0;-1.70237;0;0;17.1609;0;0;-6.20971;0;0;-65.9772;0;0;0.854082;0;0;-1.02861;0.836221;0.270917;-0.4768;0.701434;0.549911;-0.453418;0.751682;0.466228;-0.466483;0.878563;0.199169;-0.434119;4.68838;0.948653;8.0765;0;0;-19.4116;20.4291;5.30646;-6.6916;0;0;17.1609;11.693;1.95714;-1.40728;0;0;-65.9772;11.2908;-1.68487;-1.59973;0;0;-1.02861;414;366;288;254;254;225;1000;1000;912;679;679;557;1;1;1;1;
37;38;0;0;1.56858;0;0;-17.843;0;0;0.238812;0;0;17.3997;0;0;-7.70263;0;0;-73.6798;0;0;-3.27131;0;0;-4.29992;0.334846;-0.9416;0.0356034;0.833729;0.459424;-0.30631;0.792983;0.512881;-0.328834;0.907655;0.131633;-0.398541;4.71861;-0.0502554;8.1121;0;0;-17.843;21.0873;5.99418;-6.99791;0;0;17.3997;12.4081;1.34023;-1.73612;0;0;-73.6798;12.2058;-1.62166;-1.99828;0;0;-4.29992;724;538;417;282;282;242;1000;1000;908;1000;1000;786;1;1;1;1;
38;39;0;0;0.931843;0;0;-16.9112;0;0;0;0;0;17.3997;0;0;-7.97861;0;0;-81.6584;0;0;-5.61645;0;0;-9.91637;0.963235;-0.136262;-0.231541;-0.80787;-0.541414;0.232846;0.720188;0.656241;-0.225116;0.306627;0.921195;-0.239543;5.60055;-0.46082;7.88056;0;0;-16.9112;20.4783;5.23596;-6.76507;0;0;17.3997;13.1619;0.722866;-1.96123;0;0;-81.6584;12.6664;-0.767032;-2.23782;0;0;-9.91637;708;603;518;267;267;225;1000;1000;860;1000;1000;849;1;0;1;1;
39;40;0;0;-1.90632;0;0;-18.8175;0;0;-4.52072;0;0;12.879;0;0;0;0;0;-81.6584;0;0;3.05474;0;0;-6.86163;0.966238;0.219978;-0.134137;0.967036;0.234431;-0.0994183;-0.976799;0.214031;0.0074197;-0.857839;-0.507728;0.0795319;6.5861;-0.564264;7.74642;0;0;-18.8175;21.3688;5.68004;-6.86449;0;0;12.879;13.2319;1.72038;-1.95381;0;0;-81.6584;11.7541;-1.16864;-2.15829;0;0;-6.86163;751;491;366;326;326;280;1000;1000;840;1000;1000;852;1;1;0;1;
40;41;0;0;-0.259969;0;0;-19.0775;0;0;-8.8084;0;0;4.07058;0;0;-7.04946;0;0;-88.7079;0;0;1.87814;0;0;-4.98349;-0.00671098;-0.0157324;0.999854;-0.126387;0.966008;0.225511;0.823674;0.56681;-0.0169607;-0.439369;-0.895102;0.0758117;6.57462;-0.576939;8.74627;0;0;-19.0775;21.1741;6.63463;-6.63897;0;0;4.07058;13.8172;0.909698;-1.97077;0;0;-88.7079;11.2386;-2.02219;-2.08247;0;0;-4.98349;794;721;596;485;485;386;1000;1000;796;1000;1000;854;1;1;1;1;
41;42;0;0;-0.198347;0;0;-19.2758;0;0;1.40727;0;0;5.47785;0;0;-8.80483;0;0;-97.5127;0;0;-0.400768;0;0;-5.38426;-0.0865481;-0.042608;0.995336;-0.551632;-0.500897;0.666937;-0.635796;-0.227102;0.737691;-0.331024;0.943447;-0.0181606;6.47885;-0.588587;9.74161;0;0;-19.2758;20.6728;6.08337;-5.97204;0;0;5.47785;13.6751;1.56973;-1.23308;0;0;-97.5127;10.9976;-1.05184;-2.10063;0;0;-5.38426;723;674;551;559;559;499;1000;1000;886;1000;1000;702;1;1;1;1;
42;43;0;0;-0.307646;0;0;-19.5835;0;0;0.727361;0;0;6.20521;0;0;-1.36889;0;0;-98.8816;0;0;-0.631687;0;0;-6.01595;-0.447608;0.0100932;0.894173;0.636336;0.661157;-0.397426;0.52942;-0.0868457;-0.843903;-0.465535;0.456623;0.758138;6.06052;-0.429049;10.6358;0;0;-19.5835;21.234;6.80943;-6.36946;0;0;6.20521;13.5076;1.06007;-2.07699;0;0;-98.8816;10.5825;-0.548941;-1.3425;0;0;-6.01595;706;605;449;534;534;480;1000;1000;909;1000;1000;811;1;1;1;1;
43;44;0;0;-0.417608;0;0;-20.0011;0;0;-2.20201;0;0;4.0032;0;0;3.1811;0;0;-95.7005;0;0;0.270792;0;0;-5.74515;-0.14669;-0.188488;0.971058;-0.64966;0.143777;0.746505;0.630773;0.157854;-0.759742;-0.670621;0.00480653;0.741784;5.85821;-0.555994;11.6068;0;0;-20.0011;20.5759;6.9075;-5.62296;0;0;4.0032;13.602;0.416733;-2.83673;0;0;-95.7005;9.91571;-0.477027;-0.600713;0;0;-5.74515;727;678;548;541;541;496;1000;1000;967;1000;1000;754;1;1;1;1;
44;45;0;0;-0.137008;0;0;-20.1381;0;0;-8.47485;0;0;-4.47164;0;0;0.505296;0;0;-95.1952;0;0;0.782567;0;0;-4.96259;0.301023;-0.0695664;0.951076;-0.169424;0.97373;0.152136;0.555885;0.04923;-0.8298;-0.612287;-0.275465;0.741096;6.11688;-0.724945;12.5579;0;0;-20.1381;20.4829;7.89148;-5.47082;0;0;-4.47164;13.6007;-0.141326;-3.66653;0;0;-95.1952;9.28189;-0.698493;0.140383;0;0;-4.96259;759;703;578;542;542;482;1000;1000;935;1000;1000;853;1;1;1;1;
45;46;0;0;-0.334565;0;0;-20.4727;0;0;-0.678617;0;0;-5.15026;0;0;-0.759973;0;0;-95.9552;0;0;-0.258779;0;0;-5.22137;-0.165245;-0.226581;0.959872;-0.633077;-0.16927;0.755355;0.548197;-0.231569;-0.803651;-0.695141;-0.0915756;0.713017;5.88282;-0.879419;13.5178;0;0;-20.4727;19.8372;7.77972;-4.71547;0;0;-5.15026;13.3135;-0.662539;-4.47018;0;0;-95.9552;8.5813;-0.726428;0.8534;0;0;-5.22137;785;777;637;557;557;524;1000;1000;937;1000;1000;759;1;1;1;1;
46;47;0;0;-0.663148;0;0;-21.1358;0;0;-16.997;0;0;-22.1473;0;0;-7.00685;0;0;-102.962;0;0;0.555856;0;0;-4.66551;0.215476;0.2604;0.941149;-0.16301;0.955926;0.244199;0.640275;0.108248;-0.76048;-0.638928;-0.0225335;0.768937;6.1777;-0.714233;14.4589;0;0;-21.1358;20.0465;8.72657;-4.47127;0;0;-22.1473;13.2754;-1.31078;-5.23066;0;0;-102.962;7.94265;-0.696918;1.62234;0;0;-4.66551;775;754;623;564;564;525;1000;1000;959;1000;1000;856;1;1;1;1;
47;48;0;0;0.058262;0;0;-21.0775;0;0;-1.15086;0;0;-23.2982;0;0;-6.77904;0;0;-109.741;0;0;-7.33649;0;0;-12.002;-0.00451232;-0.0516635;0.998654;0.676943;0.327137;-0.65934;0.606891;0.128264;-0.784367;0.596348;0.286583;-0.749827;6.15491;-0.760817;15.4576;0;0;-21.0775;20.7977;8.75929;-5.13061;0;0;-23.2982;13.1911;-1.92533;-6.01503;0;0;-109.741;8.58556;-0.540607;0.87251;0;0;-12.002;740;717;588;541;541;536;1000;1000;954;1000;1000;891;1;1;1;1;
48;49;0;0;0.467972;0;0;-20.6096;0;0;-0.74099;0;0;-24.0391;0;0;0;0;0;-109.741;0;0;-5.97263;0;0;-17.9746;0.718864;-0.668943;-0.189077;0.699475;0.0333974;-0.713877;-0.963049;0.257187;0.0799434;0.613338;0.0997085;-0.783502;6.5923;-1.63999;15.2685;0;0;-20.6096;21.4501;8.50485;-5.84448;0;0;-24.0391;13.7585;-1.10575;-5.93508;0;0;-109.741;9.19973;-0.635039;0.0890085;0;0;-17.9746;815;733;650;609;609;585;1000;1000;964;1000;1000;953;1;1;0;1;
49;50;0;0;3.01836;0;0;-17.5912;0;0;5.06542;0;0;-18.9737;0;0;-8.15295;0;0;-117.894;0;0;-1.74075;0;0;-19.7154;0.908264;0.417707;0.0240208;0.656877;0.328819;-0.678521;0.996706;-0.0674642;-0.0449979;0.978933;-0.179495;-0.0973239;7.58433;-1.51631;15.2925;0;0;-17.5912;22.1782;8.60223;-6.52301;0;0;-18.9737;13.2326;-1.95509;-5.98008;0;0;-117.894;10.0607;-1.13425;-0.0083154;0;0;-19.7154;876;791;675;659;659;639;1001;1001;788;1000;1000;774;1;1;1;1;
50;51;0;0;-4.77583;0;0;-22.367;0;0;25.7558;0;0;6.78209;0;0;6.40144;0;0;-111.493;0;0;-15.7804;0;0;-35.4958;0.147102;0.976656;0.156539;-0.432556;-0.900273;-0.0490338;0.926315;-0.353689;-0.129785;0.0411573;0.997467;0.0580142;8.09202;-0.669112;15.4491;0;0;-22.367;21.855;7.65718;-6.57204;0;0;6.78209;12.5641;-2.68741;-6.10987;0;0;-111.493;10.6734;-0.346055;0.0496988;0;0;-35.4958;855;652;513;702;702;559;1000;1000;769;1000;1000;767;1;1;1;1;
51;52;0;0;-0.867456;0;0;-23.2345;0;0;2.76856;0;0;9.55065;0;0;0;0;0;-111.493;0;0;-4.50079;0;0;-39.9966;0.610252;0.788285;-0.078736;0.130299;-0.991469;-0.00344612;-0.98385;-0.128122;0.124998;0.0397199;0.996885;0.0681317;8.96375;-0.1855;15.3703;0;0;-23.2345;22.148;6.70107;-6.57549;0;0;9.55065;12.8053;-1.72503;-5.98487;0;0;-111.493;11.3446;0.392112;0.117831;0;0;-39.9966;956;709;644;936;936;773;1000;1000;795;1000;1000;776;1;1;0;1;
52;53;0;0;0.589367;0;0;-22.6451;0;0;0.0998894;0;0;9.65054;0;0;-17.1921;0;0;-128.685;0;0;-3.53357;0;0;-43.5302;-0.857729;-0.512855;0.0357875;0.494107;0.865524;-0.0820147;-0.987275;0.0329613;0.155572;0.696347;0.704022;-0.139476;7.97469;-0.328574;15.4061;0;0;-22.6451;22.49;7.63718;-6.6575;0;0;9.65054;13.4481;-0.974967;-5.8293;0;0;-128.685;12.3343;0.422937;-0.0216454;0;0;-43.5302;873;789;632;816;816;596;1000;1000;789;1000;1000;798;1;1;1;1;
53;54;0;0;-0.0550944;0;0;-22.7002;0;0;0.783187;0;0;10.4337;0;0;-8.21696;0;0;-136.902;0;0;-3.41913;0;0;-46.9493;-0.0239496;-0.0786692;-0.996613;0.503517;0.861376;-0.0670984;0.978762;0.0964564;-0.180888;0.0212197;0.998977;-0.0399418;7.92223;-0.391907;14.4095;0;0;-22.7002;22.8292;8.5755;-6.7246;0;0;10.4337;12.7994;-1.71414;-6.01018;0;0;-136.902;13.0788;1.08938;-0.0615872;0;0;-46.9493;710;630;502;633;633;467;1000;1000;792;1000;1000;788;1;1;1;1;
54;55;0;0;-0.0246689;0;0;-22.7249;0;0;2.21411;0;0;12.6478;0;0;-4.01819;0;0;-140.92;0;0;-0.0993513;0;0;-47.0486;0.0563041;0.0781018;-0.995354;-0.307487;-0.938171;0.159018;0.961123;-0.128009;-0.244657;-0.71735;-0.650866;0.248563;8.00434;-0.341618;13.4142;0;0;-22.7249;22.7346;7.59276;-6.56558;0;0;12.6478;11.9726;-2.22067;-6.25484;0;0;-140.92;12.1136;1.17094;0.186976;0;0;-47.0486;576;542;415;543;543;436;1000;1000;810;1000;1000;753;1;1;1;1;
55;56;0;0;-0.153486;0;0;-22.8784;0;0;-0.865857;0;0;11.782;0;0;0.271117;0;0;-140.649;0;0;-0.448334;0;0;-47.497;-0.383291;-0.0397971;-0.92277;-0.239972;0.970747;0.00804386;0.762792;0.600116;-0.240849;0.679531;0.703745;-0.207319;7.63573;-0.229271;12.4914;0;0;-22.8784;22.3015;8.49406;-6.55754;0;0;11.782;11.7633;-3.16839;-6.49569;0;0;-140.649;13.0916;1.14544;-0.0203434;0;0;-47.497;649;634;514;509;509;386;1000;1000;782;1000;1000;718;1;1;1;1;
56;57;0;0;-0.309098;0;0;-23.1875;0;0;2.67957;0;0;14.4615;0;0;-5.20213;0;0;-145.851;0;0;1.69287;0;0;-45.8041;-0.302272;0.0428214;-0.952259;0.0187375;-0.995935;0.0881048;0.0194027;0.989416;-0.143804;-0.816938;-0.511573;0.266282;7.37473;-0.0708914;11.5391;0;0;-23.1875;22.5683;7.53436;-6.46943;0;0;14.4615;12.3026;-3.9981;-6.63949;0;0;-145.851;12.1553;1.37452;0.245939;0;0;-45.8041;513;490;413;444;444;369;1000;1000;777;864;864;628;1;1;1;1;
57;58;0;0;-0.920684;0;0;-24.1082;0;0;-1.91723;0;0;12.5443;0;0;2.03778;0;0;-143.813;0;0;-1.60541;0;0;-47.4095;0.661435;0.593165;0.458975;0.046612;0.990532;-0.129123;0.954696;-0.0432292;-0.294427;-0.126079;0.966917;0.221757;8.22076;0.200365;11.9981;0;0;-24.1082;22.3987;8.51137;-6.59855;0;0;12.5443;11.5066;-4.52688;-6.93392;0;0;-143.813;12.7818;2.12171;0.467696;0;0;-47.4095;480;458;391;367;367;283;1000;1000;780;686;686;538;1;1;1;1;
58;59;0;0;-0.38216;0;0;-24.4903;0;0;8.21374;0;0;20.7581;0;0;0.823102;0;0;-142.99;0;0;-8.36381;0;0;-55.7733;0.214341;0.376602;-0.901237;-0.113973;-0.993299;0.0191656;0.539417;0.208717;-0.815761;-0.161704;0.964933;0.206776;8.57193;0.454232;11.0969;0;0;-24.4903;22.6442;7.54216;-6.57939;0;0;20.7581;11.2015;-5.01825;-7.74968;0;0;-142.99;13.4887;2.79815;0.674472;0;0;-55.7733;444;435;355;295;295;237;1000;1000;796;532;532;456;1;1;1;1;
59;60;0;0;0.0314455;0;0;-24.4589;0;0;-0.0484527;0;0;20.7096;0;0;0.611231;0;0;-142.379;0;0;-0.617843;0;0;-56.3912;0.539507;-0.384029;0.749302;0.149389;0.949748;0.275068;-0.524535;-0.233502;0.818743;0.852103;-0.521885;0.039442;8.90402;-0.118711;11.8462;0;0;-24.4589;22.448;8.48336;-6.30432;0;0;20.7096;11.4744;-4.51311;-6.93094;0;0;-142.379;13.5257;1.79962;0.713914;0;0;-56.3912;322;319;258;292;292;214;1000;1000;764;408;408;237;1;1;1;1;
60;61;0;0;0.536068;0;0;-23.9228;0;0;-0.25507;0;0;20.4545;0;0;-2.08358;0;0;-144.462;0;0;-1.35019;0;0;-57.7414;0.625334;-0.515883;0.585509;0.176873;0.904351;-0.388414;0.497941;0.218532;-0.839225;-0.442744;-0.445922;0.777902;9.26644;-0.843853;12.4317;0;0;-23.9228;22.2977;9.39251;-6.69274;0;0;20.4545;11.1962;-4.98036;-7.77016;0;0;-144.462;12.9123;1.93602;1.49182;0;0;-57.7414;389;384;331;248;248;178;1001;1001;793;555;555;386;1;1;1;1;
61;62;0;0;-0.272911;0;0;-24.1957;0;0;-0.627293;0;0;19.8272;0;0;3.64625;0;0;-140.816;0;0;0.74901;0;0;-56.9924;0.630364;0.713888;-0.304966;-0.146469;0.941974;0.302046;0.106255;-0.977905;0.180034;0.334898;-0.708572;-0.621104;10.134;-0.451037;12.1267;0;0;-24.1957;21.8404;10.229;-6.39069;0;0;19.8272;10.496;-4.2895;-7.59013;0;0;-140.816;12.5005;1.26918;0.870712;0;0;-56.9924;359;352;276;258;258;200;1000;1000;727;403;403;268;1;1;1;1;
62;63;0;0;-0.298364;0;0;-24.4941;0;0;0.0879062;0;0;19.9151;0;0;-1.38442;0;0;-142.201;0;0;-0.228431;0;0;-57.2208;0.571501;0.527684;-0.62844;-0.00664013;-0.976569;0.215104;0.114314;0.990138;-0.0809927;0.610404;0.0758089;-0.788454;10.8729;-0.207786;11.4983;0;0;-24.4941;22.1668;9.30853;-6.17559;0;0;19.9151;11.0125;-5.14193;-7.67112;0;0;-142.201;12.8947;0.797014;0.082258;0;0;-57.2208;319;318;264;234;234;158;1002;1002;740;337;337;222;1;1;1;1;
63;64;0;0;-0.0752501;0;0;-24.5693;0;0;-0.241254;0;0;19.6739;0;0;1.16029;0;0;-141.04;0;0;-0.157557;0;0;-57.3783;0.985725;-0.133787;0.102215;0.513851;0.260693;-0.81731;-0.0924916;-0.994337;-0.0523352;0.994351;-0.105041;-0.0152372;11.7137;-0.739318;11.6005;0;0;-24.5693;22.5629;9.727;-6.9929;0;0;19.6739;10.4592;-4.31059;-7.72346;0;0;-141.04;13.3423;-0.0971035;0.0670208;0;0;-57.3783;370;369;325;241;241;156;1000;1000;732;374;374;239;1;1;1;1;
64;65;0;0;-0.0023759;0;0;-24.5717;0;0;-0.230228;0;0;19.4437;0;0;0.520023;0;0;-140.52;0;0;0.0521879;0;0;-57.3262;0.972148;-0.0403476;-0.230871;0.556018;-0.0972976;-0.825456;0.212174;0.968793;-0.128147;0.910783;-0.374629;-0.173571;12.581;-1.18026;11.3696;0;0;-24.5717;23.1196;9.82034;-7.81835;0;0;19.4437;10.9114;-5.19325;-7.85161;0;0;-140.52;13.5187;-1.06601;-0.10655;0;0;-57.3262;398;398;355;228;228;151;1000;1000;706;402;402;269;1;1;1;1;
65;66;0;0;-0.0702707;0;0;-24.642;0;0;-0.975907;0;0;18.4678;0;0;-0.242952;0;0;-140.763;0;0;-0.115552;0;0;-57.4417;0.895211;0.000503694;0.445642;0.0143574;0.999739;0.0177445;0.511711;0.249963;-0.821992;0.543781;0.0468753;-0.837917;13.3949;-1.55306;11.8153;0;0;-24.642;22.8165;10.7731;-7.80061;0;0;18.4678;10.6732;-5.71053;-8.6736;0;0;-140.763;13.8508;-1.4991;-0.944467;0;0;-57.4417;347;341;298;248;248;173;1000;1000;752;449;449;284;1;1;1;1;
66;67;0;0;-0.0883259;0;0;-24.7303;0;0;2.31472;0;0;20.7825;0;0;8.1915;0;0;-132.572;0;0;-0.146043;0;0;-57.5878;0.595915;0.00673367;0.803019;0.101087;-0.972282;-0.210831;0.129294;-0.948476;-0.28927;0.493885;0.100754;-0.86367;13.939;-1.79624;12.6183;0;0;-24.7303;23.256;9.89999;-8.01144;0;0;20.7825;9.88724;-5.16409;-8.96287;0;0;-132.572;14.2006;-1.86204;-1.80814;0;0;-57.5878;373;372;328;247;247;174;1000;1000;732;440;440;277;1;1;1;1;
67;68;0;0;0.0912146;0;0;-24.6391;0;0;0.233266;0;0;21.0157;0;0;0.40574;0;0;-132.166;0;0;0.134943;0;0;-57.4528;0.883243;0.46874;0.0128514;-0.272518;-0.842758;0.464212;0.499005;0.318926;-0.805779;0.558924;0.185676;-0.808164;14.9373;-1.73841;12.6311;0;0;-24.6391;23.3039;9.01556;-7.54723;0;0;21.0157;9.78866;-5.74804;-9.76865;0;0;-132.166;14.6578;-2.2333;-2.6163;0;0;-57.4528;399;398;337;230;230;160;1001;1001;789;392;392;257;1;1;1;1;
68;69;0;0;-0.157346;0;0;-24.7964;0;0;0.230746;0;0;21.2465;0;0;-3.7805;0;0;-135.946;0;0;0.0592375;0;0;-57.3936;0.587938;0.0785932;0.805079;-0.0543304;-0.996524;0.0631494;0.28584;0.92362;-0.255385;0.725026;0.425475;0.541579;15.504;-1.91364;13.4362;0;0;-24.7964;23.6144;8.06708;-7.48408;0;0;21.2465;10.2255;-6.61059;-10.024;0;0;-135.946;15.4069;-2.61478;-2.07472;0;0;-57.3936;295;293;261;225;225;165;1000;1000;779;305;305;171;1;1;1;1;
69;70;0;0;-0.199453;0;0;-24.9959;0;0;-0.494376;0;0;20.7521;0;0;4.7041;0;0;-131.242;0;0;-0.923464;0;0;-58.317;0.589321;0.245504;0.769694;0.250003;0.844237;-0.47409;-0.0227247;-0.99971;0.00800731;0.300001;0.91084;-0.283497;16.1418;-1.94015;14.2059;0;0;-24.9959;23.549;8.94513;-7.95817;0;0;20.7521;9.48872;-5.93445;-10.016;0;0;-131.242;16.3396;-2.39168;-2.35822;0;0;-58.317;316;315;273;212;212;139;1000;1000;780;406;406;280;1;1;1;1;
70;71;0;0;-0.347056;0;0;-25.3429;0;0;-1.45066;0;0;19.3015;0;0;-14.1375;0;0;-145.38;0;0;-3.27739;0;0;-61.5944;0.887661;0.238363;-0.394007;-0.028866;0.997436;0.065489;-0.0257069;0.981577;0.189329;-0.165707;0.949257;0.267304;17.0461;-2.10467;13.8119;0;0;-25.3429;23.1921;9.87696;-7.89268;0;0;19.3015;10.0675;-6.72762;-9.82669;0;0;-145.38;17.0957;-1.79435;-2.09091;0;0;-61.5944;366;364;306;227;227;170;1000;1000;792;439;439;334;1;1;1;1;
71;72;0;0;0.0528278;0;0;-25.2901;0;0;0.190527;0;0;19.492;0;0;3.17169;0;0;-142.208;0;0;-0.605612;0;0;-62.2;-0.0599217;0.106875;-0.992465;0.57865;0.317423;-0.75127;-0.370245;-0.908868;0.192035;0.54677;0.609813;-0.573734;17.0376;-1.98244;12.8194;0;0;-25.2901;23.6316;10.3693;-8.64395;0;0;19.492;9.80318;-5.78251;-9.63466;0;0;-142.208;17.8902;-1.99361;-2.66465;0;0;-62.2;381;379;326;194;194;132;1000;1000;770;474;474;316;1;1;1;1;
72;73;0;0;-0.150006;0;0;-25.4401;0;0;-0.229988;0;0;19.262;0;0;2.01153;0;0;-140.197;0;0;-1.49846;0;0;-63.6985;0.306856;0.011322;-0.951689;-0.575326;-0.520256;0.631138;0.574616;0.113811;-0.810471;-0.550425;-0.529834;0.64522;17.3195;-2.10403;11.8677;0;0;-25.4401;23.2602;9.68835;-8.01281;0;0;19.262;9.43459;-6.23779;-10.4451;0;0;-140.197;17.1713;-1.73493;-2.01943;0;0;-63.6985;319;318;276;158;158;127;1000;1000;808;399;399;304;1;1;1;1;
73;74;0;0;-0.256965;0;0;-25.6971;0;0;-0.659349;0;0;18.6026;0;0;-1.70694;0;0;-141.904;0;0;0.369823;0;0;-63.3287;0.840029;0.541977;0.0247529;0.542655;0.583504;-0.604192;-0.544402;-0.0872674;0.834273;0.579949;0.519463;-0.627549;18.3115;-1.97991;11.8925;0;0;-25.6971;23.5883;10.4145;-8.617;0;0;18.6026;9.80918;-5.83322;-9.61086;0;0;-141.904;17.8958;-2.02;-2.64698;0;0;-63.3287;362;359;318;142;142;108;1000;1000;753;369;369;260;1;1;1;1;
74;75;0;0;0.404149;0;0;-25.2929;0;0;0.364444;0;0;18.9671;0;0;-0.943297;0;0;-142.847;0;0;-0.158748;0;0;-63.4874;0.421616;-0.542672;0.726461;-0.523809;-0.572325;0.630927;0.268191;0.914878;-0.301782;-0.575957;-0.551779;0.603169;18.4608;-2.65069;12.619;0;0;-25.2929;23.279;9.70297;-7.98608;0;0;18.9671;10.148;-6.72438;-9.91264;0;0;-142.847;17.1449;-1.75092;-2.04381;0;0;-63.4874;381;380;325;139;139;104;1000;1000;755;398;398;262;1;1;1;1;
75;76;0;0;0.353177;0;0;-24.9398;0;0;-0.0067084;0;0;18.9604;0;0;0.19419;0;0;-142.653;0;0;-0.216003;0;0;-63.7034;0.621227;-0.707741;0.336421;-0.488711;-0.631175;0.602311;0.32079;0.896496;-0.305595;0.279329;0.893556;-0.351473;18.7257;-3.55439;12.9554;0;0;-24.9398;23.0218;8.94725;-7.38377;0;0;18.9604;10.4368;-7.63167;-10.2182;0;0;-142.653;18.0698;-1.60548;-2.39528;0;0;-63.7034;298;297;240;126;126;89;1000;1000;716;304;304;189;1;1;1;1;
76;77;0;0;-0.159757;0;0;-25.0995;0;0;-0.0431459;0;0;18.9172;0;0;-0.361676;0;0;-143.014;0;0;-0.116746;0;0;-63.8202;-0.767666;0.60769;0.203473;0.447728;-0.318312;-0.835594;0.538908;0.473768;-0.696507;0.33791;-0.624439;-0.704196;18.2883;-2.67844;13.1589;0;0;-25.0995;23.5486;8.79129;-8.21936;0;0;18.9172;10.2913;-8.33433;-10.9147;0;0;-143.014;17.6585;-2.18422;-3.09948;0;0;-63.8202;286;285;253;128;128;77;1000;1000;783;296;296;208;1;1;1;1;
77;78;0;0;-0.060605;0;0;-25.1601;0;0;-0.0145565;0;0;18.9027;0;0;0.73157;0;0;-142.283;0;0;0.00182267;0;0;-63.8184;0.40033;-0.824657;-0.399595;0.502783;0.549874;-0.666969;-0.475675;-0.587268;0.654866;-0.440704;0.880009;0.177101;18.3;-3.59506;12.7593;0;0;-25.1601;23.8461;9.47439;-8.88633;0;0;18.9027;10.3084;-7.57877;-10.2599;0;0;-142.283;18.2537;-1.40046;-2.92238;0;0;-63.8184;294;294;255;120;120;81;1000;1000;761;264;264;193;1;1;1;1;
78;79;0;0;-0.0333998;0;0;-25.1935;0;0;-0.23432;0;0;18.6684;0;0;-1.29694;0;0;-143.58;0;0;0.129042;0;0;-63.6893;0.415196;-0.843718;-0.340224;-0.545258;-0.558637;0.624994;0.0326814;0.999253;-0.0206042;0.533634;-0.819451;-0.209128;18.3166;-4.53526;12.419;0;0;-25.1935;23.5084;8.77061;-8.26133;0;0;18.6684;10.8753;-8.40226;-10.2805;0;0;-143.58;17.7557;-2.24202;-3.1315;0;0;-63.6893;325;324;265;125;125;78;1000;1000;722;294;294;194;1;1;1;1;
79;80;0;0;-0.0970105;0;0;-25.2905;0;0;-0.111658;0;0;18.5567;0;0;-0.29427;0;0;-143.874;0;0;0.111405;0;0;-63.5779;0.675584;-0.668411;-0.311148;-0.552364;-0.0796301;0.829791;0.34995;0.889583;-0.29356;0.315728;-0.736141;-0.598676;18.6419;-5.42822;12.1079;0;0;-25.2905;23.0101;8.51934;-7.43154;0;0;18.5567;11.1171;-9.32711;-10.574;0;0;-143.874;17.237;-2.85234;-3.73018;0;0;-63.5779;326;324;265;135;135;89;1000;1000;782;335;335;238;1;1;1;1;
80;81;0;0;-0.0103933;0;0;-25.3009;0;0;-0.315675;0;0;18.241;0;0;-1.06521;0;0;-144.939;0;0;-0.098643;0;0;-63.6766;0.517279;-0.813323;-0.266324;0.613556;0.557963;-0.558773;-0.133173;0.946859;0.292784;0.62806;0.211193;-0.748958;18.7619;-6.38459;11.8416;0;0;-25.3009;23.4181;9.24131;-7.99032;0;0;18.241;11.77;-10.0257;-10.2813;0;0;-144.939;17.7048;-3.32162;-4.47914;0;0;-63.6766;347;346;302;150;150;91;1000;1000;737;386;386;238;1;1;1;1;
81;82;0;0;-0.0598745;0;0;-25.3608;0;0;-0.217076;0;0;18.024;0;0;-0.665414;0;0;-145.605;0;0;-0.309539;0;0;-63.9861;0.491069;-0.829689;0.265456;0.0663278;0.975522;0.209659;0.246274;0.967622;-0.0552842;-0.542142;0.0903447;0.835416;18.8503;-7.34466;12.107;0;0;-25.3608;23.1794;10.1895;-7.78066;0;0;18.024;12.1134;-10.9632;-10.3365;0;0;-145.605;17.5482;-2.79478;-3.64372;0;0;-63.9861;326;324;295;150;150;106;1000;1000;738;324;324;200;1;1;1;1;
82;83;0;0;0.340802;0;0;-25.02;0;0;-0.182765;0;0;17.8412;0;0;-1.05435;0;0;-146.659;0;0;-0.378711;0;0;-64.3648;0.556824;-0.546381;0.625632;-0.562375;-0.561632;0.60688;0.560853;0.116951;-0.819614;-0.550544;0.00807696;0.834767;19.1238;-8.07527;12.7326;0;0;-25.02;22.8161;9.48256;-7.17378;0;0;17.8412;11.7092;-11.3692;-11.1562;0;0;-146.659;17.3173;-2.29493;-2.80896;0;0;-64.3648;321;319;295;162;162;99;1000;1000;818;349;349;222;1;1;1;1;
83;84;0;0;-0.47078;0;0;-25.4908;0;0;0.115092;0;0;17.9563;0;0;-1.16105;0;0;-147.82;0;0;-0.106274;0;0;-64.4711;0.941117;0.312599;-0.128763;0.530535;0.499785;-0.684651;0.507696;-0.340692;-0.791311;0.555749;0.514196;-0.653258;20.1078;-8.19812;12.6039;0;0;-25.4908;23.1667;10.1216;-7.85843;0;0;17.9563;11.098;-11.3512;-11.9475;0;0;-147.82;18.0208;-2.57482;-3.46221;0;0;-64.4711;392;388;340;168;168;115;1000;1000;767;390;390;249;1;1;1;1;
84;85;0;0;0.0331986;0;0;-25.4576;0;0;-0.0639786;0;0;17.8923;0;0;-1.4503;0;0;-149.27;0;0;-0.541735;0;0;-65.0128;0.522921;-0.4911;0.696688;-0.479305;-0.555189;0.679729;0.399558;0.768358;-0.499979;0.156701;0.945738;-0.284649;20.3689;-8.86631;13.3006;0;0;-25.4576;22.8812;9.44597;-7.1787;0;0;17.8923;11.1472;-12.2159;-12.4474;0;0;-149.27;18.9442;-2.31736;-3.74686;0;0;-65.0128;345;344;308;160;160;103;1000;1000;828;339;339;236;1;1;1;1;
85;86;0;0;0.0909771;0;0;-25.3666;0;0;0.37747;0;0;18.2698;0;0;-0.0566353;0;0;-149.327;0;0;-0.0556363;0;0;-65.0684;0.525522;-0.441984;0.726964;-0.208364;-0.978048;0.00261805;-0.439541;0.480478;0.75891;-0.404939;0.892327;0.199441;20.6544;-9.49082;14.0275;0;0;-25.3666;22.9899;8.4519;-7.17608;0;0;18.2698;11.7704;-12.4049;-11.6885;0;0;-149.327;19.5827;-1.57401;-3.54742;0;0;-65.0684;336;335;301;162;162;98;1000;1000;750;390;390;251;1;1;1;1;
86;87;0;0;-0.138708;0;0;-25.5053;0;0;-0.255314;0;0;18.0145;0;0;-0.310154;0;0;-149.637;0;0;-0.250193;0;0;-65.3186;0.185901;0.554803;-0.810947;-0.534873;-0.528052;0.659599;-0.0505054;-0.981168;-0.186437;0.416795;-0.768795;-0.485013;21.0611;-9.07013;13.2166;0;0;-25.5053;22.6446;7.78432;-6.51648;0;0;18.0145;11.318;-11.5328;-11.875;0;0;-149.637;19.0581;-2.27376;-4.03243;0;0;-65.3186;368;367;315;184;184;120;1000;1000;754;395;395;268;1;1;1;1;
87;88;0;0;-0.160979;0;0;-25.6663;0;0;0.211564;0;0;18.226;0;0;-0.103742;0;0;-149.741;0;0;-0.216319;0;0;-65.535;0.218992;0.861615;-0.457888;0.146704;-0.844069;-0.515777;0.533652;0.129674;-0.835703;-0.621117;-0.124821;0.773714;21.6316;-8.38838;12.7587;0;0;-25.6663;23.0479;7.02849;-7.03226;0;0;18.226;10.9224;-11.9137;-12.7107;0;0;-149.741;18.6873;-1.7601;-3.25872;0;0;-65.535;326;324;272;165;165;102;1000;1000;772;387;387;265;1;1;1;1;
88;89;0;0;0.0493557;0;0;-25.6169;0;0;-0.122846;0;0;18.1032;0;0;0.089263;0;0;-149.652;0;0;-0.202664;0;0;-65.7376;0.29192;-0.878434;0.378333;0.35669;-0.631523;-0.688441;-0.485751;-0.576817;0.656756;0.685992;-0.305882;-0.66019;21.5151;-9.30668;13.137;0;0;-25.6169;23.5832;6.53906;-7.7207;0;0;18.1032;11.0501;-11.1705;-12.0539;0;0;-149.652;18.6903;-2.51119;-3.91891;0;0;-65.7376;389;387;306;161;161;102;1000;1000;799;374;374;286;1;1;1;1;
89;90;0;0;-0.055722;0;0;-25.6727;0;0;0.56989;0;0;18.6731;0;0;-0.169658;0;0;-149.821;0;0;-0.0540352;0;0;-65.7917;0.0947078;0.894715;-0.436481;-0.182716;-0.944972;0.271372;0.517153;-0.0587449;-0.853875;0.591208;0.3927;-0.704457;21.9881;-8.54132;12.7006;0;0;-25.6727;23.7126;5.58533;-7.44933;0;0;18.6731;10.5735;-11.3797;-12.9078;0;0;-149.821;19.2909;-2.88938;-4.62337;0;0;-65.7917;387;386;312;168;168;107;1000;1000;708;455;455;318;1;1;1;1;
90;91;0;0;0.00631362;0;0;-25.6663;0;0;-0.138959;0;0;18.5341;0;0;-0.0598268;0;0;-149.881;0;0;-0.00569428;0;0;-65.7974;-0.134908;-0.796935;0.588807;-0.56261;-0.363654;0.742446;0.513109;0.575043;-0.637216;-0.184562;-0.982651;0.0182675;21.5213;-9.20119;13.2894;0;0;-25.6663;23.2948;5.0617;-6.70688;0;0;18.5341;10.4183;-12.1345;-13.545;0;0;-149.881;18.319;-3.1239;-4.6051;0;0;-65.7974;282;281;236;175;175;116;1000;1000;788;409;409;309;1;1;1;1;
91;92;0;0;-0.159467;0;0;-25.8258;0;0;-0.0996726;0;0;18.4344;0;0;0.319606;0;0;-149.561;0;0;-0.385419;0;0;-66.1828;-0.0805902;-0.625392;0.776138;-0.523069;-0.583356;0.621365;-0.526042;-0.55073;0.648056;0.316557;0.849728;-0.421608;21.1763;-9.72901;14.0655;0;0;-25.8258;22.983;4.34287;-6.08552;0;0;18.4344;10.5928;-11.3932;-12.897;0;0;-149.561;19.2242;-3.07036;-5.02671;0;0;-66.1828;361;358;303;183;183;121;1001;1001;786;524;524;344;1;1;1;1;
92;93;0;0;-0.240768;0;0;-26.0666;0;0;0.0988328;0;0;18.5333;0;0;0.103891;0;0;-149.458;0;0;-0.157466;0;0;-66.3402;0.312141;-0.841429;0.441095;-0.516354;-0.231472;0.8245;0.541742;0.411895;-0.732706;-0.485222;-0.264974;0.833276;21.087;-10.622;14.5066;0;0;-26.0666;22.567;3.95928;-5.26102;0;0;18.5333;10.3355;-12.0233;-13.6297;0;0;-149.458;18.7867;-2.73226;-4.19343;0;0;-66.3402;317;316;259;184;184;124;1000;1000;887;476;476;307;1;1;1;1;
93;94;0;0;0.090696;0;0;-25.9759;0;0;-0.845245;0;0;17.688;0;0;-0.465524;0;0;-149.923;0;0;-0.255168;0;0;-66.5954;0.0840093;-0.527298;0.845517;-0.518328;-0.551715;0.653411;0.525448;-0.0644165;-0.848384;-0.500025;-0.444441;0.743267;20.9315;-11.1328;15.3521;0;0;-25.9759;22.2408;3.27616;-4.60761;0;0;17.688;9.84854;-12.2309;-14.478;0;0;-149.923;18.1803;-2.44991;-3.45016;0;0;-66.5954;353;349;311;191;191;143;1000;1000;844;525;525;344;1;1;1;1;
94;95;0;0;0.0316574;0;0;-25.9442;0;0;0.125848;0;0;17.8139;0;0;-1.28548;0;0;-151.209;0;0;0.1367;0;0;-66.4587;0.278532;-0.354324;0.892678;0.460833;0.564713;-0.68464;-0.527645;-0.372528;0.763422;0.247226;-0.602902;0.758544;21.027;-11.5733;16.2448;0;0;-25.9442;22.5068;3.95478;-5.29225;0;0;17.8139;10.1315;-11.6503;-13.7146;0;0;-151.209;17.7263;-2.91737;-2.69162;0;0;-66.4587;333;328;288;193;193;128;1000;1000;864;450;450;297;1;1;1;1;
95;96;0;0;0.0993506;0;0;-25.8449;0;0;0.188531;0;0;18.0024;0;0;0.824282;0;0;-150.384;0;0;-0.894619;0;0;-67.3533;0.347188;-0.423713;0.836617;0.176103;0.980817;-0.0835799;0.389448;0.839196;-0.379579;-0.380334;-0.36905;0.848026;21.1547;-12.106;17.0814;0;0;-25.8449;22.3712;4.94201;-5.37583;0;0;18.0024;10.2077;-12.5723;-14.0942;0;0;-150.384;17.2392;-2.70846;-1.84359;0;0;-67.3533;360;359;302;188;188;145;1000;1000;871;475;475;287;1;1;1;1;
96;97;0;0;-0.108722;0;0;-25.9536;0;0;-0.519108;0;0;17.4833;0;0;-4.73383;0;0;-155.118;0;0;1.63726;0;0;-65.7161;0.479326;-0.0765999;0.874288;-0.534878;0.0876481;0.840371;-0.387655;0.666683;0.636598;-0.221296;-0.963325;-0.151766;21.5522;-12.3846;17.9557;0;0;-25.9536;21.8347;4.86491;-4.53545;0;0;17.4833;10.8399;-13.014;-13.4576;0;0;-155.118;16.2701;-2.90292;-1.99536;0;0;-65.7161;302;300;255;183;183;137;1001;1001;899;432;432;335;1;1;1;1;
97;98;0;0;0.17729;0;0;-25.7763;0;0;-0.207339;0;0;17.276;0;0;0.440613;0;0;-154.678;0;0;0.665879;0;0;-65.0502;-0.0559964;-0.165369;0.984641;-0.516042;-0.508903;0.688998;0.487854;0.562456;-0.667564;0.605312;0.287186;0.742376;21.4298;-12.5092;18.9403;0;0;-25.7763;21.493;4.22572;-3.84646;0;0;17.276;10.6395;-13.731;-14.1252;0;0;-154.678;16.7859;-3.3306;-1.25298;0;0;-65.0502;278;276;245;160;160;119;1001;1001;904;416;416;247;1;1;1;1;
98;99;0;0;-0.027216;0;0;-25.8035;0;0;-0.687219;0;0;16.5887;0;0;1.2878;0;0;-153.39;0;0;0.0977733;0;0;-64.9524;0.1261;-0.0954615;0.987414;0.427646;0.544097;-0.721857;0.523306;-0.106731;-0.845434;-0.57307;-0.600498;0.557667;21.5018;-12.65;19.9278;0;0;-25.8035;21.7475;4.86926;-4.56831;0;0;16.5887;10.1238;-13.87;-14.9706;0;0;-153.39;15.9992;-3.06566;-0.695317;0;0;-64.9524;303;284;245;160;160;117;1000;1000;852;398;398;264;1;1;1;1;
99;100;0;0;-0.150932;0;0;-25.9545;0;0;-10.7296;0;0;5.85909;0;0;-0.413321;0;0;-153.803;0;0;-0.538021;0;0;-65.4904;0.793134;0.599428;-0.107815;-0.549016;0.379103;0.744891;-0.272904;0.81275;0.514743;-0.475976;0.067255;0.876883;22.4773;-12.4582;19.8199;0;0;-25.9545;21.1627;5.19034;-3.82342;0;0;5.85909;10.7274;-14.4788;-14.4559;0;0;-153.803;15.8629;-2.60467;0.181565;0;0;-65.4904;393;382;327;156;156;123;1000;1000;869;471;471;404;1;1;1;1;
100;101;0;0;0.149544;0;0;-25.8049;0;0;0.289451;0;0;6.14854;0;0;-0.270506;0;0;-154.074;0;0;0.0420834;0;0;-65.4483;-0.00646829;-0.177073;0.984176;-0.575943;0.371447;0.728229;0.503799;0.293004;-0.81261;0.522245;0.19286;-0.830702;22.3944;-12.6148;20.8041;0;0;-25.8049;20.5503;5.49796;-3.09519;0;0;6.14854;10.4025;-14.9626;-15.2685;0;0;-154.074;16.2554;-2.99956;-0.649137;0;0;-65.4483;366;363;286;117;117;91;1000;1000;895;429;429;316;1;1;1;1;
101;102;0;0;-0.254418;0;0;-26.0593;0;0;0.414613;0;0;6.56315;0;0;0.252132;0;0;-153.821;0;0;-0.626017;0;0;-66.0744;-0.0110105;0.00301281;-0.999935;0.537244;-0.272808;-0.798088;0.494938;0.26596;-0.827225;-0.525851;-0.568403;0.632771;22.3858;-12.6072;19.8042;0;0;-26.0593;21.1152;5.28835;-3.89328;0;0;6.56315;10.0756;-15.4196;-16.0957;0;0;-153.821;15.5225;-2.74941;-0.0163656;0;0;-66.0744;297;274;218;88;88;72;1000;1000;852;341;341;246;1;1;1;1;
102;103;0;0;0.201497;0;0;-25.8578;0;0;-0.212941;0;0;6.35021;0;0;2.01432;0;0;-151.807;0;0;-0.0143704;0;0;-66.0887;-0.288611;-0.913888;0.285503;0.533066;0.145485;-0.833471;0.535795;0.318591;-0.781936;-0.532937;-0.187535;0.825112;21.7275;-13.3038;20.0897;0;0;-25.8578;21.6289;5.4919;-4.72675;0;0;6.35021;9.7539;-15.9536;-16.8776;0;0;-151.807;15.1351;-2.33823;0.808746;0;0;-66.0887;289;284;254;97;97;81;1000;1000;851;298;298;236;1;1;1;1;
103;104;0;0;-0.336358;0;0;-26.1942;0;0;4.71611;0;0;11.0663;0;0;-1.08438;0;0;-152.891;0;0;0.219276;0;0;-65.8695;0.386831;0.319037;0.865204;-0.159823;-0.986192;0.0433855;0.512963;0.240625;-0.823995;-0.410642;-0.341869;0.84528;22.2155;-13.1882;20.9549;0;0;-26.1942;21.6613;4.49337;-4.68337;0;0;11.0663;9.40694;-16.4015;-17.7016;0;0;-152.891;14.6552;-2.10323;1.65403;0;0;-65.8695;233;230;177;84;84;66;1000;1000;818;188;188;127;1;1;1;1;
104;105;0;0;0.0109806;0;0;-26.1832;0;0;0.637869;0;0;11.7042;0;0;1.32044;0;0;-151.571;0;0;0.313881;0;0;-65.5556;-0.168492;0.0816582;-0.982315;0.512932;0.457077;-0.726623;-0.52182;0.176625;0.83457;-0.462626;-0.544411;0.69971;22.1003;-13.0406;19.9726;0;0;-26.1832;22.0709;5.04499;-5.40999;0;0;11.7042;9.94992;-16.3084;-16.8671;0;0;-151.571;13.9682;-1.90736;2.35374;0;0;-65.5556;260;252;192;67;67;50;1000;1000;751;228;228;170;1;1;1;1;
105;106;0;0;-0.159699;0;0;-26.3429;0;0;-0.260022;0;0;11.4442;0;0;0.229494;0;0;-151.342;0;0;0.0463192;0;0;-65.5093;0.321791;0.304877;0.896382;0.46671;-0.360358;-0.807666;0.486629;-0.2901;-0.824035;-0.47662;-0.028795;0.878638;22.524;-12.9102;20.869;0;0;-26.3429;22.5998;4.7844;-6.21766;0;0;11.4442;9.38377;-16.2872;-17.6911;0;0;-151.342;13.7444;-1.48556;3.23237;0;0;-65.5093;195;192;159;57;57;43;1000;1000;694;124;124;83;1;1;1;1;
106;107;0;0;-0.0242789;0;0;-26.3672;0;0;0.385095;0;0;11.8293;0;0;-0.240906;0;0;-151.582;0;0;0.529101;0;0;-64.9802;0.507489;0.59576;0.622515;-0.480823;-0.423523;0.767748;-0.445632;-0.532199;0.719845;0.483843;-0.203318;-0.85121;23.2432;-12.6018;21.4915;0;0;-26.3672;22.216;4.27131;-5.44991;0;0;11.8293;9.52244;-15.6071;-16.9712;0;0;-151.582;13.7648;-2.00998;2.38116;0;0;-64.9802;193;193;153;57;57;43;1000;1000;752;108;108;87;1;1;1;1;
107;108;0;0;0.0423936;0;0;-26.3248;0;0;-0.396931;0;0;11.4323;0;0;0.731489;0;0;-150.851;0;0;0.200037;0;0;-64.7801;0.40076;0.198261;0.894474;-0.539821;-0.238447;0.807302;0.497643;0.234577;-0.83506;-0.474445;0.176993;0.862308;23.6904;-12.6018;22.3859;0;0;-26.3248;21.7342;3.93059;-4.64261;0;0;11.4323;9.20208;-16.0543;-17.8063;0;0;-150.851;13.7227;-1.50535;3.24347;0;0;-64.7801;145;142;111;49;49;31;1000;1000;805;108;108;76;1;1;1;1;
108;109;0;0;-0.429007;0;0;-26.7538;0;0;0.154457;0;0;11.5868;0;0;1.44468;0;0;-149.406;0;0;-1.54026;0;0;-66.3204;0.485492;0.737089;0.470103;0.179038;0.219262;-0.959098;-0.492474;-0.560353;0.665938;0.110163;0.905615;0.409542;24.4557;-12.1622;22.856;0;0;-26.7538;21.8655;4.18135;-5.6017;0;0;11.5868;9.34081;-15.3213;-17.1404;0;0;-149.406;14.5964;-1.24252;3.65301;0;0;-66.3204;99;99;71;48;48;26;1000;1000;764;65;65;42;1;1;1;1;
109;110;0;0;0;0;0;-26.7538;0;0;0.262074;0;0;11.8489;0;0;0.233027;0;0;-149.173;0;0;-0.014799;0;0;-66.3352;0.10108;0.118315;0.987818;0.505347;0.559935;-0.656579;0.486536;0.48578;-0.726155;-0.812616;-0.207221;0.544715;24.5992;-12.102;23.8439;0;0;-26.7538;22.2451;4.83311;-6.25828;0;0;11.8489;9.17194;-15.9878;-17.8665;0;0;-149.173;14.0804;-0.581414;4.19773;0;0;-66.3352;153;152;126;45;45;31;1000;1000;792;84;84;58;1;1;1;1;
110;111;0;0;0.297051;0;0;-26.4568;0;0;-0.0673603;0;0;11.7815;0;0;1.64921;0;0;-147.524;0;0;0.134385;0;0;-66.2008;0.548204;-0.737026;-0.395304;-0.523112;-0.106358;0.845601;0.461396;0.583887;-0.667975;-0.494194;-0.066851;0.866777;24.7616;-13.0061;23.4486;0;0;-26.4568;21.7548;4.62219;-5.41268;0;0;11.7815;9.09622;-16.7281;-18.5345;0;0;-147.524;13.8198;-0.15622;5.06451;0;0;-66.2008;389;384;331;42;42;29;1000;1000;748;165;165;118;1;1;1;1;
111;112;0;0;-0.17368;0;0;-26.6304;0;0;-0.337684;0;0;11.4438;0;0;3.21557;0;0;-144.308;0;0;0.451743;0;0;-65.749;0.285786;0.931695;-0.224213;0.24731;0.949478;0.193207;-0.43786;-0.52475;0.73001;-0.567141;-0.489747;0.662192;25.4347;-12.3014;23.2243;0;0;-26.6304;21.8088;5.60186;-5.21948;0;0;11.4438;9.14568;-16.0465;-17.8045;0;0;-144.308;13.1403;0.159718;5.7267;0;0;-65.749;176;176;140;38;38;23;1000;1000;770;81;81;56;1;1;1;1;
112;113;0;0;-0.355754;0;0;-26.9862;0;0;0.146799;0;0;11.5906;0;0;-2.52765;0;0;-146.836;0;0;0.190381;0;0;-65.5587;0.262201;0.932695;-0.24765;0.5025;0.525818;-0.686301;-0.526309;-0.207399;0.824612;-0.539359;-0.498058;0.678992;26.0916;-11.5892;22.9767;0;0;-26.9862;22.1954;6.21791;-5.90578;0;0;11.5906;9.47281;-15.585;-16.9799;0;0;-146.836;12.4637;0.444665;6.40569;0;0;-65.5587;281;278;247;42;42;27;1000;1000;726;100;100;69;1;1;1;1;
113;114;0;0;-0.190085;0;0;-27.1763;0;0;0.249343;0;0;11.84;0;0;0.840155;0;0;-145.996;0;0;0.224304;0;0;-65.3344;0.54315;0.768016;-0.339321;0.517719;0.472086;-0.713514;0.410139;0.567521;-0.713937;0.488833;0.575701;-0.655446;26.9256;-11.154;22.6374;0;0;-27.1763;22.6052;6.78618;-6.61929;0;0;11.84;9.45019;-16.2848;-17.6938;0;0;-145.996;13.1909;0.240687;5.75024;0;0;-65.3344;290;289;250;42;42;27;1000;1000;739;129;129;91;1;1;1;1;
114;115;0;0;0.432183;0;0;-26.7441;0;0;-0.112668;0;0;11.7273;0;0;2.25387;0;0;-143.742;0;0;0.620682;0;0;-64.7137;0.290095;0.221181;0.931087;-0.480806;-0.516032;0.708898;0.540718;0.476344;-0.69334;0.52624;0.481406;-0.700942;27.2842;-11.0871;23.5685;0;0;-26.7441;22.2393;6.18319;-5.91039;0;0;11.7273;9.2959;-16.9887;-18.3872;0;0;-143.742;13.851;-0.0295028;5.0493;0;0;-64.7137;109;107;85;37;37;29;1000;1000;806;56;56;36;1;1;1;1;
115;116;0;0;-0.729592;0;0;-27.4737;0;0;-0.0118387;0;0;11.7155;0;0;5.63744;0;0;-138.105;0;0;0.285174;0;0;-64.4285;0.185066;0.982442;-0.0236355;-0.385095;-0.264823;0.884065;0.556433;0.46011;-0.691868;-0.515768;-0.333204;0.789277;27.9016;-10.3008;23.5448;0;0;-27.4737;21.916;5.84569;-5.02633;0;0;11.7155;9.18895;-17.7028;-19.079;0;0;-138.105;13.3278;0.291921;5.83858;0;0;-64.4285;205;205;184;50;50;32;1000;1000;817;94;94;68;1;1;1;1;
116;117;0;0;-0.0990557;0;0;-27.5728;0;0;0.0948514;0;0;11.8103;0;0;0.135616;0;0;-137.969;0;0;0.253676;0;0;-64.1748;0.404809;0.338145;0.849581;0.489846;0.511744;-0.705811;0.494459;0.450375;-0.74342;-0.237389;-0.230334;0.943712;28.417;-10.1884;24.3944;0;0;-27.5728;22.2908;6.44686;-5.73214;0;0;11.8103;9.12322;-18.3684;-19.8224;0;0;-137.969;13.017;0.405262;6.78229;0;0;-64.1748;163;162;122;43;43;32;1000;1000;739;73;73;45;1;1;1;1;
117;118;0;0;0.088052;0;0;-27.4847;0;0;-0.321639;0;0;11.4887;0;0;-2.32809;0;0;-140.297;0;0;0.509676;0;0;-63.6652;0.23656;0.93385;-0.268261;-0.524706;0.41875;0.74117;0.921945;-0.364347;-0.131409;-0.478058;-0.237076;0.845728;29.0578;-9.46916;24.1261;0;0;-27.4847;21.6932;6.75272;-4.99097;0;0;11.4887;8.18116;-18.677;-19.9538;0;0;-140.297;12.5925;0.728535;7.62802;0;0;-63.6652;152;152;120;32;32;23;1000;1000;838;69;69;49;1;1;1;1;
118;119;0;0;-0.630719;0;0;-28.1154;0;0;-0.211553;0;0;11.2771;0;0;0.273652;0;0;-140.023;0;0;1.39132;0;0;-62.2738;0.234825;0.971174;-0.0409737;0.337001;0.938099;-0.0800049;-0.478846;-0.477746;0.736523;0.159864;-0.119539;0.979874;29.7226;-8.72324;24.0852;0;0;-28.1154;21.8402;7.7386;-5.07097;0;0;11.2771;8.24116;-18.0032;-19.2173;0;0;-140.023;12.5611;0.531411;8.60789;0;0;-62.2738;245;242;196;27;27;19;1000;1000;803;74;74;57;1;1;1;1;
119;120;0;0;-0.744213;0;0;-28.8596;0;0;-0.29245;0;0;10.9847;0;0;-2.32484;0;0;-142.348;0;0;1.29576;0;0;-60.9781;0.252196;0.964622;0.0768213;-0.459859;-0.491834;0.739344;-0.817889;0.522348;0.241267;0.70958;0.633458;0.308589;30.409;-8.00015;24.162;0;0;-28.8596;21.4825;7.16816;-4.33163;0;0;10.9847;9.2078;-17.9172;-18.9761;0;0;-142.348;13.4592;0.218248;8.91648;0;0;-60.9781;327;324;301;26;26;19;1000;1000;818;154;154;91;1;1;1;1;
120;121;0;0;0.229722;0;0;-28.6299;0;0;-0.741436;0;0;10.2432;0;0;9.42291;0;0;-132.925;0;0;-0.162635;0;0;-61.1407;0.416939;0.904861;0.0859527;-0.955747;0.22805;0.185853;-0.0463667;-0.997048;0.0612069;-0.468104;-0.301302;0.83072;31.2086;-7.4057;24.2479;0;0;-28.6299;20.5014;7.22261;-4.14578;0;0;10.2432;8.5093;-17.2042;-18.9148;0;0;-132.925;12.9694;0.48279;9.7472;0;0;-61.1407;333;327;267;31;31;21;1000;1000;662;189;189;131;1;1;1;1;
121;122;0;0;0.293562;0;0;-28.3363;0;0;0.367354;0;0;10.6106;0;0;-2.40922;0;0;-135.335;0;0;0.163858;0;0;-60.9769;0.261282;0.907639;-0.328516;0.448231;0.565704;-0.692147;0.893297;-0.443015;-0.0758843;-0.442943;-0.485216;0.753901;31.8693;-6.73083;23.9194;0;0;-28.3363;20.8378;7.86118;-4.83792;0;0;10.6106;7.56254;-17.5171;-18.9907;0;0;-135.335;12.3302;0.634701;10.5011;0;0;-60.9769;311;306;242;26;26;17;1000;1000;853;101;101;82;1;1;1;1;
122;123;0;0;0.668604;0;0;-27.6677;0;0;0.377603;0;0;10.9882;0;0;2.96924;0;0;-132.365;0;0;1.2035;0;0;-59.7734;0.652344;0.753119;-0.0851937;0.477738;0.399938;-0.782186;0.920689;-0.328369;-0.210962;0.0104045;-0.967339;-0.253271;32.7968;-6.36674;23.8342;0;0;-27.6677;21.2306;8.34485;-5.62011;0;0;10.9882;6.69951;-17.9761;-19.2017;0;0;-132.365;11.4996;0.138732;10.2478;0;0;-59.7734;229;226;186;29;29;20;1000;1000;874;70;70;46;1;1;1;1;
123;124;0;0;0.118705;0;0;-27.549;0;0;0.654515;0;0;11.6427;0;0;4.18306;0;0;-128.182;0;0;-0.0110204;0;0;-59.7844;-0.492511;0.546552;0.677284;-0.462453;-0.452021;0.762768;-0.869415;0.481955;0.108798;-0.444731;0.423451;0.789242;32.6129;-5.65437;24.5115;0;0;-27.549;20.8689;7.8088;-4.85734;0;0;11.6427;7.61579;-17.5906;-19.0929;0;0;-128.182;11.6417;0.736145;11.0371;0;0;-59.7844;304;298;274;17;17;11;1000;1000;863;59;59;44;1;1;1;1;
124;125;0;0;-0.21112;0;0;-27.7602;0;0;0.25651;0;0;11.8992;0;0;-3.80459;0;0;-131.987;0;0;0.54853;0;0;-59.2358;-0.665904;0.740553;-0.0902956;-0.897783;0.329065;0.292749;-0.969178;0.151165;0.194534;0.433558;0.492841;-0.754411;32.3686;-4.68889;24.4212;0;0;-27.7602;19.9225;7.94568;-4.56459;0;0;11.8992;8.37649;-16.9713;-18.8984;0;0;-131.987;12.287;0.615688;10.2827;0;0;-59.2358;200;198;169;24;24;16;1000;1000;859;48;48;34;1;1;1;1;
125;126;0;0;-0.275306;0;0;-28.0355;0;0;0.549525;0;0;12.4487;0;0;-0.133094;0;0;-132.12;0;0;-0.572094;0;0;-59.8079;-0.955008;0.290416;0.060162;-0.830679;-0.45835;0.31605;0.974571;0.039013;-0.220658;-0.510952;0.0836262;0.855532;31.6621;-3.98368;24.4814;0;0;-28.0355;19.2102;7.31904;-4.24854;0;0;12.4487;7.7518;-17.7204;-19.119;0;0;-132.12;12.1023;1.09938;11.1382;0;0;-59.8079;217;215;195;21;21;11;1000;1000;890;51;51;31;1;1;1;1;
126;127;0;0;0.190658;0;0;-27.8448;0;0;0.669873;0;0;13.1186;0;0;1.54612;0;0;-130.574;0;0;0.499734;0;0;-59.3082;-0.386942;0.747216;0.540319;-0.445967;-0.504302;0.739454;0.984042;-0.0160332;-0.177213;0.477856;0.389537;-0.787347;31.669;-3.14225;25.0217;0;0;-27.8448;18.8903;6.72668;-3.50909;0;0;13.1186;7.09957;-18.4574;-19.2962;0;0;-130.574;12.6812;0.887289;10.3508;0;0;-59.3082;222;218;192;26;26;16;1000;1000;864;50;50;39;1;1;1;1;
127;128;0;0;0.0774779;0;0;-27.7673;0;0;-0.848328;0;0;12.2703;0;0;0.2535;0;0;-130.32;0;0;0.709847;0;0;-58.5984;-0.114018;-0.992128;-0.0517978;0.910045;-0.293577;-0.292629;-0.818925;0.557865;0.134719;-0.465093;-0.879413;0.101591;31.1059;-3.96701;24.9699;0;0;-27.7673;19.842;6.63321;-3.80172;0;0;12.2703;8.0548;-18.194;-19.1615;0;0;-130.32;11.6883;0.826059;10.4524;0;0;-58.5984;261;260;239;17;17;10;1000;1000;848;48;48;34;1;1;1;1;
128;129;0;0;0.669145;0;0;-27.0982;0;0;0.334608;0;0;12.6049;0;0;-4.15002;0;0;-134.47;0;0;0.342658;0;0;-58.2557;-0.154646;-0.987783;0.0192024;-0.892282;0.339434;0.297686;0.985037;0.00219171;-0.172329;-0.451671;-0.47257;0.75675;30.5183;-4.77592;24.9891;0;0;-27.0982;18.8971;6.76975;-3.50403;0;0;12.6049;7.36631;-18.8984;-19.3338;0;0;-134.47;11.0487;0.961529;11.2092;0;0;-58.2557;223;219;176;19;19;14;1000;1000;873;48;48;31;1;1;1;1;
129;130;0;0;0.605569;0;0;-26.4926;0;0;0.181013;0;0;12.7859;0;0;-0.0350878;0;0;-134.505;0;0;0.22103;0;0;-58.0347;-0.852185;-0.511047;0.112298;-0.881328;0.415979;0.224106;-0.876579;0.45128;0.167198;-0.446456;-0.512293;0.733643;29.5276;-4.85316;25.1014;0;0;-26.4926;17.9456;6.98037;-3.27993;0;0;12.7859;8.30262;-18.5896;-19.1666;0;0;-134.505;10.3778;1.06908;11.9428;0;0;-58.0347;213;209;182;17;17;12;1000;1000;876;35;35;29;1;1;1;1;
130;131;0;0;0.600916;0;0;-25.8917;0;0;0.382183;0;0;13.1681;0;0;12.5402;0;0;-121.965;0;0;0.506946;0;0;-57.5277;-0.755787;-0.654817;0.000246365;-0.481017;-0.499214;0.7207;-0.982249;0.129073;0.136114;-0.438497;-0.455515;0.774743;28.5618;-5.11221;25.1017;0;0;-25.8917;17.5909;6.3847;-2.55922;0;0;13.1681;8.93213;-17.8246;-19.0305;0;0;-121.965;9.75805;1.19445;12.7176;0;0;-57.5277;297;294;259;17;17;10;1000;1000;860;71;71;44;1;1;1;1;
131;132;0;0;0.539082;0;0;-25.3526;0;0;0.477626;0;0;13.6457;0;0;1.70478;0;0;-120.26;0;0;0.393697;0;0;-57.134;-0.607615;-0.779007;-0.154764;-0.463352;-0.469281;0.751718;-0.879834;0.40978;0.240775;-0.399666;-0.553493;0.730693;27.6791;-5.55602;24.9469;0;0;-25.3526;17.2514;5.81935;-1.80751;0;0;13.6457;9.72945;-17.2712;-18.7898;0;0;-120.26;9.07626;1.22978;13.4483;0;0;-57.134;112;110;89;21;21;14;1000;1000;886;36;36;29;1;1;1;1;
132;133;0;0;-0.0511169;0;0;-25.4037;0;0;0.0133636;0;0;13.6591;0;0;-4.49121;0;0;-124.752;0;0;0.764294;0;0;-56.3697;-0.921426;0.374028;0.105247;-0.75498;0.577162;0.31127;0.973836;-0.0340002;-0.224694;0.498191;0.465821;-0.731311;27.0072;-4.82287;25.0521;0;0;-25.4037;16.3814;6.20191;-1.49624;0;0;13.6591;9.1464;-18.0519;-19.0145;0;0;-124.752;9.74003;1.07296;12.717;0;0;-56.3697;341;339;292;24;24;13;1000;1000;853;99;99;71;1;1;1;1;
133;134;0;0;0.605987;0;0;-24.7977;0;0;0.360419;0;0;14.0195;0;0;-1.66487;0;0;-126.417;0;0;0.579961;0;0;-55.7898;-0.23146;-0.969738;-0.0776809;-0.507233;-0.41411;0.755796;0.898561;-0.425699;-0.106622;0.515347;0.388124;-0.764053;26.3904;-5.60612;24.9745;0;0;-24.7977;15.9896;5.67725;-0.74044;0;0;14.0195;8.2704;-18.5223;-19.1211;0;0;-126.417;10.3507;0.864995;11.9529;0;0;-55.7898;245;241;217;28;28;20;1000;1000;867;56;56;42;1;1;1;1;
134;135;0;0;0.223259;0;0;-24.5745;0;0;0.273162;0;0;14.2927;0;0;1.76068;0;0;-124.656;0;0;-0.192895;0;0;-55.9827;-0.792354;-0.604576;0.0816286;0.440986;0.536939;-0.719185;0.500239;0.444388;-0.743156;-0.279109;0.430115;-0.858545;25.4184;-5.82641;25.0561;0;0;-24.5745;16.2844;6.30644;-1.45963;0;0;14.2927;8.35149;-19.1865;-19.8642;0;0;-124.656;10.5511;1.33696;11.0944;0;0;-55.9827;266;261;228;24;24;18;1000;1000;792;72;72;48;1;1;1;1;
135;136;0;0;0.496176;0;0;-24.0783;0;0;0.316949;0;0;14.6096;0;0;2.37281;0;0;-122.283;0;0;1.40352;0;0;-54.5792;-0.0605028;-0.997917;-0.0224064;0.444682;0.3799;-0.811131;-0.473935;-0.477539;0.739826;0.349317;-0.652714;-0.672267;24.956;-6.71281;25.0337;0;0;-24.0783;16.6189;6.78622;-2.27076;0;0;14.6096;8.2009;-18.5308;-19.1244;0;0;-122.283;10.2217;0.674002;10.4221;0;0;-54.5792;292;287;268;21;21;14;1000;1000;785;89;89;63;1;1;1;1;
136;137;0;0;0.436719;0;0;-23.6416;0;0;0.874576;0;0;15.4842;0;0;0.596641;0;0;-121.686;0;0;-0.0669406;0;0;-54.6461;0.0578985;-0.997525;-0.0398953;-0.379118;-0.85042;0.364767;0.985869;-0.116319;-0.120546;-0.505466;-0.490491;0.709875;24.609;-7.64983;24.9938;0;0;-23.6416;16.4806;5.86545;-1.90599;0;0;15.4842;7.58407;-19.3086;-19.2449;0;0;-121.686;9.52914;0.802446;11.132;0;0;-54.6461;292;286;238;23;23;16;1000;1000;800;106;106;76;1;1;1;1;
137;138;0;0;0.422396;0;0;-23.2192;0;0;-0.441773;0;0;15.0424;0;0;0.685214;0;0;-121.001;0;0;0.316676;0;0;-54.3294;-0.585123;-0.809711;0.0447091;0.484058;0.446416;-0.752596;0.824442;-0.554427;-0.113607;0.618776;0.185186;-0.763428;23.7521;-8.16328;25.0385;0;0;-23.2192;16.8322;6.4222;-2.65859;0;0;15.0424;6.68421;-19.7297;-19.3586;0;0;-121.001;10.0404;0.407749;10.3685;0;0;-54.3294;259;257;243;18;18;13;1000;1000;815;56;56;41;1;1;1;1;
138;139;0;0;0.36019;0;0;-22.859;0;0;0.409315;0;0;15.4517;0;0;-3.35381;0;0;-124.355;0;0;0.346961;0;0;-53.9825;0.0697882;-0.993185;0.0933431;0.214595;-0.682662;-0.698514;0.507488;0.480132;-0.715492;-0.470387;-0.446464;0.761187;23.4305;-9.10557;25.1318;0;0;-22.859;17.2209;5.82139;-3.3571;0;0;15.4517;6.7942;-20.4196;-20.074;0;0;-124.355;9.40269;0.52568;11.1297;0;0;-53.9825;297;295;272;27;27;20;1000;1000;818;66;66;48;1;1;1;1;
139;140;0;0;0.644356;0;0;-22.2146;0;0;0.982762;0;0;16.4345;0;0;-4.98122;0;0;-129.336;0;0;0.42851;0;0;-53.5539;-0.629748;-0.774426;-0.0606835;-0.499693;-0.335555;0.798567;-0.485066;-0.427007;0.763136;0.587364;0.332279;-0.737966;22.5548;-9.58442;25.0712;0;0;-22.2146;16.8366;5.35817;-2.55853;0;0;16.4345;6.7714;-19.7738;-19.3109;0;0;-129.336;10.0189;0.25059;10.3918;0;0;-53.5539;272;267;235;22;22;16;1000;1000;815;76;76;60;1;1;1;1;
140;141;0;0;0.492838;0;0;-21.7218;0;0;-0.00463199;0;0;16.4299;0;0;-1.12072;0;0;-130.457;0;0;-1.47551;0;0;-55.0295;-0.665647;-0.746171;0.0119602;-0.505499;-0.309987;0.80522;0.533261;0.403778;-0.743368;-0.167129;-0.208363;0.963666;21.6602;-10.0313;25.0831;0;0;-21.7218;16.4394;4.91786;-1.75331;0;0;16.4299;6.73262;-20.4415;-20.0543;0;0;-130.457;9.75238;0.26812;11.3554;0;0;-55.0295;277;276;246;31;31;23;1000;1000;821;80;80;52;1;1;1;1;
141;142;0;0;0.0168987;0;0;-21.7049;0;0;0.0325512;0;0;16.4624;0;0;-0.523286;0;0;-130.98;0;0;0.236565;0;0;-54.7929;0.988169;-0.150759;-0.0281918;0.525069;0.466507;-0.71181;0.491725;0.4504;-0.745216;-0.415249;-0.556239;0.719838;22.5226;-10.5368;25.0549;0;0;-21.7049;16.8107;5.51404;-2.46512;0;0;16.4624;6.75017;-21.1081;-20.7995;0;0;-130.98;9.05849;0.286718;12.0753;0;0;-54.7929;299;298;253;30;30;20;1000;1000;825;79;79;65;1;1;1;1;
142;143;0;0;0.123528;0;0;-21.5814;0;0;-1.21317;0;0;15.2492;0;0;-0.573185;0;0;-131.553;0;0;0.53238;0;0;-54.2605;-0.878952;-0.472912;0.0616313;-0.280654;0.905834;-0.317329;0.527067;0.46625;-0.710501;0.513076;0.0975387;-0.852783;21.5313;-10.6532;25.1166;0;0;-21.5814;16.3017;6.31417;-2.78245;0;0;15.2492;6.74947;-21.8118;-21.51;0;0;-131.553;9.43734;-0.0727636;11.2225;0;0;-54.2605;339;330;259;31;31;18;1000;1000;820;147;147;107;1;1;1;1;
143;144;0;0;0.146619;0;0;-21.4348;0;0;-0.229171;0;0;15.0201;0;0;1.85514;0;0;-129.698;0;0;-0.0384209;0;0;-54.2989;-0.780951;-0.618772;0.0850645;0.495574;0.517664;-0.697446;0.54153;0.21925;-0.811588;-0.0453811;-0.00466156;0.998959;20.5782;-10.9438;25.2016;0;0;-21.4348;16.6462;6.94258;-3.4799;0;0;15.0201;6.57226;-22.3685;-22.3216;0;0;-129.698;9.40708;-0.0386312;12.2214;0;0;-54.2989;304;301;249;33;33;24;1000;1000;803;137;137;104;1;1;1;1;
144;145;0;0;0.650763;0;0;-20.784;0;0;-0.176416;0;0;14.8436;0;0;-4.06921;0;0;-133.767;0;0;1.07599;0;0;-53.223;-0.564029;-0.824691;0.0418921;0.407435;0.562989;-0.719055;0.468314;0.554218;-0.688131;-0.530007;-0.232002;0.81564;19.7583;-11.5147;25.2435;0;0;-20.784;16.8958;7.59116;-4.19895;0;0;14.8436;6.64854;-23.0901;-23.0097;0;0;-133.767;8.90393;0.246989;13.0371;0;0;-53.223;318;313;274;44;44;30;1000;1000;798;183;183;127;1;1;1;1;
145;146;0;0;0.105899;0;0;-20.6781;0;0;0.245943;0;0;15.0896;0;0;1.45991;0;0;-132.308;0;0;0.417513;0;0;-52.8054;-0.780565;-0.61418;0.116193;-0.490339;-0.428234;0.759067;0.491529;0.506561;-0.708375;-0.377568;-0.105042;0.920005;18.8111;-11.8137;25.3597;0;0;-20.6781;16.5339;7.05004;-3.43989;0;0;15.0896;6.69231;-23.7946;-23.7181;0;0;-132.308;8.59201;0.484255;13.9571;0;0;-52.8054;362;358;293;43;43;32;1000;1000;802;173;173;119;1;1;1;1;
146;147;0;0;-0.0478237;0;0;-20.7259;0;0;0.0776978;0;0;15.1673;0;0;0.565836;0;0;-131.742;0;0;-0.147668;0;0;-52.9531;0.864713;0.499845;-0.0492617;-0.0398006;0.599804;-0.799157;0.496886;0.345836;-0.795928;-0.553333;-0.29309;0.779693;19.7967;-11.6522;25.3104;0;0;-20.7259;16.3385;7.61853;-4.23904;0;0;15.1673;6.61954;-24.3956;-24.514;0;0;-131.742;8.02472;0.749316;14.7368;0;0;-52.9531;405;399;326;54;54;33;1000;1000;798;189;189;130;1;1;1;1;
147;148;0;0;-0.0672773;0;0;-20.7932;0;0;0.305061;0;0;15.4723;0;0;3.66702;0;0;-128.075;0;0;0.00353386;0;0;-52.9496;-0.95523;-0.286195;0.0750181;0.605096;0.168803;-0.778052;0.478927;0.415603;-0.773242;0.570763;0.300513;-0.764148;18.8021;-11.5807;25.3855;0;0;-20.7932;16.8766;7.94264;-5.01709;0;0;15.4723;6.65136;-25.0289;-25.2873;0;0;-128.075;8.60845;0.474852;13.9726;0;0;-52.9496;312;309;270;63;63;42;1001;1001;821;162;162;116;1;1;1;1;
148;149;0;0;-0.00559992;0;0;-20.7988;0;0;0.0752337;0;0;15.5476;0;0;-1.82462;0;0;-129.899;0;0;0.118563;0;0;-52.831;-0.977099;-0.20286;0.0642315;0.412288;0.577515;-0.704624;0.474591;0.475106;-0.740971;-0.533836;-0.0844032;0.841365;17.8167;-11.4233;25.4497;0;0;-20.7988;17.1191;8.60954;-5.72172;0;0;15.5476;6.71143;-25.6977;-26.0282;0;0;-129.899;8.21867;0.849249;14.814;0;0;-52.831;285;281;204;51;51;36;1000;1000;789;287;287;190;1;1;1;1;
149;150;0;0;0.222913;0;0;-20.5759;0;0;-0.0911922;0;0;15.4564;0;0;-1.13939;0;0;-131.039;0;0;-2.61203;0;0;-55.443;0.429556;0.902195;-0.0390549;-0.515023;0.295935;0.804471;0.471787;0.408098;-0.781584;-0.363054;0.8688;0.336717;18.5359;-10.7297;25.4106;0;0;-20.5759;16.5438;8.75751;-4.91725;0;0;15.4564;6.70948;-26.3215;-26.8098;0;0;-131.039;8.72825;1.64105;15.1507;0;0;-55.443;313;308;288;60;60;41;1000;1000;804;225;225;165;1;1;1;1;
150;151;0;0;-0.23334;0;0;-20.8092;0;0;-0.072767;0;0;15.3836;0;0;0.0934588;0;0;-130.945;0;0;-0.255492;0;0;-55.6985;-0.934392;-0.314973;0.166442;-0.560248;-0.252001;0.789061;0.514847;0.401178;-0.75762;-0.194551;-0.88162;0.429996;17.5506;-10.6921;25.5771;0;0;-20.8092;16.0705;8.36592;-4.12819;0;0;15.3836;6.67511;-26.9733;-27.5674;0;0;-130.945;7.89032;1.30493;15.5807;0;0;-55.6985;336;334;253;67;67;40;1000;1000;795;266;266;200;1;1;1;1;
151;152;0;0;0.260755;0;0;-20.5485;0;0;0.100978;0;0;15.4846;0;0;0.300288;0;0;-130.645;0;0;-0.0975352;0;0;-55.7961;0.180537;-0.983516;0.01013;-0.575491;-0.286015;0.766163;-0.0488001;-0.996962;0.0607136;-0.465358;-0.422118;0.777983;17.3744;-11.6764;25.5872;0;0;-20.5485;15.5922;7.93664;-3.36202;0;0;15.4846;5.95044;-26.2869;-27.5067;0;0;-130.645;7.27961;1.45251;16.3587;0;0;-55.7961;315;315;258;67;67;47;1000;1000;719;265;265;184;1;1;1;1;
152;153;0;0;-0.177667;0;0;-20.7261;0;0;0.0238708;0;0;15.5085;0;0;0.848532;0;0;-129.796;0;0;1.8631;0;0;-53.933;0.90257;0.397028;-0.16654;-0.581674;-0.379722;0.719352;-0.191977;-0.960308;0.202367;0.259918;-0.929496;-0.261688;18.3591;-11.6245;25.4207;0;0;-20.7261;15.1333;7.41521;-2.64267;0;0;15.5085;5.33549;-25.5247;-27.3044;0;0;-129.796;6.68129;0.695192;16.097;0;0;-53.933;258;258;189;70;70;44;1001;1001;693;250;250;179;1;1;1;1;
153;154;0;0;-0.085518;0;0;-20.8117;0;0;0.135654;0;0;15.6441;0;0;-5.59596;0;0;-135.392;0;0;-0.290713;0;0;-54.2237;0.839331;0.539536;-0.0665241;0.620894;0.289955;-0.728297;-0.012848;0.996511;0.0824643;0.641634;-0.57544;-0.507124;19.3353;-11.4184;25.3541;0;0;-20.8117;15.653;7.86186;-3.37097;0;0;15.6441;6.04443;-26.2252;-27.2219;0;0;-135.392;6.58955;-0.161784;15.5899;0;0;-54.2237;302;298;243;82;82;58;1000;1000;731;269;269;191;1;1;1;1;
154;155;0;0;-0.0272234;0;0;-20.8389;0;0;-0.0351125;0;0;15.609;0;0;2.88187;0;0;-132.511;0;0;-0.133022;0;0;-54.3567;-0.924949;-0.380028;-0.00688771;-0.604938;-0.396103;0.690762;-0.0989924;-0.99437;0.0377874;-0.408211;-0.599404;0.688533;18.3357;-11.4445;25.3473;0;0;-20.8389;15.1769;7.31759;-2.68021;0;0;15.609;5.37832;-25.4803;-27.1841;0;0;-132.511;5.86456;-0.179342;16.2784;0;0;-54.3567;304;300;255;87;87;60;1000;1000;719;266;266;199;1;1;1;1;
155;156;0;0;0.194684;0;0;-20.6442;0;0;0.247882;0;0;15.8569;0;0;-0.0722615;0;0;-132.583;0;0;0.036122;0;0;-54.3206;0.176527;-0.983227;0.0458645;0.577609;-0.814036;-0.0609452;-0.528237;-0.41916;0.738425;-0.20303;-0.83283;0.514949;18.1542;-12.4269;25.3931;0;0;-20.6442;15.955;6.69236;-2.74115;0;0;15.8569;5.42713;-24.8077;-26.4457;0;0;-132.583;5.06964;-0.50017;16.7934;0;0;-54.3206;334;331;271;77;77;48;1000;1000;814;271;271;212;1;1;1;1;
156;157;0;0;-0.177428;0;0;-20.8216;0;0;0.0143645;0;0;15.8713;0;0;0.145708;0;0;-132.437;0;0;-0.126344;0;0;-54.4469;-0.987973;0.0688626;0.138448;0.780238;0.161993;-0.604141;0.445566;0.533216;-0.719132;0.555649;0.344362;-0.756749;17.2553;-12.0113;25.5316;0;0;-20.8216;16.6612;7.06155;-3.34529;0;0;15.8713;5.51999;-25.4964;-27.1648;0;0;-132.437;5.67289;-0.752001;16.0366;0;0;-54.4469;264;263;220;88;88;55;1000;1000;751;308;308;216;1;1;1;1;
157;158;0;0;0.119204;0;0;-20.7024;0;0;-0.00897798;0;0;15.8623;0;0;-1.03876;0;0;-133.476;0;0;-0.211435;0;0;-54.6584;-0.249176;-0.96143;0.116465;0.48897;0.426685;-0.760821;-0.424411;-0.566239;0.706575;0.557565;0.457596;-0.692623;16.6823;-12.8226;25.648;0;0;-20.7024;17.0149;7.60564;-4.10611;0;0;15.8623;5.40111;-24.7988;-26.4582;0;0;-133.476;6.36868;-0.94212;15.344;0;0;-54.6584;281;281;224;81;81;52;1000;1000;748;259;259;192;1;1;1;1;
158;159;0;0;-0.406018;0;0;-21.1084;0;0;-0.240022;0;0;15.6223;0;0;1.11782;0;0;-132.358;0;0;-0.170805;0;0;-54.8292;-0.901628;-0.3903;0.186368;0.373835;0.633647;-0.677303;-0.504413;-0.370661;0.779858;-0.407515;-0.577739;0.707212;15.7006;-12.862;25.8344;0;0;-21.1084;17.2043;8.31655;-4.78342;0;0;15.6223;5.46706;-24.1763;-25.6784;0;0;-132.358;5.66168;-0.941788;16.0512;0;0;-54.8292;255;254;190;77;77;52;1000;1000;789;297;297;227;1;1;1;1;
159;160;0;0;-0.515898;0;0;-21.6243;0;0;-0.105454;0;0;15.5168;0;0;-1.87431;0;0;-134.232;0;0;-0.318054;0;0;-55.1472;-0.933191;-0.270731;0.236344;0.618158;0.240018;-0.748513;-0.520788;-0.391461;0.758642;-0.360796;-0.555698;0.749016;14.7333;-12.7698;26.0707;0;0;-21.6243;17.7357;8.71319;-5.53193;0;0;15.5168;5.54986;-23.5301;-24.9197;0;0;-134.232;4.99948;-0.963275;16.8002;0;0;-55.1472;293;293;215;90;90;57;1000;1000;799;278;278;217;1;1;1;1;
160;161;0;0;-0.458361;0;0;-22.0827;0;0;-0.102229;0;0;15.4146;0;0;-0.376785;0;0;-134.609;0;0;-0.333501;0;0;-55.4807;0.969619;-0.188843;-0.155493;0.488332;0.375165;-0.787898;0.450263;0.460912;-0.764738;0.481917;0.45847;-0.7467;15.5608;-13.3093;25.9153;0;0;-22.0827;18.1067;9.20465;-6.31983;0;0;15.4146;5.56178;-24.1743;-25.6845;0;0;-134.609;5.65032;-1.10054;16.0535;0;0;-55.4807;265;263;207;85;85;56;1000;1000;789;290;290;217;1;1;1;1;
161;162;0;0;-0.494743;0;0;-22.5774;0;0;-0.26532;0;0;15.1493;0;0;-1.82816;0;0;-136.437;0;0;1.80166;0;0;-53.6791;-0.992458;-0.0634632;0.104879;0.720277;0.298596;-0.626132;0.47311;0.473792;-0.742757;0.109837;-0.966834;-0.23058;14.6201;-12.9868;26.0201;0;0;-22.5774;18.7239;9.68111;-6.94596;0;0;15.1493;5.54547;-24.8437;-26.4272;0;0;-136.437;4.93639;-1.7617;15.8229;0;0;-53.6791;346;345;285;103;103;59;1001;1001;789;300;300;236;1;1;1;1;
162;163;0;0;-0.0238776;0;0;-22.6013;0;0;-0.355156;0;0;14.7941;0;0;0.0904771;0;0;-136.347;0;0;-0.301591;0;0;-53.9807;0.11799;-0.992215;0.0398588;0.584732;0.339706;-0.736674;-0.455191;-0.485326;0.746498;-0.449381;-0.486907;0.748985;14.3477;-13.9482;26.06;0;0;-22.6013;19.2026;10.1589;-7.68263;0;0;14.7941;5.5398;-24.1783;-25.6807;0;0;-136.347;4.27831;-1.68456;16.5719;0;0;-53.9807;254;253;208;87;87;54;1000;1000;780;292;292;233;1;1;1;1;
163;164;0;0;-0.00191782;0;0;-22.6032;0;0;-0.154113;0;0;14.64;0;0;0.497749;0;0;-135.849;0;0;-0.450149;0;0;-54.4308;-0.265002;0.963539;-0.0369652;0.543592;-0.0762894;-0.835875;0.458285;0.505577;-0.731004;-0.547062;0.0618739;0.834802;14.4734;-12.9568;26.023;0;0;-22.6032;19.7478;10.2224;-8.51851;0;0;14.64;5.56314;-24.8603;-26.4117;0;0;-135.849;4.01042;-1.20358;17.4067;0;0;-54.4308;344;342;283;92;92;60;1000;1000;798;292;292;232;1;1;1;1;
164;165;0;0;-0.256964;0;0;-22.8602;0;0;-0.323673;0;0;14.3163;0;0;6.49487;0;0;-129.354;0;0;-0.777701;0;0;-55.2085;0.0889684;0.973369;-0.211274;-0.44934;-0.582195;0.6776;-0.0622911;-0.997729;0.0256348;-0.595889;0.59106;0.543658;14.9335;-12.0945;25.8117;0;0;-22.8602;19.4564;9.54721;-7.84091;0;0;14.3163;4.83115;-24.1794;-26.3861;0;0;-129.354;4.15581;-0.376963;17.9504;0;0;-55.2085;250;250;185;93;93;60;1000;1000;729;284;284;219;1;1;1;1;
165;166;0;0;-0.0780599;0;0;-22.9383;0;0;-0.625835;0;0;13.6905;0;0;-0.262272;0;0;-129.616;0;0;-0.323527;0;0;-55.532;0.206665;-0.978294;0.0151585;-0.302392;0.619277;0.724607;0.427962;0.503873;-0.750307;-0.331117;-0.640819;0.692613;14.7425;-13.0759;25.8269;0;0;-22.9383;19.016;10.0773;-7.1163;0;0;13.6905;4.94641;-24.8304;-27.1364;0;0;-129.616;3.44009;-0.466644;18.643;0;0;-55.532;277;276;204;75;75;52;1000;1000;805;273;273;209;1;1;1;1;
166;167;0;0;-0.449226;0;0;-23.3875;0;0;-0.500429;0;0;13.19;0;0;4.27552;0;0;-125.341;0;0;-0.617547;0;0;-56.1496;-0.555136;0.831393;0.0246862;0.526264;0.558896;-0.640844;-0.0323848;-0.996451;0.0776901;-0.476979;-0.364972;0.799554;14.563;-12.0925;25.8516;0;0;-23.3875;19.4008;10.7416;-7.75715;0;0;13.19;4.15232;-24.2276;-27.0587;0;0;-125.341;2.8713;-0.273814;19.4426;0;0;-56.1496;314;313;231;87;87;62;1000;1000;723;290;290;205;1;1;1;1;
167;168;0;0;-0.460968;0;0;-23.8485;0;0;-0.0114774;0;0;13.1786;0;0;0.303549;0;0;-125.037;0;0;-0.336393;0;0;-56.486;0.283625;0.936882;-0.204473;-0.370648;-0.643358;0.669859;-0.456035;-0.540066;0.707361;-0.496087;-0.509515;0.70306;15.2012;-11.3503;25.6471;0;0;-23.8485;19.1866;10.0306;-7.08729;0;0;13.1786;3.97194;-23.5441;-26.3514;0;0;-125.037;2.17258;-0.141525;20.1456;0;0;-56.486;323;322;270;87;87;60;1000;1000;812;276;276;209;1;1;1;1;
