PROPERTIES:;SonarFileName=../../Data/IceTesting/IceTestingLinux/Ice/Run26/2014-01-25_15-16-31.son;TIME0(sec)=1390680991.224;numPings=148;SonarWidth=353;SonarHeight=478;SURFminHessian=300;SIFTthreshold=0.001;SIFTedgeThresh=100.000;CLAHEclipLimit=4;CLAHEtileSize=[16 x 16];FOVX=45;BLUR_IMGS=1;ROBUST_EST=4;PROCESS_00FRAME=0;Threshold Imgs=0;APPLY_CLAHE=0;CARTESIAN=1;VIDEO_SONAR_FILE=0;PROCESS_00FRAME=0;USE_RADIUS_MATCH=0;THRESHOLD_JUMPS=1;MAX_X=10;MAX_Y=20;MAX_PSI=20;

time2(sec);frame1;frame2;sonOFxshift;sonOFyshift;sonOFtheta;sonOFxshiftsum;sonOFyshiftsum;sonOFthetasum;sonOFxshiftsumGlobal;sonOFyshiftsumGlobal;sonOFthetasumGlobal;sonSURFxshift;sonSURFyshift;sonSURFtheta;sonSURFxshiftsum;sonSURFyshiftsum;sonSURFthetasum;sonSURFxshiftsumGlobal;sonSURFyshiftsumGlobal;sonSURFthetasumGlobal;sonSIFTxshift;sonSIFTyshift;sonSIFTtheta;sonSIFTxshiftsum;sonSIFTyshiftsum;sonSIFTthetasum;sonSIFTxshiftsumGlobal;sonSIFTyshiftsumGlobal;sonSIFTthetasumGlobal;sonHARRISxshift;sonHARRISyshift;sonHARRIStheta;sonHARRISxshiftsum;sonHARRISyshiftsum;sonHARRISthetasum;sonHARRISxshiftsumGlobal;sonHARRISyshiftsumGlobal;sonHARRISthetasumGlobal;OFnumCorners;OFnumMatches;OFnumInliers;SURFnumCorners;SURFnumMatches;SURFnumInliers;SIFTnumCorners;SIFTnumMatches;SIFTnumInliers;HARRISnumCorners;HARRISnumMatches;HARRISnumInliers;OF_EstValid;SURF_EstValid;SIFT_EstValid;HARRIS_EstValid;
1390680991.36299991607666015625;0;1;-1.228;3.999;-0.915;-1.228;3.999;-0.915;-1.164;4.019;-0.915;0.000;-0.000;-0.000;0.000;-0.000;-0.000;0.000;0.000;0.000;0.000;-0.000;-0.000;0.000;-0.000;-0.000;0.000;0.000;0.000;0.000;-0.000;-0.000;0.000;-0.000;-0.000;0.000;0.000;0.000;488;486;486;33;33;33;1000;1000.000;1000.000;395;395.000;395.000;1;0;0;0;
1390680991.49900007247924804688;1;2;2.616;0.342;0.000;1.388;4.342;-0.915;1.457;4.319;-0.915;0.000;-0.000;-0.000;0.000;-0.000;-0.000;0.000;0.000;0.000;0.000;-0.000;-0.000;0.000;-0.000;-0.000;0.000;0.000;0.000;0.000;-0.000;-0.000;0.000;-0.000;-0.000;0.000;0.000;0.000;481;477;477;34;34;34;1000;1000.000;1000.000;344;344.000;344.000;1;0;0;0;
1390680991.65300011634826660156;2;3;-0.280;1.267;-0.248;1.108;5.609;-1.163;1.203;5.592;-1.163;0.000;-0.000;-0.000;0.000;-0.000;-0.000;0.000;0.000;0.000;0.000;-0.000;-0.000;0.000;-0.000;-0.000;0.000;0.000;0.000;-1.143;11.571;-2.055;-1.143;11.571;-2.055;-0.727;11.604;-2.055;487;480;480;30;30;30;1000;1000.000;1000.000;399;399.000;399.000;1;0;0;1;
1390680991.83200001716613769531;3;4;0.341;1.427;-0.252;1.449;7.036;-1.415;1.579;7.010;-1.415;0.000;-0.000;-0.000;0.000;-0.000;-0.000;0.000;0.000;0.000;0.000;-0.000;-0.000;0.000;-0.000;-0.000;0.000;0.000;0.000;-17.959;58.715;-8.899;-19.102;70.286;-10.955;-7.201;72.662;-10.955;480;477;477;24;24;24;1000;1000.000;1000.000;359;359.000;359.000;1;0;0;1;
1390680991.99499988555908203125;4;5;0.994;-0.323;-0.019;2.443;6.713;-1.435;2.565;6.662;-1.435;0.000;-0.000;-0.000;0.000;-0.000;-0.000;0.000;0.000;0.000;0.000;-0.000;-0.000;0.000;-0.000;-0.000;0.000;0.000;0.000;0.000;-0.000;-0.000;-19.102;70.286;-10.955;-7.201;72.662;-10.955;474;469;469;31;31;31;1000;1000.000;1000.000;347;347.000;347.000;1;0;0;0;
1390680992.14400005340576171875;5;6;-2.241;-1.184;0.042;0.202;5.529;-1.393;0.296;5.533;-1.393;0.000;-0.000;-0.000;0.000;-0.000;-0.000;0.000;0.000;0.000;19.874;7.415;0.501;19.874;7.415;0.501;19.808;7.588;0.501;-24.769;-0.337;6.184;-43.871;69.949;-4.771;-31.913;74.386;-4.771;485;479;479;32;32;32;1000;1000.000;1000.000;327;327.000;327.000;1;0;1;1;
1390680992.29999995231628417969;6;7;1.517;2.637;-0.551;1.719;8.166;-1.944;1.901;8.117;-1.944;0.000;-0.000;-0.000;0.000;-0.000;-0.000;0.000;0.000;0.000;0.000;-0.000;-0.000;19.874;7.415;0.501;19.808;7.588;0.501;0.000;-0.000;-0.000;-43.871;69.949;-4.771;-31.913;74.386;-4.771;496;492;492;19;19;19;1000;1000.000;1000.000;370;370.000;370.000;1;0;0;0;
1390680992.45700001716613769531;7;8;0.467;-1.377;0.177;2.185;6.789;-1.767;2.325;6.726;-1.767;0.000;-0.000;-0.000;0.000;-0.000;-0.000;0.000;0.000;0.000;0.000;-0.000;-0.000;19.874;7.415;0.501;19.808;7.588;0.501;-18.065;0.478;-6.449;-61.936;70.427;-11.220;-49.539;78.370;-11.220;473;470;470;31;31;31;1000;1000.000;1000.000;333;333.000;333.000;1;0;0;1;
1390680992.59999990463256835938;8;9;0.763;1.223;-0.197;2.948;8.013;-1.964;3.129;7.923;-1.964;0.000;-0.000;-0.000;0.000;-0.000;-0.000;0.000;0.000;0.000;0.000;-0.000;-0.000;19.874;7.415;0.501;19.808;7.588;0.501;0.000;-0.000;-0.000;-61.936;70.427;-11.220;-49.539;78.370;-11.220;487;482;482;29;29;29;1000;1000.000;1000.000;429;429.000;429.000;1;0;0;0;
1390680992.75799989700317382812;9;10;0.504;0.343;-0.101;3.452;8.356;-2.065;3.645;8.248;-2.065;0.000;-0.000;-0.000;0.000;-0.000;-0.000;0.000;0.000;0.000;0.000;-0.000;-0.000;19.874;7.415;0.501;19.808;7.588;0.501;0.000;-0.000;-0.000;-61.936;70.427;-11.220;-49.539;78.370;-11.220;483;478;478;29;29;29;1000;1000.000;1000.000;429;429.000;429.000;1;0;0;0;
1390680992.90499997138977050781;10;11;-1.035;-0.139;0.067;2.417;8.217;-1.998;2.606;8.145;-1.998;0.000;-0.000;-0.000;0.000;-0.000;-0.000;0.000;0.000;0.000;0.000;-0.000;-0.000;19.874;7.415;0.501;19.808;7.588;0.501;-47.906;16.134;5.752;-109.843;86.560;-5.468;-95.690;98.996;-5.468;486;480;480;38;38;38;1000;1000.000;1000.000;431;431.000;431.000;1;0;0;1;
1390680993.02800011634826660156;11;12;-0.247;2.628;-0.357;2.170;10.845;-2.355;2.467;10.781;-2.355;0.000;-0.000;-0.000;0.000;-0.000;-0.000;0.000;0.000;0.000;0.000;-0.000;-0.000;19.874;7.415;0.501;19.808;7.588;0.501;0.000;-0.000;-0.000;-109.843;86.560;-5.468;-95.690;98.996;-5.468;482;480;480;24;24;24;1001;1001.000;1001.000;428;428.000;428.000;1;0;0;0;
1390680993.19499993324279785156;12;13;1.848;-0.493;0.060;4.018;10.351;-2.294;4.294;10.214;-2.294;0.000;-0.000;-0.000;0.000;-0.000;-0.000;0.000;0.000;0.000;0.000;-0.000;-0.000;19.874;7.415;0.501;19.808;7.588;0.501;0.000;-0.000;-0.000;-109.843;86.560;-5.468;-95.690;98.996;-5.468;478;474;474;24;24;24;1000;1000.000;1000.000;412;412.000;412.000;1;0;0;0;
1390680993.35599994659423828125;13;14;2.585;-0.730;0.153;6.603;9.621;-2.141;6.849;9.388;-2.141;0.000;-0.000;-0.000;0.000;-0.000;-0.000;0.000;0.000;0.000;0.000;-0.000;-0.000;19.874;7.415;0.501;19.808;7.588;0.501;0.000;-0.000;-0.000;-109.843;86.560;-5.468;-95.690;98.996;-5.468;491;486;486;30;30;30;1001;1001.000;1001.000;399;399.000;399.000;1;0;0;0;
1390680993.50099992752075195312;14;15;0.068;-0.035;-0.039;6.671;9.587;-2.179;6.916;9.350;-2.179;0.000;-0.000;-0.000;0.000;-0.000;-0.000;0.000;0.000;0.000;0.000;-0.000;-0.000;19.874;7.415;0.501;19.808;7.588;0.501;4.050;-4.829;1.224;-105.793;81.732;-4.244;-92.009;93.881;-4.244;497;495;495;35;35;35;1000;1000.000;1000.000;426;426.000;426.000;1;0;0;1;
1390680993.65300011634826660156;15;16;0.068;-1.524;0.300;6.739;8.063;-1.879;6.934;7.825;-1.879;0.000;-0.000;-0.000;0.000;-0.000;-0.000;0.000;0.000;0.000;17.554;-0.885;-7.452;37.428;6.530;-6.951;37.126;4.586;-6.951;0.000;-0.000;-0.000;-105.793;81.732;-4.244;-92.009;93.881;-4.244;487;484;484;34;34;34;1000;1000.000;1000.000;395;395.000;395.000;1;0;1;0;
1390680993.79600000381469726562;16;17;-2.068;1.131;-0.553;4.671;9.194;-2.432;4.916;9.043;-2.432;0.000;-0.000;-0.000;0.000;-0.000;-0.000;0.000;0.000;0.000;0.000;-0.000;-0.000;37.428;6.530;-6.951;37.126;4.586;-6.951;-16.533;76.962;-18.429;-122.326;158.694;-22.674;-77.597;171.268;-22.674;493;480;480;25;25;25;1000;1000.000;1000.000;400;400.000;400.000;1;0;0;1;
1390680993.95000004768371582031;17;18;-0.099;-0.476;0.019;4.572;8.718;-2.413;4.797;8.572;-2.413;0.000;-0.000;-0.000;0.000;-0.000;-0.000;0.000;0.000;0.000;0.000;-0.000;-0.000;37.428;6.530;-6.951;37.126;4.586;-6.951;0.000;-0.000;-0.000;-122.326;158.694;-22.674;-77.597;171.268;-22.674;496;490;490;24;24;24;1000;1000.000;1000.000;385;385.000;385.000;1;0;0;0;
1390680994.16000008583068847656;18;19;-1.287;1.847;-0.282;3.285;10.566;-2.696;3.598;10.478;-2.696;0.000;-0.000;-0.000;0.000;-0.000;-0.000;0.000;0.000;0.000;0.000;-0.000;-0.000;37.428;6.530;-6.951;37.126;4.586;-6.951;-29.004;32.613;-4.388;-151.330;191.306;-27.062;-88.589;213.505;-27.062;492;488;488;30;30;30;1000;1000.000;1000.000;442;442.000;442.000;1;0;0;1;
1390680994.33200001716613769531;19;20;-0.108;2.489;-0.537;3.177;13.055;-3.233;3.631;12.969;-3.233;0.000;-0.000;-0.000;0.000;-0.000;-0.000;0.000;0.000;0.000;0.000;-0.000;-0.000;37.428;6.530;-6.951;37.126;4.586;-6.951;-20.241;-5.295;-1.760;-171.572;186.011;-28.822;-108.875;218.624;-28.822;494;490;490;31;31;31;1000;1000.000;1000.000;483;483.000;483.000;1;0;0;1;
1390680994.52399992942810058594;20;21;-1.923;-2.624;0.447;1.254;10.430;-2.786;1.583;10.441;-2.786;0.000;-0.000;-0.000;0.000;-0.000;-0.000;0.000;0.000;0.000;0.000;-0.000;-0.000;37.428;6.530;-6.951;37.126;4.586;-6.951;-15.172;59.513;-7.320;-186.744;245.524;-36.141;-86.028;275.633;-36.141;485;485;485;30;30;30;1000;1000.000;1000.000;420;420.000;420.000;1;0;0;1;
1390680994.68000006675720214844;21;22;1.783;-2.111;0.585;3.037;8.319;-2.201;3.284;8.263;-2.201;0.000;-0.000;-0.000;0.000;-0.000;-0.000;0.000;0.000;0.000;0.000;-0.000;-0.000;37.428;6.530;-6.951;37.126;4.586;-6.951;-10.401;41.025;6.487;-197.145;286.549;-29.655;-74.769;316.431;-29.655;491;487;487;28;28;28;1000;1000.000;1000.000;386;386.000;386.000;1;0;0;1;
1390680994.80900001525878906250;22;23;0.629;0.954;-0.047;3.666;9.273;-2.248;3.950;9.192;-2.248;0.000;-0.000;-0.000;0.000;-0.000;-0.000;0.000;0.000;0.000;0.000;-0.000;-0.000;37.428;6.530;-6.951;37.126;4.586;-6.951;0.000;-0.000;-0.000;-197.145;286.549;-29.655;-74.769;316.431;-29.655;487;478;478;32;32;32;1000;1000.000;1000.000;428;428.000;428.000;1;0;0;0;
1390680994.97000002861022949219;23;24;0.462;-1.444;0.407;4.128;7.829;-1.841;4.365;7.734;-1.841;0.000;-0.000;-0.000;0.000;-0.000;-0.000;0.000;0.000;0.000;0.000;-0.000;-0.000;37.428;6.530;-6.951;37.126;4.586;-6.951;0.000;-0.000;-0.000;-197.145;286.549;-29.655;-74.769;316.431;-29.655;433;427;427;43;43;43;1000;1000.000;1000.000;150;150.000;150.000;1;0;0;0;
1390680995.14899992942810058594;24;25;0.754;0.202;-0.154;4.883;8.031;-1.996;5.126;7.909;-1.996;0.000;-0.000;-0.000;0.000;-0.000;-0.000;0.000;0.000;0.000;0.000;-0.000;-0.000;37.428;6.530;-6.951;37.126;4.586;-6.951;0.000;-0.000;-0.000;-197.145;286.549;-29.655;-74.769;316.431;-29.655;454;447;447;39;39;39;1000;1000.000;1000.000;148;148.000;148.000;1;0;0;0;
1390680995.30299997329711914062;25;26;0.573;2.526;-0.346;5.455;10.557;-2.342;5.801;10.409;-2.342;0.000;-0.000;-0.000;0.000;-0.000;-0.000;0.000;0.000;0.000;0.000;-0.000;-0.000;37.428;6.530;-6.951;37.126;4.586;-6.951;-0.449;14.192;-11.570;-197.593;300.741;-41.224;-65.754;327.401;-41.224;376;374;374;38;38;38;1000;1000.000;1000.000;59;59.000;40.000;1;0;0;1;
1390680995.46799993515014648438;26;27;0.777;0.854;-0.245;6.232;11.411;-2.586;6.616;11.228;-2.586;-12.133;-3.103;0.261;-12.133;-3.103;0.261;-12.119;-3.158;0.261;0.000;-0.000;-0.000;37.428;6.530;-6.951;37.126;4.586;-6.951;-2.704;-0.536;-0.045;-200.297;300.205;-41.269;-68.140;328.781;-41.269;386;382;382;33;33;33;1000;1000.000;1000.000;65;65.000;60.000;1;1;0;1;
1390680995.60599994659423828125;27;28;0.772;1.529;-0.471;7.004;12.941;-3.057;7.468;12.714;-3.057;0.000;-0.000;-0.000;-12.133;-3.103;0.261;-12.119;-3.158;0.261;0.000;-0.000;-0.000;37.428;6.530;-6.951;37.126;4.586;-6.951;-2.572;-0.988;0.108;-202.869;299.217;-41.161;-70.726;329.730;-41.161;426;422;422;38;38;38;1000;1000.000;1000.000;82;82.000;70.000;1;0;0;1;
1390680995.77399992942810058594;28;29;0.386;-0.194;0.160;7.390;12.747;-2.897;7.843;12.501;-2.897;0.000;-0.000;-0.000;-12.133;-3.103;0.261;-12.119;-3.158;0.261;0.000;-0.000;-0.000;37.428;6.530;-6.951;37.126;4.586;-6.951;-1.398;1.189;-1.502;-204.267;300.406;-42.662;-70.948;331.552;-42.662;411;405;405;40;40;40;1000;1000.000;1000.000;79;79.000;78.000;1;0;0;1;
1390680995.92799997329711914062;29;30;-3.716;2.482;-0.330;3.674;15.229;-3.227;4.273;15.188;-3.227;0.000;-0.000;-0.000;-12.133;-3.103;0.261;-12.119;-3.158;0.261;0.000;-0.000;-0.000;37.428;6.530;-6.951;37.126;4.586;-6.951;9.767;52.253;-8.139;-194.500;352.660;-50.801;-24.281;357.008;-50.801;453;450;450;44;44;44;1000;1000.000;1000.000;132;132.000;132.000;1;0;0;1;
1390680996.07299995422363281250;30;31;-1.992;2.710;-0.343;1.682;17.939;-3.571;2.454;18.017;-3.571;0.000;-0.000;-0.000;-12.133;-3.103;0.261;-12.119;-3.158;0.261;0.000;-0.000;-0.000;37.428;6.530;-6.951;37.126;4.586;-6.951;-28.945;55.791;-2.866;-223.445;408.451;-53.667;3.514;413.380;-53.667;460;458;458;47;47;47;1000;1000.000;1000.000;225;225.000;225.000;1;0;0;1;
1390680996.22499990463256835938;31;32;-1.461;-0.548;0.343;0.221;17.391;-3.227;0.965;17.552;-3.227;0.000;-0.000;-0.000;-12.133;-3.103;0.261;-12.119;-3.158;0.261;0.954;-6.892;5.366;38.381;-0.362;-1.585;37.889;-2.330;-1.585;-11.061;-2.868;0.483;-234.506;405.583;-53.184;-5.411;420.517;-53.184;460;459;459;32;32;32;1000;1000.000;1000.000;182;182.000;182.000;1;0;1;1;
1390680996.39400005340576171875;32;33;-0.082;2.097;-0.343;0.140;19.488;-3.570;1.014;19.651;-3.570;0.000;-0.000;-0.000;-12.133;-3.103;0.261;-12.119;-3.158;0.261;0.000;-0.000;-0.000;38.381;-0.362;-1.585;37.889;-2.330;-1.585;15.517;41.062;-9.050;-218.989;446.645;-62.234;38.152;425.915;-62.234;479;476;476;31;31;31;1000;1000.000;1000.000;233;233.000;233.000;1;0;0;1;
1390680996.56399989128112792969;33;34;0.715;-1.876;0.349;0.855;17.612;-3.221;1.623;17.737;-3.221;0.000;-0.000;-0.000;-12.133;-3.103;0.261;-12.119;-3.158;0.261;0.000;-0.000;-0.000;38.381;-0.362;-1.585;37.889;-2.330;-1.585;-58.360;56.134;-9.937;-277.349;502.779;-72.171;73.722;498.659;-72.171;483;480;480;29;29;29;1000;1000.000;1000.000;329;329.000;329.000;1;0;0;1;
1390680996.70300006866455078125;34;35;-1.595;3.606;-0.671;-0.740;21.218;-3.893;0.276;21.443;-3.893;0.000;-0.000;-0.000;-12.133;-3.103;0.261;-12.119;-3.158;0.261;0.000;-0.000;-0.000;38.381;-0.362;-1.585;37.889;-2.330;-1.585;0.000;-0.000;-0.000;-277.349;502.779;-72.171;73.722;498.659;-72.171;471;465;465;27;27;27;1000;1000.000;1000.000;346;346.000;346.000;1;0;0;0;
1390680996.87400007247924804688;35;36;-0.802;2.526;-0.420;-1.542;23.744;-4.312;-0.334;24.022;-4.312;0.000;-0.000;-0.000;-12.133;-3.103;0.261;-12.119;-3.158;0.261;0.000;-0.000;-0.000;38.381;-0.362;-1.585;37.889;-2.330;-1.585;15.492;62.527;-5.959;-261.857;565.306;-78.131;138.099;496.359;-78.131;485;482;482;39;39;39;1000;1000.000;1000.000;370;370.000;370.000;1;0;0;1;
1390680997.02399992942810058594;36;37;2.737;0.269;0.364;1.195;24.013;-3.948;2.415;24.102;-3.948;2.364;-5.644;-8.480;-9.769;-8.746;-8.219;-10.586;-9.082;-8.219;0.000;-0.000;-0.000;38.381;-0.362;-1.585;37.889;-2.330;-1.585;0.000;-0.000;-0.000;-261.857;565.306;-78.131;138.099;496.359;-78.131;482;477;477;35;35;35;1000;1000.000;1000.000;381;381.000;381.000;1;1;0;0;
1390680997.17799997329711914062;37;38;-0.069;0.334;-0.071;1.125;24.347;-4.019;2.369;24.441;-4.019;0.000;-0.000;-0.000;-9.769;-8.746;-8.219;-10.586;-9.082;-8.219;0.000;-0.000;-0.000;38.381;-0.362;-1.585;37.889;-2.330;-1.585;0.000;-0.000;-0.000;-261.857;565.306;-78.131;138.099;496.359;-78.131;471;466;466;34;34;34;1000;1000.000;1000.000;336;336.000;336.000;1;0;0;0;
1390680997.34100008010864257812;38;39;2.017;-0.186;0.181;3.142;24.162;-3.838;4.369;24.120;-3.838;0.000;-0.000;-0.000;-9.769;-8.746;-8.219;-10.586;-9.082;-8.219;0.000;-0.000;-0.000;38.381;-0.362;-1.585;37.889;-2.330;-1.585;-2.364;18.252;-13.637;-264.220;583.557;-91.768;156.415;498.158;-91.768;486;486;486;31;31;31;1000;1000.000;1000.000;324;324.000;324.000;1;0;0;1;
1390680997.48099994659423828125;39;40;-0.818;1.629;-0.472;2.324;25.791;-4.310;3.676;25.806;-4.310;0.000;-0.000;-0.000;-9.769;-8.746;-8.219;-10.586;-9.082;-8.219;13.912;3.903;-1.676;52.293;3.541;-3.261;52.000;0.775;-3.261;0.000;-0.000;-0.000;-264.220;583.557;-91.768;156.415;498.158;-91.768;472;467;467;40;40;40;1000;1000.000;1000.000;287;287.000;287.000;1;0;1;0;
1390680997.61700010299682617188;40;41;-1.085;-0.259;0.210;1.238;25.531;-4.100;2.575;25.625;-4.100;9.200;7.013;5.052;-0.569;-1.733;-3.166;-1.012;-2.588;-3.166;0.000;-0.000;-0.000;52.293;3.541;-3.261;52.000;0.775;-3.261;-8.274;-0.384;-0.244;-272.495;583.174;-92.012;156.322;506.441;-92.012;475;470;470;40;40;40;1000;1000.000;1000.000;272;272.000;272.000;1;1;0;1;
1390680997.77099990844726562500;41;42;-0.584;0.402;-0.240;0.654;25.934;-4.340;2.022;26.070;-4.340;0.000;-0.000;-0.000;-0.569;-1.733;-3.166;-1.012;-2.588;-3.166;0.000;-0.000;-0.000;52.293;3.541;-3.261;52.000;0.775;-3.261;18.242;11.336;-1.172;-254.253;594.509;-93.184;166.627;487.598;-93.184;457;453;453;29;29;29;1002;1002.000;1002.000;189;189.000;189.000;1;0;0;1;
1390680997.93400001525878906250;42;43;0.702;0.247;-0.078;1.356;26.181;-4.418;2.741;26.263;-4.418;0.000;-0.000;-0.000;-0.569;-1.733;-3.166;-1.012;-2.588;-3.166;-2.402;2.277;-2.734;49.891;5.818;-5.995;49.849;3.291;-5.995;0.000;-0.000;-0.000;-254.253;594.509;-93.184;166.627;487.598;-93.184;453;451;451;36;36;36;1000;1000.000;1000.000;196;196.000;196.000;1;0;1;0;
1390680998.06599998474121093750;43;44;-0.658;-0.392;0.045;0.697;25.789;-4.373;2.055;25.922;-4.373;0.000;-0.000;-0.000;-0.569;-1.733;-3.166;-1.012;-2.588;-3.166;0.000;-0.000;-0.000;49.891;5.818;-5.995;49.849;3.291;-5.995;0.000;-0.000;-0.000;-254.253;594.509;-93.184;166.627;487.598;-93.184;477;473;473;34;34;34;1000;1000.000;1000.000;244;244.000;244.000;1;0;0;0;
1390680998.23099994659423828125;44;45;1.043;1.180;-0.112;1.741;26.969;-4.485;3.187;27.018;-4.485;0.000;-0.000;-0.000;-0.569;-1.733;-3.166;-1.012;-2.588;-3.166;0.000;-0.000;-0.000;49.891;5.818;-5.995;49.849;3.291;-5.995;9.303;78.361;-15.201;-244.950;672.871;-108.385;238.055;454.055;-108.385;494;485;485;31;31;31;1000;1000.000;1000.000;317;317.000;317.000;1;0;0;1;
1390680998.43199992179870605469;45;46;0.447;0.586;-0.104;2.188;27.555;-4.589;3.680;27.566;-4.589;0.000;-0.000;-0.000;-0.569;-1.733;-3.166;-1.012;-2.588;-3.166;0.000;-0.000;-0.000;49.891;5.818;-5.995;49.849;3.291;-5.995;0.000;-0.000;-0.000;-244.950;672.871;-108.385;238.055;454.055;-108.385;477;473;473;37;37;37;1000;1000.000;1000.000;380;380.000;380.000;1;0;0;0;
1390680998.60800004005432128906;46;47;-1.109;0.181;0.023;1.080;27.736;-4.566;2.589;27.834;-4.566;0.000;-0.000;-0.000;-0.569;-1.733;-3.166;-1.012;-2.588;-3.166;0.000;-0.000;-0.000;49.891;5.818;-5.995;49.849;3.291;-5.995;2.559;45.361;-11.365;-242.391;718.232;-119.750;276.167;429.324;-119.750;493;491;491;43;43;43;1000;1000.000;1000.000;438;438.000;438.000;1;0;0;1;
1390680998.76900005340576171875;47;48;1.923;1.282;-0.356;3.002;29.018;-4.922;4.615;28.947;-4.922;0.000;-0.000;-0.000;-0.569;-1.733;-3.166;-1.012;-2.588;-3.166;3.387;1.701;3.118;53.278;7.520;-2.877;53.317;4.820;-2.877;0.000;-0.000;-0.000;-242.391;718.232;-119.750;276.167;429.324;-119.750;481;481;481;30;30;30;1000;1000.000;1000.000;379;379.000;379.000;1;0;1;0;
1390680998.93600010871887207031;48;49;0.006;-1.100;0.289;3.009;27.919;-4.632;4.532;27.850;-4.632;0.000;-0.000;-0.000;-0.569;-1.733;-3.166;-1.012;-2.588;-3.166;13.046;-6.123;1.803;66.324;1.397;-1.074;66.246;-1.546;-1.074;11.082;3.656;-0.396;-231.309;721.888;-120.146;273.763;417.904;-120.146;463;460;460;39;39;39;1000;1000.000;1000.000;232;232.000;232.000;1;0;1;1;
1390680999.10100007057189941406;49;50;-1.043;2.431;-0.411;1.966;30.350;-5.043;3.707;30.364;-5.043;1.412;-8.066;5.862;0.843;-9.800;2.695;0.777;-10.579;2.695;0.000;-0.000;-0.000;66.324;1.397;-1.074;66.246;-1.546;-1.074;0.000;-0.000;-0.000;-231.309;721.888;-120.146;273.763;417.904;-120.146;477;473;473;38;38;38;1000;1000.000;1000.000;342;342.000;342.000;1;1;0;0;
1390680999.26300001144409179688;50;51;-2.025;0.238;0.126;-0.060;30.588;-4.917;1.710;30.775;-4.917;14.930;-3.150;1.598;15.773;-12.950;4.293;15.901;-12.602;4.293;-9.437;-8.035;0.065;56.887;-6.638;-1.009;56.669;-9.414;-1.009;0.000;-0.000;-0.000;-231.309;721.888;-120.146;273.763;417.904;-120.146;424;421;421;37;37;37;1000;1000.000;1000.000;130;130.000;130.000;1;1;1;0;
1390680999.39599990844726562500;51;52;1.583;-1.914;0.274;1.523;28.674;-4.644;3.132;28.738;-4.644;0.000;-0.000;-0.000;15.773;-12.950;4.293;15.901;-12.602;4.293;0.000;-0.000;-0.000;56.887;-6.638;-1.009;56.669;-9.414;-1.009;0.000;-0.000;-0.000;-231.309;721.888;-120.146;273.763;417.904;-120.146;438;433;433;37;37;37;1000;1000.000;1000.000;193;193.000;193.000;1;0;0;0;
1390680999.53500008583068847656;52;53;-0.415;3.224;-0.496;1.108;31.898;-5.140;3.008;31.987;-5.140;0.000;-0.000;-0.000;15.773;-12.950;4.293;15.901;-12.602;4.293;0.000;-0.000;-0.000;56.887;-6.638;-1.009;56.669;-9.414;-1.009;0.000;-0.000;-0.000;-231.309;721.888;-120.146;273.763;417.904;-120.146;385;377;377;34;34;34;1000;1000.000;1000.000;106;106.000;106.000;1;0;0;0;
1390680999.67300009727478027344;53;54;-0.757;-0.162;0.112;0.351;31.736;-5.028;2.240;31.891;-5.028;0.000;-0.000;-0.000;15.773;-12.950;4.293;15.901;-12.602;4.293;0.000;-0.000;-0.000;56.887;-6.638;-1.009;56.669;-9.414;-1.009;0.000;-0.000;-0.000;-231.309;721.888;-120.146;273.763;417.904;-120.146;454;454;454;44;44;44;1000;1000.000;1000.000;254;254.000;254.000;1;0;0;0;
1390680999.80900001525878906250;54;55;-0.934;-1.085;0.215;-0.582;30.651;-4.813;1.218;30.889;-4.813;0.000;-0.000;-0.000;15.773;-12.950;4.293;15.901;-12.602;4.293;0.000;-0.000;-0.000;56.887;-6.638;-1.009;56.669;-9.414;-1.009;-37.141;44.652;-8.170;-268.449;766.540;-128.316;331.825;419.361;-128.316;456;453;453;35;35;35;1000;1000.000;1000.000;215;215.000;215.000;1;0;0;1;
1390680999.96099996566772460938;55;56;1.642;2.189;-0.447;1.060;32.839;-5.259;3.054;32.918;-5.259;0.000;-0.000;-0.000;15.773;-12.950;4.293;15.901;-12.602;4.293;0.000;-0.000;-0.000;56.887;-6.638;-1.009;56.669;-9.414;-1.009;0.908;3.248;-0.497;-267.542;769.788;-128.813;333.786;416.618;-128.813;419;415;415;35;35;35;1000;1000.000;1000.000;120;120.000;120.000;1;0;0;1;
1390681000.10400009155273437500;56;57;1.067;0.084;-0.129;2.127;32.923;-5.388;4.124;32.901;-5.388;0.000;-0.000;-0.000;15.773;-12.950;4.293;15.901;-12.602;4.293;0.000;-0.000;-0.000;56.887;-6.638;-1.009;56.669;-9.414;-1.009;0.000;-0.000;-0.000;-267.542;769.788;-128.813;333.786;416.618;-128.813;449;446;446;46;46;46;1000;1000.000;1000.000;167;167.000;167.000;1;0;0;0;
1390681000.26699995994567871094;57;58;-0.340;-3.480;0.507;1.787;29.443;-4.881;3.490;29.462;-4.881;0.000;-0.000;-0.000;15.773;-12.950;4.293;15.901;-12.602;4.293;0.000;-0.000;-0.000;56.887;-6.638;-1.009;56.669;-9.414;-1.009;0.000;-0.000;-0.000;-267.542;769.788;-128.813;333.786;416.618;-128.813;475;473;473;35;35;35;1000;1000.000;1000.000;387;387.000;387.000;1;0;0;0;
1390681000.39599990844726562500;58;59;1.180;3.215;-0.646;2.967;32.658;-5.527;4.974;32.549;-5.527;0.000;-0.000;-0.000;15.773;-12.950;4.293;15.901;-12.602;4.293;0.000;-0.000;-0.000;56.887;-6.638;-1.009;56.669;-9.414;-1.009;0.000;-0.000;-0.000;-267.542;769.788;-128.813;333.786;416.618;-128.813;474;471;471;36;36;36;1000;1000.000;1000.000;360;360.000;360.000;1;0;0;0;
1390681000.54800009727478027344;59;60;-0.075;-0.525;-0.116;2.892;32.133;-5.644;4.848;32.034;-5.644;0.000;-0.000;-0.000;15.773;-12.950;4.293;15.901;-12.602;4.293;0.000;-0.000;-0.000;56.887;-6.638;-1.009;56.669;-9.414;-1.009;-16.327;8.785;-1.568;-283.869;778.573;-130.381;351.057;423.364;-130.381;484;482;482;36;36;36;1000;1000.000;1000.000;372;372.000;372.000;1;0;0;1;
1390681000.70000004768371582031;60;61;-3.018;-1.714;0.097;-0.126;30.419;-5.547;1.678;30.619;-5.547;0.000;-0.000;-0.000;15.773;-12.950;4.293;15.901;-12.602;4.293;6.230;8.096;0.095;63.117;1.458;-0.914;63.028;-1.418;-0.914;0.000;-0.000;-0.000;-283.869;778.573;-130.381;351.057;423.364;-130.381;487;484;484;27;27;27;1002;1002.000;1002.000;371;371.000;371.000;1;0;1;0;
1390681000.84699988365173339844;61;62;1.056;2.894;-0.590;0.931;33.313;-6.137;3.038;33.384;-6.137;0.000;-0.000;-0.000;15.773;-12.950;4.293;15.901;-12.602;4.293;0.000;-0.000;-0.000;63.117;1.458;-0.914;63.028;-1.418;-0.914;6.363;24.711;-5.685;-277.506;803.284;-136.066;363.619;401.153;-136.066;496;493;493;36;36;36;1000;1000.000;1000.000;415;415.000;415.000;1;0;0;1;
1390681000.96600008010864257812;62;63;1.648;0.843;0.021;2.578;34.157;-6.116;4.766;34.047;-6.116;0.000;-0.000;-0.000;15.773;-12.950;4.293;15.901;-12.602;4.293;0.000;-0.000;-0.000;63.117;1.458;-0.914;63.028;-1.418;-0.914;9.344;14.987;-3.692;-268.162;818.271;-139.758;366.169;383.677;-139.758;478;474;474;26;26;26;1000;1000.000;1000.000;406;406.000;406.000;1;0;0;1;
1390681001.13800001144409179688;63;64;0.134;1.216;-0.201;2.713;35.373;-6.317;5.034;35.241;-6.317;0.000;-0.000;-0.000;15.773;-12.950;4.293;15.901;-12.602;4.293;0.000;-0.000;-0.000;63.117;1.458;-0.914;63.028;-1.418;-0.914;-27.436;38.530;-5.698;-295.598;856.801;-145.456;410.615;367.498;-145.456;491;488;488;35;35;35;1000;1000.000;1000.000;414;414.000;414.000;1;0;0;1;
1390681001.31200003623962402344;64;65;-1.951;-0.147;-0.097;0.762;35.226;-6.414;3.078;35.313;-6.414;0.000;-0.000;-0.000;15.773;-12.950;4.293;15.901;-12.602;4.293;0.000;-0.000;-0.000;63.117;1.458;-0.914;63.028;-1.418;-0.914;0.000;-0.000;-0.000;-295.598;856.801;-145.456;410.615;367.498;-145.456;492;489;489;33;33;33;1000;1000.000;1000.000;442;442.000;442.000;1;0;0;0;
1390681001.46300005912780761719;65;66;0.452;2.659;-0.507;1.214;37.885;-6.921;3.847;37.898;-6.921;0.000;-0.000;-0.000;15.773;-12.950;4.293;15.901;-12.602;4.293;0.000;-0.000;-0.000;63.117;1.458;-0.914;63.028;-1.418;-0.914;-17.320;107.688;-18.593;-312.918;964.489;-164.049;456.863;268.716;-164.049;491;485;485;33;33;33;1000;1000.000;1000.000;440;440.000;440.000;1;0;0;1;
1390681001.57699990272521972656;66;67;-0.761;-1.221;0.299;0.452;36.664;-6.621;2.950;36.774;-6.621;0.000;-0.000;-0.000;15.773;-12.950;4.293;15.901;-12.602;4.293;0.000;-0.000;-0.000;63.117;1.458;-0.914;63.028;-1.418;-0.914;-33.307;27.997;-5.307;-346.225;992.486;-169.355;494.769;247.353;-169.355;499;497;497;30;30;30;1001;1001.000;1001.000;430;430.000;430.000;1;0;0;1;
1390681001.72300004959106445312;67;68;-1.906;3.511;-0.622;-1.454;40.175;-7.243;1.502;40.497;-7.243;0.000;-0.000;-0.000;15.773;-12.950;4.293;15.901;-12.602;4.293;0.000;-0.000;-0.000;63.117;1.458;-0.914;63.028;-1.418;-0.914;-11.877;54.842;-13.614;-358.102;1047.328;-182.970;503.789;191.970;-182.970;489;481;481;34;34;34;1000;1000.000;1000.000;385;385.000;385.000;1;0;0;1;
1390681001.87100005149841308594;68;69;-1.979;1.600;-0.387;-3.432;41.776;-7.630;-0.246;42.346;-7.630;0.000;-0.000;-0.000;15.773;-12.950;4.293;15.901;-12.602;4.293;0.000;-0.000;-0.000;63.117;1.458;-0.914;63.028;-1.418;-0.914;-55.218;72.009;-18.540;-413.320;1119.337;-201.510;528.758;104.729;-201.510;483;478;478;34;34;34;1000;1000.000;1000.000;400;400.000;400.000;1;0;0;1;
1390681001.97499990463256835938;69;70;-0.595;-0.555;0.175;-4.028;41.220;-7.455;-0.909;41.872;-7.455;0.000;-0.000;-0.000;15.773;-12.950;4.293;15.901;-12.602;4.293;0.000;-0.000;-0.000;63.117;1.458;-0.914;63.028;-1.418;-0.914;0.000;-0.000;-0.000;-413.320;1119.337;-201.510;528.758;104.729;-201.510;491;487;487;36;36;36;1000;1000.000;1000.000;443;443.000;443.000;1;0;0;0;
1390681002.10500001907348632812;70;71;0.335;0.091;0.022;-3.693;41.312;-7.433;-0.565;41.920;-7.433;0.000;-0.000;-0.000;15.773;-12.950;4.293;15.901;-12.602;4.293;0.000;-0.000;-0.000;63.117;1.458;-0.914;63.028;-1.418;-0.914;0.000;-0.000;-0.000;-413.320;1119.337;-201.510;528.758;104.729;-201.510;491;486;486;27;27;27;1000;1000.000;1000.000;381;381.000;381.000;1;0;0;0;
1390681002.26300001144409179688;71;72;-0.139;1.519;-0.341;-3.832;42.831;-7.773;-0.497;43.444;-7.773;0.000;-0.000;-0.000;15.773;-12.950;4.293;15.901;-12.602;4.293;0.000;-0.000;-0.000;63.117;1.458;-0.914;63.028;-1.418;-0.914;-12.796;22.168;-9.068;-426.116;1141.504;-210.578;528.498;79.135;-210.578;486;485;485;31;31;31;1000;1000.000;1000.000;424;424.000;424.000;1;0;0;1;
1390681002.42400002479553222656;72;73;3.667;-2.760;0.458;-0.165;40.071;-7.315;2.789;40.239;-7.315;0.000;-0.000;-0.000;15.773;-12.950;4.293;15.901;-12.602;4.293;0.000;-0.000;-0.000;63.117;1.458;-0.914;63.028;-1.418;-0.914;-13.533;118.766;-19.550;-439.649;1260.270;-230.129;446.022;-7.388;-230.129;493;484;484;24;24;24;1000;1000.000;1000.000;371;371.000;371.000;1;0;0;1;
1390681002.56900000572204589844;73;74;-1.369;0.936;-0.007;-1.533;41.007;-7.322;1.551;41.342;-7.322;0.000;-0.000;-0.000;15.773;-12.950;4.293;15.901;-12.602;4.293;0.000;-0.000;-0.000;63.117;1.458;-0.914;63.028;-1.418;-0.914;0.000;-0.000;-0.000;-439.649;1260.270;-230.129;446.022;-7.388;-230.129;485;482;482;26;26;26;1000;1000.000;1000.000;443;443.000;443.000;1;0;0;0;
1390681002.69400000572204589844;74;75;1.185;0.594;-0.254;-0.349;41.601;-7.576;2.803;41.774;-7.576;0.000;-0.000;-0.000;15.773;-12.950;4.293;15.901;-12.602;4.293;0.000;-0.000;-0.000;63.117;1.458;-0.914;63.028;-1.418;-0.914;-40.903;71.284;-12.490;-480.552;1331.555;-242.619;401.535;-76.492;-242.619;483;478;478;26;26;26;1000;1000.000;1000.000;382;382.000;382.000;1;0;0;1;
1390681002.85899996757507324219;75;76;1.226;-0.415;0.151;0.877;41.186;-7.424;3.965;41.204;-7.424;0.000;-0.000;-0.000;15.773;-12.950;4.293;15.901;-12.602;4.293;0.000;-0.000;-0.000;63.117;1.458;-0.914;63.028;-1.418;-0.914;0.000;-0.000;-0.000;-480.552;1331.555;-242.619;401.535;-76.492;-242.619;492;483;483;28;28;28;1000;1000.000;1000.000;406;406.000;406.000;1;0;0;0;
1390681002.97499990463256835938;76;77;-0.034;-0.294;0.177;0.843;40.892;-7.247;3.895;40.917;-7.247;0.000;-0.000;-0.000;15.773;-12.950;4.293;15.901;-12.602;4.293;0.000;-0.000;-0.000;63.117;1.458;-0.914;63.028;-1.418;-0.914;0.000;-0.000;-0.000;-480.552;1331.555;-242.619;401.535;-76.492;-242.619;486;481;481;28;28;28;1000;1000.000;1000.000;399;399.000;399.000;1;0;0;0;
1390681003.10899996757507324219;77;78;0.965;1.629;-0.496;1.809;42.521;-7.744;5.071;42.402;-7.744;0.000;-0.000;-0.000;15.773;-12.950;4.293;15.901;-12.602;4.293;0.000;-0.000;-0.000;63.117;1.458;-0.914;63.028;-1.418;-0.914;0.000;-0.000;-0.000;-480.552;1331.555;-242.619;401.535;-76.492;-242.619;486;482;482;31;31;31;1000;1000.000;1000.000;378;378.000;378.000;1;0;0;0;
1390681003.25399994850158691406;78;79;2.021;-1.810;0.289;3.830;40.711;-7.455;6.840;40.345;-7.455;0.000;-0.000;-0.000;15.773;-12.950;4.293;15.901;-12.602;4.293;0.000;-0.000;-0.000;63.117;1.458;-0.914;63.028;-1.418;-0.914;-17.323;3.696;-0.008;-497.875;1335.251;-242.627;406.218;-93.575;-242.627;499;494;494;30;30;30;1000;1000.000;1000.000;380;380.000;380.000;1;0;0;1;
1390681003.36599993705749511719;79;80;0.435;5.747;-0.904;4.265;46.458;-8.359;8.106;45.967;-8.359;0.000;-0.000;-0.000;15.773;-12.950;4.293;15.901;-12.602;4.293;0.000;-0.000;-0.000;63.117;1.458;-0.914;63.028;-1.418;-0.914;0.000;-0.000;-0.000;-497.875;1335.251;-242.627;406.218;-93.575;-242.627;486;480;480;45;45;45;1000;1000.000;1000.000;352;352.000;352.000;1;0;0;0;
1390681003.50600004196166992188;80;81;-0.872;2.473;-0.413;3.393;48.931;-8.772;7.621;48.545;-8.772;0.000;-0.000;-0.000;15.773;-12.950;4.293;15.901;-12.602;4.293;-14.103;0.893;1.702;49.014;2.351;0.787;48.914;-0.719;0.787;0.000;-0.000;-0.000;-497.875;1335.251;-242.627;406.218;-93.575;-242.627;488;487;487;36;36;36;1000;1000.000;1000.000;424;424.000;424.000;1;0;1;0;
1390681003.64499998092651367188;81;82;-0.623;1.006;-0.178;2.770;49.937;-8.951;7.162;49.635;-8.951;0.000;-0.000;-0.000;15.773;-12.950;4.293;15.901;-12.602;4.293;-19.937;9.151;5.527;29.078;11.502;6.315;28.092;6.183;6.315;-0.488;-7.103;1.377;-498.362;1328.148;-241.250;412.680;-90.586;-241.250;406;406;406;40;40;40;1000;1000.000;1000.000;159;159.000;159.000;1;0;1;1;
1390681003.80299997329711914062;82;83;0.873;0.307;-0.077;3.643;50.244;-9.027;8.073;49.802;-9.027;0.000;-0.000;-0.000;15.773;-12.950;4.293;15.901;-12.602;4.293;0.000;-0.000;-0.000;29.078;11.502;6.315;28.092;6.183;6.315;-17.455;6.733;-1.043;-515.817;1334.881;-242.293;414.834;-109.170;-242.293;441;436;436;46;46;46;1000;1000.000;1000.000;154;154.000;154.000;1;0;0;1;
1390681003.96399998664855957031;83;84;-0.360;0.371;-0.129;3.283;50.616;-9.156;7.776;50.225;-9.156;0.000;-0.000;-0.000;15.773;-12.950;4.293;15.901;-12.602;4.293;0.000;-0.000;-0.000;29.078;11.502;6.315;28.092;6.183;6.315;0.000;-0.000;-0.000;-515.817;1334.881;-242.293;414.834;-109.170;-242.293;477;472;472;38;38;38;1000;1000.000;1000.000;372;372.000;372.000;1;0;0;0;
1390681004.13299989700317382812;84;85;-0.440;-0.315;0.218;2.843;50.300;-8.938;7.292;49.982;-8.938;6.345;-4.672;1.637;22.118;-17.622;5.930;22.695;-16.593;5.930;0.000;-0.000;-0.000;29.078;11.502;6.315;28.092;6.183;6.315;-26.887;23.044;-4.969;-542.704;1357.925;-247.262;403.973;-142.875;-247.262;471;469;469;41;41;41;1000;1000.000;1000.000;377;377.000;377.000;1;1;0;1;
1390681004.29399991035461425781;85;86;0.649;-0.352;0.081;3.492;49.948;-8.856;7.880;49.534;-8.856;0.000;-0.000;-0.000;22.118;-17.622;5.930;22.695;-16.593;5.930;0.000;-0.000;-0.000;29.078;11.502;6.315;28.092;6.183;6.315;17.003;4.367;-0.495;-525.701;1362.292;-247.758;393.495;-128.790;-247.758;483;481;481;37;37;37;1001;1001.000;1001.000;318;318.000;318.000;1;0;0;1;
1390681004.46799993515014648438;86;87;-0.894;-0.482;-0.063;2.598;49.466;-8.920;6.922;49.197;-8.920;0.000;-0.000;-0.000;22.118;-17.622;5.930;22.695;-16.593;5.930;0.000;-0.000;-0.000;29.078;11.502;6.315;28.092;6.183;6.315;5.085;1.534;-0.681;-520.616;1363.826;-248.439;390.200;-124.624;-248.439;475;472;472;33;33;33;1000;1000.000;1000.000;391;391.000;391.000;1;0;0;1;
1390681004.62500000000000000000;87;88;2.875;1.613;-0.265;5.473;51.079;-9.184;10.017;50.330;-9.184;2.112;7.355;-5.318;24.230;-10.266;0.613;24.728;-9.216;0.613;0.000;-0.000;-0.000;29.078;11.502;6.315;28.092;6.183;6.315;0.000;-0.000;-0.000;-520.616;1363.826;-248.439;390.200;-124.624;-248.439;481;478;478;44;44;44;1000;1000.000;1000.000;375;375.000;375.000;1;1;0;0;
1390681004.77300000190734863281;88;89;-1.118;-1.270;0.170;4.355;49.809;-9.015;8.714;49.251;-9.015;0.000;-0.000;-0.000;24.230;-10.266;0.613;24.728;-9.216;0.613;0.000;-0.000;-0.000;29.078;11.502;6.315;28.092;6.183;6.315;0.000;-0.000;-0.000;-520.616;1363.826;-248.439;390.200;-124.624;-248.439;480;475;475;36;36;36;1000;1000.000;1000.000;425;425.000;425.000;1;0;0;0;
1390681004.94099998474121093750;89;90;1.110;-2.070;0.173;5.465;47.739;-8.842;9.493;47.035;-8.842;0.000;-0.000;-0.000;24.230;-10.266;0.613;24.728;-9.216;0.613;0.000;-0.000;-0.000;29.078;11.502;6.315;28.092;6.183;6.315;3.243;5.536;-3.055;-517.373;1369.362;-251.494;383.921;-123.306;-251.494;486;482;482;33;33;33;1000;1000.000;1000.000;332;332.000;332.000;1;0;0;1;
1390681005.06500005722045898438;90;91;-1.363;0.306;-0.015;4.102;48.045;-8.857;8.193;47.548;-8.857;0.000;-0.000;-0.000;24.230;-10.266;0.613;24.728;-9.216;0.613;0.000;-0.000;-0.000;29.078;11.502;6.315;28.092;6.183;6.315;0.000;-0.000;-0.000;-517.373;1369.362;-251.494;383.921;-123.306;-251.494;451;448;448;39;39;39;1000;1000.000;1000.000;201;201.000;201.000;1;0;0;0;
1390681005.20199990272521972656;91;92;3.781;-0.577;-0.045;7.882;47.469;-8.902;11.839;46.393;-8.902;0.000;-0.000;-0.000;24.230;-10.266;0.613;24.728;-9.216;0.613;0.000;-0.000;-0.000;29.078;11.502;6.315;28.092;6.183;6.315;-18.201;-8.306;1.211;-535.574;1361.055;-250.283;397.881;-137.637;-250.283;335;332;332;36;36;36;1000;1000.000;1000.000;99;99.000;99.000;1;0;0;1;
1390681005.37500000000000000000;92;93;0.354;-0.036;0.011;8.236;47.433;-8.891;12.183;46.303;-8.891;0.000;-0.000;-0.000;24.230;-10.266;0.613;24.728;-9.216;0.613;0.000;-0.000;-0.000;29.078;11.502;6.315;28.092;6.183;6.315;-27.760;1.190;1.410;-563.334;1362.245;-248.873;406.777;-163.960;-248.873;369;368;368;37;37;37;1000;1000.000;1000.000;106;106.000;106.000;1;0;0;1;
1390681005.53600001335144042969;93;94;-4.250;-1.016;0.008;3.986;46.417;-8.884;7.827;45.955;-8.884;0.000;-0.000;-0.000;24.230;-10.266;0.613;24.728;-9.216;0.613;0.000;-0.000;-0.000;29.078;11.502;6.315;28.092;6.183;6.315;16.923;25.867;-4.809;-546.411;1388.112;-253.682;377.197;-154.986;-253.682;412;411;411;50;50;50;1000;1000.000;1000.000;191;191.000;191.000;1;0;0;1;
1390681005.67400002479553222656;94;95;0.922;0.416;-0.142;4.909;46.833;-9.026;8.803;46.222;-9.026;0.000;-0.000;-0.000;24.230;-10.266;0.613;24.728;-9.216;0.613;8.449;-2.727;-6.482;37.527;8.775;-0.167;36.533;3.432;-0.167;0.000;-0.000;-0.000;-546.411;1388.112;-253.682;377.197;-154.986;-253.682;437;433;433;37;37;37;1000;1000.000;1000.000;180;180.000;180.000;1;0;1;0;
1390681005.82200002670288085938;95;96;-0.427;-0.008;-0.223;4.481;46.825;-9.249;8.380;46.282;-9.249;0.000;-0.000;-0.000;24.230;-10.266;0.613;24.728;-9.216;0.613;0.000;-0.000;-0.000;37.527;8.775;-0.167;36.533;3.432;-0.167;-13.595;8.010;-8.989;-560.005;1396.121;-262.671;370.988;-169.492;-262.671;464;460;460;30;30;30;1001;1001.000;1001.000;236;236.000;236.000;1;0;0;1;
1390681005.96399998664855957031;96;97;0.941;0.281;-0.094;5.423;47.106;-9.342;9.355;46.407;-9.342;0.000;-0.000;-0.000;24.230;-10.266;0.613;24.728;-9.216;0.613;0.000;-0.000;-0.000;37.527;8.775;-0.167;36.533;3.432;-0.167;7.659;1.771;-0.040;-552.346;1397.892;-262.710;368.259;-162.119;-262.710;455;450;450;31;31;31;1000;1000.000;1000.000;234;234.000;234.000;1;0;0;1;
1390681006.11100006103515625000;97;98;-1.653;-2.600;0.223;3.770;44.506;-9.120;7.311;44.101;-9.120;0.000;-0.000;-0.000;24.230;-10.266;0.613;24.728;-9.216;0.613;0.000;-0.000;-0.000;37.527;8.775;-0.167;36.533;3.432;-0.167;0.000;-0.000;-0.000;-552.346;1397.892;-262.710;368.259;-162.119;-262.710;477;474;474;30;30;30;1000;1000.000;1000.000;319;319.000;319.000;1;0;0;0;
1390681006.24300003051757812500;98;99;-3.610;-1.240;0.002;0.160;43.265;-9.117;3.550;43.448;-9.117;0.000;-0.000;-0.000;24.230;-10.266;0.613;24.728;-9.216;0.613;0.000;-0.000;-0.000;37.527;8.775;-0.167;36.533;3.432;-0.167;-4.230;45.297;-11.978;-556.576;1443.189;-274.688;322.768;-162.633;-274.688;472;469;469;30;30;30;1000;1000.000;1000.000;270;270.000;270.000;1;0;0;1;
1390681006.37800002098083496094;99;100;2.436;4.685;-0.973;2.597;47.950;-10.091;6.770;47.634;-10.091;0.000;-0.000;-0.000;24.230;-10.266;0.613;24.728;-9.216;0.613;0.000;-0.000;-0.000;37.527;8.775;-0.167;36.533;3.432;-0.167;-37.197;67.811;-15.361;-593.774;1511.000;-290.049;246.314;-174.329;-290.049;480;474;474;29;29;29;1000;1000.000;1000.000;371;371.000;371.000;1;0;0;1;
1390681006.51600003242492675781;100;101;-1.380;0.721;-0.203;1.217;48.671;-10.293;5.541;48.590;-10.293;0.000;-0.000;-0.000;24.230;-10.266;0.613;24.728;-9.216;0.613;0.000;-0.000;-0.000;37.527;8.775;-0.167;36.533;3.432;-0.167;0.000;-0.000;-0.000;-593.774;1511.000;-290.049;246.314;-174.329;-290.049;494;487;487;29;29;29;1000;1000.000;1000.000;436;436.000;436.000;1;0;0;0;
1390681006.64199995994567871094;101;102;1.812;-1.853;0.341;3.028;46.818;-9.953;7.005;46.452;-9.953;0.000;-0.000;-0.000;24.230;-10.266;0.613;24.728;-9.216;0.613;0.000;-0.000;-0.000;37.527;8.775;-0.167;36.533;3.432;-0.167;0.000;-0.000;-0.000;-593.774;1511.000;-290.049;246.314;-174.329;-290.049;481;477;477;32;32;32;1000;1000.000;1000.000;258;258.000;258.000;1;0;0;0;
1390681006.76999998092651367188;102;103;-1.822;1.604;-0.286;1.207;48.422;-10.239;5.497;48.354;-10.239;0.000;-0.000;-0.000;24.230;-10.266;0.613;24.728;-9.216;0.613;0.000;-0.000;-0.000;37.527;8.775;-0.167;36.533;3.432;-0.167;-58.044;79.065;-18.286;-651.817;1590.065;-308.335;148.294;-170.819;-308.335;468;463;463;31;31;31;1000;1000.000;1000.000;216;216.000;216.000;1;0;0;1;
1390681006.92700004577636718750;103;104;0.184;3.345;-0.750;1.391;51.767;-10.989;6.316;51.603;-10.989;0.000;-0.000;-0.000;24.230;-10.266;0.613;24.728;-9.216;0.613;0.000;-0.000;-0.000;37.527;8.775;-0.167;36.533;3.432;-0.167;0.000;-0.000;-0.000;-651.817;1590.065;-308.335;148.294;-170.819;-308.335;461;453;453;36;36;36;1000;1000.000;1000.000;164;164.000;164.000;1;0;0;0;
1390681007.06599998474121093750;104;105;-0.215;0.275;-0.177;1.176;52.042;-11.166;6.158;51.914;-11.166;0.000;-0.000;-0.000;24.230;-10.266;0.613;24.728;-9.216;0.613;0.000;-0.000;-0.000;37.527;8.775;-0.167;36.533;3.432;-0.167;-3.955;31.405;-3.854;-655.772;1621.470;-312.188;122.369;-152.659;-312.188;491;485;485;38;38;38;1000;1000.000;1000.000;414;414.000;414.000;1;0;0;1;
1390681007.19400000572204589844;105;106;1.673;2.673;-0.462;2.849;54.716;-11.627;8.335;54.195;-11.627;0.000;-0.000;-0.000;24.230;-10.266;0.613;24.728;-9.216;0.613;0.000;-0.000;-0.000;37.527;8.775;-0.167;36.533;3.432;-0.167;-33.879;38.375;-10.576;-689.651;1659.845;-322.764;72.175;-142.606;-322.764;491;488;488;36;36;36;1000;1000.000;1000.000;428;428.000;428.000;1;0;0;1;
1390681007.34999990463256835938;106;107;1.015;0.764;-0.255;3.863;55.480;-11.883;9.486;54.734;-11.883;0.000;-0.000;-0.000;24.230;-10.266;0.613;24.728;-9.216;0.613;0.000;-0.000;-0.000;37.527;8.775;-0.167;36.533;3.432;-0.167;0.000;-0.000;-0.000;-689.651;1659.845;-322.764;72.175;-142.606;-322.764;488;483;483;31;31;31;1000;1000.000;1000.000;431;431.000;431.000;1;0;0;0;
1390681007.49699997901916503906;107;108;0.178;1.963;-0.220;4.042;57.443;-12.103;10.072;56.616;-12.103;0.000;-0.000;-0.000;24.230;-10.266;0.613;24.728;-9.216;0.613;0.000;-0.000;-0.000;37.527;8.775;-0.167;36.533;3.432;-0.167;0.000;-0.000;-0.000;-689.651;1659.845;-322.764;72.175;-142.606;-322.764;488;478;478;37;37;37;1000;1000.000;1000.000;354;354.000;354.000;1;0;0;0;
1390681007.61800003051757812500;108;109;0.797;1.997;-0.346;4.839;59.440;-12.448;11.281;58.395;-12.448;0.000;-0.000;-0.000;24.230;-10.266;0.613;24.728;-9.216;0.613;0.000;-0.000;-0.000;37.527;8.775;-0.167;36.533;3.432;-0.167;-11.286;16.922;-2.939;-700.937;1676.767;-325.703;53.316;-134.986;-325.703;485;478;478;42;42;42;1000;1000.000;1000.000;330;330.000;330.000;1;0;0;1;
1390681007.74099993705749511719;109;110;-1.563;-1.100;0.135;3.276;58.340;-12.313;9.519;57.653;-12.313;0.000;-0.000;-0.000;24.230;-10.266;0.613;24.728;-9.216;0.613;-9.106;-7.869;1.303;28.421;0.907;1.136;27.585;-4.616;1.136;0.000;-0.000;-0.000;-700.937;1676.767;-325.703;53.316;-134.986;-325.703;470;463;463;33;33;33;1000;1000.000;1000.000;425;425.000;425.000;1;0;1;0;
1390681007.89499998092651367188;110;111;0.351;0.116;-0.094;3.627;58.456;-12.407;9.887;57.691;-12.407;0.000;-0.000;-0.000;24.230;-10.266;0.613;24.728;-9.216;0.613;0.000;-0.000;-0.000;28.421;0.907;1.136;27.585;-4.616;1.136;0.000;-0.000;-0.000;-700.937;1676.767;-325.703;53.316;-134.986;-325.703;476;473;473;27;27;27;1000;1000.000;1000.000;254;254.000;254.000;1;0;0;0;
1390681008.03999996185302734375;111;112;1.492;-1.405;0.330;5.119;57.050;-12.078;11.051;56.004;-12.078;0.000;-0.000;-0.000;24.230;-10.266;0.613;24.728;-9.216;0.613;0.000;-0.000;-0.000;28.421;0.907;1.136;27.585;-4.616;1.136;0.000;-0.000;-0.000;-700.937;1676.767;-325.703;53.316;-134.986;-325.703;472;470;470;38;38;38;1000;1000.000;1000.000;349;349.000;349.000;1;0;0;0;
1390681008.19700002670288085938;112;113;-0.952;2.310;-0.460;4.167;59.360;-12.538;10.623;58.466;-12.538;0.000;-0.000;-0.000;24.230;-10.266;0.613;24.728;-9.216;0.613;0.000;-0.000;-0.000;28.421;0.907;1.136;27.585;-4.616;1.136;13.637;32.309;-6.719;-687.299;1709.076;-332.422;50.447;-100.034;-332.422;469;464;464;34;34;34;1000;1000.000;1000.000;329;329.000;329.000;1;0;0;1;
1390681008.31200003623962402344;113;114;-0.171;-0.895;-0.035;3.996;58.465;-12.574;10.262;57.629;-12.574;0.000;-0.000;-0.000;24.230;-10.266;0.613;24.728;-9.216;0.613;0.000;-0.000;-0.000;28.421;0.907;1.136;27.585;-4.616;1.136;7.705;-7.937;1.058;-679.594;1701.139;-331.364;61.013;-103.308;-331.364;440;436;436;31;31;31;1000;1000.000;1000.000;198;198.000;198.000;1;0;0;1;
1390681008.48399996757507324219;114;115;1.264;1.813;-0.266;5.260;60.278;-12.840;11.898;59.116;-12.840;0.000;-0.000;-0.000;24.230;-10.266;0.613;24.728;-9.216;0.613;0.000;-0.000;-0.000;28.421;0.907;1.136;27.585;-4.616;1.136;17.295;16.221;0.089;-662.300;1717.360;-331.275;68.383;-80.771;-331.275;476;467;467;39;39;39;1000;1000.000;1000.000;331;331.000;331.000;1;0;0;1;
1390681008.66499996185302734375;115;116;-0.296;0.611;-0.094;4.964;60.889;-12.934;11.746;59.778;-12.934;0.000;-0.000;-0.000;24.230;-10.266;0.613;24.728;-9.216;0.613;0.000;-0.000;-0.000;28.421;0.907;1.136;27.585;-4.616;1.136;7.363;-4.845;3.113;-654.937;1712.515;-328.161;77.194;-81.003;-328.161;480;476;476;43;43;43;1000;1000.000;1000.000;407;407.000;407.000;1;0;0;1;
1390681008.80699992179870605469;116;117;0.287;1.153;-0.216;5.251;62.042;-13.149;12.288;60.835;-13.149;0.000;-0.000;-0.000;24.230;-10.266;0.613;24.728;-9.216;0.613;0.000;-0.000;-0.000;28.421;0.907;1.136;27.585;-4.616;1.136;0.000;-0.000;-0.000;-654.937;1712.515;-328.161;77.194;-81.003;-328.161;485;481;481;41;41;41;1000;1000.000;1000.000;374;374.000;374.000;1;0;0;0;
1390681008.95499992370605468750;117;118;1.996;2.610;-0.576;7.247;64.652;-13.725;14.846;62.897;-13.725;0.000;-0.000;-0.000;24.230;-10.266;0.613;24.728;-9.216;0.613;0.000;-0.000;-0.000;28.421;0.907;1.136;27.585;-4.616;1.136;0.000;-0.000;-0.000;-654.937;1712.515;-328.161;77.194;-81.003;-328.161;473;469;469;48;48;48;1000;1000.000;1000.000;351;351.000;351.000;1;0;0;0;
1390681009.11100006103515625000;118;119;1.544;0.840;-0.120;8.791;65.492;-13.845;16.546;63.344;-13.845;0.000;-0.000;-0.000;24.230;-10.266;0.613;24.728;-9.216;0.613;0.000;-0.000;-0.000;28.421;0.907;1.136;27.585;-4.616;1.136;0.000;-0.000;-0.000;-654.937;1712.515;-328.161;77.194;-81.003;-328.161;475;469;469;55;55;55;1000;1000.000;1000.000;260;260.000;260.000;1;0;0;0;
1390681009.27399992942810058594;119;120;0.798;3.473;-0.645;9.589;68.965;-14.490;18.187;66.506;-14.490;0.000;-0.000;-0.000;24.230;-10.266;0.613;24.728;-9.216;0.613;0.000;-0.000;-0.000;28.421;0.907;1.136;27.585;-4.616;1.136;0.000;-0.000;-0.000;-654.937;1712.515;-328.161;77.194;-81.003;-328.161;469;466;466;37;37;37;1000;1000.000;1000.000;299;299.000;299.000;1;0;0;0;
1390681009.42700004577636718750;120;121;0.032;3.526;-0.413;9.620;72.491;-14.903;19.125;69.906;-14.903;0.000;-0.000;-0.000;24.230;-10.266;0.613;24.728;-9.216;0.613;0.000;-0.000;-0.000;28.421;0.907;1.136;27.585;-4.616;1.136;-38.112;78.481;-18.515;-693.049;1790.996;-346.676;22.022;-13.417;-346.676;473;466;466;31;31;31;1000;1000.000;1000.000;370;370.000;370.000;1;0;0;1;
1390681009.58599996566772460938;121;122;1.004;0.127;0.235;10.625;72.618;-14.668;20.128;69.774;-14.668;0.000;-0.000;-0.000;24.230;-10.266;0.613;24.728;-9.216;0.613;0.000;-0.000;-0.000;28.421;0.907;1.136;27.585;-4.616;1.136;0.000;-0.000;-0.000;-693.049;1790.996;-346.676;22.022;-13.417;-346.676;477;473;473;61;61;61;1000;1000.000;1000.000;364;364.000;364.000;1;0;0;0;
1390681009.74300003051757812500;122;123;-2.632;0.158;0.324;7.993;72.775;-14.344;17.617;70.579;-14.344;0.000;-0.000;-0.000;24.230;-10.266;0.613;24.728;-9.216;0.613;0.000;-0.000;-0.000;28.421;0.907;1.136;27.585;-4.616;1.136;0.000;-0.000;-0.000;-693.049;1790.996;-346.676;22.022;-13.417;-346.676;470;469;469;44;44;44;1000;1000.000;1000.000;330;330.000;330.000;1;0;0;0;
1390681009.88800001144409179688;123;124;-0.709;3.308;-0.831;7.284;76.083;-15.175;17.799;73.957;-15.175;0.000;-0.000;-0.000;24.230;-10.266;0.613;24.728;-9.216;0.613;0.000;-0.000;-0.000;28.421;0.907;1.136;27.585;-4.616;1.136;2.254;-1.382;1.365;-690.795;1789.615;-345.312;24.552;-14.182;-345.312;463;459;459;35;35;35;1000;1000.000;1000.000;283;283.000;283.000;1;0;0;1;
1390681010.04200005531311035156;124;125;1.097;-0.083;0.065;8.381;76.000;-15.110;18.836;73.590;-15.110;0.000;-0.000;-0.000;24.230;-10.266;0.613;24.728;-9.216;0.613;0.000;-0.000;-0.000;28.421;0.907;1.136;27.585;-4.616;1.136;-55.881;38.407;-7.689;-746.676;1828.021;-353.000;-35.593;17.128;-353.000;457;455;455;37;37;37;1001;1001.000;1001.000;358;358.000;358.000;1;0;0;1;
1390681010.18000006675720214844;125;126;0.006;1.425;-0.278;8.387;77.424;-15.388;19.220;74.962;-15.388;0.000;-0.000;-0.000;24.230;-10.266;0.613;24.728;-9.216;0.613;0.000;-0.000;-0.000;28.421;0.907;1.136;27.585;-4.616;1.136;0.000;-0.000;-0.000;-746.676;1828.021;-353.000;-35.593;17.128;-353.000;454;448;448;53;53;53;1000;1000.000;1000.000;253;253.000;253.000;1;0;0;0;
1390681010.33599996566772460938;126;127;-0.498;2.934;-0.357;7.888;80.358;-15.744;19.537;77.921;-15.744;0.000;-0.000;-0.000;24.230;-10.266;0.613;24.728;-9.216;0.613;0.000;-0.000;-0.000;28.421;0.907;1.136;27.585;-4.616;1.136;0.000;-0.000;-0.000;-746.676;1828.021;-353.000;-35.593;17.128;-353.000;442;441;441;46;46;46;1000;1000.000;1000.000;171;171.000;171.000;1;0;0;0;
1390681010.47000002861022949219;127;128;-0.728;1.052;-0.285;7.160;81.410;-16.029;19.127;79.133;-16.029;15.902;5.665;-3.580;40.132;-4.601;-2.967;40.902;-4.382;-2.967;0.000;-0.000;-0.000;28.421;0.907;1.136;27.585;-4.616;1.136;0.385;-3.938;1.247;-746.291;1824.083;-351.753;-34.647;13.286;-351.753;462;459;459;44;44;44;1000;1000.000;1000.000;175;175.000;175.000;1;1;0;1;
1390681010.62100005149841308594;128;129;-0.075;-0.851;0.137;7.085;80.559;-15.893;18.822;78.335;-15.893;0.000;-0.000;-0.000;40.132;-4.601;-2.967;40.902;-4.382;-2.967;-5.153;-9.060;-1.287;23.268;-8.153;-0.150;22.408;-13.662;-0.150;7.127;26.980;-5.388;-739.165;1851.062;-357.141;-28.875;40.587;-357.141;467;462;462;47;47;47;1000;1000.000;1000.000;211;211.000;211.000;1;0;1;1;
1390681010.76999998092651367188;129;130;1.236;-2.776;0.170;8.321;77.783;-15.723;19.259;75.328;-15.723;0.000;-0.000;-0.000;40.132;-4.601;-2.967;40.902;-4.382;-2.967;0.000;-0.000;-0.000;23.268;-8.153;-0.150;22.408;-13.662;-0.150;-47.111;19.325;0.862;-786.276;1870.387;-356.279;-77.141;56.814;-356.279;469;466;466;40;40;40;1000;1000.000;1000.000;218;218.000;218.000;1;0;0;1;
1390681010.92400002479553222656;130;131;1.024;-0.085;-0.044;9.344;77.698;-15.767;20.221;74.968;-15.767;0.000;-0.000;-0.000;40.132;-4.601;-2.967;40.902;-4.382;-2.967;0.000;-0.000;-0.000;23.268;-8.153;-0.150;22.408;-13.662;-0.150;10.084;58.159;-12.347;-776.191;1928.546;-368.626;-58.447;112.802;-368.626;471;467;467;43;43;43;1000;1000.000;1000.000;325;325.000;325.000;1;0;0;1;
1390681011.07299995422363281250;131;132;-0.455;-0.027;-0.061;8.889;77.671;-15.828;19.776;75.066;-15.828;10.264;4.486;-15.138;50.396;-0.115;-18.105;52.053;-3.307;-18.105;0.000;-0.000;-0.000;23.268;-8.153;-0.150;22.408;-13.662;-0.150;-24.759;5.913;-4.353;-800.951;1934.459;-372.979;-81.246;124.125;-372.979;444;437;437;42;42;42;1000;1000.000;1000.000;286;286.000;286.000;1;1;0;1;
1390681011.24399995803833007812;132;133;-0.969;1.646;-0.388;7.920;79.317;-16.216;19.305;76.918;-16.216;0.000;-0.000;-0.000;50.396;-0.115;-18.105;52.053;-3.307;-18.105;0.000;-0.000;-0.000;23.268;-8.153;-0.150;22.408;-13.662;-0.150;0.000;-0.000;-0.000;-800.951;1934.459;-372.979;-81.246;124.125;-372.979;417;415;415;37;37;37;1000;1000.000;1000.000;157;157.000;157.000;1;0;0;0;
1390681011.39499998092651367188;133;134;-0.370;3.158;-0.634;7.550;82.475;-16.850;19.866;80.047;-16.850;-7.781;3.066;0.651;42.615;2.951;-17.454;45.549;1.951;-17.454;0.000;-0.000;-0.000;23.268;-8.153;-0.150;22.408;-13.662;-0.150;-19.667;2.711;-0.483;-820.618;1937.170;-373.463;-99.741;131.341;-373.463;398;397;397;54;54;54;1000;1000.000;1000.000;145;145.000;145.000;1;1;0;1;
1390681011.53999996185302734375;134;135;-0.351;0.934;-0.180;7.199;83.410;-17.030;19.804;81.044;-17.030;-1.435;0.025;-0.261;41.180;2.975;-17.715;44.189;2.412;-17.715;0.000;-0.000;-0.000;23.268;-8.153;-0.150;22.408;-13.662;-0.150;0.000;-0.000;-0.000;-820.618;1937.170;-373.463;-99.741;131.341;-373.463;452;447;447;35;35;35;1000;1000.000;1000.000;225;225.000;225.000;1;1;0;0;
1390681011.70099997520446777344;135;136;-0.160;-0.992;0.030;7.040;82.418;-17.000;19.362;80.142;-17.000;0.000;-0.000;-0.000;41.180;2.975;-17.715;44.189;2.412;-17.715;0.000;-0.000;-0.000;23.268;-8.153;-0.150;22.408;-13.662;-0.150;5.621;28.699;-7.900;-814.996;1965.870;-381.363;-84.052;156.021;-381.363;452;450;450;50;50;50;1000;1000.000;1000.000;210;210.000;210.000;1;0;0;1;
1390681011.84599995613098144531;136;137;-2.681;2.878;-0.275;4.359;85.296;-17.274;17.656;83.686;-17.274;0.000;-0.000;-0.000;41.180;2.975;-17.715;44.189;2.412;-17.715;0.000;-0.000;-0.000;23.268;-8.153;-0.150;22.408;-13.662;-0.150;0.000;-0.000;-0.000;-814.996;1965.870;-381.363;-84.052;156.021;-381.363;464;462;462;43;43;43;1000;1000.000;1000.000;359;359.000;359.000;1;0;0;0;
1390681011.99600005149841308594;137;138;0.700;0.527;-0.349;5.059;85.823;-17.623;18.483;83.977;-17.623;0.000;-0.000;-0.000;41.180;2.975;-17.715;44.189;2.412;-17.715;0.000;-0.000;-0.000;23.268;-8.153;-0.150;22.408;-13.662;-0.150;0.000;-0.000;-0.000;-814.996;1965.870;-381.363;-84.052;156.021;-381.363;482;481;481;36;36;36;1000;1000.000;1000.000;207;207.000;207.000;1;0;0;0;
1390681012.13199996948242187500;138;139;-0.760;0.220;-0.040;4.299;86.043;-17.663;17.826;84.416;-17.663;0.000;-0.000;-0.000;41.180;2.975;-17.715;44.189;2.412;-17.715;-14.375;-3.222;8.022;8.893;-11.375;7.872;8.610;-18.822;7.872;0.000;-0.000;-0.000;-814.996;1965.870;-381.363;-84.052;156.021;-381.363;466;460;460;54;54;54;1001;1001.000;1001.000;233;233.000;233.000;1;0;1;0;
1390681012.25200009346008300781;139;140;-1.366;1.095;-0.207;2.933;87.137;-17.870;16.862;85.878;-17.870;0.000;-0.000;-0.000;41.180;2.975;-17.715;44.189;2.412;-17.715;0.000;-0.000;-0.000;8.893;-11.375;7.872;8.610;-18.822;7.872;-22.122;20.622;-5.210;-837.118;1986.492;-386.573;-94.612;184.361;-386.573;475;472;472;48;48;48;1000;1000.000;1000.000;269;269.000;269.000;1;0;0;1;
1390681012.40199995040893554688;140;141;1.427;-2.701;0.555;4.360;84.437;-17.316;17.420;82.875;-17.316;0.000;-0.000;-0.000;41.180;2.975;-17.715;44.189;2.412;-17.715;0.000;-0.000;-0.000;8.893;-11.375;7.872;8.610;-18.822;7.872;14.901;49.650;-10.157;-822.218;2036.143;-396.730;-52.976;215.242;-396.730;476;471;471;49;49;49;1000;1000.000;1000.000;238;238.000;238.000;1;0;0;1;
1390681012.52099990844726562500;141;142;0.980;-1.377;0.160;5.340;83.060;-17.156;17.950;81.270;-17.156;0.000;-0.000;-0.000;41.180;2.975;-17.715;44.189;2.412;-17.715;0.000;-0.000;-0.000;8.893;-11.375;7.872;8.610;-18.822;7.872;0.170;1.676;-0.629;-822.047;2037.819;-397.360;-51.823;216.471;-397.360;462;459;459;46;46;46;1000;1000.000;1000.000;178;178.000;178.000;1;0;0;1;
1390681012.67400002479553222656;142;143;-0.165;-1.187;0.169;5.174;81.873;-16.987;17.445;80.183;-16.987;0.000;-0.000;-0.000;41.180;2.975;-17.715;44.189;2.412;-17.715;0.000;-0.000;-0.000;8.893;-11.375;7.872;8.610;-18.822;7.872;15.403;10.821;-1.566;-806.644;2048.640;-398.925;-33.041;215.212;-398.925;443;438;438;44;44;44;1000;1000.000;1000.000;156;156.000;156.000;1;0;0;1;
1390681012.82399988174438476562;143;144;0.041;-1.530;0.346;5.215;80.343;-16.641;17.046;78.705;-16.641;0.000;-0.000;-0.000;41.180;2.975;-17.715;44.189;2.412;-17.715;0.000;-0.000;-0.000;8.893;-11.375;7.872;8.610;-18.822;7.872;0.000;-0.000;-0.000;-806.644;2048.640;-398.925;-33.041;215.212;-398.925;459;457;457;58;58;58;1000;1000.000;1000.000;164;164.000;164.000;1;0;0;0;
1390681012.97099995613098144531;144;145;0.092;1.321;-0.224;5.307;81.663;-16.865;17.517;79.942;-16.865;0.000;-0.000;-0.000;41.180;2.975;-17.715;44.189;2.412;-17.715;0.000;-0.000;-0.000;8.893;-11.375;7.872;8.610;-18.822;7.872;0.000;-0.000;-0.000;-806.644;2048.640;-398.925;-33.041;215.212;-398.925;459;455;455;52;52;52;1000;1000.000;1000.000;188;188.000;188.000;1;0;0;0;
1390681013.12299990653991699219;145;146;-0.330;-1.396;0.190;4.977;80.267;-16.675;16.801;78.700;-16.675;0.000;-0.000;-0.000;41.180;2.975;-17.715;44.189;2.412;-17.715;0.000;-0.000;-0.000;8.893;-11.375;7.872;8.610;-18.822;7.872;0.000;-0.000;-0.000;-806.644;2048.640;-398.925;-33.041;215.212;-398.925;464;461;461;49;49;49;1000;1000.000;1000.000;282;282.000;282.000;1;0;0;0;
1390681013.28399991989135742188;146;147;0.993;1.941;-0.131;5.970;82.208;-16.806;18.312;80.271;-16.806;0.000;-0.000;-0.000;41.180;2.975;-17.715;44.189;2.412;-17.715;0.000;-0.000;-0.000;8.893;-11.375;7.872;8.610;-18.822;7.872;-35.242;26.450;-7.306;-841.887;2075.090;-406.231;-38.321;258.958;-406.231;460;458;458;37;37;37;1000;1000.000;1000.000;228;228.000;228.000;1;0;0;1;
